record_id,paper_id,source_project,issue_url,title,body,comments,state,created_at,changed_files,code_diff,decision,symptom,root_cause
icse2024_understanding_transaction_bugs_in_database:09f182f940f159e0,icse2024_understanding_transaction_bugs_in_database,database_transactions,https://bugs.mysql.com/bug.php?id=99174,Prepare transaction won't rollback if server crash after online ddl prepare stag,"Description:
An inplace online DDL may create a temp file and update the dd:Tablespace  at prepare stage.  The DML for that table is allowed after prepare stage by downgrade MLD lock.

If the server crash when
(1). online DDL is copying data from original table to the temp table
(2). some DML prepared their transaction but not write binlog events to disk.  The transaction would not rollback after restart. So the data is inconsistent with binlog.

Only the type of DDL which update the dd::tablespace id can lead to this situation. For example drop column.

How to repeat:
Step 1:  Add the code to sleep after online ddl prepare stage.

```cpp
--- a/sql/sql_table.cc
+++ b/sql/sql_table.cc
@@ -12791,6 +12791,8 @@ static bool mysql_inplace_alter_table(
     DEBUG_SYNC(thd, ""alter_table_inplace_after_lock_downgrade"");
     THD_STAGE_INFO(thd, stage_alter_inplace);

+    DBUG_EXECUTE_IF(""alter_table_inplace_after_lock_sleep"", sleep(100));
+
     if (table->file->ha_inplace_alter_table(altered_table, ha_alter_info,
                                             table_def, altered_table_def)) {
       goto rollback;
```

Step 2:

```sql
set global innodb_print_ddl_logs = ON;

```

Step 3:

```sql
mysql> CREATE DATABASE test;
Query OK, 1 row affected (0.02 sec)

mysql> USE test;
Database changed
mysql> CREATE TABLE tt (a INT PRIMARY KEY, b INT);
Query OK, 0 rows affected (0.06 sec)

mysql> insert into tt values(1,1), (2,2), (3,3), (4,4);
Query OK, 4 rows affected (0.00 sec)
```

Step 4:

Session 1:
```sql
mysql> set @@global.debug = ""+d, alter_table_inplace_after_lock_sleep"";
Query OK, 0 rows affected (0.00 sec)
```

Sesssion 2:
```sql
mysql> set @@global.debug = ""+d, crash_after_flush_engine_log"";
Query OK, 0 rows affected (0.00 sec)
```

Session 1:
```sql
alter table tt drop column b;
```

Wait for DDL log has [DDL record: DELETE SPACE], [DDL record: REMOVE CACHE], [DDL record: FREE]. Or just wait for several seconds, make sure DDL is wait at ‘alter_table_inplace_after_lock_sleep’.

```

2020-04-03T13:24:36.204081Z 8 [Note] [MY-012473] [InnoDB] DDL log insert : [DDL record: DELETE SPACE, id=947, thread_id=8, space_id=13, old_file_path=./test/#sql-ib1195-3326190084.ibd]
2020-04-03T13:24:36.204288Z 8 [Note] [MY-012478] [InnoDB] DDL log delete : 947
2020-04-03T13:24:36.295338Z 8 [Note] [MY-012477] [InnoDB] DDL log insert : [DDL record: REMOVE CACHE, id=948, thread_id=8, table_id=1196, new_file_path=test/#sql-ib1195-3326190084]
2020-04-03T13:24:36.295518Z 8 [Note] [MY-012478] [InnoDB] DDL log delete : 948
2020-04-03T13:24:36.296273Z 8 [Note] [MY-012472] [InnoDB] DDL log insert : [DDL record: FREE, id=949, thread_id=8, space_id=13, index_id=351, page_no=4]
2020-04-03T13:24:36.296416Z 8 [Note] [MY-012478] [InnoDB] DDL log delete : 949

```

Session 2:
mysql> insert into tt values(10,10);
ERROR 2013 (HY000): Lost connection to MySQL server during query.

Step 5:  Restart the server

```sql
mysql> select * from test.tt;
+----+------+
| a  | b    |
+----+------+
|  1 |    1 |
|  2 |    2 |
|  3 |    3 |
|  4 |    4 |
| 10 |   10 |
+----+------+
5 rows in set (0.00 sec)
```

The value (10,10) is still there, but not  include in binlog files !

Suggested fix:
The reason is alter table update the dd:Tablesapce but the trx is not commit(but redo log about the change may flushed). After server restart, all prepared transaction's table is collect at 'trx_resurrent_table_ids' and open the table at 'trx_resurrect_locks'. But in trx_resurrect_locks found the table's dd::Tablespace is not exist. Because we use the old dd::Tablespace id to read, and the the trx isolation is read uncommitted.

```cpp
dd_tablespace_is_implicit {

 const bool fail = (err1 = client->acquire_uncached_uncommitted<dd::Tablespace>(
                        dd_space_id, dd_space)) ||

}

```

But the crashed online DDL has an uncommitted transaction changed the dd::Tablespace id. So the table won't be opened and won't rollback during xa recovery.

Suggested fix:
1. If we can move the DDL recover before xa recover.
2. Chang the transaction isolation level to RC.","[3 Apr 2020 14:04] MySQL Verification Team
Hi Mr. xiaojian,

Thank you for your bug report.

First of all, changing our server  code in order to cause a bug, can not be considered a repeatable test case.

Hence, can you supply us with a test case that will present the incorrect behaviour, without any code changes ???

Next, are there any settings that are needed in order to repeat the behaviour, without changing code. I can see that it should be REPEATABLE_READ isolation level. I also guess that binary logging is on, but did you use RBR or SBR ??? Are there any other settings that are affecting this ???

Last, but not least, I do not see the release that you are using. Have you tested this with our own 8.0.19 binary, which you can download from dev.mysql.com download pages ???

Thanks in advance for your responses.

---COMMENT---

[5 Apr 2020 15:58] zhang xiaojian
Hi, Sinisa,

The description above may be a little hard to understand, let's make life easier.

First, download the leatest version 8.0.19 which recently commit id is ea7d2e2d16ac03afdd9cb72a972a95981107bf51.

Second, copy this mtr file to mysql-test/suite/innodb/t/innodb_bug99174.test

```mtr
-- source include/have_debug.inc
--source include/have_debug_sync.inc
--source include/have_log_bin.inc

connect (con1,localhost,root,,);

connection default;

CREATE TABLE t (a INT PRIMARY KEY, b INT NOT NULL) ENGINE=InnoDB;
INSERT INTO t VALUES(1,1), (2,2), (3,3), (4,4);

FLUSH BINARY LOGS;

SHOW BINARY LOGS;

SET DEBUG_SYNC='alter_table_inplace_after_lock_downgrade WAIT_FOR m';

--send
ALTER TABLE t DROP COLUMN b;

connection con1;

--exec echo ""wait"" > $MYSQLTEST_VARDIR/tmp/mysqld.1.expect
--echo # Crash right after flushing InnoDB redo log
SET SESSION DEBUG=""+d,crash_after_flush_engine_log"";
BEGIN;
INSERT INTO t VALUES(10, 10);
# 2013 - CR_SERVER_LOST
--error 2013
COMMIT;
--source include/wait_until_disconnected.inc

connection default;
--error 2013
--reap

--enable_reconnect
--echo # Restart the master server
--exec echo ""restart"" > $MYSQLTEST_VARDIR/tmp/mysqld.1.expect
--source include/wait_until_connected_again.inc
--disable_reconnect

SELECT * FROM t;

SHOW BINARY LOGS;

# Cleanup
DROP TABLE t;

```

Third, run mtr test :

```bash
./mtr --nocheck-testcases innodb_bug99174
```

and we can generate the result file :

```mtr result
CREATE TABLE t (a INT PRIMARY KEY, b INT NOT NULL) ENGINE=InnoDB;
INSERT INTO t VALUES(1,1), (2,2), (3,3), (4,4);
FLUSH BINARY LOGS;
SHOW BINARY LOGS;
Log_name        File_size       Encrypted
binlog.000001   732     No
binlog.000002   155     No
SET DEBUG_SYNC='alter_table_inplace_after_lock_downgrade WAIT_FOR m';
ALTER TABLE t DROP COLUMN b;
# Crash right after flushing InnoDB redo log
SET SESSION DEBUG=""+d,crash_after_flush_engine_log"";
BEGIN;
INSERT INTO t VALUES(10, 10);
COMMIT;
ERROR HY000: Lost connection to MySQL server during query
ERROR HY000: Lost connection to MySQL server during query
# Restart the master server
SELECT * FROM t;
a       b
1       1
2       2
3       3
4       4
10      10
SHOW BINARY LOGS;
Log_name        File_size       Encrypted
binlog.000001   732     No
binlog.000002   155     No
binlog.000003   155     No
DROP TABLE t;
[100%] innodb.innodb_bug99174                    [ pass ]   3468
```

The problem is table t have the value of (10, 10) after restart. But the binary log 'binlog.000002' does not have the events of (10, 10) insertion.

The reason of the problem I have explained above, and I think it's a serious bug for data inconsistent of mater-slave.

By the way, I don't agree with you that
>>  ""changing our server  code in order to cause a bug,can not be considered a repeatable test case.""

What I changed is one more DBUG_EXECUTE_IF statement,  and many complex bug only can be repeated with DBUG_EXECUTE_IF/DBUG_SYNC...

Thanks for you fast responses.

---COMMENT---

[6 Apr 2020 12:41] MySQL Verification Team
Hello Mr. xiaojian,

I have tested your test case.

What I have got is exactly the same as you reported.

Verified as reported.

---COMMENT---

[24 Feb 2021 13:52] Shaohua Wang
Any progress?

---COMMENT---

[24 Feb 2021 13:54] MySQL Verification Team
Hi Mr. Wang,

Thank you for your enquiry.

However, our work finishes with bug verifications and we do not get any info on the scheduling of bug fixing.

---COMMENT---

[25 Feb 2021 2:50] zhang xiaojian
I think it's a critical bug which cause data inconsistency, we reproduce it even in Database normal shutdown.

---COMMENT---

[25 Feb 2021 13:03] MySQL Verification Team
Hi Mr. xiaojian,

We agree with you, which is why this bug is verified as a critical one.

---COMMENT---

[10 Mar 2021 2:26] Shaohua Wang
Contributed patch

Attachment: bug99174.patch (application/octet-stream, text), 5.13 KiB.

---COMMENT---

[10 Mar 2021 2:29] Shaohua Wang
The patch attached is a fix, please check.

The basic idea is resurrect locks for non-dictionary tables(non ddl operation transactions) after rollbacking or cleaning ddl transactions.

---COMMENT---

[10 Mar 2021 13:09] MySQL Verification Team
Hi Mr. xiaojian,

Thank you for your contribution.

---COMMENT---

[10 May 2021 5:07] MySQL Verification Team
Hello Zhang Xiaojian,

Please note that in order to sumit contributions you must first sign the Oracle Contribution Agreement (OCA). For additional information please check http://www.oracle.com/technetwork/community/oca-486395.html
If you have any questions, please contact the MySQL community team (mailto:mysql-community_ww@oracle.com) or by visiting https://dev.mysql.com/community/

regards,
Umesh

---COMMENT---

[10 May 2021 5:07] MySQL Verification Team
Hello Shaohua Wang,

Please ensure to re-send the patch via ""Contribution"" tab. Otherwise we would not be able to accept it. Thank you.

regards,
Umesh

---COMMENT---

[25 Jun 2021 3:29] Shaohua Wang
Contributed patch

(*) I confirm the code being submitted is offered under the terms of the OCA, and that I am authorized to contribute it.

Contribution: bug99174.patch (application/octet-stream, text), 5.13 KiB.

---COMMENT---

[25 Jun 2021 3:48] Shaohua Wang
Contributed patch new!

(*) I confirm the code being submitted is offered under the terms of the OCA, and that I am authorized to contribute it.

Contribution: bug99174_new.patch (application/octet-stream, text), 6.12 KiB.

---COMMENT---

[28 Jun 2021 12:13] MySQL Verification Team
Thank you , Mr. Wang.

---COMMENT---

[12 Aug 2021 16:31] Daniel Price
Posted by developer:

Fixed as of the upcoming 8.0.27 release:

A transaction failed to roll back when the server was restarted after
failure occurred during an online DDL operation. Table locks could not be
resurrected for the uncommitted transaction and the data dictionary table
object could not be loaded for the affected table.

Thanks to Shaohua Wang for the contribution.

---COMMENT---

[13 Aug 2021 11:24] MySQL Verification Team
Thank you, Daniel and Mr. Wang !",Closed (1776 days),2020-04-03 13:51,,,accepted_fault,Incorrect database state,Consistency: DBMS state
icse2024_understanding_transaction_bugs_in_database:0b1546aad075a28b,icse2024_understanding_transaction_bugs_in_database,database_transactions,https://github.com/cockroachdb/cockroach/issues/22868,sql: Can't replace a table with a view in a transaction (SQL docs),"I followed the docs at this document and tried running this SQL queries:
https://www.cockroachlabs.com/docs/stable/views.html#simplify-supporting-legacy-code

I expected that the query would run, but it complained that the relation still exists:
```sql
root@:26257/> BEGIN;
Now adding input for a multi-line SQL transaction client-side.
Press Enter two times to send the SQL text collected so far to the server, or Ctrl+C to cancel.
You can also use \show to display the statements entered so far.
               -> ALTER TABLE bank.user_accounts RENAME TO bank.client_accounts;
               -> CREATE VIEW bank.user_accounts
               ->   AS SELECT type, email
               ->   FROM bank.client_accounts;
               -> COMMIT;
pq: relation ""user_accounts"" already exists
```
Outside of a transaction these statements work.

Full SQL to reproduce:
```sql
-- setup
CREATE DATABASE bank;
CREATE TABLE bank.user_accounts (email STRING PRIMARY KEY, type STRING);

-- transaction with error
BEGIN;
ALTER TABLE bank.user_accounts RENAME TO bank.client_accounts;
CREATE VIEW bank.user_accounts
  AS SELECT type, email
  FROM bank.client_accounts;
COMMIT;
```
Version:
```
[config] binary: CockroachDB CCL v1.1.5 (darwin amd64, built 2018/02/05 18:22:21, go1.9.3)
[config] arguments: [cockroach start --insecure --host=localhost]
```

Jira issue: CRDB-5837","[issue_comment | vivekmenezes | 2018-02-21T10:39:59Z]
similar to https://github.com/cockroachdb/cockroach/issues/12123

---COMMENT---

[issue_comment | knz | 2018-02-21T11:21:40Z]
@vivekmenezes what do you think about allowing the CREATE to proceed but using some internally defined table name that is guaranteed to be unique. Then perform the rename of the new table to is final name when the txn commits, during the schema change?

---COMMENT---

[issue_comment | knz | 2018-02-21T11:21:52Z]
This would also solve #12123.

---COMMENT---

[issue_comment | vivekmenezes | 2018-02-21T17:27:27Z]
This is discussed in https://github.com/cockroachdb/cockroach/blob/master/pkg/sql/sqlbase/structured.proto
in the comment above NameInfo (see worry 3).

The particular problem with your proposal is that it fails when the CREATE statement is followed by an INSERT statement in the same transaction.

---COMMENT---

[issue_comment | knz | 2018-02-21T17:40:06Z]
Within the same transaction the correct name would be known to the TableCollection (uncommittedTables). The INSERT would see the correct name from there. I think it would work?

---COMMENT---

[issue_comment | vivekmenezes | 2018-02-21T19:01:20Z]
Yeah, it's a lot more complex though because we have to choose what gets done with transaction with timestamp T and what gets done with transaction with timestamp S. There are two transactions at work here. And once that choice is made it requires some documentation work so users know what to expect. Unfortunately this is not looking like it can be done ""transactionally"" as in it support serializability

---COMMENT---

[issue_comment | jordanlewis | 2023-01-04T16:03:17Z]
This is solved. 🎉",closed,2018-02-21T01:07:07Z,,,accepted_fault,Unexpected error,Statement correctness: unexpected error
icse2024_understanding_transaction_bugs_in_database:0c2d2cc973674b0d,icse2024_understanding_transaction_bugs_in_database,database_transactions,https://jira.mariadb.org/browse/MDEV-26642,Weird SELECT view when a record is modified to the same value by two transactions,"Under REPEATABLE-READ isolation level, if two transactions concurrently modify the same row to the same value, the transaction that modifies later does not see the modified content.


{code:sql}
/* init */ create table t(a int, b int);
/* init */ insert into t values (0, 0), (1, 1), (2, 2);

/* s1 */ begin;
/* s1 */ select * from t; -- [(0, 0), (1, 1), (2, 2)]
/* s2 */ begin;
/* s2 */ update t set a = 10 where b = 1;
/* s2 */ commit;
/* s1 */ select * from t; -- [(0, 0), (1, 1), (2, 2)]
/* s1 */ update t set a = 10 where true;
/* s1 */ select * from t;  -- [(10, 0), (1, 1), (10, 2)]
/* s1 */ commit;
{code}

The result of final SELECT should be (10, 0), (10, 1), (10, 2).

I think it is so weird for session 1 to see the second row is still (1, 1) after the successful execution of an UPDATE with the ""WHERE TRUE"" predicate. 

So I think it will be better for s1 to see all records it updates regardless of whether the values before and after the UPDATE are the same.","[2021-09-24T07:53:11.000+0000 | dinary]
This bug can also be reproduced in MySQL and has been verified by MySQL Verification Team.

[MySQL#100328|https://bugs.mysql.com/bug.php?id=100328]

---

[2021-10-20T11:20:48.000+0000 | Marko Mäkelä]
I think that this must be addressed in the documentation. This is the impact of a design decision of the InnoDB {{REPEATABLE READ}}, probably present since the very first release (MySQL 3.23.49). If we changed this now after all these years, some applications could be broken.

I wrote a simpler {{mtr}} test to demonstrate this:
{code:sql}
--source include/have_innodb.inc

CREATE TABLE t(a INT) ENGINE=InnoDB;
INSERT INTO t VALUES (0);

connect (con1,localhost,root);
#SET TRANSACTION ISOLATION LEVEL READ UNCOMMITTED;
#SET TRANSACTION ISOLATION LEVEL READ COMMITTED;
#SET TRANSACTION ISOLATION LEVEL SERIALIZABLE;
#SET TRANSACTION ISOLATION LEVEL REPEATABLE READ;
START TRANSACTION WITH CONSISTENT SNAPSHOT;

connection default;
UPDATE t SET a=1;

connection con1;
SELECT * FROM t;
UPDATE t SET a=1;
SELECT * FROM t;
COMMIT;
disconnect con1;

connection default;
SELECT * FROM t;
DROP TABLE t;
{code}
Only for the default {{REPEATABLE READ}} isolation level, the second-but-last {{SELECT}} in the test will return {{0}} instead of {{1}}.

With {{READ COMMITTED}}, the read view will be reset at the start of each statement. So, that statement will observe the impact of the first {{UPDATE}}, which had been committed.

{{READ UNCOMMITTED}} will display the latest state of the table. {{SERIALIZABLE}} will do that too, but with the difference that the accessed records will be locked first. (See MDEV-14589 for some discussion on isolation levels.)

In InnoDB, a read view will observe the changes of all transactions that had been committed at the time the read view was created, as well as the changes that the transaction performed itself. In this case, the second {{UPDATE}} did not modify the record, and the first {{UPDATE}} had not been committed before the read view was created. So, there is no bug; it is working as designed.

Here is a more complex test, with 2 columns, more similar to the described scenario. Note that after we actually modify the record in that transaction, then we will read back the ""correct"" result.
{code:sql}
--source include/have_innodb.inc

CREATE TABLE t(a INT, b INT) ENGINE=InnoDB;
INSERT INTO t VALUES (0,0);

connect (con1,localhost,root);
START TRANSACTION WITH CONSISTENT SNAPSHOT;

connection default;
UPDATE t SET a=1; # update to (1,0) is committed, but not visible in the above read view

connection con1;
SELECT * FROM t;
UPDATE t SET a=1;
SELECT * FROM t; # returns ""unexpected"" (0,0)
UPDATE t SET b=1;
SELECT * FROM t; # returns (1,1) because we modified the record
ROLLBACK;
disconnect con1;

connection default;
SELECT * FROM t; # returns (1,0)
DROP TABLE t;
{code}

---

[2021-11-23T09:09:26.000+0000 | dinary]
Thank you for your reply.  I think your explanation is reasonable.  And I agree with you on [MDEV-26671|https://jira.mariadb.org/browse/MDEV-26671] is a duplicate of this. In my opinion, if this issue will not be fixed due to compatibility, then the documentation notes are needed.

---

[2022-03-23T05:52:46.000+0000 | Jason]
I slightly modify the test case in the description, and obtain weird result. 

The modified test case: 
{code:sql}
/* init */ create table t(a int, b int);
/* init */ insert into t values (0, 0), (1, 1), (2, 2);
 
/* s1 */ begin;
/* s1 */ select * from t; -- [(0, 0), (1, 1), (2, 2)]
/* s2 */ begin;
/* s2 */ update t set *a = 11* where b = 1; 
/* s2 */ commit;
/* s1 */ select * from t; -- [(0, 0), (1, 1), (2, 2)]
/* s1 */ update t set a = 10 where true;
/* s1 */ select * from t;  -- [(10, 0), *(10, 1)*, (10, 2)]
/* s1 */ commit;
{code}

The original test case: 
{code:sql}
/* init */ create table t(a int, b int);
/* init */ insert into t values (0, 0), (1, 1), (2, 2);
 
/* s1 */ begin;
/* s1 */ select * from t; -- [(0, 0), (1, 1), (2, 2)]
/* s2 */ begin;
/* s2 */ update t set *a = 10* where b = 1; 
/* s2 */ commit;
/* s1 */ select * from t; -- [(0, 0), (1, 1), (2, 2)]
/* s1 */ update t set a = 10 where true;
/* s1 */ select * from t;  -- [(10, 0), *(1, 1)*, (10, 2)]
/* s1 */ commit;
{code}

In the modified version, we can see that, the last select of session s1 correctly returns the excepted result after the successful execution of an UPDATE with the ""WHERE TRUE"" predicate.

However, in the original version, the return result seems wrong.

So, the result of the last select of session s1 depends on the update's values in session s2.
This is very weird.

Should the result of the last select of session s1 be the same, no matter the values in the update of session s2?

---

[2024-01-16T12:59:07.000+0000 | Marko Mäkelä]
With the crude fix that I posted in MDEV-32898, my first and second {{mtr}} test fail like this:
{noformat:title=bb-10.6-MDEV-32898-pkgtest c0db57157bdb87f10dbe7fab094bbc53f5abbb8f}
mysqltest: At line 18: query 'UPDATE t SET a=1' failed: ER_LOCK_DEADLOCK (1213): Deadlock found when trying to get lock; try restarting transaction
mysqltest: At line 14: query 'UPDATE t SET a=1' failed: ER_LOCK_DEADLOCK (1213): Deadlock found when trying to get lock; try restarting transaction
{noformat}
We might want to use a better error code than {{ER_LOCK_DEADLOCK}} for this.

Readily built packages of my work-in-progress fix should (soon) be available for download at https://ci.mariadb.org/42468/. I am eager to see if you can reproduce more issues around this. I am also in contact with the author of https://jepsen.io/analyses/mysql-8.0.34; see [this mailing list archive|https://lists.mariadb.org/hyperkitty/list/discuss@lists.mariadb.org/thread/MV2QNBW6J6SUGJWGHY45KJPYP4MO7E4B/].

---

[2024-03-20T08:33:32.000+0000 | Marko Mäkelä]
This was fixed together with MDEV-32898. If {{SET innodb_snapshot_isolation=ON}} is executed before starting a transaction, then any transaction that uses read views (such as {{REPEATABLE READ}} transactions) will fail with {{ER_CHECKREAD}} in case the latest version of a being-locked record is not in the read view.

---

[2024-09-13T06:38:45.000+0000 | Marko Mäkelä]
For what it is worth, below is a {{mtr}} version of the scenario of [MySQL Bug #116067|https://bugs.mysql.com/bug.php?id=116067]:
{code:sql}
--source include/have_innodb.inc

CREATE TABLE simple_table (
    id VARCHAR(20) PRIMARY KEY,
    unique_col VARCHAR(20),
    status VARCHAR(20),
    UNIQUE INDEX idx_unique_col (unique_col)
) ENGINE=InnoDB;

START TRANSACTION;
SELECT * FROM simple_table WHERE unique_col = 'unique1';

--connect (con1,localhost,root)
START TRANSACTION;

INSERT INTO simple_table (id, unique_col, status)
VALUES ('id1', 'unique1', 'in_progress')
ON DUPLICATE KEY UPDATE
    unique_col = VALUES(unique_col);

 COMMIT;
--disconnect con1
--connection default

INSERT INTO simple_table (id, unique_col, status)
VALUES ('id2', 'unique1', 'in_progress')
ON DUPLICATE KEY UPDATE
    unique_col = VALUES(unique_col);

# Fails to see just upserted record
SELECT * FROM simple_table WHERE unique_col = 'unique1';

COMMIT;

SELECT * FROM simple_table WHERE unique_col = 'unique1';

DROP TABLE simple_table;
{code}
By default, the bug is reproduced, that is, the result of the last-but-one {{SELECT}} is empty. If save the above to {{mysql-test/main/bug-116067.test}} and run
{code:sh}
./mtr --mysqld=--innodb-snapshot-isolation main.bug-116067
{code}
it will fail like this:
{noformat:title=10.6 a74bea7ba99a8c215cf085ff7a9dd4bdabab51e8}
mysqltest: At line 25: query 'INSERT INTO simple_table (id, unique_col, status)
VALUES ('id2', 'unique1', 'in_progress')
ON DUPLICATE KEY UPDATE
unique_col = VALUES(unique_col)' failed: ER_CHECKREAD (1020): Record has changed since last read in table 'simple_table'
{noformat}
This is because we would notice that the transaction in {{con1}} had modified the data, which would constitute a violation of Snapshot Isolation.",Closed,2021-09-19T16:32:14.000+0000,,,accepted_fault,Incorrect query result,Insufficient isolation: incorrect SELECT
icse2024_understanding_transaction_bugs_in_database:0dd1c292f6ad792d,icse2024_understanding_transaction_bugs_in_database,database_transactions,https://github.com/pingcap/tidb/issues/26203,Data may be lost when changing column type with `tidb_enable_amend_pessimistic_txn=on`.,"## Bug Report

Please answer these questions before submitting your issue. Thanks!

### 1. Minimal reproduce step (Required)

<!-- a step by step guide for reproducing the bug. -->
``` SQL
set global tidb_enable_amend_pessimistic_txn=ON;
CREATE TABLE `t` (
  `a` int(11) DEFAULT NULL,
  `b` int(11) DEFAULT NULL
);

insert into t many rows (about 1 000 000)

                                    /* txn */ begin pessimistic;
                                    /* txn */ insert into t values (52000002, 502);
/* DDL */ alter table t change column b b smallint;
                                    /* txn  during DDL */  commit;
/* DDL */ finish DDL
mysql> select * from t where a=52000002;
+----------+------+
| a        | b    |
+----------+------+
| 52000002 | NULL |
+----------+------+
1 row in set (0.00 sec)
```

### 2. What did you expect to see? (Required)
```
mysql> select * from t where a=52000002;
+----------+------+
| a        | b    |
+----------+------+
| 52000002 | 502  |
+----------+------+
1 row in set (0.00 sec)
```

### 3. What did you see instead (Required)
NULL
### 4. What is your TiDB version? (Required)
master
<!-- Paste the output of SELECT tidb_version() -->","[issue_comment | cfzjywxk | 2021-07-13T11:38:22Z]
@wjhuang2016 
The current implementation of transaction amend is not compatible with column type change, in the earlier versions the column type is only allowed to be changed to certain types which does not need data reorgnization, but now the assumption is not true. It's needed to add rejection logic at https://github.com/pingcap/tidb/blob/master/session/schema_amender.go#L163.Also some compatibility test case are needed to verify the rejection.

---COMMENT---

[issue_comment | cfzjywxk | 2021-07-13T11:41:47Z]
Seems the column id is also needed to be checked to ensure only field length is increased and other changes will be rejected.

---COMMENT---

[issue_comment | zimulala | 2021-07-14T06:59:32Z]
@cfzjywxk 
We have rejection logic at https://github.com/pingcap/tidb/blob/master/session/schema_amender.go#L163. But the state of the column we check should not be public https://github.com/pingcap/tidb/blob/master/session/schema_amender.go#L197.

---COMMENT---

[issue_comment | ti-srebot | 2021-07-15T08:27:36Z]
## Please edit this comment or add a new comment to complete the following information

### Not a bug

1. Remove the 'type/bug' label
2. Add notes to indicate why it is not a bug

### Duplicate bug

1. Add the 'type/duplicate' label
2. Add the link to the original bug

### Bug

Note: Make Sure that 'component', and 'severity' labels are added
Example for how to fill out the template: https://github.com/pingcap/tidb/issues/20100

#### 1. Root Cause Analysis (RCA) (optional) 
<!-- Write down the reason why this bug occurs -->

#### 2. Symptom (optional)

<!-- What will the user see when this bug occurs. The error message may be in the terminal, log or monitoring -->

#### 3. All Trigger Conditions (optional)

<!-- All the user scenarios that may trigger this bug -->

#### 4. Workaround (optional)

#### 5. Affected versions

<!--
In the format of [start_version:end_version], multiple version ranges are
accepted. If the bug only affects the unreleased version, please input:
""unreleased"". For example:

Notes:
  1. Do not use any white spaces in '[]'.
  2. The range in '[]' is a closed interval
  3. The version format is `v$Major.$Minor.$Patch`, the $Majoy and $Minor
     number in a version range should be the same. [v3.0.1:v3.1.2] is
     invalid because the $Minor number of the version range is different.

Example 1: [v3.0.1:v3.0.5], [v4.0.1:v4.0.5]
Example 2: unreleased
-->

#### 6. Fixed versions

<!--
The first released version that contains this fix in each minor version. If the bug's affected version has been released, the fixed version should be a detailed version number; If the bug doesn't affect any released version, the fixed version can be ""master"";  

Example 1: v3.0.13, v4.0.5
Example 2: master
-->",closed,2021-07-13T09:20:51Z,,,accepted_fault,Incorrect database state,Consistency: application state
icse2024_understanding_transaction_bugs_in_database:0f12986972dee16c,icse2024_understanding_transaction_bugs_in_database,database_transactions,https://github.com/pingcap/tidb/issues/21151,buildIndexMergeReader doesn't refresh for update ts in RC isolation level,"## Bug Report

Please answer these questions before submitting your issue. Thanks!

### 1. Minimal reproduce step (Required)

```sql
create table t (id int primary key, value int, a int not null, b int not null,
    index ia (a),  index ib (b));

insert into t values (1, 10, 2, 0), (2, 10, 4, 4), (3, 10, 0, 2), (4, 10, 0, 0);
```
```
MySQL [test]> select * from t;
+----+-------+---+---+
| id | value | a | b |
+----+-------+---+---+
|  1 |    10 | 2 | 0 |
|  2 |    10 | 4 | 4 |
|  3 |    10 | 0 | 2 |
|  4 |    10 | 0 | 0 |
+----+-------+---+---+
```

| session 1 | session 2 | comment |
|-----------|-----------|---------|
|`set transaction isolation level read committed; begin;`| | |
|`select /*+ NO_INDEX_MERGE() */ * from t where a > 3 or b > 3;`| | Returns `(2, 10, 4, 4)` |
|`select /*+ USE_INDEX_MERGE(t, ia, ib) */ * from t where a > 3 or b > 3;`| | Returns `(2, 10, 4, 4)` |
| | `update t set value = 11 where id = 2;` | |
|`select /*+ NO_INDEX_MERGE() */ * from t where a > 3 or b > 3;`| | Returns `(2, 11, 4, 4)` |
|`select /*+ USE_INDEX_MERGE(t, ia, ib) */ * from t where a > 3 or b > 3;`| | Returns `(2, 10, 4, 4)`，latest write become invisible |

### 2. What did you expect to see? (Required)

The last statement above in session 1 should returns `(2, 11, 4, 4)`, because `value = 11` is set by session 2 and session 1 is in a RC transaction.

### 3. What did you see instead (Required)

The last write in session 2 is invisible to the last statement in session 1.

### 4. What is your TiDB version? (Required)

master (f9f44d0a492a85a9200d9ae476eedfd505db5d7e)



**Note**:

This is caused by not invoking `refreshForUpdateTSForRC` when building IndexMergeReader. It must be invoked when building executors that can access data without nesting other executor.
We'd better have some mechanism to avoid forgetting invoking it.","[issue_comment | cfzjywxk | 2020-11-20T07:02:16Z]
Also we need to ensure for a single statement it will use the same `forUpdateTS` for example query with subqueries.

---COMMENT---

[issue_comment | jackysp | 2020-11-22T04:50:21Z]
I think `refreshForUpdateTSForRC` is reentrant. `IndexMergeReader` is also a basic reader and has exceeded my expectations.

---COMMENT---

[issue_comment | ti-srebot | 2020-11-24T09:39:58Z]
## Please edit this comment or add a new comment to complete the following information

### Bug

Note: Make Sure that 'component', and 'severity' labels are added
Example for how to fill out the template: https://github.com/pingcap/tidb/issues/20100

#### 1. Root Cause Analysis (RCA) (optional) 

For RC transactions, each statement should refresh its read ts. It's implemented by calling `refreshForUpdateTSForRC` when building the basic reader executors. However it's forgotten to invoke when building `IndexMergeReader`.

#### 2. Symptom (optional)

In an RC transaction, if `IndexMerge` is used in a query, it's possible that the query cannot see the latest change make by other transactions.

#### 3. All Trigger Conditions (optional)

* A transaction T is using Read Committed isolation level
* A statement S of T of the transaction uses IndexMerge
* Another transaction commits between transaction T starting and statement S starting, and it modified data that will be read by statement S.

#### 4. Workaround (optional)

Disable IndexMerge.

#### 5. Affected versions

<!--
In the format of [start_version:end_version], multiple version ranges are
accepted. If the bug only affects the unreleased version, please input:
""unreleased"". For example:

Notes:
  1. Do not use any white spaces in '[]'.
  2. The range in '[]' is a closed interval
  3. The version format is `v$Major.$Minor.$Patch`, the $Majoy and $Minor
     number in a version range should be the same. [v3.0.1:v3.1.2] is
     invalid because the $Minor number of the version range is different.

Example 1: [v3.0.1:v3.0.5], [v4.0.1:v4.0.5]
Example 2: unreleased
-->

[v4.0.0:v4.0.8]

#### 6. Fixed versions

<!--
The first released version that contains this fix in each minor version. If the bug's affected version has been released, the fixed version should be a detailed version number; If the bug doesn't affect any released version, the fixed version can be ""master"";  

Example 1: v3.0.13, v4.0.5
Example 2: master
-->

v4.0.9",closed,2020-11-19T12:58:26Z,,,accepted_fault,Incorrect query result,Insufficient isolation: incorrect SELECT
icse2024_understanding_transaction_bugs_in_database:16a39d4af25e79f4,icse2024_understanding_transaction_bugs_in_database,database_transactions,https://github.com/pingcap/tidb/issues/27564,Dangling delete record when deletes your own write in a transaction,"## Bug Report

Please answer these questions before submitting your issue. Thanks!

### 1. Minimal reproduce step (Required)
See https://github.com/pingcap/ticdc/issues/2612. This behavior of TiDB may result in strange event in TiCDC.

```sql
mysql root@127.0.0.1:test> create table t2 (id varchar(32) not null primary key, a int);
Query OK, 0 rows affected

mysql root@127.0.0.1:test> begin;
Query OK, 0 rows affected

mysql root@127.0.0.1:test> insert into t2 values (2,2);
Query OK, 1 row affected

mysql root@127.0.0.1:test> delete from t2 where id = 2;
Query OK, 1 row affected

mysql root@127.0.0.1:test> commit;
Query OK, 0 rows affected
```
```bash
[10:59:42] youjiali1995:~ $ curl http://127.0.0.1:10080/mvcc/key/test/t2/1
{
 ""key"": ""74800000000000004E5F728000000000000001"",
 ""region_id"": 2,
 ""value"": {
  ""info"": {
   ""writes"": [
    {
     ""type"": 1,
     ""start_ts"": 427258114963668993,
     ""commit_ts"": 427258119341473794
    }
   ]
  }
 }
} 
```
### 2. What did you expect to see? (Required)

No delete record in write CF.

### 3. What did you see instead (Required)

Only When deletes by the clustered primary key or unique index key in optimistic transactions, the delete record on such keys won't appear.
https://github.com/tikv/client-go/blob/16d902a3c7e5e850c931f0e9515c3dbb4944b6f8/txnkv/transaction/2pc.go#L435-L440

### 4. What is your TiDB version? (Required)

<!-- Paste the output of SELECT tidb_version() -->

4.0.x, 5.x","[issue_comment | cfzjywxk | 2021-09-28T08:54:42Z]
@TonsnakeLin
PTAL, this unncessary record may affect the ticdc data processing.

---COMMENT---

[issue_comment | cfzjywxk | 2021-10-11T10:08:01Z]
Currently in tidb the ""delete-your-write"" tranaction commit is not fully optimized, just the rowkey or unique index keys in the optimistic transaction satisfying the ""delete-your-write"" condition will be ignored, which also introduces some critical bugs before.

If we want to solve it completely we may need to find out a way to distinguish the ""newly"" inserted and later deleted keys for both optimistic and pessimistic transactions, also this may be a risky change so we need to plan it well before doing things.

---COMMENT---

[issue_comment | cfzjywxk | 2021-10-11T13:05:37Z]
There are serveral things to consider deciding if the key in the memory buffer is **""newly""** inserted and then deleted. The difficult part is to diffrentiate the following situation:
```
// prepare
create table t(c1 int primary key, c2 int, key k1(c2));
insert into t values(1, 1);

// test
begin;
delete from t;
insert into t values(1, 2);
delete from t;
commit
```

Here the final generated delete  operation could not be ignored though it deletes the new row inserted by previous insert statement. 

For the pessimistic transaction mode, a simple way to verify if the inserted key is ""new"" is to verify if the **oldest value for this key in `memdb`** is a valid `put` operation. As key existency check is done executing each `DML` statement for pessimistic transactions, a valid `PUT` means the key is inserted by the transaction itself.

For the optimistic transactions with default configurations, the row key or the unique index key would be marked with ""presume not exist flag"" and they will be skipped in the 2pc phase processing the delete mutations.However the related secondary index key delete opertion is not skipped and they will still be generated and forwarded as part of the transaction mutations.A simple way to solve this is add similar mark on the secondary index keys too so they could be skippped in the `delete-your-write` situation too.

For the optimistic transaction with `tidb_constraint_check_in_place` enabled, the same solution could be used like the pessimistic transactions.


/cc @MyonKeminta @you06 @coocood 
PTAL

---COMMENT---

[issue_comment | you06 | 2021-10-12T04:56:20Z]
> A simple way to solve this is add similar mark on the secondary index keys too so they could be skippped in the `delete-your-write` situation too.

If so, it seems that the case you given will commit success in the optimistic transaction, is this expected?

---COMMENT---

[issue_comment | MyonKeminta | 2021-10-12T05:28:52Z]
I have one more question: when we avoid the delete record on a delete-your-write key, should we still put a `Lock` record here to avoid breaking the isolation level?

---COMMENT---

[issue_comment | cfzjywxk | 2021-10-12T06:21:20Z]
> I have one more question: when we avoid the delete record on a delete-your-write key, should we still put a `Lock` record here to avoid breaking the isolation level?

@MyonKeminta @you06 

I think so, though the current implementation is a bit confusing processing `delete-your-write`.

For optimistic transactions with `tidb_constraint_check_in_place` off(default config):
- Rowkey: the `Op_CheckNotExist` opertion type will be used, so nothing will be written.
- Secondary index key: `Op_Del` will be used and there wiil be a delete record for it.

For optimistic transactions with `tidb_constraint_check_in_place` on:
- All the keys will be written using `Op_Del` type.

For pessimistic transactions, the pessimistic lock will be added first doing insert, and then delete will change the record in memdb into a `delete` type, doing commit:
- All the keys will be written using `Op_Del` type which is what the issue describes.

The resonable way is that the locked keys should be committed using lock type and other keys deleted should be skipped. The difficult part is how to identify the `delete-your-write` ""deletes"" mentioned in the above comment.",open,2021-08-25T03:13:20Z,,,accepted_fault,Incorrect DBMS state,Consistency: DBMS state
icse2024_understanding_transaction_bugs_in_database:1cccb4378b8e9e4f,icse2024_understanding_transaction_bugs_in_database,database_transactions,https://github.com/pingcap/tidb/issues/20975,"Unexpected ""Information schema is changed"" when commits","## Bug Report

Please answer these questions before submitting your issue. Thanks!

### 1. Minimal reproduce step (Required)
``` sql
mysql> drop table t2, t1;
Query OK, 0 rows affected (0.04 sec)

mysql> create table t1(a int);
Query OK, 0 rows affected (0.01 sec)

mysql> insert into t1 values (1);
Query OK, 1 row affected (0.00 sec)

mysql> begin pessimistic;
Query OK, 0 rows affected (0.00 sec)

mysql> update t1 set a=a;
Query OK, 0 rows affected (0.00 sec)
Rows matched: 1  Changed: 0  Warnings: 0

/* session 2 */ mysql> create table t2(a int);
Query OK, 0 rows affected (0.00 sec)

mysql> commit;
ERROR 8028 (HY000): Information schema is changed during the execution of the statement(for example, table definition may be updated by other DDL ran in parallel). If you see this error often, try increasing `tidb_max_delta_schema_count`. [try again later]
```
<!-- a step by step guide for reproducing the bug. -->

### 2. What did you expect to see? (Required)
Commit successfully.
### 3. What did you see instead (Required)
Information schema is changed during the execution of the statement
### 4. What is your TiDB version? (Required)

<!-- Paste the output of SELECT tidb_version() -->
4.0 master","[issue_comment | wjhuang2016 | 2020-11-11T03:11:59Z]
Besides,
``` sql
mysql> create table t1(a int);
Query OK, 0 rows affected (0.00 sec)

mysql> insert into t1 values (1);
Query OK, 1 row affected (0.00 sec)

mysql> begin;
Query OK, 0 rows affected (0.00 sec)

mysql> update t1 set a=a;
Query OK, 0 rows affected (0.00 sec)
Rows matched: 1  Changed: 0  Warnings: 0

/* session 2 */ mysql> drop table t1;
Query OK, 0 rows affected (0.01 sec)

mysql> commit;
Query OK, 0 rows affected (0.00 sec)
```

---COMMENT---

[issue_comment | blacktear23 | 2020-11-11T06:03:54Z]
Seems this is related to write.go `updateRecord` function, when there is nothing changed, it just return without call `UpdateDeltaForTable` to update TxnCtx.TableDeltaMap, so when commit, `Commit` function will got an empty tableID list and `SchemaValidator` will return `ResultFail`.

---COMMENT---

[issue_comment | ti-srebot | 2020-11-19T02:58:50Z]
## Please edit this comment or add a new comment to complete the following information

### Not a bug

1. Remove the 'type/bug' label
2. Add notes to indicate why it is not a bug

### Duplicate bug

1. Add the 'type/duplicate' label
2. Add the link to the original bug

### Bug

Note: Make Sure that 'component', and 'severity' labels are added
Example for how to fill out the template: https://github.com/pingcap/tidb/issues/20100

#### 1. Root Cause Analysis (RCA) (optional) 
<!-- Write down the reason why this bug occurs -->

#### 2. Symptom (optional)

<!-- What will the user see when this bug occurs. The error message may be in the terminal, log or monitoring -->

#### 3. All Trigger Conditions (optional)

<!-- All the user scenarios that may trigger this bug -->

#### 4. Workaround (optional)

#### 5. Affected versions

<!--
In the format of [start_version:end_version], multiple version ranges are
accepted. If the bug only affects the unreleased version, please input:
""unreleased"". For example:

Notes:
  1. Do not use any white spaces in '[]'.
  2. The range in '[]' is a closed interval
  3. The version format is `v$Major.$Minor.$Patch`, the $Majoy and $Minor
     number in a version range should be the same. [v3.0.1:v3.1.2] is
     invalid because the $Minor number of the version range is different.

Example 1: [v3.0.1:v3.0.5], [v4.0.1:v4.0.5]
Example 2: unreleased
-->

#### 6. Fixed versions

<!--
The first released version that contains this fix in each minor version. If the bug's affected version has been released, the fixed version should be a detailed version number; If the bug doesn't affect any released version, the fixed version can be ""master"";  

Example 1: v3.0.13, v4.0.5
Example 2: master
-->",closed,2020-11-11T03:02:07Z,,,accepted_fault,Unexpected error,Statement correctness: unexpected error
icse2024_understanding_transaction_bugs_in_database:23878c5a39714c6d,icse2024_understanding_transaction_bugs_in_database,database_transactions,https://github.com/pingcap/tidb/issues/19194,Failed to `replace` after failure of insertion in a transaction,"## Bug Report

Please answer these questions before submitting your issue. Thanks!

### 1. Minimal reproduce step (Required)

<!-- a step by step guide for reproducing the bug. -->
```sql
drop table if exists t;
create table t (c_int int, c_str varchar(40), primary key (c_int));
insert into t values (1, 'Alice');
begin;
insert into t values (1, 'Bob'), (1, 'Carol');
replace into t values (1, 'Dave'); -- failed with error 1062
commit;
replace into t values (1, 'Dave');
```

### 2. What did you expect to see? (Required)

The `replace` in the transaction shouldn't fail.

### 3. What did you see instead (Required)

```
mysql> begin;
Query OK, 0 rows affected (0.06 sec)

mysql> insert into t values (1, 'Bob'), (1, 'Carol');
ERROR 1062 (23000): Duplicate entry '1' for key 'PRIMARY'

mysql> replace into t values (1, 'Dave');
ERROR 1062 (23000): Duplicate entry '1' for key 'PRIMARY'

mysql> commit;
Query OK, 0 rows affected (0.05 sec)

mysql> replace into t values (1, 'Dave');
Query OK, 2 rows affected (0.08 sec)

```

### 4. What is your TiDB version? (Required)

<!-- Paste the output of SELECT tidb_version() -->

release-4.0 @ 1483de323abe0f519a43788adfbdaac1dbd71d0d","[issue_comment | zyguan | 2020-08-14T02:31:40Z]
/assign @cfzjywxk

---COMMENT---

[issue_comment | cfzjywxk | 2020-08-14T03:05:44Z]
Verified this problem on the release-4.0 branch, the master branch does not have this problem.

---COMMENT---

[issue_comment | aytrack | 2020-08-14T08:04:22Z]
I  was encountered  similar error with `insert` SQL
```sql
begin;
insert into t2 values (11, 'z'), (11, 'a'), (11, 'a'), (11, 'a');
(1062, ""Duplicate entry '11' for key 'PRIMARY'"")
insert into t2 values (11, 'a') on duplicate key update a = values(a), b = values(b);                                                                                      
(1062, ""Duplicate entry '11' for key 'PRIMARY'"")
insert into t2 values (11, 'a') on duplicate key update a = values(a), b = values(b);                                                                                      
Query OK, 0 rows affected
Time: 0.062s

```

---COMMENT---

[issue_comment | cfzjywxk | 2020-08-18T02:44:24Z]
Seems related to #18956,  @ekexium will take a closer look into this.

---COMMENT---

[issue_comment | sre-bot | 2020-09-27T02:19:23Z]
Integrity check:
RCA symptom trigger_condition affect_version fix_version fields are empty
@cfzjywxk
Please comment /info to get template

---COMMENT---

[issue_comment | ti-srebot | 2020-09-27T02:19:25Z]
## Please edit this comment to complete the following information

### Not a bug

1. Remove the 'type/bug' label
2. Add notes to indicate why it is not a bug

### Duplicate bug

1. Add the 'type/duplicate' label
2. Add the link to the original bug

### Bug

Note: Make Sure that 'component', and 'severity' labels are added

#### 1. Root Cause Analysis (RCA)
<!-- Write down the reason why this bug occurs -->
In a pessimistic transaction, we set existError and leave the check to lock stage. However, if later we encounter other errors, the existError we set is not correctly reset. Then in the next statement, we may return Duplicate entry because of the existError.
#### 2. Symptom

<!-- What will the user see when this bug occurs -->
<!-- The error message may be in the terminal, log or monitoring -->
ERROR 1062 (23000): Duplicate entry 'xxx' for key 'PRIMARY'
#### 3. All Trigger Conditions

<!-- All the user scenarios that may trigger this bug -->
transaction, insert into
#### 4. Workaround (optional)

#### 5. Affected versions
[v4.0.0:v4.0.6]
<!--
In the format of [start_version:end_version], multiple version ranges are
accepted. If the bug only affects the unreleased version, please input:
unreleased. For example:

Notes:
  1. Do not use any white spaces in '[]'.
  2. The version format is `v$Major.$Minor.$Patch`, the $Majoy and $Minor
     number in a version range should be the same. [v3.0.1:v3.1.2] is
     invalid because the $Minor number of the version range is different.

Example 1: [v3.0.1:v3.0.5], [v4.0.1:v4.0.5]
Example 2: unreleased
-->

#### 6. Fixed versions
v4.0.7
<!--
The first released version that contains this fix in each minor version. If the
bugfix has not been released, use ""unplanned"" instead.

Example 1: v3.0.13, v4.0.5
Example 2: unplanned
-->",closed,2020-08-14T02:29:51Z,,,accepted_fault,Unexpected error,Statement correctness: unexpected error
icse2024_understanding_transaction_bugs_in_database:249f998cc3c7926a,icse2024_understanding_transaction_bugs_in_database,database_transactions,https://jira.mariadb.org/browse/MDEV-24463,galera.galera_sst_mysqldump_with_key MTR failed: 'INSERT failed: 1213: Deadlock found when trying to get lock,"galera.galera_sst_mysqldump_with_key failed on [BB 10.4 CS|http://buildbot.askmonty.org/buildbot/builders/kvm-deb-xenial-amd64/builds/9699]: ""galera_sst_mysqldump_with_key.test at line 27:
At line 17: query 'INSERT INTO t1 VALUES ('node2_committed_before')' failed: 1213: Deadlock found when trying to get lock;"".
It seems to be a sporadic issue.

[stdio.log|http://buildbot.askmonty.org/buildbot/builders/kvm-deb-xenial-amd64/builds/9699/steps/galera-sst-mysqldump/logs/stdio]:
{code:title=10.4.18, 4addd31531f722438b8b702c9cd00c28b61efce3, kvm-deb-xenial-amd64}
galera.galera_sst_mysqldump_with_key 'innodb,release' [ fail ]
        Test ended at 2020-12-11 12:06:58

CURRENT_TEST: galera.galera_sst_mysqldump_with_key
mysqltest: In included file ""./suite/galera/include/galera_st_kill_slave.inc"": 
included from /usr/share/mysql/mysql-test/suite/galera/t/galera_sst_mysqldump_with_key.test at line 27:
At line 17: query 'INSERT INTO t1 VALUES ('node2_committed_before')' failed: 1213: Deadlock found when trying to get lock; try restarting transaction

The result from queries just before the failure was:
< snip >
COUNT(*) = 0
1
DROP TABLE t1;
COMMIT;
SET AUTOCOMMIT=ON;
Performing State Transfer on a server that has been killed and restarted
connection node_1;
CREATE TABLE t1 (f1 CHAR(255)) ENGINE=InnoDB;
SET AUTOCOMMIT=OFF;
START TRANSACTION;
INSERT INTO t1 VALUES ('node1_committed_before');
INSERT INTO t1 VALUES ('node1_committed_before');
INSERT INTO t1 VALUES ('node1_committed_before');
INSERT INTO t1 VALUES ('node1_committed_before');
INSERT INTO t1 VALUES ('node1_committed_before');
COMMIT;
connection node_2;
SET AUTOCOMMIT=OFF;
START TRANSACTION;
INSERT INTO t1 VALUES ('node2_committed_before');
{code}

*[Server logs|^MDEV-24463_104_logs_201211.zip]*.",no_comments_in_source,Closed,2020-12-21T17:30:06.000+0000,,,accepted_fault,Unexpected error,Excessive isolation
icse2024_understanding_transaction_bugs_in_database:28b00a12a4545dae,icse2024_understanding_transaction_bugs_in_database,database_transactions,https://bugs.mysql.com/bug.php?id=101706,check table can't find duplicate error in table,"Description:
I am trying to fix this issue #68021.

And add these fix to my code

diff --git a/storage/innobase/row/row0ins.cc b/storage/innobase/row/row0ins.cc
index e7938a63879..6a97c49d519 100644
--- a/storage/innobase/row/row0ins.cc
+++ b/storage/innobase/row/row0ins.cc
@@ -1914,8 +1914,22 @@ static MY_ATTRIBUTE((warn_unused_result)) dberr_t
     found. This means it is possible for another transaction to
     insert a duplicate key value but MDL protection on DD tables
     will prevent insertion of duplicates into unique secondary indexes*/
-    const ulint lock_type =
+    ulint lock_type =
         index->table->skip_gap_locks() ? LOCK_REC_NOT_GAP : LOCK_ORDINARY;
+    /* If the transaction isolation level is no stronger than
+       READ COMMITTED, then avoid gap locks. */
+
+    if (!page_rec_is_supremum(rec)
+        && thr_get_trx(thr)->isolation_level
+        <= TRX_ISO_READ_COMMITTED) {
+      lock_type = LOCK_REC_NOT_GAP;
+    } else {
+      lock_type = LOCK_ORDINARY;
+    }
+
+    if (index->table->skip_gap_locks()) {
+      lock_type = LOCK_REC_NOT_GAP;
+    }

     if (page_rec_is_infimum(rec)) {
       continue;

I know that change the lock_type from LOCK_ORDINARY to LOCK_REC_NOT_GAP will cause duplicate key in table.

However, I find the ""check table"" can't find the duplicate key error in the table

How to repeat:
-- Prepare test data
CREATE TABLE `t` (
  `c1` int(11) NOT NULL AUTO_INCREMENT,
  `c2` int(11) DEFAULT NULL,
  PRIMARY KEY (`c1`),
  UNIQUE KEY `c2` (`c2`)
) ENGINE=InnoDB AUTO_INCREMENT=10;

insert into t values(10, 9);
insert into t values(12, 5);

-- session 1
mysql> begin;
Query OK, 0 rows affected (0.00 sec)

mysql> delete from t where c2=5;
Query OK, 1 row affected (0.00 sec)

-- session 2
mysql> insert into t select 2,5;

-- session 3
mysql> insert into t select 1,5;

-- session 1
mysql> commit;
Query OK, 0 rows affected (0.00 sec)

mysql> select * from t;
+----+------+
| c1 | c2   |
+----+------+
|  1 |    5 |
|  2 |    5 |
| 10 |    9 |
+----+------+
3 rows in set (0.00 sec)

mysql> check table t;
+--------+-------+----------+----------+
| Table  | Op    | Msg_type | Msg_text |
+--------+-------+----------+----------+
| test.t | check | status   | OK       |
+--------+-------+----------+----------+
1 row in set (0.00 sec)","[30 Nov 2020 14:58] MySQL Verification Team
Hi Mr. zongzhi,

Thank you for your bug report.

I have patched latest 8.0 and repeated your test case, this being only the last part:

mysql> select * from t1;
+----+------+
| c1 | c2   |
+----+------+
|  1 |    5 |
|  2 |    5 |
| 10 |    9 |
+----+------+
3 rows in set (0.00 sec)

mysql> check table t1;
+--------+-------+----------+----------+
| Table  | Op    | Msg_type | Msg_text |
+--------+-------+----------+----------+
| test.t1 | check | status   | OK       |
+--------+-------+----------+----------+
1 row in set (0.01 sec)

Verified as reported.

---COMMENT---

[30 Nov 2020 15:06] MySQL Verification Team
Set correct version.

---COMMENT---

[3 Dec 2020 14:25] MySQL Verification Team
Hi Mr. zongzhi,

This bug can not be any longer reproduced with 8.0.24.

Hence, we are closing this bug.",Closed (2028 days),2020-11-21 16:51,,,accepted_fault,Incorrect database state,Consistency: data constraint
icse2024_understanding_transaction_bugs_in_database:2b566abb1bdb4590,icse2024_understanding_transaction_bugs_in_database,database_transactions,https://jira.mariadb.org/browse/MDEV-14868,MariaDB server crashes after using ROLLBACK TO when encrypt_tmp_files=ON,"On a server started with {{encrypt-tmp-files=ON}} and {{binlog-format=row}}
ROLLBACK TO sp
causes server to crash in the follow-up COMMIT

{code:sql}
CREATE TABLE t (a TEXT) ENGINE = InnoDB;
BEGIN;
  INSERT INTO t VALUES (REPEAT('a', 20000));
  SAVEPOINT sp;
  INSERT INTO t VALUES (REPEAT('a', 20000));
  ROLLBACK TO sp;
COMMIT;
{code}

{noformat}
#0  0x00007ffff63011f7 in raise () from /lib64/libc.so.6
#1  0x00007ffff63028e8 in abort () from /lib64/libc.so.6
#2  0x00007ffff62fa266 in __assert_fail_base () from /lib64/libc.so.6
#3  0x00007ffff62fa312 in __assert_fail () from /lib64/libc.so.6
#4  0x0000555555dce308 in MYSQL_BIN_LOG::write_cache (this=this@entry=0x555556edc200 <mysql_bin_log>, thd=<optimized out>, cache=cache@entry=0x7fff9402ffc8) at /mnt/hgfs/repos/mariadb-server/sql/log.cc:7051
#5  0x0000555555dcea9e in MYSQL_BIN_LOG::write_transaction_or_stmt (this=this@entry=0x555556edc200 <mysql_bin_log>, entry=entry@entry=0x7fffec271110, commit_id=commit_id@entry=0) at /mnt/hgfs/repos/mariadb-server/sql/log.cc:8059
#6  0x0000555555dd6c60 in MYSQL_BIN_LOG::trx_group_commit_leader (this=this@entry=0x555556edc200 <mysql_bin_log>, leader=leader@entry=0x7fffec271110) at /mnt/hgfs/repos/mariadb-server/sql/log.cc:7796
#7  0x0000555555dd7469 in MYSQL_BIN_LOG::write_transaction_to_binlog_events (this=this@entry=0x555556edc200 <mysql_bin_log>, entry=entry@entry=0x7fffec271110) at /mnt/hgfs/repos/mariadb-server/sql/log.cc:7593
#8  0x0000555555dd79f2 in MYSQL_BIN_LOG::write_transaction_to_binlog (this=this@entry=0x555556edc200 <mysql_bin_log>, thd=thd@entry=0x7fff94000b00, cache_mngr=cache_mngr@entry=0x7fff9402fe20, end_ev=end_ev@entry=0x7fffec2712a0, all=all@entry=true, using_stmt_cache=using_stmt_cache@entry=true, using_trx_cache=using_trx_cache@entry=true) at /mnt/hgfs/repos/mariadb-server/sql/log.cc:7267
#9  0x0000555555dd7ba2 in binlog_flush_cache (thd=thd@entry=0x7fff94000b00, cache_mngr=cache_mngr@entry=0x7fff9402fe20, end_ev=end_ev@entry=0x7fffec2712a0, all=all@entry=true, using_stmt=using_stmt@entry=true, using_trx=using_trx@entry=true) at /mnt/hgfs/repos/mariadb-server/sql/log.cc:1785
#10 0x0000555555dd7dc8 in binlog_commit_flush_xid_caches (thd=thd@entry=0x7fff94000b00, cache_mngr=cache_mngr@entry=0x7fff9402fe20, all=all@entry=true, xid=xid@entry=9) at /mnt/hgfs/repos/mariadb-server/sql/log.cc:1891
#11 0x0000555555dd7fde in MYSQL_BIN_LOG::log_and_order (this=<optimized out>, thd=0x7fff94000b00, xid=9, all=<optimized out>, need_prepare_ordered=<optimized out>, need_commit_ordered=<optimized out>) at /mnt/hgfs/repos/mariadb-server/sql/log.cc:9530
#12 0x0000555555cd3d59 in ha_commit_trans (thd=thd@entry=0x7fff94000b00, all=all@entry=true) at /mnt/hgfs/repos/mariadb-server/sql/handler.cc:1465
#13 0x0000555555bc4dd7 in trans_commit (thd=thd@entry=0x7fff94000b00) at /mnt/hgfs/repos/mariadb-server/sql/transaction.cc:306
#14 0x0000555555ac745b in mysql_execute_command (thd=thd@entry=0x7fff94000b00) at /mnt/hgfs/repos/mariadb-server/sql/sql_parse.cc:5756
#15 0x0000555555aca3bd in mysql_parse (thd=thd@entry=0x7fff94000b00, rawbuf=<optimized out>, length=6, parser_state=parser_state@entry=0x7fffec273510, is_com_multi=is_com_multi@entry=false, is_next_command=is_next_command@entry=false) at /mnt/hgfs/repos/mariadb-server/sql/sql_parse.cc:7966
#16 0x0000555555acc20f in dispatch_command (command=command@entry=COM_QUERY, thd=thd@entry=0x7fff94000b00, packet=packet@entry=0x7fff9400b161 ""COMMIT"", packet_length=packet_length@entry=6, is_com_multi=is_com_multi@entry=false, is_next_command=is_next_command@entry=false) at /mnt/hgfs/repos/mariadb-server/sql/sql_parse.cc:1824
#17 0x0000555555ace3d6 in do_command (thd=0x7fff94000b00) at /mnt/hgfs/repos/mariadb-server/sql/sql_parse.cc:1369
#18 0x0000555555bb7828 in do_handle_one_connection (connect=connect@entry=0x555557ec5390) at /mnt/hgfs/repos/mariadb-server/sql/sql_connect.cc:1420
#19 0x0000555555bb7955 in handle_one_connection (arg=arg@entry=0x555557ec5390) at /mnt/hgfs/repos/mariadb-server/sql/sql_connect.cc:1326
#20 0x000055555636dd8a in pfs_spawn_thread (arg=0x555557ecdb90) at /mnt/hgfs/repos/mariadb-server/storage/perfschema/pfs.cc:1863
#21 0x00007ffff7bc6e25 in start_thread () from /lib64/libpthread.so.0
#22 0x00007ffff63c434d in clone () from /lib64/libc.so.6
{noformat}

Steps to reproduce:
# put the attached files `a000.test` and `a000-master.opt` into `encryption` MTR test suite (`mysql-test/suite/encryption/t`)
# run `./mysql-test/mtr --debug-server encryption.a000`","[2018-01-04T17:40:29.000+0000 | Elena Stepanova]
Thanks for the report and test case.
The assertion failure is reproducible on 10.3 as initially reported, and also 10.2 debug servers.
Release servers and 10.1 instead produce an error, which probably shouldn't happen either:
{code:sql}
query 'SHOW BINLOG EVENTS' failed: 1220: Error when executing command SHOW BINLOG EVENTS: Wrong offset or I/O error
{code}

---

[2018-01-09T15:27:20.000+0000 | Yura Sorokin]
In addition, existing `encryption.tempfiles` MTR test case which is supposed to test similar `ROLLBACK TO SAVEPOINT` issue in the following section
{code:sql}
#
# Test reinit_io_cache(WRITE_CACHE) with non-zero seek_offset:
# Start a transaction, write until the cache goes to disk,
# create a savepoint, write more blocks to disk, rollback to savepoint.
#
create table t1 (a text) engine=innodb;
start transaction;
insert t1 select repeat(seq, 1000) from seq_1_to_15;
savepoint foo;
insert t1 select repeat(seq, 1000) from seq_16_to_30;
#rollback to savepoint foo;
insert t1 select repeat(seq, 1000) from seq_31_to_40;
commit;
drop table t1;
{code}
never had `\--encrypt-tmp-files` enabled.

Adding
{code:sql}
SELECT @@global.encrypt_tmp_files;
{code}
at the beginning of the test will result in
{noformat}
@@ -1,3 +1,6 @@
+SELECT @@global.encrypt_tmp_files;
+@@global.encrypt_tmp_files
+0
 CREATE TABLE t1(a INT);
 INSERT INTO t1 VALUES(1),(2);
 DELETE FROM t1 WHERE a=1;
{noformat}

Adding `tempfiles-master.opt` with `\--encrypt-tmp-files=ON` or running `./mysql-test/mtr \--debug-server \--mysqld=\--encrypt-tmp-files=ON encryption.tempfiles` causes the same server crash and corrupted binlog
{noformat}
#0  0x00007fb2d1daf9b1 in pthread_kill () from /lib64/libpthread.so.0
#0  0x00007fb2d1daf9b1 in pthread_kill () from /lib64/libpthread.so.0
#1  0x0000558059945f85 in my_write_core (sig=6) at /mnt/hgfs/repos/mariadb-server/mysys/stacktrace.c:481
#2  0x0000558059257d46 in handle_fatal_signal (sig=6) at /mnt/hgfs/repos/mariadb-server/sql/signal_handler.cc:303
#3  <signal handler called>
#4  0x00007fb2d04e51f7 in raise () from /lib64/libc.so.6
#5  0x00007fb2d04e68e8 in abort () from /lib64/libc.so.6
#6  0x00007fb2d04de266 in __assert_fail_base () from /lib64/libc.so.6
#7  0x00007fb2d04de312 in __assert_fail () from /lib64/libc.so.6
#8  0x0000558059356308 in MYSQL_BIN_LOG::write_cache (this=this@entry=0x55805a464200 <mysql_bin_log>, thd=<optimized out>, cache=cache@entry=0x7fb264008c88) at /mnt/hgfs/repos/mariadb-server/sql/log.cc:7051
#9  0x0000558059356a9e in MYSQL_BIN_LOG::write_transaction_or_stmt (this=this@entry=0x55805a464200 <mysql_bin_log>, entry=entry@entry=0x7fb2c05f0110, commit_id=commit_id@entry=0) at /mnt/hgfs/repos/mariadb-server/sql/log.cc:8059
#10 0x000055805935ec60 in MYSQL_BIN_LOG::trx_group_commit_leader (this=this@entry=0x55805a464200 <mysql_bin_log>, leader=leader@entry=0x7fb2c05f0110) at /mnt/hgfs/repos/mariadb-server/sql/log.cc:7796
#11 0x000055805935f469 in MYSQL_BIN_LOG::write_transaction_to_binlog_events (this=this@entry=0x55805a464200 <mysql_bin_log>, entry=entry@entry=0x7fb2c05f0110) at /mnt/hgfs/repos/mariadb-server/sql/log.cc:7593
#12 0x000055805935f9f2 in MYSQL_BIN_LOG::write_transaction_to_binlog (this=this@entry=0x55805a464200 <mysql_bin_log>, thd=thd@entry=0x7fb264000b00, cache_mngr=cache_mngr@entry=0x7fb264008ae0, end_ev=end_ev@entry=0x7fb2c05f02a0, all=all@entry=true, using_stmt_cache=using_stmt_cache@entry=true, using_trx_cache=using_trx_cache@entry=true) at /mnt/hgfs/repos/mariadb-server/sql/log.cc:7267
#13 0x000055805935fba2 in binlog_flush_cache (thd=thd@entry=0x7fb264000b00, cache_mngr=cache_mngr@entry=0x7fb264008ae0, end_ev=end_ev@entry=0x7fb2c05f02a0, all=all@entry=true, using_stmt=using_stmt@entry=true, using_trx=using_trx@entry=true) at /mnt/hgfs/repos/mariadb-server/sql/log.cc:1785
#14 0x000055805935fdc8 in binlog_commit_flush_xid_caches (thd=thd@entry=0x7fb264000b00, cache_mngr=cache_mngr@entry=0x7fb264008ae0, all=all@entry=true, xid=xid@entry=47) at /mnt/hgfs/repos/mariadb-server/sql/log.cc:1891
#15 0x000055805935ffde in MYSQL_BIN_LOG::log_and_order (this=<optimized out>, thd=0x7fb264000b00, xid=47, all=<optimized out>, need_prepare_ordered=<optimized out>, need_commit_ordered=<optimized out>) at /mnt/hgfs/repos/mariadb-server/sql/log.cc:9530
#16 0x000055805925bd59 in ha_commit_trans (thd=thd@entry=0x7fb264000b00, all=all@entry=true) at /mnt/hgfs/repos/mariadb-server/sql/handler.cc:1465
#17 0x000055805914cdd7 in trans_commit (thd=thd@entry=0x7fb264000b00) at /mnt/hgfs/repos/mariadb-server/sql/transaction.cc:306
#18 0x000055805904f45b in mysql_execute_command (thd=thd@entry=0x7fb264000b00) at /mnt/hgfs/repos/mariadb-server/sql/sql_parse.cc:5756
#19 0x00005580590523bd in mysql_parse (thd=thd@entry=0x7fb264000b00, rawbuf=<optimized out>, length=6, parser_state=parser_state@entry=0x7fb2c05f2510, is_com_multi=is_com_multi@entry=false, is_next_command=is_next_command@entry=false) at /mnt/hgfs/repos/mariadb-server/sql/sql_parse.cc:7966
#20 0x000055805905420f in dispatch_command (command=command@entry=COM_QUERY, thd=thd@entry=0x7fb264000b00, packet=packet@entry=0x7fb26400b161 ""commit"", packet_length=packet_length@entry=6, is_com_multi=is_com_multi@entry=false, is_next_command=is_next_command@entry=false) at /mnt/hgfs/repos/mariadb-server/sql/sql_parse.cc:1824
#21 0x00005580590563d6 in do_command (thd=0x7fb264000b00) at /mnt/hgfs/repos/mariadb-server/sql/sql_parse.cc:1369
#22 0x000055805913f828 in do_handle_one_connection (connect=connect@entry=0x55805c4278d0) at /mnt/hgfs/repos/mariadb-server/sql/sql_connect.cc:1420
#23 0x000055805913f955 in handle_one_connection (arg=arg@entry=0x55805c4278d0) at /mnt/hgfs/repos/mariadb-server/sql/sql_connect.cc:1326
#24 0x00005580598f5d8a in pfs_spawn_thread (arg=0x55805c4305b0) at /mnt/hgfs/repos/mariadb-server/storage/perfschema/pfs.cc:1863
#25 0x00007fb2d1daae25 in start_thread () from /lib64/libpthread.so.0
#26 0x00007fb2d05a834d in clone () from /lib64/libc.so.6
{noformat}",Closed,2018-01-04T17:13:29.000+0000,,,accepted_fault,Crash,Consistency: DBMS state
icse2024_understanding_transaction_bugs_in_database:2d376cfc3828d96a,icse2024_understanding_transaction_bugs_in_database,database_transactions,https://jira.mariadb.org/browse/MDEV-25546,LIMIT partitioning does not respect ROLLBACK,"h3. LIMIT partition temporarily populated in transaction is not used anymore after ROLLBACK
_Note: There can be a race condition/non-determinism during MTR execution of the test case, as statistics on an InnoDB table is not precise (described in not-a-bug MDEV-23640). I can't put ANALYZE in the test case, as it terminates the transaction. For reproducing, just re-run or put sleeps if necessary. For a regression suite, something smarter would need to be done to maintain determinism._

If we have several empty (not full) LIMIT partitions, rows are put in the first one first, when it's overflows then next, etc -- that's the expected behavior.
Same happens when partition population happens inside a transaction. 
However if the transaction is rolled back and partitions again become empty, the orderly population does not happen anymore -- partitions which were once (over)filled remain ignored, and rows are put into the next ones.

It affects both explicit and implicit (including auto-created) partitions. The test case below is for explicit ones, to be applicable to all versions which support system versioning.

{code:sql}
--source include/have_partition.inc
--source include/have_sequence.inc
--source include/have_innodb.inc

create or replace table t1 (pk int primary key) with system versioning
partition by system_time limit 100 (
  partition p0 history,
  partition p1 history,
  partition pn current);
insert into t1 select seq from seq_1_to_90;
 
start transaction;
# Puts 80 rows into p0
replace into t1 select seq from seq_1_to_80;
# Puts another 70 rows into p0
replace into t1 select seq from seq_1_to_70;
# Puts 60 rows into p1
replace into t1 select seq from seq_1_to_60;
 
select partition_name, table_rows
from information_schema.partitions
where table_name = 't1'; 
rollback;
 
select partition_name, table_rows
from information_schema.partitions
where table_name = 't1';
 
# Should put 10 rows into the empty partition p0,
# but instead they go to p1
replace into t1 select seq from seq_1_to_10;
select partition_name, table_rows
from information_schema.partitions
where table_name = 't1';
 # Cleanup
drop table t1;
{code}

{code:sql|title=10.3 4d412e98}
replace into t1 select seq from seq_1_to_80;
replace into t1 select seq from seq_1_to_70;
replace into t1 select seq from seq_1_to_60;
select partition_name, table_rows from information_schema.partitions where table_name = 't1';
partition_name	table_rows
p0	150
p1	60
pn	90
rollback;
select partition_name, table_rows from information_schema.partitions where table_name = 't1';
partition_name	table_rows
p0	0
p1	0
pn	90
replace into t1 select seq from seq_1_to_10;
select partition_name, table_rows from information_schema.partitions where table_name = 't1';
partition_name	table_rows
p0	0
p1	10
pn	90
{code}","[2022-03-28T15:04:47.000+0000 | Aleksey Midenkov]
h4. Proposed fix

{{vers_info->hist_part}} must be reverted on rollback for each table that was changed by transaction. {{vers_info->hist_part}} is initalized as first history partition in {{check_vers_constants()}} and then recalculated in {{vers_set_hist_part()}}. {{vers_info}} is stored in {{TABLE}} object (in {{part_info}}).

Processing each {{TABLE}} on rollback is not possible without help of storage engine: {{ha_rollback_trans()}} can access only handlertons and the more detailed data about what was changed by transaction is known only by storage engine.

InnoDB stores knowledge about what tables were modified into {{trx->mod_tables}}. This data is processed on partial rollback for trx-versioning needs (0b89a42ffc7). The structure is map with key {{dict_table_t *}}.

h4. Proposed InnoDB changes:

1. {{trx_rollback_to_savepoint_low()}} calls {{mod_tables.rollback()}} not only for partial rollback but for full rollback as well ({{savept == NULL}}).
2. {{mod_tables.rollback()}} accesses TABLE object and calls {{TABLE::rollback()}}.
3. {{TABLE::rollback()}} updates {{vers_info->hist_part}}.

h4. Changes for p. 2:
1. Generally there is no stored connection between {{dict_table_t}} and {{TABLE}}. The connection is done only by {{innodb_find_table_for_vc()}} for vcol needs. 

{{handler::ha_open()}}  has TABLE object, {{handler::ha_open()}} calls {{handler::open()}} without TABLE object. That is virtual interface implemented by {{ha_innobase::open()}}. The goal is to supply TABLE to {{ha_innobase::open()}} and assign it to {{dict_table_t}}. That can be done like that in {{handler::ha_open()}}:

{code}
  if (unlikely((error=open2(table_arg, name,mode,test_if_locked))))
  {
     ...
  }

  if (error == HA_NOT_IMPLEMENTED && 
      unlikely((error=open(name,mode,test_if_locked))))
  {
    if ((error == EACCES || error == EROFS) && mode == O_RDWR &&
	(table->db_stat & HA_TRY_READ_ONLY))
    {
      table->db_stat|=HA_READ_ONLY;
      error=open(name,O_RDONLY,test_if_locked);
    }
  }
{code}

{{handler::ha_open()}} first tries to call {{open2()}} which by default returns HA_NOT_IMPLEMENTED. {{ha_innobase}} has this interface: we rename {{ha_innobase::open()}} to {{ha_innobase::open2()}} and pass {{table_arg}} argument.

2. {{innodb_find_table_for_vc()}} now is not needed. We remove that function and {{table->vc_templ->mysql_table}} member.  As far as I'm concerned this condition holds all tests except one below case:
{code:diff}
--- a/storage/innobase/handler/ha_innodb.cc
+++ b/storage/innobase/handler/ha_innodb.cc
@@ -20951,6 +20951,8 @@ static TABLE* innodb_find_table_for_vc(THD* thd, dict_table_t* table)
        TABLE* mysql_table = find_fk_open_table(thd, db_buf, db_buf_len,
                                                tbl_buf, tbl_buf_len);

+       ut_ad(table->vc_templ->mysql_table_query_id == ~0ULL ||
+               table->vc_templ->mysql_table == mysql_table);
        table->vc_templ->mysql_table = mysql_table;
        table->vc_templ->mysql_table_query_id = thd_get_query_id(thd);
        return mysql_table;
{code}
The condition it cannot hold is this:
{code:diff}
--- a/mysql-test/suite/gcol/t/innodb_virtual_fk.test
+++ b/mysql-test/suite/gcol/t/innodb_virtual_fk.test
@@ -687,6 +687,7 @@ INSERT INTO email_stats (id, email_id,  date_sent) VALUES (1,1,'Jan');
 INSERT INTO emails_metadata VALUES (1);

 UPDATE emails SET id=2;
+flush tables;
 DELETE FROM emails;

 DROP TABLE email_stats;
{code}
But this is OK, since TABLE member will be updated at each {{ha_innobase::open2()}} call.

---

[2022-03-28T15:06:17.000+0000 | Aleksey Midenkov]
[~marko] Please review the above proposed changes to InnoDB.

---

[2022-03-29T05:59:46.000+0000 | Marko Mäkelä]
As far as I understand, there is no prototype implementation of the proposed idea yet. I would like to see a prototype both for the earliest suggested version and for 10.6, where the InnoDB transaction commit was heavily refactored.

The InnoDB {{dict_table_t}} actually corresponds to {{TABLE_SHARE}} in the SQL layer and not {{TABLE}}. The {{TABLE}} is a table handle or a cursor, which would roughly correspond to {{row_prebuilt_t}} in InnoDB.

It is unclear to me how the proposed idea would work on incomplete transactions that were recovered after the server was killed and restarted. A quick look in the code suggests that {{trx_t::mod_tables}} are only being updated for recovered transactions that are in the {{XA PREPARE}} state (and will remain in that state until an explicit commit or rollback statement).

When it comes to {{innodb_find_table_for_vc()}}, [~nikitamalyavin] should know this code. I think that it is unfortunate that the MySQL 5.7 implementation was imported to MariaDB 10.2 without thorough review. Implementing MDEV-17598 and MDEV-22361 would allow us to eventually remove that code.

When it comes to partitioned tables, [~nayuta-yanagisawa] is the subsystem owner and should be asked to review those changes.

If this functionality involves the dynamic creation or dropping of partitions during the execution of DML transactions, I think that it is problematic. Until MDEV-25506 and MDEV-25919 it was impossible to mix DDL and DML operations in a single InnoDB transaction, and I would say that it still is a bad idea, because it would cause locking conflicts on the InnoDB dictionary tables.

---

[2022-03-29T10:23:15.000+0000 | Aleksey Midenkov]
{quote}It is unclear to me how the proposed idea would work on incomplete transactions that were recovered after the server was killed and restarted. A quick look in the code suggests that trx_t::mod_tables are only being updated for recovered transactions that are in the XA PREPARE state (and will remain in that state until an explicit commit or rollback statement).{quote}

In this bug we solve stale data in TABLE object. On server restart of course any data is reloaded.

---

[2022-03-31T10:50:54.000+0000 | Aleksey Midenkov]
{quote}The InnoDB dict_table_t actually corresponds to TABLE_SHARE in the SQL layer and not TABLE. The TABLE is a table handle or a cursor, which would roughly correspond to row_prebuilt_t in InnoDB.{quote}

You right. Moreover lifetimes of TABLE_SHARE and dict_table_t are independent by design. So we have to acquire TABLE_SHARE each time we need it in InnoDB.

---

[2022-04-01T06:16:21.000+0000 | Aleksey Midenkov]
Then the simplest solution is to process partitions each time from start for LIMIT in vers_set_hist_part().

---

[2022-04-01T07:05:18.000+0000 | Aleksey Midenkov]
Please review [bb-10.3-midenok|https://github.com/MariaDB/server/commits/bb-10.3-midenok]

---

[2022-04-19T14:47:05.000+0000 | Nikita Malyavin]
ok to push",Closed,2021-04-27T18:38:46.000+0000,,,accepted_fault,Incorrect DBMS state,Consistency: DBMS state
icse2024_understanding_transaction_bugs_in_database:38318ad40e7f465e,icse2024_understanding_transaction_bugs_in_database,database_transactions,https://github.com/pingcap/tidb/issues/34289,table schema is different for `execute` and `select for update` in transaction,"## Bug Report

Please answer these questions before submitting your issue. Thanks!

### 1. Minimal reproduce step (Required)

```
create table t(id int primary key, v int);
insert into t values(1, 1);
prepare s from 'select * from t where id=1 for update';
begin;
             alter table t add column v2 int; -- in another session
select * from t where id=1 for update;
execute s;
```

### 2. What did you expect to see? (Required)

The result schema should be the same.

```
mysql> execute s;
+----+------+
| id | v    |
+----+------+
|  1 |    1 |
+----+------+
1 row in set (0.00 sec)

mysql> select * from t where id=1 for update;
+----+------+
| id | v    |
+----+------+
|  1 |    1 |
+----+------+
```

### 3. What did you see instead (Required)

```
mysql> execute s;
+----+------+------+
| id | v    | v2   |
+----+------+------+
|  1 |    1 | NULL |
+----+------+------+
1 row in set (0.00 sec)

mysql> select * from t where id=1 for update;
+----+------+
| id | v    |
+----+------+
|  1 |    1 |
+----+------+
```

### 4. What is your TiDB version? (Required)

master","[issue_comment | lcwangchao | 2022-04-27T09:46:56Z]
#22381 and #26759 forces the execute statement in execute using the latest infoschema to avoid some problems in plancache. But it also caused the problem in this issue.

---COMMENT---

[issue_comment | lcwangchao | 2022-06-24T06:23:23Z]
dup with #34974",closed,2022-04-27T09:42:08Z,,,accepted_fault,Incorrect query result,Consistency: application state
icse2024_understanding_transaction_bugs_in_database:38b8146d305af376,icse2024_understanding_transaction_bugs_in_database,database_transactions,https://bugs.mysql.com/bug.php?id=102992,XA transactions do not update slave_relay_log_info table,"Description:
When using crash safe replication settings (particularly, relay_log_info_repository='TABLE'), the replica does not update the table mysql.slave_relay_log_info when XA transaction is executed on the source DB even though, the transaction itself was replicated. If the replica crashed before either the source's binary log got rotated or non-XA transaction was executed (as these will trigger an update on the table), the replication will break after the DB start up as the used binary log coordinates will point to transactions that were already applied.

The test is reproducible on 5.7.31 and the replication breaks after the crash. However, MySQL 8.0.21 shows an interesting behavior. The table mysql.slave_relay_log_info still doesn't get updated after XA transactions and replication used the incorrect/not-updated binary log coordinates after a crash (as it appear from the error log). However, somehow the replication didn't break and it corrected itself!

How to repeat:
1- Create source and replica DBs.
2- Run the following statements on the source:
a) create database xarepl;
b) use xarepl
c) create table t1(id int primary key auto_increment)engine=innodb;
d) -- Run the following statement several times ...
XA START 'xa_replication_check'; insert into t1(id) values(null); XA END 'xa_replication_check'; XA COMMIT 'xa_replication_check' ONE PHASE;
e) -- Check the table records
select COUNT(*) from t1;
3- Run the following statements on the replica:
a) -- Check the table records
select COUNT(*) from t1;
b) show slave status\G select Master_log_name,Master_log_pos from mysql.slave_relay_log_info;

This will show that the Relay_Master_Log_File and Exec_Master_Log_Pos in SHOW SLAVE STATUS output do not match the info in mysql.slave_relay_log_info table!

4- Crash the replica (pkill -9 mysql).

Suggested fix:
Like the normal transactions, the table ""mysql.slave_relay_log_info"" should get updated in each XA COMMIT.","[16 Mar 2021 0:07] Abdel-Mawla Gharieb
The table ""mysql.slave_master_info"" does not get updated after XA transactions as well (if ""master_info_repository=TABLE""). This could lead to copying non-necessary binary log files from the source to the replica after a crash. However, I don't think that is as critical as ""mysql.slave_relay_log_info"" which breaks the replication!

---COMMENT---

[25 Mar 2021 12:18] MySQL Verification Team
Hello Abdel-Mawla Gharieb.

Thank you for the report and feedback.

regards,
Umesh

---COMMENT---

[25 Mar 2021 12:20] MySQL Verification Team
MySQL Server 5.7.33 test results

Attachment: 102992_5.7.33.results.txt (text/plain), 19.46 KiB.",Verified (1916 days),2021-03-15 23:57,,,accepted_fault,Incorrect DBMS state,Consistency: DBMS state
icse2024_understanding_transaction_bugs_in_database:44240bf60ef758f7,icse2024_understanding_transaction_bugs_in_database,database_transactions,https://github.com/pingcap/tidb/issues/23363,Risk of breaking consistency when changing column from null to not null,"## Bug Report

Please answer these questions before submitting your issue. Thanks!

### 1. Minimal reproduce step (Required)

Initial table:

```sql
CREATE TABLE t (id INT PRIMARY KEY, v INT);
INSERT INTO t VALUES (0, 0);
```
Change the value to `NULL` and change the value to not null concurrently.

```sql
-- Session 1
BEGIN;

-- Session 2 (Concurrently)
ALTER TABLE t MODIFY COLUMN v INT NOT NULL;

-- Session 1 (Concurrently)
UPDATE t SET v = NULL WHERE ID = 0;
COMMIT;
```

### 2. What did you expect to see? (Required)

Either the DDL or the transaction fails.

### 3. What did you see instead (Required)

I think it is possible that both the DDL and the transaction succeed. Because under async commit, there is no check after the not null flag is added.

Then, the table contains NULL, but the column schema is NOT NULL.

I'm still trying to create a test case that can reproduce it.

### 4. What is your TiDB version? (Required)

5.0/nightly","[issue_comment | wjhuang2016 | 2021-03-17T08:55:40Z]
Dose this can only be reproduced when using the async-commit?

---COMMENT---

[issue_comment | sticnarf | 2021-03-17T09:14:04Z]
> Dose this can only be reproduced when using the async-commit?

Yes. If it's a normal transaction, the transaction will be aborted by the schema check between prewrite and commit.

---COMMENT---

[issue_comment | ti-srebot | 2021-03-19T02:17:40Z]
## Please edit this comment or add a new comment to complete the following information

### Not a bug

1. Remove the 'type/bug' label
2. Add notes to indicate why it is not a bug

### Duplicate bug

1. Add the 'type/duplicate' label
2. Add the link to the original bug

### Bug

Note: Make Sure that 'component', and 'severity' labels are added
Example for how to fill out the template: https://github.com/pingcap/tidb/issues/20100

#### 1. Root Cause Analysis (RCA) (optional) 
<!-- Write down the reason why this bug occurs -->

#### 2. Symptom (optional)

<!-- What will the user see when this bug occurs. The error message may be in the terminal, log or monitoring -->

#### 3. All Trigger Conditions (optional)

<!-- All the user scenarios that may trigger this bug -->

#### 4. Workaround (optional)

#### 5. Affected versions

<!--
In the format of [start_version:end_version], multiple version ranges are
accepted. If the bug only affects the unreleased version, please input:
""unreleased"". For example:

Notes:
  1. Do not use any white spaces in '[]'.
  2. The range in '[]' is a closed interval
  3. The version format is `v$Major.$Minor.$Patch`, the $Majoy and $Minor
     number in a version range should be the same. [v3.0.1:v3.1.2] is
     invalid because the $Minor number of the version range is different.

Example 1: [v3.0.1:v3.0.5], [v4.0.1:v4.0.5]
Example 2: unreleased
-->

#### 6. Fixed versions

<!--
The first released version that contains this fix in each minor version. If the bug's affected version has been released, the fixed version should be a detailed version number; If the bug doesn't affect any released version, the fixed version can be ""master"";  

Example 1: v3.0.13, v4.0.5
Example 2: master
-->",closed,2021-03-17T03:54:08Z,,,accepted_fault,Missing error,Statement correctness: missing error
icse2024_understanding_transaction_bugs_in_database:4d1b6fa0ae774a7f,icse2024_understanding_transaction_bugs_in_database,database_transactions,https://bugs.mysql.com/bug.php?id=93806,"Document error about ""ON DUPLICATE KEY UPDATE ""","Description:
https://dev.mysql.com/doc/refman/8.0/en/innodb-locks-set.html

INSERT ... ON DUPLICATE KEY UPDATE differs from a simple INSERT in that an exclusive lock rather than a shared lock is placed on the row to be updated when a duplicate-key error occurs. An exclusive index-record lock is taken for a duplicate primary key value. An exclusive next-key lock is taken for a duplicate unique key value.

*An exclusive index-record lock is taken for a duplicate primary key value* seems to be an error.

My test:

--session A
create table t(id int primary key, a int)engine=innodb;
insert into t values(1,1),(5,5);

set transaction_isolation='repeatable-read';
begin;
insert into t values(5,5) ON DUPLICATE KEY UPDATE a=a+1;

--session B
set transaction_isolation='repeatable-read';
insert into t values(4,4);
(blocked here, shows the next-key lock (1,5] is hold by session A.  Not only   index-record lock)

How to repeat:
as above

Suggested fix:
document stuff","[14 Jan 2019 15:15] MySQL Verification Team
Hi,

Thank you for your bug report.

I agree with you. How can a primary or unique key have a duplicate value !!!!!!

Verified as reported.

---COMMENT---

[14 Jan 2019 15:17] MySQL Verification Team
The error is exactly where you pointed it to be.

---COMMENT---

[20 Feb 2019 15:19] MySQL Verification Team
Hi,

This issue is fixed with a patch committed in the release 8.0.16.

---COMMENT---

[28 Aug 2020 15:18] Daniel Price
Posted by developer:

The scenario is no longer reproduceable. The issue was addressed in 5.7.26, 8.0.16 by the fix for:
Bug #25966845 (see https://dev.mysql.com/doc/relnotes/mysql/8.0/en/news-8-0-16.html)

The INSERT with (4,4) now succeeds without waiting. Documentation update no longer required.

Session A:
CREATE TABLE t(id INT PRIMARY KEY, a INT);
INSERT INTO t VALUES(1,1),(5,5);

BEGIN;
INSERT INTO t VALUES(5,5) ON DUPLICATE KEY UPDATE a=a+1;

mysql> SELECT ENGINE_TRANSACTION_ID, OBJECT_NAME, INDEX_NAME, LOCK_TYPE, LOCK_MODE, LOCK_STATUS, LOCK_DATA FROM performance_schema.data_locks;
+-----------------------+-------------+------------+-----------+---------------+-------------+-----------+
| ENGINE_TRANSACTION_ID | OBJECT_NAME | INDEX_NAME | LOCK_TYPE | LOCK_MODE     | LOCK_STATUS | LOCK_DATA |
+-----------------------+-------------+------------+-----------+---------------+-------------+-----------+
|                  1614 | t           | NULL       | TABLE     | IX            | GRANTED     | NULL      |
|                  1614 | t           | PRIMARY    | RECORD    | X,REC_NOT_GAP | GRANTED     | 5         |
+-----------------------+-------------+------------+-----------+---------------+-------------+-----------+
2 rows in set (0.00 sec)

SESSION B:
mysql> INSERT INTO t VALUES(4,4);
Query OK, 1 row affected (0.01 sec)

mysql> SELECT * FROM t;
+----+------+
| id | a    |
+----+------+
|  1 |    1 |
|  4 |    4 |
|  5 |    5 |
+----+------+
3 rows in set (0.00 sec)

Thank you for the bug report.

---COMMENT---

[21 Sep 2020 14:21] MySQL Verification Team
Thank you, Daniel.",Closed (2680 days),2019-01-03 17:41,,,accepted_fault,Unnecessary blocking,Excessive isolation
icse2024_understanding_transaction_bugs_in_database:71c6be4e40b126b7,icse2024_understanding_transaction_bugs_in_database,database_transactions,https://github.com/pingcap/tidb/issues/17851,TiDB doesn't lock non-existent unique-key when select for update from TiFlash,"## Bug Report

Please answer these questions before submitting your issue. Thanks!

### 1. Minimal reproduce step (Required)
create table:
`create table if not exists txn0 (id  int not null primary key, val text); `

create tiflash replica and wait for the replica become available:
`alter table txn0 set tiflash replica 1;`

in the first terminal, type the following sql:
`set @@session.tidb_isolation_read_engines = ""tiflash"";`
`begin pessimistic;`
`select val from txn0 where id = 25 for update;`

in the second terminal, type the following sql:
`insert into txn0 (id, val) values (25, '5');`

<!-- a step by step guide for reproducing the bug. -->

### 2. What did you expect to see? (Required)
The insert statement will get stuck.
### 3. What did you see instead (Required)
The insert statement succeed.
### 4. Affected version (Required)
v4.0.0,v3.1.0
<!-- v3.0.0, v4.0.0, etc -->

### 5. Root Cause Analysis

<!-- should be filled by the investigator before it's closed -->","[issue_comment | ilovesoup | 2020-06-17T15:09:21Z]
For 4.0 GA we added warning in TiFlash doc for not to use it in select for update since this scenarios is not thoroughly tested and other bug exists. This case seems rare, at least non of current users use like this according to my knowledge. If this cannot be fixed by 4.0.2, we will confirm docs include sufficient warning message for it.

---COMMENT---

[issue_comment | zanmato1984 | 2020-07-07T07:14:44Z]
Decided to go with ""forbid tiflash in write transaction"".",closed,2020-06-08T08:35:39Z,,,accepted_fault,Missing blocking,Insufficient isolation: missing blocking
icse2024_understanding_transaction_bugs_in_database:7c9b4accde2e93f9,icse2024_understanding_transaction_bugs_in_database,database_transactions,https://github.com/pingcap/tidb/issues/28212,Weird SELECT view when a record is modified to the same value by two transactions,"## Bug Report

Please answer these questions before submitting your issue. Thanks!

### 1. Minimal reproduce step (Required)
```sql
/* init */ create table t(a int, b int);
/* init */ insert into t values (0, 0), (1, 1), (2, 2);

/* s1 */ begin;
/* s1 */ select * from t; -- [(0, 0), (1, 1), (2, 2)]
/* s2 */ begin;
/* s2 */ update t set a = 10 where b = 1;
/* s2 */ commit;
/* s1 */ select * from t; -- [(0, 0), (1, 1), (2, 2)]
/* s1 */ update t set a = 10 where true;
/* s1 */ select * from t;  -- [(10, 0), (1, 1), (10, 2)]
/* s1 */ commit;
```
### 2. What did you expect to see? (Required)

The result of final SELECT should be `(10, 0), (10, 1), (10, 2)`.

### 3. What did you see instead (Required)

The result of final SELECT is `(10, 0), (1, 1), (10, 2)`.

I think it is so weird for session 1 to see the second row is still `(1, 1)` after the successful execution of an `UPDATE` with the `WHERE TRUE` predicate. 

So I think it will be better for s1 to see all records it updates regardless of whether the values before and after the UPDATE are the same.


### 4. What is your TiDB version? (Required)

```
+--------------------+
| version()          |
+--------------------+
| 5.7.25-TiDB-v5.2.1 |
+--------------------+
```","[issue_comment | you06 | 2021-09-22T06:32:13Z]
I think this may be a weird behavior of mixed usage of snapshot read and current read. IMO, there is no unified sound solution for this problem, our goal is just choosing a relatively reasonable one.

My analysis:

```sql
/* s1 */ begin;
/* s1 */ select * from t; -- [(0, 0), (1, 1), (2, 2)]
/* s2 */ begin;
/* s2 */ update t set a = 10 where b = 1;
/* s2 */ commit; -- the latest values are [(0, 0), (10, 1), (2, 2)]
/* s1 */ select * from t; -- [(0, 0), (1, 1), (2, 2)]
/* s1 */ update t set a = 10 where true; -- 2 rows affected
-- Update statement will go through current read, which will read the latest rows [(0, 0), (10, 1), (2, 2)].
-- After read the rows, the update is applied on the them, [(0, 0), (10, 1), (2, 2)] -> [(10, 0), (10, 1), (10, 2)].
-- Notice that the row (10, 1) is not changed by this statement,
-- so this is not in it's changed buffer(can be accessed by internal read).

/* s1 */ select * from t;  -- [(10, 0), (1, 1), (10, 2)]
-- This read statement read will try reading snapshot rows and changed rows,
-- then combine them,
-- since (10, 1) is not in changed rows, it's not visible to the transaction.

/* s1 */ commit;
```

If you test this case with mysql 8, the same result will be returned. Discussion is welcome.

---COMMENT---

[issue_comment | TrocTool | 2021-09-22T09:01:44Z]
I think you are right. It may be an implementation concession but I think it can introduce serious logic errors to upper application systems under certain circumstance. 

Can we add the row (10, 1) into the changed buffer even the values before and after the UPDATE are the same?

By the way, we have noticed that MySQL has the same problem and has submitted a same issue to MySQL team. Please see:
https://bugs.mysql.com/bug.php?id=104986

---COMMENT---

[issue_comment | TrocTool | 2021-09-22T14:29:06Z]
The latest progress, this bug has been verified by MySQL Verification Team with a high severity. Please see:

https://bugs.mysql.com/bug.php?id=104986

Thanks!

I'm sorry that the above link has been hided by MySQL Team for maintenance. Please see the screen shot or I can share my oracle account for you to check it if it is needed. Thanks!
![mysql#104986-1](https://user-images.githubusercontent.com/84967763/134464346-7f1c6739-03a2-411d-a13e-a49eff06e798.png)

@you06 @cfzjywxk

---COMMENT---

[issue_comment | cfzjywxk | 2021-09-23T09:23:26Z]
> The latest progress, this bug has been verified by MySQL Verification Team with a high severity. Please see:
> 
> https://bugs.mysql.com/bug.php?id=104986
> 
> Thanks!
> 
> I'm sorry that the above link has been hided by MySQL Team for maintenance. Please see the screen shot or I can share my oracle account for you to check it if it is needed. Thanks!
> ![mysql#104986-1](https://user-images.githubusercontent.com/84967763/134464346-7f1c6739-03a2-411d-a13e-a49eff06e798.png)
> 
> @you06 @cfzjywxk

@CycleYe 
Thanks for the feedback. 

@you06  I think we need to dicuss about the expected behaviours.

---COMMENT---

[issue_comment | you06 | 2021-09-23T09:50:44Z]
@CycleYe Thanks for forwarding the update from MySQL team. Let me first figure out the key point.

I see that you claimed after update statement with ""WHERE TRUE"" predicate, there should not be any records that are different from the updated fields. You may take a look at this case.

```sql
/* init */ drop table if exists t;
/* init */ create table t(a int, b int);
/* init */ insert into t values (0, 0), (1, 1), (2, 2);

/* s1 */ begin;
/* s1 */ select * from t; -- [(0, 0), (1, 1), (2, 2)]
/* s2 */ begin;
/* s2 */ delete from t where b = 1;
/* s2 */ commit;
/* s1 */ select * from t; -- [(0, 0), (1, 1), (2, 2)]
/* s1 */ update t set a = 10 where true;
/* s1 */ select * from t;  -- [(10, 0), (1, 1), (10, 2)]
/* s1 */ commit;
```

Run this case in MySQL 5.7, MySQL 8.0, and TiDB will get the same result. Because update statement uses current read and is not able to see the already-deleted values, that leads to a reasonable case that after update with ""WHERE TRUE"" predicate, there may still be some records look weird.

----

So I revised the rule for internal read, the key point may be **""select after update will see the updated value even if update statement did not touch the records and the matched records exist""**, that's a quite complex rule, @CycleYe what do you think?

I do concern about the complexity of this rule. By now, I do not find the weird cases with this rule, but I need further consideration.

---COMMENT---

[issue_comment | TrocTool | 2021-09-24T03:32:38Z]
@you06  We are also concerned about the behavior of UPDATE that follows a DELETE of another transaction and consider it to be in line with what is expected or inevitable. But for UPDATE that follows a INSERT of another transaction, it faces a similar problem, please see:

```
/* init */ drop table if exists t;
/* init */ create table t(a int, b int);
/* init */ insert into t values (0, 0), (1, 1);

/* s1 */ begin;
/* s1 */ select * from t; -- [(0, 0), (1, 1)]
/* s2 */ begin;
/* s2 */ insert into t values (10, 2);
/* s2 */ commit;
/* s1 */ select * from t; -- [(0, 0), (1, 1)]
/* s1 */ update t set a = 10 where true;
/* s1 */ select * from t;  -- [(10, 0), (10, 1)]
/* s1 */ commit;

------------------------------------------------------

/* init */ drop table if exists t;
/* init */ create table t(a int, b int);
/* init */ insert into t values (0, 0), (1, 1);

/* s1 */ begin;
/* s1 */ select * from t; -- [(0, 0), (1, 1)]
/* s2 */ begin;
/* s2 */ insert into t values (11, 2);
/* s2 */ commit;
/* s1 */ select * from t; -- [(0, 0), (1, 1)]
/* s1 */ update t set a = 10 where true;
/* s1 */ select * from t;  -- [(10, 0), (10, 1), (10, 2)]
/* s1 */ commit;
```
The visibility of this new record for the current transaction depends on the value of the inserted record. 

I think your representation is more accurate, thanks!

By the way, MySQL Team thinks this issue is a duplicate of a known bug. Please see:

https://bugs.mysql.com/bug.php?id=100328

Thanks again!

---COMMENT---

[issue_comment | you06 | 2021-09-24T16:35:48Z]
@CycleYe thanks for the cases. This makes sense to me. I have some thoughts:

- Update statements lock all matched visible records.
- Update statements write records whether they need change (I think there is no performance issue since we just change a lock operation to a put operation when committing the transaction).
- In-transaction read statements will merge the results of snapshot rows and in-memory changed buffer.

This will fix the issues in update and insert cases. For the delete case, I do not even know what's the expected behavior since mixed usage of snapshot read and current read is too evil.

---COMMENT---

[issue_comment | TrocTool | 2021-09-25T13:21:41Z]
@you06 Thank you for the explanation. I think your idea is reasonable and can work well. As for the delete case, I think more discussion and investigation is needed.",open,2021-09-19T16:21:35Z,,,accepted_fault,Incorrect query result,Insufficient isolation: incorrect SELECT
icse2024_understanding_transaction_bugs_in_database:81ef786fcdd15c61,icse2024_understanding_transaction_bugs_in_database,database_transactions,https://jira.mariadb.org/browse/MDEV-24083,"Contrary to documentation, DDL for temp tables doesn't work inside read-only transactions","According to the documentation for ""[START TRANSACTION|https://mariadb.com/kb/en/start-transaction/]"":

{quote}READ ONLY mode allows the storage engine to apply optimizations that cannot be used for transactions which write data. The only exception to this rule is that read only transactions _can perform DDL statements on temporary tables_.{quote}

Except it doesn't work:


{code:sql}
SET TRANSACTION ISOLATION LEVEL REPEATABLE READ;
START TRANSACTION READ ONLY;

CREATE TEMPORARY TABLE t (id int unsigned NOT NULL AUTO_INCREMENT PRIMARY KEY,val int unsigned NOT NULL);
INSERT INTO t (val) VALUES (22),(96),(47),(5),(22);
SELECT * FROM t;
DROP TEMPORARY TABLE t;

COMMIT;
{code}

...Fails with ""#1792 - Cannot execute statement in a READ ONLY transaction"" on the CREATE TEMPORARY TABLE statement.","[2020-11-02T11:02:51.000+0000 | Alice Sherepa]
Thank you! I repeated on 10.0-10.5, works as expected with read_only=1, but does not work with tx_read_only=1;",Confirmed,2020-11-01T16:17:22.000+0000,,,accepted_fault,Unexpected error,Read-only constraint
icse2024_understanding_transaction_bugs_in_database:8297ccf00fcf63c5,icse2024_understanding_transaction_bugs_in_database,database_transactions,https://bugs.mysql.com/bug.php?id=107066,ROLLBACK transaction affects the result of COMMIT transaction,"Description:
I used my fuzzer to test MySQL server and found a transaction bug.

The ROLLBACK transaction can affect the result of COMMIT transaction by changing the value of ""auto_increment"" columns (primary key in our test case).

How to repeat:
** Setup the environment **

/usr/local/mysql/bin/mysqld_safe &
/usr/local/mysql/bin/mysql -uroot
mysql> create database testdb;
mysql> \q
/usr/local/mysql/bin/mysql -uroot -Dtestdb < mysql_bk.sql (mysql_bk.sql is in the attached)

By this way, MySQL imports a table defined as followed:

CREATE TABLE `t_zcfqb` (
  `wkey` int(11) DEFAULT NULL,
  `pkey` int(11) NOT NULL AUTO_INCREMENT,
  `c_rvm_p` text DEFAULT NULL,
  `c_dl_pmd` int(11) DEFAULT NULL,
  `c_avevqc` text DEFAULT NULL,
  `c_ywxlqb` double DEFAULT NULL,
  `c_sqqbbd` int(11) DEFAULT NULL,
  `c_2wz8nc` text DEFAULT NULL,
  `c_qyxu0` double DEFAULT NULL,
  `c_slu2bd` int(11) DEFAULT NULL,
  `c_ph8nh` text DEFAULT NULL,
  PRIMARY KEY (`pkey`)
);

Note that pkey is an auto-increment primary key.

Then, we use test case 1 and test case 2 to test MySQL under the environment we set up. They should return the same results but they did not.

** Test case 1 **

// setup two connection, conn_0 and conn_1
conn_0> mysql -h ""127.0.0.1"" -u root -P 4000 -D testdb
conn_1> mysql -h ""127.0.0.1"" -u root -P 4000 -D testdb

conn_1> BEGIN OPTIMISTIC;
conn_0> BEGIN OPTIMISTIC;
conn_1> insert into t_zcfqb (wkey, pkey, c_dl_pmd, c_avevqc, c_sqqbbd, c_2wz8nc, c_qyxu0, c_slu2bd) values
          (182, 264000, null, 'biiumc', null, 'dwzl6d', 93.90, null);
conn_0> insert into t_zcfqb (wkey, c_rvm_p, c_avevqc, c_ywxlqb, c_sqqbbd, c_2wz8nc, c_qyxu0, c_ph8nh)
          select
              121 as c0,
              ref_0.c_h1m_zb as c1,
              ref_0.c_gsbzrd as c2,
              ref_0.c_hdnifc as c3,
              (select wkey from t_nvues order by wkey limit 1 offset 5)
                 as c4,
              ref_0.c_h1m_zb as c5,
              ref_0.c_hdnifc as c6,
              ref_0.c_h1m_zb as c7
            from
              t_nvues as ref_0
            where (0 <> 0)
              or (ref_0.wkey is not NULL);
conn_0> select pkey from t_zcfqb where wkey = 121;
conn_1> ROLLBACK;
conn_0> COMMIT;

** Output of SELECT statement in conn_0 (Test case 1) **

+--------+
| pkey   |
+--------+
| 264001 |
| 264002 |
| 264003 |
|   ...  |
| 264049 |
+--------+
49 rows in set (0.00 sec)

** Test case 2 **

conn_0> mysql -h ""127.0.0.1"" -u root -P 4000 -D testdb

conn_0> BEGIN OPTIMISTIC;
conn_0> insert into t_zcfqb (wkey, c_rvm_p, c_avevqc, c_ywxlqb, c_sqqbbd, c_2wz8nc, c_qyxu0, c_ph8nh)
          select
              121 as c0,
              ref_0.c_h1m_zb as c1,
              ref_0.c_gsbzrd as c2,
              ref_0.c_hdnifc as c3,
              (select wkey from t_nvues order by wkey limit 1 offset 5)
                 as c4,
              ref_0.c_h1m_zb as c5,
              ref_0.c_hdnifc as c6,
              ref_0.c_h1m_zb as c7
            from
              t_nvues as ref_0
            where (0 <> 0)
              or (ref_0.wkey is not NULL);
conn_0> select pkey from t_zcfqb where wkey = 121;
conn_0> COMMIT;

** Output of SELECT statement in conn_0 (Test case 2) **

+-------+
| pkey  |
+-------+
| 77001 |
| 77002 |
| 77003 |
|  ...  |
| 77049 |
+-------+
49 rows in set (0.01 sec)","[20 Apr 2022 8:20] Zuming Jiang
mysql_bk.sql

Attachment: mysql_bk.sql (application/octet-stream, text), 7.42 KiB.

---COMMENT---

[20 Apr 2022 8:20] Zuming Jiang
mysql_bk.sql

Attachment: mysql_bk.sql (application/octet-stream, text), 7.42 KiB.

---COMMENT---

[20 Apr 2022 11:53] MySQL Verification Team
Hello Zuming Jiang,

Thank you for the report and test case.

regards,
Umesh",Verified (1525 days),2022-04-20 8:18,,,accepted_fault,Incorrect query result,Insufficient isolation: incorrect SELECT
icse2024_understanding_transaction_bugs_in_database:87c97eae03bf8ed1,icse2024_understanding_transaction_bugs_in_database,database_transactions,https://github.com/pingcap/tidb/issues/34978,Undesired error report when schema is changed (not null column is dropped) in rc or for-update-read.,"## Bug Report

This is another variant of #21498.

### 1. Minimal reproduce step (Required)

<!-- a step by step guide for reproducing the bug. -->
```
create table t (id int primary key, c int not null)
insert into t values (1, 1), (2, 2)
```
session 1
```
begin
```
session 2
```
alter table t drop column c
insert into t values
```
session 1
```
select * from t for update  // error
```

In `READ-COMMITTED`, the error is the same.

### 2. What did you expect to see? (Required)

### 3. What did you see instead (Required)
`ERROR 1105 (HY000): [components/tidb_query_executors/src/table_scan_executor.rs:411]: Data is corrupted, missing data for NOT NULL column (offset = 1)`
### 4. What is your TiDB version? (Required)

<!-- Paste the output of SELECT tidb_version() -->","[issue_comment | cfzjywxk | 2022-06-14T03:58:21Z]
@SpadeA-Tang 
Better to link this issue to the existing schema issues.

---COMMENT---

[issue_comment | SpadeA-Tang | 2022-06-14T10:10:14Z]
> @SpadeA-Tang Better to link this issue to the existing schema issues.

Okay，done.

---COMMENT---

[issue_comment | cfzjywxk | 2023-03-10T03:40:42Z]
Fixed on master branch a6d194b3c71d287c8ca403cc962e1ede3c73b83e after the MDL is introduced.",closed,2022-05-26T07:47:34Z,,,accepted_fault,Operation error,Statement correctness: unexpected error
icse2024_understanding_transaction_bugs_in_database:905380b8f5c210a3,icse2024_understanding_transaction_bugs_in_database,database_transactions,https://github.com/pingcap/tidb/issues/17797,P2-[4.0-bug-hunting]-[Pessimistic Transaction]-Lock Wait Timeout Error Incompatible,"Bug Hunter issue tidb-challenge-program/bug-hunting-issue#26

---

## Bug Report

Please answer these questions before submitting your issue. Thanks!

### 1. What did you do?

```
DROP TABLE t1;
CREATE TABLE t1 (
 id int not null primary key auto_increment,
 t varchar(100)
);
INSERT INTO t1 VALUES (1, 'acdc'), (2, 'afddfdc');

# session 1
START TRANSACTION;
UPDATE t1 SET t='new...' WHERE id = 1;

# session 2
START TRANSACTION;
UPDATE t1 SET t='newval' WHERE id = 1;
```

### 2. What did you expect to see?

After a while in session 2 you should get:
```
mysql> UPDATE t1 SET t='newval' WHERE id = 1;
ERROR 1205 (HY000): Lock wait timeout exceeded; try restarting transaction
```

### 3. What did you see instead?

The TiDB error code and error message are not strictly compatible:

```
mysql> update t1 set t='newval' where id = 1;
ERROR 9004 (HY000): Resolve lock timeout
```

Interestingly though, the error code and  message for a deadlock is perfectly compatible:
```
mysql> update t1 set t='gfdgfdgfd' where id = 1;
ERROR 1213 (40001): Deadlock found when trying to get lock; try restarting transaction
```
### 4. What version of TiDB are you using? (`tidb-server -V` or run `select tidb_version();` on TiDB)

```
mysql> select tidb_version()\G
*************************** 1. row ***************************
tidb_version(): Release Version: v4.0.0-beta.2-290-ga0c740784
Git Commit Hash: a0c7407846fbc84f939afbc091f2db54f48c1bfa
Git Branch: master
UTC Build Time: 2020-04-17 04:04:45
GoVersion: go1.13
Race Enabled: false
TiKV Min Version: v3.0.0-60965b006877ca7234adaced7890d7b029ed1306
Check Table Before Drop: false
1 row in set (0.00 sec)

```","[issue_comment | ti-srebot | 2021-06-21T06:23:36Z]
## Please edit this comment or add a new comment to complete the following information

### Not a bug

1. Remove the 'type/bug' label
2. Add notes to indicate why it is not a bug

### Duplicate bug

1. Add the 'type/duplicate' label
2. Add the link to the original bug

### Bug

Note: Make Sure that 'component', and 'severity' labels are added
Example for how to fill out the template: https://github.com/pingcap/tidb/issues/20100

#### 1. Root Cause Analysis (RCA) (optional) 
<!-- Write down the reason why this bug occurs -->

#### 2. Symptom (optional)

<!-- What will the user see when this bug occurs. The error message may be in the terminal, log or monitoring -->

#### 3. All Trigger Conditions (optional)

<!-- All the user scenarios that may trigger this bug -->

#### 4. Workaround (optional)

#### 5. Affected versions

<!--
In the format of [start_version:end_version], multiple version ranges are
accepted. If the bug only affects the unreleased version, please input:
""unreleased"". For example:

Notes:
  1. Do not use any white spaces in '[]'.
  2. The range in '[]' is a closed interval
  3. The version format is `v$Major.$Minor.$Patch`, the $Majoy and $Minor
     number in a version range should be the same. [v3.0.1:v3.1.2] is
     invalid because the $Minor number of the version range is different.

Example 1: [v3.0.1:v3.0.5], [v4.0.1:v4.0.5]
Example 2: unreleased
-->

#### 6. Fixed versions

<!--
The first released version that contains this fix in each minor version. If the bug's affected version has been released, the fixed version should be a detailed version number; If the bug doesn't affect any released version, the fixed version can be ""master"";  

Example 1: v3.0.13, v4.0.5
Example 2: master
-->",closed,2020-06-05T13:01:40Z,,,accepted_fault,Wrong error message,Statement correctness: wrong error message
icse2024_understanding_transaction_bugs_in_database:9427ac760badb06d,icse2024_understanding_transaction_bugs_in_database,database_transactions,https://github.com/cockroachdb/cockroach/issues/93372,sql: ANALYZE hangs forever if run within a transaction that modifies the table it is analyzing,"The following sequence hangs forever. I guess we should ban ANALYZE in open transactions, or otherwise solve this, though it doesn't seem hugely important...

```
demo@127.0.0.1:26257/defaultdb> create table a (a int);
demo@127.0.0.1:26257/defaultdb> begin;
demo@127.0.0.1:26257/defaultdb  OPEN> insert into a values(1);
demo@127.0.0.1:26257/defaultdb  OPEN> analyze a;
```

Jira issue: CRDB-22399",no_comments_in_source,open,2022-12-10T04:27:26Z,,,accepted_fault,DBMS hang,Consistency: DBMS state
icse2024_understanding_transaction_bugs_in_database:98ccae2ee4df06d1,icse2024_understanding_transaction_bugs_in_database,database_transactions,https://github.com/pingcap/tidb/issues/26251,Join partition table with normal table for update should lock normal table but not,"## Bug Report

Please answer these questions before submitting your issue. Thanks!

### 1. Minimal reproduce step (Required)

Prepare:
```
create table tp (id int primary key) partition by range (id) (partition p0 values less than (100));
create table tn (id int primary key);
insert into tp values(1),(2);
insert into tn values(1),(2);
```

Session1:
```
begin;
select * from tp,tn where tp.id=tn.id and tn.id<=1 for update;
```

Session2:
```
begin;
select * from tn where id=1 for update;
```

### 2. What did you expect to see? (Required)

Session2 should be blocked util session1's txn is committed or aborted.

### 3. What did you see instead (Required)

Session2 not blocked.

### 4. What is your TiDB version? (Required)

master","[issue_comment | lcwangchao | 2021-07-15T01:57:54Z]
Maybe some relationship with #26250

---COMMENT---

[issue_comment | ti-srebot | 2021-07-21T09:23:39Z]
## Please edit this comment or add a new comment to complete the following information

### Not a bug

1. Remove the 'type/bug' label
2. Add notes to indicate why it is not a bug

### Duplicate bug

1. Add the 'type/duplicate' label
2. Add the link to the original bug

### Bug

Note: Make Sure that 'component', and 'severity' labels are added
Example for how to fill out the template: https://github.com/pingcap/tidb/issues/20100

#### 1. Root Cause Analysis (RCA) (optional) 
<!-- Write down the reason why this bug occurs -->

#### 2. Symptom (optional)

<!-- What will the user see when this bug occurs. The error message may be in the terminal, log or monitoring -->

#### 3. All Trigger Conditions (optional)

<!-- All the user scenarios that may trigger this bug -->

#### 4. Workaround (optional)

#### 5. Affected versions

<!--
In the format of [start_version:end_version], multiple version ranges are
accepted. If the bug only affects the unreleased version, please input:
""unreleased"". For example:

Notes:
  1. Do not use any white spaces in '[]'.
  2. The range in '[]' is a closed interval
  3. The version format is `v$Major.$Minor.$Patch`, the $Majoy and $Minor
     number in a version range should be the same. [v3.0.1:v3.1.2] is
     invalid because the $Minor number of the version range is different.

Example 1: [v3.0.1:v3.0.5], [v4.0.1:v4.0.5]
Example 2: unreleased
-->

#### 6. Fixed versions

<!--
The first released version that contains this fix in each minor version. If the bug's affected version has been released, the fixed version should be a detailed version number; If the bug doesn't affect any released version, the fixed version can be ""master"";  

Example 1: v3.0.13, v4.0.5
Example 2: master
-->",closed,2021-07-14T13:17:43Z,,,accepted_fault,Missing blocking,Insufficient isolation: missing blocking
icse2024_understanding_transaction_bugs_in_database:9d2d990ab2cd196b,icse2024_understanding_transaction_bugs_in_database,database_transactions,https://www.postgresql.org/message-id/15875-76bf5472863f6ce3@postgresql.org,,,"[mail_reply | Thomas Munro <thomas(dot)munro(at)gmail(dot)com> | 2019-06-26 10:33:48]
On Wed, Jun 26, 2019 at 10:05 PM PG Bug reporting form
<noreply(at)postgresql(dot)org> wrote:
> -- Transaction 1:
>     ```
>     BEGIN TRANSACTION ISOLATION LEVEL SERIALIZABLE;
>     SELECT id FROM foo WHERE id = 44;
For me, this acquires an SIReadLock on the page because it's an index
only scan.  Then ...
> -- Transaction 2:
>     ```
>     BEGIN TRANSACTION ISOLATION LEVEL SERIALIZABLE;
>     SELECT id FROM foo WHERE id = 33;
... this does the same, on the same page, so the transactions form a
cycle when they write.  You can see the page locks in the pg_locks
view.  In other words, you can get bogus serialisation failures when
you access nearby keys.  It seems like we could probably fix this in a
future release by switching to tuple locks (or rather TID locks) for
index only scans, as briefly discussed a while ago but not yet
followed up:
https://www.postgresql.org/message-id/CAEepm%3D2QbqQ_%2BKQQCnhKukF6NEAeq4SqiO3Qxe%2BfHza5-H-jKA%40mail.gmail.com
--
Thomas Munro
https://enterprisedb.com

---COMMENT---

[mail_reply | Henri Cook <github(at)henricook(dot)com> | 2019-06-26 10:50:10]
My thanks for such a speedy reply and your analysis. This sounds like it
would be really useful for preventing 'unnecessary' retries. Is there a
page/mailing list/group for feature requests where I or we could formalise
and track it?
Thanks,
Henri
On Wed, 26 Jun 2019, 11:34 Thomas Munro, <thomas(dot)munro(at)gmail(dot)com> wrote:
> On Wed, Jun 26, 2019 at 10:05 PM PG Bug reporting form
> <noreply(at)postgresql(dot)org> wrote:
> > -- Transaction 1:
> >     ```
> >     BEGIN TRANSACTION ISOLATION LEVEL SERIALIZABLE;
> >     SELECT id FROM foo WHERE id = 44;
>
> For me, this acquires an SIReadLock on the page because it's an index
> only scan.  Then ...
>
> > -- Transaction 2:
> >     ```
> >     BEGIN TRANSACTION ISOLATION LEVEL SERIALIZABLE;
> >     SELECT id FROM foo WHERE id = 33;
>
> ... this does the same, on the same page, so the transactions form a
> cycle when they write.  You can see the page locks in the pg_locks
> view.  In other words, you can get bogus serialisation failures when
> you access nearby keys.  It seems like we could probably fix this in a
> future release by switching to tuple locks (or rather TID locks) for
> index only scans, as briefly discussed a while ago but not yet
> followed up:
>
>
>
https://www.postgresql.org/message-id/CAEepm%3D2QbqQ_%2BKQQCnhKukF6NEAeq4SqiO3Qxe%2BfHza5-H-jKA%40mail.gmail.com
>
> --
> Thomas Munro
>
https://enterprisedb.com
>

---COMMENT---

[mail_reply | Thomas Munro <thomas(dot)munro(at)gmail(dot)com> | 2019-06-26 12:12:04]
On Wed, Jun 26, 2019 at 10:49 PM Henri Cook <github(at)henricook(dot)com> wrote:
> My thanks for such a speedy reply and your analysis. This sounds like it would be really useful for preventing 'unnecessary' retries. Is there a page/mailing list/group for feature requests where I or we could formalise and track it?
The first step is coincidentally already proposed for v13, for an
unrelated reason:
https://commitfest.postgresql.org/23/2169/
.  That'd
let us predicate-lock heap tuples given only the TID from an index,
where we currently have to lock the whole heap page.  Then it should
be fairly easy to make the change to nodeIndexonlyscan.c (after we
convince ourselves that it's correct).
After thinking more about this case, though, I'm not sure it'd help
much.  We also take a page-level lock in the index itself
(nbtsearch.c), and that's probably unavoidable.  In this case 44 and
33 are on the same index page.
Hmm.  Well... it might not be totally unavoidable.  Perhaps we could
take a predicate lock on the heap tuple and also on the index tuple
(rather than index page), in the specific case that it is an = search
on a unique index that found an all-visible match.  Otherwise take a
page lock on the index as now.  Not sure if that's logically sound,
and there are probably some tricky details...
--
Thomas Munro
https://enterprisedb.com",Confirmed,2019-06-26T00:00:00+00:00,,,accepted_fault,Unexpected error,Statement correctness: unexpected error
icse2024_understanding_transaction_bugs_in_database:ad2fa7ff619f46c4,icse2024_understanding_transaction_bugs_in_database,database_transactions,https://github.com/cockroachdb/cockroach/issues/81069,later statements in same txn should see mutations of `CREATE INDEX` at statement phase,"Right now, when creating indexes in declarative schema changer, we only write mutations to descriptor collection at pre-commit phase, see : http://github.com/cockroachdb/cockroach/blob/master/pkg/sql/schemachanger/scplan/internal/opgen/opgen_secondary_index.go#L24-L24

This is problematic somehow, because later statements in the same transaction won't see the newly added index during statement phase. For example, this doesn't work:
```sql
create table t (a int);

SET use_declarative_schema_changer = 'unsafe_always';

begin;
create index t_idx_a on t(a);
comment on index t@t_idx_a is 'hello'; -- this will complain about index not found
commit;
```
The `comment on` statement cannot find an index to comment on. We need to have some way to hold the side effects in statement phase for other statements in the same transaction.

This is actually not a bug yet since `CREATE INDEX` is not fully supported in declarative schema changer.

Jira issue: CRDB-15367","[issue_comment | chengxiong-ruan | 2022-05-05T20:45:27Z]
the comment on index in the old schema changer is also broken simply because it only looks at active index, which is a different issue...

---COMMENT---

[issue_comment | ajwerner | 2022-05-17T11:23:16Z]
Generally speaking, the plan of record here is to use a synthetic descriptor inside the transaction. I think we're potentially a concept or two short. We can set the index to be synthetically `DELETE_ONLY` and then we should be in okay shape. I think we have to do that also so that the virtual tables work more or less as they do today.

---COMMENT---

[issue_comment | chengxiong-ruan | 2022-10-18T14:43:22Z]
closing in favor of #88294",closed,2022-05-05T20:42:55Z,,,accepted_fault,Unexpected error,Statement correctness: unexpected error
icse2024_understanding_transaction_bugs_in_database:aed950706376a39e,icse2024_understanding_transaction_bugs_in_database,database_transactions,https://bugs.mysql.com/bug.php?id=90987,partition table index next same scan ineffective,"Description:
This bug happens in a partitioned table backed by innodb. As the below test shows, when both db transactions T1 and T2 are in read committed isolation level, T1 updates the row R1(b=14) first, and when T2 tries to update R2(b=12), but T2 is blocked. This should not happen because under RC isolevel, both T1 and T2 should only hold record lock on R1 and R2 respectively, and T1 should not block T2. Although the query result is correct, performance is not optimal --- more deadlocks can be caused by this issue and parallelism is degraded, so it is a performance bug.

And this issue doesn't happen if the table 't4' is not a partitioned table but an ordinary innodb table.

After some debugging and investigation I found the cause, as the patch shows.

How to repeat:
mysql> create table t4 (a int unsigned auto_increment primary key, b int, c int, key(b)) PARTITION BY LIST (murmurHashCodeAndMod(`a`,4))(PARTITION p0 VALUES IN (0), PARTITION p1 VALUES IN (1),PARTITION p2 VALUES IN (2) ,PARTITION p3 VALUES IN (3)  );
Query OK, 0 rows affected (0.21 sec)

mysql> insert into t4 (b,c) values(11,111),(12,112),(13,113),(14,114);
Query OK, 4 rows affected (0.02 sec)
Records: 4  Duplicates: 0  Warnings: 0

mysql> insert into t4 (b,c) values(15,115),(16,116),(17,117),(18,118);
Query OK, 4 rows affected (0.01 sec)
Records: 4  Duplicates: 0  Warnings: 0

mysql> select*from t4 partition(p0);
+---+------+------+
| a | b    | c    |
+---+------+------+
| 2 |   12 |  112 |
| 4 |   14 |  114 |
| 7 |   17 |  117 |
+---+------+------+
3 rows in set (0.00 sec)

mysql> select @@tx_isolation;
+----------------+
| @@tx_isolation |
+----------------+
| READ-COMMITTED |
+----------------+
1 row in set (0.00 sec)

mysql> begin; update t4 partition(p0) set c=c+1 where b=14;
Query OK, 0 rows affected (0.00 sec)

Query OK, 1 row affected (0.02 sec)
Rows matched: 1  Changed: 1  Warnings: 0

Then, open another session and execute these stmts:

mysql> select @@tx_isolation;
+----------------+
| @@tx_isolation |
+----------------+
| READ-COMMITTED |
+----------------+
1 row in set (0.00 sec)

mysql> begin;update t4 partition(p0) set c=c+1 where b=12;
Query OK, 0 rows affected (0.00 sec)

ERROR 1205 (HY000): Lock wait timeout exceeded; try restarting transaction
mysql>

Suggested fix:
see the patch","[23 May 2018 10:04] Wei Zhao
this patch fixes the bug

(*) I confirm the code being submitted is offered under the terms of the OCA, and that I am authorized to contribute it.

Contribution: partition_index_same.diff (application/octet-stream, text), 971 bytes.

---COMMENT---

[23 May 2018 10:30] Wei Zhao
the hash function and partitioning is not mysql official feature, but the issue still exists if you use official partitioning.

---COMMENT---

[23 May 2018 10:53] MySQL Verification Team
C:\tmp\mysql-5.7.17-winx64>bin\mysql -uroot -p
Enter password:
Welcome to the MySQL monitor.  Commands end with ; or \g.
Your MySQL connection id is 3
Server version: 5.7.17 MySQL Community Server (GPL)

Copyright (c) 2000, 2016, Oracle and/or its affiliates. All rights reserved.

Oracle is a registered trademark of Oracle Corporation and/or its
affiliates. Other names may be trademarks of their respective
owners.

Type 'help;' or '\h' for help. Type '\c' to clear the current input statement.

mysql> CREATE DATABASE a;
Query OK, 1 row affected (0.00 sec)

mysql> USE a
Database changed
mysql> create table t4 (a int unsigned auto_increment primary key, b int, c int, key(b)) PARTITION BY LIST (murmurHashCodeAndMod(`a`,4))(PARTITION p0 VALUES IN (0), PARTITION p1 VALUES IN (1),PARTITION p2 VALUES IN (2) ,PARTITION p3 VALUES IN (3)  );
ERROR 1064 (42000): Constant, random or timezone-dependent expressions in (sub)partitioning function are not allowed near ')(PARTITION p0 VALUES IN (0), PARTITION p1 VALUES IN (1),PARTITION p2 VALUES IN ' at line 1
mysql>

---COMMENT---

[23 May 2018 12:07] MySQL Verification Team
Hi Mr. Zhao,

In order to process this report we have to be able to reproduce the behaviour.

Our Miguel Godofredo Solorzano has found a difficulty that I encounter as well in creating the table. Hence, could you, first of all, clear out that small matter???

---COMMENT---

[23 May 2018 12:10] MySQL Verification Team
One more small detail.

Since we can not run your test case, please send us innodb status while the second transaction waits for the locks. Simply, this could be some gap lock or similar.

---COMMENT---

[24 May 2018 3:02] Wei Zhao
Hi Sinisa,

This is a test case that you should be able to run on original mysql-5.7:

1. in session 1, do these ops:
mysql> create table t4 (a int unsigned auto_increment , b int, c int, key(b), primary key(a,b)) PARTITION BY LIST (b)(partition p0 values in (0,1, 2 ,3, 4), partition p1 values in(5,6,7,8,9,10));
Query OK, 0 rows affected (0.02 sec)

mysql> insert into t4(b,c) values(1,11),(2,22),(3,33),(4,44),(5,55),(6,66),(7,77),(8,88),(9,99);
Query OK, 9 rows affected (0.01 sec)
Records: 9  Duplicates: 0  Warnings: 0

mysql> begin;update t4 set c=c+1 where b=3;
Query OK, 0 rows affected (0.00 sec)

Query OK, 1 row affected (0.00 sec)
Rows matched: 1  Changed: 1  Warnings: 0

mysql>

2. in session 2, do these ops:
mysql> begin; update t4 set c=c+1 where b=2;
Query OK, 0 rows affected (0.00 sec)

ERROR 1205 (HY000): Lock wait timeout exceeded; try restarting transaction
mysql>

session 2's stmt is blocked and later the lock wait timeouts.

---COMMENT---

[24 May 2018 13:49] MySQL Verification Team
Hi,

Would you be so kind to provide us with innodb status after second transaction has started and began waiting.

Also, please do not forget that deadlock is probably occurring here since number of rows per partition is way too small. That leads to scanning of all rows and all rows get locked. Hence a lock wait .......

InnoDB status would show up whether it is a consequence of this , well documented behaviour. Scanning small number of rows is MUCH faster then using index.

We are waiting on your feedback.

---COMMENT---

[25 May 2018 2:29] Wei Zhao
the 'show engine innodb status;' output after session 2 is blocked

Attachment: idb-stat.txt.gz (application/gzip, text), 2.72 KiB.

---COMMENT---

[25 May 2018 2:35] Wei Zhao
Hi Sinisa,

Thank you for your patient explanation, I've uploaded the 'show engine innodb status;' output, taken after session 2 is blocked waiting for the row lock.

There is no dead lock when session 2 blocks, as  the uploaded output also shows. And session 2's stmt returns with ER_LOCK_WAIT_TIMEOUT rather than ER_LOCK_DEADLOCK, showing the same fact.

---COMMENT---

[25 May 2018 12:31] MySQL Verification Team
Hi Mr. Zhao,

Actually, yes, lock wait timeout is expected in these situations and it is what you get.

As the status clearly shows, all rows in the partition are scanned, during which scanning all rows are locked, which is why one transaction has to wait for another. Number of row is too small for the indexed search.

This is all explained in our Reference Manual, sections on InnoDB and Optimiser.

Thank you for your report.

---COMMENT---

[28 May 2018 10:57] Wei Zhao
But in the test case example, the transaction(T2) in the 2nd session doesn't have to be blocked by the 1st session's transaction (T1), because in RC isolation level, according to how mysql and innodb works, T1 should lock (4,14,114) and T2 should lock only (2,12,112).

The reason T2 is blocked is because when T2 executes the update stmt, handler::index_next() is called instead of handler::index_next_same(), so innodb tries to return the row (4, 14,114), thus T2 tries to acquire row lock on (4, 14,114), and got blocked by T1. See my patch and do some debugging, and you will figure out why this happens.

---COMMENT---

[30 May 2018 12:44] MySQL Verification Team
Hi Zhao,

I have done some debugging and it seems that you are right !!!

Verified as a performance problem.

---COMMENT---

[1 Jun 2018 2:18] Wei Zhao
Hi Sinisa,

Good to know the bug is verified.but it's a bug of the mysql server code, not a bug of innodb --- mysql server makes use of innodb in a wrong way.

The correct way to scan the partitioned table when executing the test case I provided, is to do an 'index next same' scan, because the scan is an equality scan on a non-unique index.

The cause of the bug is that in the two functions
int Partition_helper::handle_unordered_next(uchar *buf, bool is_next_same)
and
int Partition_helper::handle_ordered_next(uchar *buf, bool is_next_same)

the 'is_next_same' argument is actually ignored or neglected, scans of 'next same' type is actually performed as ordinary range scan(read_range_next_in_part() is called rather than index_next_same_in_part()), causing transaction T2 to try to read&lock the row R1(R1.b=3), and got blocked by T1 because T1 already locked row R1. The correct way for T2 to execute its update stmt is to stop the index scan after innodb returning the row R2(R2.b=2) because innodb should be doing an index next same scan and should find that there is no more index entries of same value(b=2), and thus T2's update stmt should return rather than be blocked by T1.

And my patch fixes the issue.

My explanation in previous message refers to rows not consistent with the test case I provided at the top of the bug report, which might have made some confusion. The explanation in this message is consistent with the test case, hopefully it makes things clear.

---COMMENT---

[1 Jun 2018 11:52] MySQL Verification Team
I am putting this bug in the category that belongs to the executioner, more precisely to the SE API.",Verified (2944 days),2018-05-23 10:03,,,accepted_fault,Unnecessary blocking,Excessive isolation
icse2024_understanding_transaction_bugs_in_database:b64095cb72f0f458,icse2024_understanding_transaction_bugs_in_database,database_transactions,https://jira.mariadb.org/browse/MDEV-28944,XA assertions failing in binlog_rollback and binlog_commit,"{code:sql}
CREATE TABLE t (a INT) ENGINE=MyISAM;
INSERT INTO t VALUES (1);

--connect (con1,localhost,root,,test)
XA START 'xid';
SELECT * FROM t;

--connection default
--error ER_LOCK_WAIT_TIMEOUT
ALTER TABLE t NOWAIT ADD KEY (a);

--connection con1
UPDATE t SET a = 2;
XA END 'xid';
XA ROLLBACK 'xid';

# Cleanup
DROP TABLE t;
--disconnect con1
{code}

{noformat:title=bb-10.10-MDEV-16329 cb1f08bd1c}
mariadbd: /data/src/preview-10.10-online-alter-gcov/sql/log.cc:2383: int binlog_rollback(handlerton*, THD*, bool): Assertion `thd->lex->sql_command != SQLCOM_XA_ROLLBACK' failed.
220625  1:32:43 [ERROR] mysqld got signal 6 ;

#7  0x00007f9af47c0662 in __GI___assert_fail (assertion=0x56064fb841a8 ""thd->lex->sql_command != SQLCOM_XA_ROLLBACK"", file=0x56064fb82e28 ""/data/src/preview-10.10-online-alter-gcov/sql/log.cc"", line=2383, function=0x56064fb84128 ""int binlog_rollback(handlerton*, THD*, bool)"") at assert.c:101
No locals.
#8  0x000056064ea565a1 in binlog_rollback (hton=0x560652519688, thd=0x7f9ad8000db8, all=true) at /data/src/preview-10.10-online-alter-gcov/sql/log.cc:2383
        _db_stack_frame_ = {func = 0x56064fb4ef02 ""ha_rollback_trans"", file = 0x56064fb4e080 ""/data/src/preview-10.10-online-alter-gcov/sql/handler.cc"", level = 2147483655, line = -1, prev = 0x7f9af00bdb10}
        is_ending_trans = true
        rollback_online = true
        error = 0
        cache_mngr = 0x0
        __PRETTY_FUNCTION__ = ""int binlog_rollback(handlerton*, THD*, bool)""
#9  0x000056064e7e6851 in ha_rollback_trans (thd=0x7f9ad8000db8, all=true) at /data/src/preview-10.10-online-alter-gcov/sql/handler.cc:2180
        err = -2116343448
        ht = 0x560652519688
        error = 0
        trans = 0x7f9ad8004770
        ha_info = 0x7f9ad80037e8
        ha_info_next = 0x56064fa05f60
        is_real_trans = true
        _db_stack_frame_ = {func = 0x56064fa06408 ""trans_xa_rollback"", file = 0x56064fa06018 ""/data/src/preview-10.10-online-alter-gcov/sql/xa.cc"", level = 2147483654, line = -1, prev = 0x7f9af00bdba0}
        __PRETTY_FUNCTION__ = ""int ha_rollback_trans(THD*, bool)""
#10 0x000056064e656a85 in xa_trans_force_rollback (thd=0x7f9ad8000db8) at /data/src/preview-10.10-online-alter-gcov/sql/xa.cc:393
        rc = false
#11 0x000056064e659c50 in trans_xa_rollback (thd=0x7f9ad8000db8) at /data/src/preview-10.10-online-alter-gcov/sql/xa.cc:821
        xid_state = @0x7f9ad80047a8: {xid_cache_element = 0x7f9ad8021a18}
        _db_stack_frame_ = {func = 0x56064f95c038 ""mysql_execute_command"", file = 0x56064f95b2e0 ""/data/src/preview-10.10-online-alter-gcov/sql/sql_parse.cc"", level = 2147483653, line = 821, prev = 0x7f9af00bdf30}
        __PRETTY_FUNCTION__ = ""bool trans_xa_rollback(THD*)""
        mdl_request = {type = 13, duration = MDL_STATEMENT, next_in_list = 0x21, prev_in_list = 0x7f9af3e11c40, ticket = 0x7f9ad8008430, key = {m_length = 3, m_db_name_length = 0, m_hash_value = 65537, m_ptr = ""\000\000\000O\006V\000\000 \334\v\360\232\177\000\000\024\002\000\000\000\000\000\000!\000\000\000\000\000\000\000\370\027\215R\006V\000\000\b\000\000\000\366\005\000\000\246jwO\006V\000\000@\334\v\360\232\177\000\000\305lwO\006V\000\000@\334\v\360\232\177\000\000\ba\000\330\232\177\000\000\240\335\v\360\232\177\000\000\231\316\rN\006V\000\000\000Q\000\330\232\177\000\000\270\r\000\330\232\177\000\000\220\334\v\360\232\177\000\000`\v\000\330\232\177\000\000\220\334\v\360\232\177\000\000\334\fxO\006V\000\000h{\v\364\232\177\000\000\300\251=R\000\000\000\000#\220\226O\006V\000\000\000\000\000\000\000\000\000\000\300\334\v\360\232\177\000\000\305lwO\000\000\001\000""...}, m_src_file = 0x56064fa06018 ""/data/src/preview-10.10-online-alter-gcov/sql/xa.cc"", m_src_line = 807}
#12 0x000056064e0f1065 in mysql_execute_command (thd=0x7f9ad8000db8, is_called_from_prepared_stmt=false) at /data/src/preview-10.10-online-alter-gcov/sql/sql_parse.cc:5879
        rollback_failed = 32
        res = 0
        up_result = 0
        lex = 0x7f9ad8005100
        select_lex = 0x7f9ad80059d8
        first_table = 0x0
        all_tables = 0x0
        unit = 0x7f9ad80051d8
        have_table_map_for_update = false
        rpl_filter = 0x5606502b3250 <vtable for Internal_error_handler+16>
        _db_stack_frame_ = {func = 0x56064f95d3cf ""mysql_parse"", file = 0x56064f95b2e0 ""/data/src/preview-10.10-online-alter-gcov/sql/sql_parse.cc"", level = 2147483652, line = -1, prev = 0x7f9af00be380}
        __PRETTY_FUNCTION__ = ""int mysql_execute_command(THD*, bool)""
        ots = {ctx = 0x7f9ad8004d98, traceable = false}
        orig_binlog_format = BINLOG_FORMAT_MIXED
        orig_current_stmt_binlog_format = BINLOG_FORMAT_STMT
#13 0x000056064e0fdc10 in mysql_parse (thd=0x7f9ad8000db8, rawbuf=0x7f9ad8013fe0 ""XA ROLLBACK 'xid'"", length=17, parser_state=0x7f9af00be500) at /data/src/preview-10.10-online-alter-gcov/sql/sql_parse.cc:8036
        found_semicolon = 0x0
        error = 32666
        lex = 0x7f9ad8005100
        err = false
        _db_stack_frame_ = {func = 0x56064f95b879 ""dispatch_command"", file = 0x56064f95b2e0 ""/data/src/preview-10.10-online-alter-gcov/sql/sql_parse.cc"", level = 2147483651, line = -1, prev = 0x7f9af00be4e0}
        __PRETTY_FUNCTION__ = ""void mysql_parse(THD*, char*, uint, Parser_state*)""
#14 0x000056064e0d4f11 in dispatch_command (command=COM_QUERY, thd=0x7f9ad8000db8, packet=0x7f9ad800b9e9 ""XA ROLLBACK 'xid'"", packet_length=17, blocking=true) at /data/src/preview-10.10-online-alter-gcov/sql/sql_parse.cc:1894
        packet_end = 0x7f9ad8013ff1 """"
        parser_state = {m_lip = {lookahead_token = -1, lookahead_yylval = 0x0, m_thd = 0x7f9ad8000db8, m_ptr = 0x7f9ad8013ff2 ""\004"", m_tok_start = 0x7f9ad8013ff2 ""\004"", m_tok_end = 0x7f9ad8013ff2 ""\004"", m_end_of_query = 0x7f9ad8013ff1 """", m_tok_start_prev = 0x7f9ad8013ff1 """", m_buf = 0x7f9ad8013fe0 ""XA ROLLBACK 'xid'"", m_buf_length = 17, m_echo = true, m_echo_saved = false, m_cpp_buf = 0x7f9ad8014048 ""XA ROLLBACK 'xid'"", m_cpp_ptr = 0x7f9ad8014059 """", m_cpp_tok_start = 0x7f9ad8014059 """", m_cpp_tok_start_prev = 0x7f9ad8014059 """", m_cpp_tok_end = 0x7f9ad8014059 """", m_body_utf8 = 0x0, m_body_utf8_ptr = 0x0, m_cpp_utf8_processed_ptr = 0x0, next_state = MY_LEX_END, found_semicolon = 0x0, ignore_space = false, stmt_prepare_mode = false, multi_statements = true, yylineno = 1, m_digest = 0x0, in_comment = NO_COMMENT, in_comment_saved = (DISCARD_COMMENT | unknown: 0x7f98), m_cpp_text_start = 0x7f9ad8014055 ""xid'"", m_cpp_text_end = 0x7f9ad8014058 ""'"", m_underscore_cs = 0x0}, m_yacc = {yacc_yyss = 0x0, yacc_yyvs = 0x0, m_set_signal_info = {m_item = {0x0 <repeats 13 times>}}, m_lock_type = TL_READ_DEFAULT, m_mdl_type = MDL_SHARED_READ}, m_digest_psi = 0x7f9ad8004b28}
        net = 0x7f9ad80010f0
        error = false
        do_end_of_statement = true
        _db_stack_frame_ = {func = 0x56064f95b4fd ""do_command"", file = 0x56064f95b2e0 ""/data/src/preview-10.10-online-alter-gcov/sql/sql_parse.cc"", level = 2147483650, line = -1, prev = 0x7f9af00bedc0}
        drop_more_results = false
        __PRETTY_FUNCTION__ = ""dispatch_command_return dispatch_command(enum_server_command, THD*, char*, uint, bool)""
        __FUNCTION__ = ""dispatch_command""
        res = <optimized out>
#15 0x000056064e0d20ea in do_command (thd=0x7f9ad8000db8, blocking=true) at /data/src/preview-10.10-online-alter-gcov/sql/sql_parse.cc:1407
        return_value = DISPATCH_COMMAND_SUCCESS
        packet = 0x7f9ad800b9e8 ""\003XA ROLLBACK 'xid'""
        packet_length = 18
        net = 0x7f9ad80010f0
        command = COM_QUERY
        _db_stack_frame_ = {func = 0x56064fdd350b ""?func"", file = 0x56064fdd3511 ""?file"", level = 2147483649, line = -1, prev = 0x0}
        __PRETTY_FUNCTION__ = ""dispatch_command_return do_command(THD*, bool)""
        __FUNCTION__ = ""do_command""
#16 0x000056064e43dffd in do_handle_one_connection (connect=0x5606529c0168, put_in_cache=true) at /data/src/preview-10.10-online-alter-gcov/sql/sql_connect.cc:1418
        create_user = true
        thr_create_utime = 2532075869394
        thd = 0x7f9ad8000db8
        __PRETTY_FUNCTION__ = ""void do_handle_one_connection(CONNECT*, bool)""
#17 0x000056064e43d804 in handle_one_connection (arg=0x5606529c0168) at /data/src/preview-10.10-online-alter-gcov/sql/sql_connect.cc:1312
        connect = 0x5606529c0168
#18 0x000056064ed4bb95 in pfs_spawn_thread (arg=0x5606529c0248) at /data/src/preview-10.10-online-alter-gcov/storage/perfschema/pfs.cc:2201
        typed_arg = 0x5606529c0248
        user_arg = 0x5606529c0168
        user_start_routine = 0x56064e43d74f <handle_one_connection(void*)>
        pfs = 0x7f9af40b7240
        klass = 0x5606523f8580
#19 0x00007f9af4c8aea7 in start_thread (arg=<optimized out>) at pthread_create.c:477
        ret = <optimized out>
        pd = <optimized out>
        unwind_buf = {cancel_jmp_buf = {{jmp_buf = {140303429007104, -1768826005343688189, 140720454370494, 140720454370495, 140303429005184, 311296, 1749153715660794371, 1749146596737427971}, mask_was_saved = 0}}, priv = {pad = {0x0, 0x0, 0x0, 0x0}, data = {prev = 0x0, cleanup = 0x0, canceltype = 0}}}
        not_first_call = 0
#20 0x00007f9af4889def in clone () at ../sysdeps/unix/sysv/linux/x86_64/clone.S:95
{noformat}

Or, with {{XA COMMIT 'xid' ONE PHASE;}} instead of {{ROLLBACK}}, otherwise identical test case:
{code:sql}
CREATE TABLE t (a INT) ENGINE=MyISAM;
INSERT INTO t VALUES (1);

--connect (con1,localhost,root,,test)
XA START 'xid';
SELECT * FROM t;

--connection default
--error ER_LOCK_WAIT_TIMEOUT
ALTER TABLE t NOWAIT ADD KEY (a);

--connection con1
UPDATE t SET a = 2;
XA END 'xid';
XA COMMIT 'xid' ONE PHASE;

# Cleanup
DROP TABLE t;
--disconnect con1
{code}
{noformat}
mariadbd: /data/src/preview-10.10-online-alter-gcov/sql/log.cc:2281: int binlog_commit(THD*, bool, bool): Assertion `(thd && (WSREP_PROVIDER_EXISTS_ && thd->variables.wsrep_on)) || (thd->lex->sql_command != SQLCOM_XA_PREPARE && !(thd->lex->sql_command == SQLCOM_XA_COMMIT && thd->lex->xa_opt == XA_ONE_PHASE))' failed.
220625  1:50:45 [ERROR] mysqld got signal 6 ;

#7  0x00007fa3f9d60662 in __GI___assert_fail (assertion=0x555c8b68dfb8 ""(thd && (WSREP_PROVIDER_EXISTS_ && thd->variables.wsrep_on)) || (thd->lex->sql_command != SQLCOM_XA_PREPARE && !(thd->lex->sql_command == SQLCOM_XA_COMMIT && thd->lex->xa_opt == XA_ONE_PHASE))"", file=0x555c8b68ce28 ""/data/src/preview-10.10-online-alter-gcov/sql/log.cc"", line=2281, function=0x555c8b68df90 ""int binlog_commit(THD*, bool, bool)"") at assert.c:101
No locals.
#8  0x0000555c8a55f9b7 in binlog_commit (thd=0x7fa3d8000db8, all=true, ro_1pc=true) at /data/src/preview-10.10-online-alter-gcov/sql/log.cc:2281
        error = 0
        org_stage = {m_key = 0, m_name = 0x7fa3d8000db8 ""\b\353\333\213\\U"", m_flags = -194256640}
        _db_stack_frame_ = {func = 0x555c8b658eef ""commit_one_phase_2"", file = 0x555c8b658080 ""/data/src/preview-10.10-online-alter-gcov/sql/handler.cc"", level = 2147483657, line = -1, prev = 0x7fa3f46be160}
        is_ending_transaction = true
        cache_mngr = 0x0
        __PRETTY_FUNCTION__ = ""int binlog_commit(THD*, bool, bool)""
#9  0x0000555c8a2efc4d in commit_one_phase_2 (thd=0x7fa3d8000db8, all=true, trans=0x7fa3d8004770, is_real_trans=true) at /data/src/preview-10.10-online-alter-gcov/sql/handler.cc:2059
        err = 21852
        error = 0
        count = 0
        ha_info = 0x7fa3d80037e8
        ha_info_next = 0x7fa3d800ae78
        _db_stack_frame_ = {func = 0x555c8b658edb ""ha_commit_one_phase"", file = 0x555c8b658080 ""/data/src/preview-10.10-online-alter-gcov/sql/handler.cc"", level = 2147483656, line = -1, prev = 0x7fa3f46be1c0}
#10 0x0000555c8a2ef856 in ha_commit_one_phase (thd=0x7fa3d8000db8, all=true) at /data/src/preview-10.10-online-alter-gcov/sql/handler.cc:2021
        trans = 0x7fa3d8004770
        is_real_trans = true
        res = 0
        _db_stack_frame_ = {func = 0x555c8b6587bb ""ha_commit_trans"", file = 0x555c8b658080 ""/data/src/preview-10.10-online-alter-gcov/sql/handler.cc"", level = 2147483655, line = -1, prev = 0x7fa3f46be270}
#11 0x0000555c8a2ed6a9 in ha_commit_trans (thd=0x7fa3d8000db8, all=true) at /data/src/preview-10.10-online-alter-gcov/sql/handler.cc:1815
        error = 0
        cookie = 32675
        trans = 0x7fa3d8004770
        is_real_trans = true
        ha_info = 0x7fa3d80037e8
        need_prepare_ordered = false
        need_commit_ordered = false
        xid = 140341680278968
        run_wsrep_hooks = false
        _db_stack_frame_ = {func = 0x555c8b51032d ""trans_xa_commit"", file = 0x555c8b510018 ""/data/src/preview-10.10-online-alter-gcov/sql/xa.cc"", level = 2147483654, line = -1, prev = 0x7fa3f46beba0}
        __PRETTY_FUNCTION__ = ""int ha_commit_trans(THD*, bool)""
        rw_ha_count = 0
        rw_trans = false
        mdl_backup = {type = MDL_NOT_INITIALIZED, duration = MDL_STATEMENT, next_in_list = 0x7f00d80037e8, prev_in_list = 0x7fa3d8000db8, ticket = 0x0, key = {m_length = 0, m_db_name_length = 0, m_hash_value = 0, m_ptr = ""\320\067\000\330\000\000\000\000#0G\213\\U\000\000\000\000\000\000\000\000\000\000\360\342k\364\243\177\000\000\305\f(\213\000\000\001\000\020\343k\364\243\177\000\000\246\n(\213\\U\000\000\020\343k\364\243\177\000\000\305\f(\213\\U\000\000\340\f\000\330\243\177\000\000`\v\000\330\243\177\000\000\060\343k\364\243\177\000\000Zc,\213\\U\000\000\340\f\000\330\243\177\000\000\270\f\000\330\243\177\000\000`\343k\364\243\177\000\000\313\244,\213\\U\000\000C<G\213\\U\000\000\340\f\000\330&\006\000\000p\343k\364\243\177\000\000\000\236;0\212m>j\320\343k\364\243\177\000\000\313\256\310\211\\U\000\000\220\343k\364\243\177\000\000\030\000\000\000\000\000\000\000""...}, m_src_file = 0x7fa3d80037d0 """", m_src_line = 2334958086}
#12 0x0000555c8a162831 in trans_xa_commit (thd=0x7fa3d8000db8) at /data/src/preview-10.10-online-alter-gcov/sql/xa.cc:657
        r = 1
        res = true
        xid_state = @0x7fa3d80047a8: {xid_cache_element = 0x7fa3d8021a18}
        _db_stack_frame_ = {func = 0x555c8b466038 ""mysql_execute_command"", file = 0x555c8b4652e0 ""/data/src/preview-10.10-online-alter-gcov/sql/sql_parse.cc"", level = 2147483653, line = -1, prev = 0x7fa3f46bef30}
        __PRETTY_FUNCTION__ = ""bool trans_xa_commit(THD*)""
#13 0x0000555c89bfaeed in mysql_execute_command (thd=0x7fa3d8000db8, is_called_from_prepared_stmt=false) at /data/src/preview-10.10-online-alter-gcov/sql/sql_parse.cc:5862
        commit_failed = 32
        res = 0
        up_result = 0
        lex = 0x7fa3d8005100
        select_lex = 0x7fa3d80059d8
        first_table = 0x0
        all_tables = 0x0
        unit = 0x7fa3d80051d8
        have_table_map_for_update = false
        rpl_filter = 0x555c8bdbd250 <vtable for Internal_error_handler+16>
        _db_stack_frame_ = {func = 0x555c8b4673cf ""mysql_parse"", file = 0x555c8b4652e0 ""/data/src/preview-10.10-online-alter-gcov/sql/sql_parse.cc"", level = 2147483652, line = -1, prev = 0x7fa3f46bf380}
        __PRETTY_FUNCTION__ = ""int mysql_execute_command(THD*, bool)""
        ots = {ctx = 0x7fa3d8004d98, traceable = false}
        orig_binlog_format = BINLOG_FORMAT_MIXED
        orig_current_stmt_binlog_format = BINLOG_FORMAT_STMT
#14 0x0000555c89c07c10 in mysql_parse (thd=0x7fa3d8000db8, rawbuf=0x7fa3d8013fe0 ""XA COMMIT 'xid' ONE PHASE"", length=25, parser_state=0x7fa3f46bf500) at /data/src/preview-10.10-online-alter-gcov/sql/sql_parse.cc:8036
        found_semicolon = 0x0
        error = 32675
        lex = 0x7fa3d8005100
        err = false
        _db_stack_frame_ = {func = 0x555c8b465879 ""dispatch_command"", file = 0x555c8b4652e0 ""/data/src/preview-10.10-online-alter-gcov/sql/sql_parse.cc"", level = 2147483651, line = -1, prev = 0x7fa3f46bf4e0}
        __PRETTY_FUNCTION__ = ""void mysql_parse(THD*, char*, uint, Parser_state*)""
#15 0x0000555c89bdef11 in dispatch_command (command=COM_QUERY, thd=0x7fa3d8000db8, packet=0x7fa3d800b9e9 ""XA COMMIT 'xid' ONE PHASE"", packet_length=25, blocking=true) at /data/src/preview-10.10-online-alter-gcov/sql/sql_parse.cc:1894
        packet_end = 0x7fa3d8013ff9 """"
        parser_state = {m_lip = {lookahead_token = -1, lookahead_yylval = 0x0, m_thd = 0x7fa3d8000db8, m_ptr = 0x7fa3d8013ffa ""\004"", m_tok_start = 0x7fa3d8013ffa ""\004"", m_tok_end = 0x7fa3d8013ffa ""\004"", m_end_of_query = 0x7fa3d8013ff9 """", m_tok_start_prev = 0x7fa3d8013ff9 """", m_buf = 0x7fa3d8013fe0 ""XA COMMIT 'xid' ONE PHASE"", m_buf_length = 25, m_echo = true, m_echo_saved = false, m_cpp_buf = 0x7fa3d8014050 ""XA COMMIT 'xid' ONE PHASE"", m_cpp_ptr = 0x7fa3d8014069 """", m_cpp_tok_start = 0x7fa3d8014069 """", m_cpp_tok_start_prev = 0x7fa3d8014069 """", m_cpp_tok_end = 0x7fa3d8014069 """", m_body_utf8 = 0x0, m_body_utf8_ptr = 0x0, m_cpp_utf8_processed_ptr = 0x0, next_state = MY_LEX_END, found_semicolon = 0x0, ignore_space = false, stmt_prepare_mode = false, multi_statements = true, yylineno = 1, m_digest = 0x0, in_comment = NO_COMMENT, in_comment_saved = (PRESERVE_COMMENT | DISCARD_COMMENT | unknown: 0x7fa0), m_cpp_text_start = 0x7fa3d801405b ""xid' ONE PHASE"", m_cpp_text_end = 0x7fa3d801405e ""' ONE PHASE"", m_underscore_cs = 0x0}, m_yacc = {yacc_yyss = 0x0, yacc_yyvs = 0x0, m_set_signal_info = {m_item = {0x0 <repeats 13 times>}}, m_lock_type = TL_READ_DEFAULT, m_mdl_type = MDL_SHARED_READ}, m_digest_psi = 0x7fa3d8004b28}
        net = 0x7fa3d80010f0
        error = false
        do_end_of_statement = true
        _db_stack_frame_ = {func = 0x555c8b4654fd ""do_command"", file = 0x555c8b4652e0 ""/data/src/preview-10.10-online-alter-gcov/sql/sql_parse.cc"", level = 2147483650, line = -1, prev = 0x7fa3f46bfdc0}
        drop_more_results = false
        __PRETTY_FUNCTION__ = ""dispatch_command_return dispatch_command(enum_server_command, THD*, char*, uint, bool)""
        __FUNCTION__ = ""dispatch_command""
        res = <optimized out>
#16 0x0000555c89bdc0ea in do_command (thd=0x7fa3d8000db8, blocking=true) at /data/src/preview-10.10-online-alter-gcov/sql/sql_parse.cc:1407
        return_value = DISPATCH_COMMAND_SUCCESS
        packet = 0x7fa3d800b9e8 ""\003XA COMMIT 'xid' ONE PHASE""
        packet_length = 26
        net = 0x7fa3d80010f0
        command = COM_QUERY
        _db_stack_frame_ = {func = 0x555c8b8dd50b ""?func"", file = 0x555c8b8dd511 ""?file"", level = 2147483649, line = -1, prev = 0x0}
        __PRETTY_FUNCTION__ = ""dispatch_command_return do_command(THD*, bool)""
        __FUNCTION__ = ""do_command""
#17 0x0000555c89f47ffd in do_handle_one_connection (connect=0x555c8e5af168, put_in_cache=true) at /data/src/preview-10.10-online-alter-gcov/sql/sql_connect.cc:1418
        create_user = true
        thr_create_utime = 2533157813198
        thd = 0x7fa3d8000db8
        __PRETTY_FUNCTION__ = ""void do_handle_one_connection(CONNECT*, bool)""
#18 0x0000555c89f47804 in handle_one_connection (arg=0x555c8e5af168) at /data/src/preview-10.10-online-alter-gcov/sql/sql_connect.cc:1312
        connect = 0x555c8e5af168
#19 0x0000555c8a855b95 in pfs_spawn_thread (arg=0x555c8e5af248) at /data/src/preview-10.10-online-alter-gcov/storage/perfschema/pfs.cc:2201
        typed_arg = 0x555c8e5af248
        user_arg = 0x555c8e5af168
        user_start_routine = 0x555c89f4774f <handle_one_connection(void*)>
        pfs = 0x7fa3f9657240
        klass = 0x555c8dfe7580
#20 0x00007fa3fa22aea7 in start_thread (arg=<optimized out>) at pthread_create.c:477
        ret = <optimized out>
        pd = <optimized out>
        unwind_buf = {cancel_jmp_buf = {{jmp_buf = {140342157117184, 9015443577906266516, 140737166056062, 140737166056063, 140342157115264, 311296, -9053744893697064556, -9053714719924026988}, mask_was_saved = 0}}, priv = {pad = {0x0, 0x0, 0x0, 0x0}, data = {prev = 0x0, cleanup = 0x0, canceltype = 0}}}
        not_first_call = 0
#21 0x00007fa3f9e29def in clone () at ../sysdeps/unix/sysv/linux/x86_64/clone.S:95
{noformat}

Doesn't fail with e.g. LOCK=SHARED in the ALTER.
NOWAIT is just to speed things up, it also fails upon a normal lock wait timeout.",no_comments_in_source,Closed,2022-06-24T22:35:50.000+0000,,,accepted_fault,Assertion failure,Statement correctness: assertion failure
icse2024_understanding_transaction_bugs_in_database:b7366da5cb0c6eee,icse2024_understanding_transaction_bugs_in_database,database_transactions,https://postgr.es/m/15946-5c7570a2884a26cf@postgresql.org,,,"[mail_reply | Tom Lane <tgl(at)sss(dot)pgh(dot)pa(dot)us> | 2019-08-10 14:23:16]
PG Bug reporting form <noreply(at)postgresql(dot)org> writes:
> Running this:
> ...
> Throws this error:
> ERROR:  duplicate key value violates unique constraint ""pg_statistic_relid_att_inh_index""
> DETAIL:  Key (starelid, staattnum, stainherit)=(61056, 1, f) already exists.
Hm, you don't need all the fancy partitioning stuff:
regression=# create table t as select generate_series(1,10) x;
SELECT 10
regression=# begin;
BEGIN
regression=# analyze t, t;
ERROR:  duplicate key value violates unique constraint ""pg_statistic_relid_att_inh_index""
DETAIL:  Key (starelid, staattnum, stainherit)=(35836, 1, f) already exists.
It appears to work fine without the BEGIN:
regression=# analyze t, t;
ANALYZE
but then
regression=# begin;
BEGIN
regression=# analyze t, t;
ERROR:  tuple already updated by self
I think the conclusion is that if we aren't using per-table
transactions we'd better do a CommandCounterIncrement between
tables in vacuum()'s loop.
regards, tom lane

---COMMENT---

[mail_reply | naveen mahadevuni <nmahadevuni(at)gmail(dot)com> | 2019-08-13 17:35:39]
hi Tom,
I would like to start contributing to postgres, would like to fix this one
if it hasn't already been done.
Thanks,
Naveen
On Sat, Aug 10, 2019 at 7:53 PM Tom Lane <tgl(at)sss(dot)pgh(dot)pa(dot)us> wrote:
> PG Bug reporting form <noreply(at)postgresql(dot)org> writes:
> > Running this:
> > ...
> > Throws this error:
> > ERROR:  duplicate key value violates unique constraint
> ""pg_statistic_relid_att_inh_index""
> > DETAIL:  Key (starelid, staattnum, stainherit)=(61056, 1, f) already
> exists.
>
> Hm, you don't need all the fancy partitioning stuff:
>
> regression=# create table t as select generate_series(1,10) x;
> SELECT 10
> regression=# begin;
> BEGIN
> regression=# analyze t, t;
> ERROR:  duplicate key value violates unique constraint
> ""pg_statistic_relid_att_inh_index""
> DETAIL:  Key (starelid, staattnum, stainherit)=(35836, 1, f) already
> exists.
>
> It appears to work fine without the BEGIN:
>
> regression=# analyze t, t;
> ANALYZE
>
> but then
>
> regression=# begin;
> BEGIN
> regression=# analyze t, t;
> ERROR:  tuple already updated by self
>
> I think the conclusion is that if we aren't using per-table
> transactions we'd better do a CommandCounterIncrement between
> tables in vacuum()'s loop.
>
>                         regards, tom lane
>
>
>

---COMMENT---

[mail_reply | Tom Lane <tgl(at)sss(dot)pgh(dot)pa(dot)us> | 2019-08-13 18:52:18]
naveen mahadevuni <nmahadevuni(at)gmail(dot)com> writes:
> I would like to start contributing to postgres, would like to fix this one
> if it hasn't already been done.
Already done -
https://git.postgresql.org/gitweb/?p=postgresql.git;a=commitdiff;h=cabe0f298ea7efade11d8171c617e668934d0d09
regards, tom lane",Fixed,2019-08-10T00:00:00+00:00,,,accepted_fault,Unexpected error,Statement correctness: unexpected error
icse2024_understanding_transaction_bugs_in_database:b7ed5b70bf39c8fe,icse2024_understanding_transaction_bugs_in_database,database_transactions,https://github.com/pingcap/tidb/issues/26973,key_info in DEADLOCKS table do not parse db_name and table_name when transaction use partition table,"## Bug Report

Please answer these questions before submitting your issue. Thanks!

### 1. Minimal reproduce step (Required)

create table t (a int primary key, b int) partition by range(a) (PARTITION p0 VALUES LESS THAN (2), PARTITION p1 VALUES LESS THAN (4));
insert into t values (1, 10), (2, 20), (3, 30);
/* tx1 */ begin;
/* tx2 */ begin;
/* tx1 */ update t set a=10 where a=1;
/* tx2 */  update t set b=11 where a=2; 
/* tx1 */  update t set b=12 where a=2;  --block
/* tx2 */ update t set b=13 where a=1; --dead lock found
/* tx1 */  select * from DEADLOCKS\G  ---check result

### 2. What did you expect to see? (Required)

key_info parse the db_name and table_name;

### 3. What did you see instead (Required)


mysql> select * from DEADLOCKS\G                    
*************************** 1. row ***************************
            DEADLOCK_ID: 15
             OCCUR_TIME: 2021-08-06 11:24:26.318431
              RETRYABLE: 0
        TRY_LOCK_TRX_ID: 426835705302351874
     CURRENT_SQL_DIGEST: 3b491f15bc52ff182a37547ba0ccb3103f658e6d7935303836017fbf5cc0c75c
CURRENT_SQL_DIGEST_TEXT: update `t` set `b` = ? where `a` = ?
                    KEY: 7480000000000005F05F728000000000000002
               KEY_INFO: {""table_id"":1520,""handle_type"":""int"",""handle_value"":""2""}
       TRX_HOLDING_LOCK: 426835717963907075
*************************** 2. row ***************************
            DEADLOCK_ID: 15
             OCCUR_TIME: 2021-08-06 11:24:26.318431
              RETRYABLE: 0
        TRY_LOCK_TRX_ID: 426835717963907075
     CURRENT_SQL_DIGEST: 3b491f15bc52ff182a37547ba0ccb3103f658e6d7935303836017fbf5cc0c75c
CURRENT_SQL_DIGEST_TEXT: update `t` set `b` = ? where `a` = ?
                    KEY: 7480000000000005EF5F728000000000000001
               KEY_INFO: {""table_id"":1519,""handle_type"":""int"",""handle_value"":""1""}
       TRX_HOLDING_LOCK: 426835705302351874
2 rows in set (0.00 sec)

### 4. What is your TiDB version? (Required)

Release Version: v5.2.0-alpha-529-g1a54708a7
Edition: Community
Git Commit Hash: 1a54708a7f8f86515236626c78e97a33d8adf583
Git Branch: HEAD
UTC Build Time: 2021-08-05 18:30:16
GoVersion: go1.16.4
Race Enabled: false
TiKV Min Version: v3.0.0-60965b006877ca7234adaced7890d7b029ed1306
Check Table Before Drop: false","[issue_comment | MyonKeminta | 2021-08-11T05:38:36Z]
Fixed by https://github.com/pingcap/tidb/pull/27027

---COMMENT---

[issue_comment | ti-srebot | 2021-08-11T05:38:39Z]
## Please edit this comment or add a new comment to complete the following information

### Bug

Note: Make Sure that 'component', and 'severity' labels are added
Example for how to fill out the template: https://github.com/pingcap/tidb/issues/20100

#### 1. Root Cause Analysis (RCA) (optional) 

The `util/keydecoder` didn't check keys of partitioned table correctly, causing it unable to get information of partition table keys.

#### 2. Symptom (optional)

Schema info about keys of partition table cannot be showed correctly in `information_schema.data_lock_waits` and `information_schema.deadlocks`.

#### 3. All Trigger Conditions (optional)

#### 4. Workaround (optional)

#### 5. Affected versions

unreleased

#### 6. Fixed versions

master, v5.2.0

---COMMENT---

[issue_comment | ti-srebot | 2021-08-11T06:19:47Z]
The values in **( FixedVersions )** fields are incorrect.

---COMMENT---

[issue_comment | ti-srebot | 2021-08-11T06:20:08Z]
**( FixedVersions )** fields are empty.
The values in **( FixedVersions )** fields are incorrect.

---COMMENT---

[issue_comment | ti-srebot | 2021-08-11T12:22:19Z]
The values in **( FixedVersions )** fields are incorrect.",closed,2021-08-06T11:28:01Z,,,accepted_fault,Incorrect DBMS state,Consistency: DBMS state
icse2024_understanding_transaction_bugs_in_database:be690e740b7b4ba9,icse2024_understanding_transaction_bugs_in_database,database_transactions,https://github.com/pingcap/tidb/issues/8393,Some statement is troublesome on retry or rollback,"## Feature Request

**Is your feature request related to a problem? Please describe:**
<!-- A clear and concise description of what the problem is. Ex. I'm always frustrated when [...] -->
```
begin;
set variable = xxx;
// do something meet transaction conflict
rollback
```

The ""set variable"" executes locally, so it always success, while the transaction may conflict and retry.
During retrying, the previous `set variable` may take effect, and may cause some trouble.

""set variable = xxx"" is one of the example, actually there are many kinds of similar statement.
`set @@tidb_snapshot` ...
`prepare stmt ...`  ... prepared twice during retry?
`execute stmt use ...` ... execute using the wrong environment ?
`dealloc stmt ...` dealloc twice ?

There are two kinds of statement mixed in the `begin ... commit` transaction, some of them executes locally so always guarantee to success, and other may fail. During retry or rollback, it's quite troublesome.

**Describe the feature you'd like:**
<!-- A clear and concise description of what you want to happen. -->

We should find a general mechanism to handle the problem.

**Describe alternatives you've considered:**
<!-- A clear and concise description of any alternative solutions or features you've considered. -->

An open discuss is welcomed in this thread.

**Teachability, Documentation, Adoption, Migration Strategy:**
<!-- If you can, explain some scenarios how users might use this, situations it would be helpful in. Any API designs, mockups, or diagrams are also helpful. -->","[issue_comment | zz-jason | 2020-07-27T08:20:39Z]
Confirmed that user variables are not reverted back in TiDB:

create a table:

```sql
drop table if exists t;
create table t(a bigint, b bigint);
```

begin a transaction, modify a variable and insert a record, but revert it:

```sql
begin;
set @a = 100;
insert into t values(1, 1);
rollback;
```

check the variable and the table, you can see the user variable has been changed:

```sql

TiDB(root@127.0.0.1:test) > select @a;
+------+
| @a   |
+------+
| 100  |
+------+
1 row in set (0.00 sec)

TiDB(root@127.0.0.1:test) > select * from t;
Empty set (0.00 sec)
```

Only TiDB has this problem, MySQL works correctly:

```sql
MySQL(root@127.0.0.1:test) > select @@a;
ERROR 1193 (HY000): Unknown system variable 'a'
MySQL(root@127.0.0.1:test) > select * from t;
Empty set (0.00 sec)
```

My TiDB version:

```sql
TiDB(root@127.0.0.1:test) > select tidb_version()\G
*************************** 1. row ***************************
tidb_version(): Release Version: v4.0.0-beta.2-838-gb249dc578-dirty
Edition: Community
Git Commit Hash: b249dc5780407b256d1383e92f56bd843d2682ed
Git Branch: master
UTC Build Time: 2020-07-27 08:15:29
GoVersion: go1.13.12
Race Enabled: false
TiKV Min Version: v3.0.0-60965b006877ca7234adaced7890d7b029ed1306
Check Table Before Drop: false
1 row in set (0.00 sec)
```

My MySQL version:

```sql
MySQL(root@127.0.0.1:test) > select version();
+-----------+
| version() |
+-----------+
| 8.0.21    |
+-----------+
1 row in set (0.00 sec)
```

---COMMENT---

[issue_comment | zz-jason | 2020-07-27T08:33:31Z]
It also affects session/global variables.

An example of a session variable:

```sql
TiDB(root@127.0.0.1:test) > select @@sql_mode;
+-------------------------------------------------------------------------------------------------------------------------------------------+
| @@sql_mode                                                                                                                                |
+-------------------------------------------------------------------------------------------------------------------------------------------+
| ONLY_FULL_GROUP_BY,STRICT_TRANS_TABLES,NO_ZERO_IN_DATE,NO_ZERO_DATE,ERROR_FOR_DIVISION_BY_ZERO,NO_AUTO_CREATE_USER,NO_ENGINE_SUBSTITUTION |
+-------------------------------------------------------------------------------------------------------------------------------------------+
1 row in set (0.00 sec)

TiDB(root@127.0.0.1:test) > begin;
Query OK, 0 rows affected (0.00 sec)

TiDB(root@127.0.0.1:test) > set @@sql_mode='';
Query OK, 0 rows affected (0.00 sec)

TiDB(root@127.0.0.1:test) > insert into t values(1, 1);
Query OK, 1 row affected (0.00 sec)

TiDB(root@127.0.0.1:test) > rollback;
Query OK, 0 rows affected (0.00 sec)

TiDB(root@127.0.0.1:test) > select @@sql_mode;
+------------+
| @@sql_mode |
+------------+
|            |
+------------+
1 row in set (0.00 sec)
```

An example of a global variable:

```sql
TiDB(root@127.0.0.1:test) > select @@global.sql_mode;
+-------------------------------------------------------------------------------------------------------------------------------------------+
| @@global.sql_mode                                                                                                                         |
+-------------------------------------------------------------------------------------------------------------------------------------------+
| ONLY_FULL_GROUP_BY,STRICT_TRANS_TABLES,NO_ZERO_IN_DATE,NO_ZERO_DATE,ERROR_FOR_DIVISION_BY_ZERO,NO_AUTO_CREATE_USER,NO_ENGINE_SUBSTITUTION |
+-------------------------------------------------------------------------------------------------------------------------------------------+
1 row in set (0.00 sec)

TiDB(root@127.0.0.1:test) > begin;
Query OK, 0 rows affected (0.00 sec)

TiDB(root@127.0.0.1:test) > set @@global.sql_mode = '';
Query OK, 0 rows affected (0.00 sec)

TiDB(root@127.0.0.1:test) > insert into t values(1, 1);
Query OK, 1 row affected (0.01 sec)

TiDB(root@127.0.0.1:test) > rollback;
Query OK, 0 rows affected (0.00 sec)

TiDB(root@127.0.0.1:test) > select @@global.sql_mode;
+-------------------+
| @@global.sql_mode |
+-------------------+
|                   |
+-------------------+
1 row in set (0.00 sec)
```

---COMMENT---

[issue_comment | zz-jason | 2020-07-27T08:35:15Z]
@cfzjywxk @zhangjinpeng1987 PTAL. It more like a bug.

---COMMENT---

[issue_comment | cfzjywxk | 2020-11-19T08:10:51Z]
@tiancaiamao PTAL if it still exist

---COMMENT---

[issue_comment | tiancaiamao | 2020-11-27T07:09:08Z]
I decide not to fix this for **system session variables** because those variables are bind to special semantic and when they take effect is vague.
Some system session variables are not simply a value, they also act as a switch.

We may take them as data at the first thought: after a statement finish they take effect inside a transaction, and if the transaction rollbacks their effects are gone. 

However, some variables are special.
For example, `autocommit`, change the value would commit the transaction immediately, so rollback the statement is not possible anymore.
And another example is the variable `tidb_snapshot`, change this makes TiDB goes into a snapshot state.
And there are more variables like one-shot transaction mode, they all make the fix quite troublesome.

We can fix user-defined variables and global variables, as they are either not bind with special behavior, or take effect only on new sessions.

---COMMENT---

[issue_comment | mjonss | 2021-06-21T15:09:41Z]
I think there is a typo in the MySQL test:
```
MySQL(root@127.0.0.1:test) > select @@a;
ERROR 1193 (HY000): Unknown system variable 'a'
```
I think it should have been
```
select @a;
```
which is the user variable set in the test. `@@a` is interpreted as a session/global system variable and could not be found, so the error is correct, but using `select @a;` instead, it would give the same result as in TiDB: 100

---COMMENT---

[issue_comment | tiancaiamao | 2021-06-22T01:37:17Z]
OK, it seems we misunderstand MySQL's behaviour. @mjonss",closed,2018-11-22T03:45:53Z,,,accepted_fault,Incorrect DBMS state,Atomicity
icse2024_understanding_transaction_bugs_in_database:c21fc71fffb5ac2c,icse2024_understanding_transaction_bugs_in_database,database_transactions,https://github.com/cockroachdb/cockroach/issues/79784,server: adding and dropping column default in same transaction fails,"**Describe the problem**

Adding a column with a default value and then dropping the default value within the same transaction fails at commit time.

The intent of doing this is in a schema change is to update all of the existing values (implicitly via the default) and then remove the default.

**To Reproduce**

```
demo@127.0.0.1:26257/movr> CREATE TABLE test (x int NOT NULL);
CREATE TABLE

demo@127.0.0.1:26257/movr> INSERT INTO test VALUES (123);
INSERT 1

demo@127.0.0.1:26257/movr> BEGIN;
BEGIN

demo@127.0.0.1:26257/movr  OPEN> ALTER TABLE test ADD COLUMN y int NOT NULL DEFAULT 5;
ALTER TABLE

demo@127.0.0.1:26257/movr  OPEN> ALTER TABLE test ALTER COLUMN y DROP DEFAULT;
ALTER TABLE

demo@127.0.0.1:26257/movr  OPEN> COMMIT;
ERROR: transaction committed but schema change aborted with error: (23502): null value in column ""y"" violates not-null constraint
SQLSTATE: XXA00
HINT: Some of the non-DDL statements may have committed successfully, but some of the DDL statement(s) failed.
Manual inspection may be required to determine the actual state of the database.
--
See: https://github.com/cockroachdb/cockroach/issues/42061
```

**Environment:**
 - CockroachDB version 21.2.5
 - Server OS: macOS
 - Client app: `cockroach demo`


Jira issue: CRDB-15916

Epic CRDB-104","[issue_comment | blathers-crl[bot] | 2022-04-11T17:38:52Z]
Hello, I am Blathers. I am here to help you get the issue triaged.

Hoot - a bug! Though bugs are the bane of my existence, rest assured the wretched thing will get the best of care here.

I have CC'd a few people who may be able to assist you:
* @cockroachdb/sql-schema (found keywords: ALTER TABLE,schema change)

If we have not gotten back to your issue within a few business days, you can try the following:
* Join our [community slack channel](https://go.crdb.dev/p/slack) and ask on #cockroachdb.
* Try find someone from [here](https://github.com/orgs/cockroachdb/people) if you know they worked closely on the area and CC them.

<sub>:owl: Hoot! I am a [Blathers](https://github.com/apps/blathers-crl), a bot for [CockroachDB](https://github.com/cockroachdb). My owner is [otan](https://github.com/otan).</sub>

---COMMENT---

[issue_comment | ajwerner | 2022-04-12T03:50:43Z]
This is pretty egregious. We're actively working on rewriting the internals of both of these schema changes which will undoubtedly fix this. We could and probably should do something about this in the short term.

---COMMENT---

[issue_comment | ajwerner | 2022-04-12T14:39:26Z]
Ah, I see the problem here. I misunderstood. This isn't going to work for quite some time. Cockroach performs its schema changes using an online, but asynchronous protocol. We'd need to track that the backfill should occur with the default as 5 but that the default should be removed after the backfill. While we're in the midst of reworking the planning and execution of such schema changes, in the next phase of the project, the work will remain asynchronous. In order to support your desired behavior, we'll need to have fully synchronous transactional schema changes. That is planned, but not until 2023. Doing anything in the meantime will be quite complicated. To work around this, you'll need two separate transactions. Moving this to the backlog for now.",open,2022-04-11T17:38:51Z,,,accepted_fault,Unexpected error,Statement correctness: unexpected error
icse2024_understanding_transaction_bugs_in_database:ce242ff2755b50cf,icse2024_understanding_transaction_bugs_in_database,database_transactions,https://github.com/pingcap/tidb/issues/37653,TiDB locks the record which is filtered by the non-index condition in point-get plan at RC isolation,"## Bug Report

Please answer these questions before submitting your issue. Thanks!
RC isolation
### 1. Minimal reproduce step (Required)
create table t1(id1 int, id2 int, id3 int, PRIMARY KEY(id1), UNIQUE KEY udx_id2 (id2));
INSERT INTO t1 VALUES(1,1,1);
-- session1 
begin;
select * from t1 where id1 = 1 and id2 = 2 for update;
-- session2 
begin
select * from t1 where id1 = 1 for update;

<!-- a step by step guide for reproducing the bug. -->

### 2. What did you expect to see? (Required)
session2 returns the result immediately.

### 3. What did you see instead (Required)
session2 was blocked by the lock of the key whose values is ```
### 4. What is your TiDB version? (Required)

<!-- Paste the output of SELECT tidb_version() -->
Release Version: v6.2.0
Edition: Community
Git Commit Hash: daf2b17cdfe30c02ce282361009fb5bdb05f2b0e","[issue_comment | ekexium | 2022-09-09T06:31:49Z]
Why shouldn't session2 be blocked by the lock?

---COMMENT---

[issue_comment | TonsnakeLin | 2022-09-09T06:40:14Z]
because on session1, the key `1` is not filtered out by the condition 'id2 = 2', it should release the lock on key `1`.

---COMMENT---

[issue_comment | ekexium | 2022-09-09T07:24:07Z]
> because on session1, the key `1` is not filtered out by the condition 'id2 = 2', it should release the lock on key `1`.

Emm OK I get it",open,2022-09-07T01:40:09Z,,,accepted_fault,Unnecessary blocking,Excessive isolation
icse2024_understanding_transaction_bugs_in_database:cecf11c2c11a4097,icse2024_understanding_transaction_bugs_in_database,database_transactions,https://github.com/pingcap/tidb/issues/21274,Schema change not working when an async-commit txn updates an old row,"## Bug Report

Please answer these questions before submitting your issue. Thanks!

### 1. Minimal reproduce step (Required)

**Enable async commit or 1PC**

Session 1 | Session 2
---------|----------
|create table t (c1 int primary key, c2 int)|
|insert into t values (1, 1)|
|begin|
|update t set c2 = 2 where c1 = 1|
||alter table t add index k(c2)
|commit|

### 2. What did you expect to see? (Required)

Session 1 commits successfully. After that, the add index DDL of Session 2 finishes.

### 3. What did you see instead (Required)

Add index DDL hangs forever and `commit` returns error: 

```
ERROR 8028 (HY000): Information schema is changed during the execution of the statement(for example, table definition may be updated by other DDL ran in parallel). If you see this error often, try increasing `tidb_max_delta_schema_count`. [try again later]
```

### 4. What is your TiDB version? (Required)

Master","[issue_comment | ti-srebot | 2020-11-26T09:54:06Z]
### Bug



#### 1. Root Cause Analysis (RCA) (optional) 

When updating an old row, we need to delete the old index key and insert a new one to amend the transaction mutations. Previously, we mistakenly use `set` to add `Op_Del` mutations, which leads to amend failure. And we failed to clean up pessimistic locks if prewrite is not started. The combination of these two mistakes leads to the symptom of the issue. 

#### 2. Symptom (optional)

See the issue description.

#### 3. All Trigger Conditions (optional)

Like the issue description, update an existing row, add index, and commit the old description.

#### 4. Workaround (optional)

No.

#### 5. Affected versions
unreleased

#### 6. Fixed versions

master",closed,2020-11-25T03:53:02Z,,,accepted_fault,Unexpected error,Statement correctness: unexpected error
icse2024_understanding_transaction_bugs_in_database:cf21fc31373c9d70,icse2024_understanding_transaction_bugs_in_database,database_transactions,https://github.com/pingcap/tidb/issues/21658,Queries using batch point get plan may be blocked when encounters locks of another alive transaction,"## Bug Report

Please answer these questions before submitting your issue. Thanks!

### 1. Minimal reproduce step (Required)

Run `CaseRCResolveLockBatchPointGet` which is implemented [here](https://github.com/pingcap/automated-tests/pull/543/files#diff-5235c0b2974a3c43dfcd805890740fb1a151a182d3162666bba3ee748893d211R1631), and with TiDB's failpoint API enabled.

The procedure of the case:

```sql
create table t (id int primary key, v int);
insert into t values (0, 0), (1, 10), (2, 20), (3, 30);
```

| session1 | session2 | result/comment |
|---|---|---|
| `set transaction isolation level read commited; begin pessimistic;` | | |
| `select id, v from t where id = 1 or id = 2 or id = 3 order by id;` | | `(1, 10), (2, 20), (3, 30)` |
| | `begin pessimistic;` | |
| | `update t set v = v + 1 where id = 0;` | |
| | `update t set v = v + 1 where id > 0;` | |
| | | Enable failpoint `github.com/pingcap/tidb/store/tikv/beforeCommit` as `""pause""` at this time |
| | `commit` | It will be blocked due to the failpoint. Don't wait for it and continue following steps. |
| `select id, v from t where id = 1 or id = 2 or id = 3 order by id;` | | Blocked and maybe report timeout error. |


### 2. What did you expect to see? (Required)

In the last step above, session 1's transaction should push session2's transaction's `min_commit_ts`, and continue reading the old data bypassing the locks.

### 3. What did you see instead (Required)

Session 1 blocked and reports timeout error:

```
[2020/12/09 11:08:23.827 +00:00] [WARN] [backoff.go:342] [""txnLockFast backoffer.maxSleep 40000ms is exceeded, errors:\nbatchGet lockedKeys: 3 at 2020-12-09T11:08:19.652431113Z\nbatchGet lockedKeys: 3 at 2020-12-09T11:08:21.209817741Z\nbatchGet lockedKeys: 3 at 2020-12-09T11:08:23.827054497Z""]
[2020/12/09 11:08:23.827 +00:00] [INFO] [conn.go:809] [""command dispatched failed""] [conn=577362351838199857] [connInfo=""id:577362351838199857, addr:10.9.85.17:58554 status:11, collation:utf8mb4_general_ci, user:root""] [command=Query] [status=""inTxn:1, autocommit:1""] [sql=""select id, v from t where id = 1 or id = 2 or id = 3 order by id""] [txn_mode=PESSIMISTIC] [err=""[tikv:9004]Resolve lock timeout\ngithub.com/pingcap/errors.AddStack\n\t/home/zyguan/go/pkg/mod/github.com/pingcap/errors@v0.11.5-0.20201126102027-b0a155152ca3/errors.go:174\ngithub.com/pingcap/errors.Trace\n\t/home/zyguan/go/pkg/mod/github.com/pingcap/errors@v0.11.5-0.20201126102027-b0a155152ca3/juju_adaptor.go:15\ngithub.com/pingcap/tidb/store/tikv.(*tikvSnapshot).batchGetSingleRegion\n\t/home/zyguan/go/src/github.com/pingcap/tidb/store/tikv/snapshot.go:346\ngithub.com/pingcap/tidb/store/tikv.(*tikvSnapshot).batchGetKeysByRegions\n\t/home/zyguan/go/src/github.com/pingcap/tidb/store/tikv/snapshot.go:243\ngithub.com/pingcap/tidb/store/tikv.(*tikvSnapshot).BatchGet\n\t/home/zyguan/go/src/github.com/pingcap/tidb/store/tikv/snapshot.go:153\ngithub.com/pingcap/tidb/kv.(*BufferBatchGetter).BatchGet\n\t/home/zyguan/go/src/github.com/pingcap/tidb/kv/utils.go:102\ngithub.com/pingcap/tidb/executor.(*BatchPointGetExec).initialize\n\t/home/zyguan/go/src/github.com/pingcap/tidb/executor/batch_point_get.go:340\ngithub.com/pingcap/tidb/executor.(*BatchPointGetExec).Next\n\t/home/zyguan/go/src/github.com/pingcap/tidb/executor/batch_point_get.go:143\ngithub.com/pingcap/tidb/executor.Next\n\t/home/zyguan/go/src/github.com/pingcap/tidb/executor/executor.go:277\ngithub.com/pingcap/tidb/executor.(*recordSet).Next\n\t/home/zyguan/go/src/github.com/pingcap/tidb/executor/adapter.go:129\ngithub.com/pingcap/tidb/server.(*tidbResultSet).Next\n\t/home/zyguan/go/src/github.com/pingcap/tidb/server/driver_tidb.go:298\ngithub.com/pingcap/tidb/server.(*clientConn).writeChunks\n\t/home/zyguan/go/src/github.com/pingcap/tidb/server/conn.go:1728\ngithub.com/pingcap/tidb/server.(*clientConn).writeResultset\n\t/home/zyguan/go/src/github.com/pingcap/tidb/server/conn.go:1688\ngithub.com/pingcap/tidb/server.(*clientConn).handleStmt\n\t/home/zyguan/go/src/github.com/pingcap/tidb/server/conn.go:1585\ngithub.com/pingcap/tidb/server.(*clientConn).handleQuery\n\t/home/zyguan/go/src/github.com/pingcap/tidb/server/conn.go:1451\ngithub.com/pingcap/tidb/server.(*clientConn).dispatch\n\t/home/zyguan/go/src/github.com/pingcap/tidb/server/conn.go:1027\ngithub.com/pingcap/tidb/server.(*clientConn).Run\n\t/home/zyguan/go/src/github.com/pingcap/tidb/server/conn.go:792\ngithub.com/pingcap/tidb/server.(*Server).onConn\n\t/home/zyguan/go/src/github.com/pingcap/tidb/server/server.go:459\nruntime.goexit\n\t/usr/local/lib/go/src/runtime/asm_amd64.s:1373""]
[2020/12/09 11:08:23.880 +00:00] [INFO] [commit.go:92] [""2PC commitTS rejected by TiKV, retry with a newer commitTS""] [conn=577362351838199859] [txnStartTS=421399641765707777] [info=""{StartTs:421399641765707777 AttemptedCommitTs:421399641831243777 Key:7480000000000000465f728000000000000000 MinCommitTs:421399642355531778}""]
```

### 4. What is your TiDB version? (Required)

master with some not-related changes (ba9789eed17cc9351b71b3507a3f0e4c23efc28b from https://github.com/pingcap/tidb/pull/21557), built with failpoints enabled.","[issue_comment | lysu | 2020-12-21T05:23:24Z]
it seems RR also have the same problem:

| session1 | session2 | result/comment |
|---|---|---|
| ` SET GLOBAL transaction_isolation='REPEATABLE-READ';` | | |
| | `begin pessimistic;` | |
| | `update t set v = v + 1 where id >= 0;` | |
| | | Enable failpoint `github.com/pingcap/tidb/store/tikv/beforeCommit` as `""pause""` at this time |
| | `commit` | It will be blocked due to the failpoint. Don't wait for it and continue following steps. |
| `select id, v from t where id = 1 or id = 2 or id = 3 order by id;` | | Blocked and maybe report timeout error. |

we will try to handle this issue :wink:

---COMMENT---

[issue_comment | ti-srebot | 2020-12-24T13:53:41Z]
### Bug

Note: Make Sure that 'component', and 'severity' labels are added
Example for how to fill out the template: https://github.com/pingcap/tidb/issues/20100

#### 1. Root Cause Analysis (RCA) (optional) 
<!-- Write down the reason why this bug occurs -->

TiKV changes the result of `check_txn_status` which breaks the protocol between TiDB and TiKV.

#### 2. Symptom (optional)

<!-- What will the user see when this bug occurs. The error message may be in the terminal, log or monitoring -->

Reading is blocked by locks even if locks' `min_commit_ts` > txn's `start_ts`.

#### 3. All Trigger Conditions (optional)

<!-- All the user scenarios that may trigger this bug -->

Read-write conflict.

#### 4. Workaround (optional)

No

#### 5. Affected versions

<!--
In the format of [start_version:end_version], multiple version ranges are
accepted. If the bug only affects the unreleased version, please input:
""unreleased"". For example:

Notes:
  1. Do not use any white spaces in '[]'.
  2. The range in '[]' is a closed interval
  3. The version format is `v$Major.$Minor.$Patch`, the $Majoy and $Minor
     number in a version range should be the same. [v3.0.1:v3.1.2] is
     invalid because the $Minor number of the version range is different.

Example 1: [v3.0.1:v3.0.5], [v4.0.1:v4.0.5]
Example 2: unreleased
-->

unreleased

#### 6. Fixed versions

<!--
The first released version that contains this fix in each minor version. If the bug's affected version has been released, the fixed version should be a detailed version number; If the bug doesn't affect any released version, the fixed version can be ""master"";  

Example 1: v3.0.13, v4.0.5
Example 2: master
-->

master",closed,2020-12-11T04:04:32Z,,,accepted_fault,Unnecessary blocking,Excessive isolation
icse2024_understanding_transaction_bugs_in_database:d4b9c3dfe50ebc25,icse2024_understanding_transaction_bugs_in_database,database_transactions,https://bugs.mysql.com/bug.php?id=91837,IS.innodb_trx results filtered by trx_started depends on timezone,"Description:
INFORMATION_SCHEMA.innodb_trx.trx_started contains ""Transaction start time."".
Unfortunately it's not documented what it always stays in server's system timezone regardless to system/session value for time_zone variable.

Currently the query requesting transactions started longer than 5 seconds ago require conversion:
select count(*) from information_schema.innodb_trx where convert_tz(trx_started, @@system_time_zone, @@session.time_zone) < date_sub(now(), interval 5 second);

Similar columns in performance schema (e.g. performance_schema.events_statements_summary_by_digest.last_seen) converting timestamps correctly to current timezone.

How to repeat:
docker run --rm -it -e MYSQL_ALLOW_EMPTY_PASSWORD=1 --name m8 mysql:latest
it starts mysql with system timezone UTC.
in one session (docker exec -it m8 mysql) start long running transaction:
begin;select * from mysql.innodb_table_stats LIMIT 1;

in second session:
set session time_zone='-09:00';
mysql> select count(*) from information_schema.innodb_trx where trx_started < date_sub(now(), interval 5 second);
+----------+
| count(*) |
+----------+
|        0 |
+----------+

Expected results the same as before running time_zone:
mysql> select count(*) from information_schema.innodb_trx where trx_started < date_sub(now(), interval 5 second);
+----------+
| count(*) |
+----------+
|        1 |
+----------+","[31 Jul 2018 5:59] MySQL Verification Team
Hello Nikolai,

Thank you for the report!

Thanks,
Umesh

---COMMENT---

[31 Jul 2018 12:43] Peter Zaitsev
I want to point out this behavior seems to come from the fact this column is DATETIME type:

| trx_started                | datetime            | NO   |     | 0000-00-00 00:                                      00:00 |

Why is DATETIME used here while in other cases (like mentioned Performance Schema table)  TIMESTAMP is used is unclear.  Looks like mistake to me.",Verified (2884 days),2018-07-31 4:35,,,accepted_fault,Incorrect DBMS state,Consistency: DBMS state
icse2024_understanding_transaction_bugs_in_database:d6928d5edbc36dfa,icse2024_understanding_transaction_bugs_in_database,database_transactions,https://jira.mariadb.org/browse/MDEV-27992,DELETE fails to delete record after blocking is released,"Isolation Level: Read Committed & Read Uncommitted
One transaction modifies a row, the other transaction concurrently deletes that row and is blocked. After blocking is released, the second transaction DELETE fails.

{code:sql}
/* init */ DROP TABLE IF EXISTS t;
/* init */ CREATE TABLE t(c1 INT PRIMARY KEY, c2 INT);
/* init */ INSERT INTO t(c1) VALUES (8);

/* t1 */ BEGIN;
/* t2 */ BEGIN;
/* t1 */ UPDATE t SET c1 = 5, c2 = 5;
/* t2 */ DELETE FROM t; -- blocked
/* t1 */ UPDATE t SET c1 = 3;
/* t1 */ COMMIT; -- t2 unblocked
/* t2 */ SELECT * FROM t FOR UPDATE; -- [(3, 5)]
/* t2 */ ROLLBACK;
{code}","[2022-03-03T12:46:15.000+0000 | Marko Mäkelä]
Here is a simpler, executable version of the test, again (like in MDEV-27922) using {{COMMIT}} instead of {{ROLLBACK}} because {{COMMIT}} is a simpler operation for InnoDB:
{code:sql}
--source include/have_innodb.inc

CREATE TABLE t1(c1 INT PRIMARY KEY, c2 INT) ENGINE=InnoDB;
INSERT INTO t1(c1) VALUES (8);

BEGIN;

connection default;
UPDATE t1 SET c1 = 5, c2 = 5;

connect con1,localhost,root;
send DELETE FROM t1;

connection default;
let $wait_condition=
    select count(*) = 1 from information_schema.processlist
    where state = ""Updating"" and info = ""DELETE FROM t1"";
--source include/wait_condition.inc

UPDATE t1 SET c1 = 3;
COMMIT;

connection con1;
reap;
disconnect con1;

connection default;
SELECT * FROM t1;
DROP TABLE t1;
{code}
I tested some versions of MariaDB where no wrong result was returned. In those cases, {{DELETE}} reported an error:
{noformat:title=mariadb-10.6.5}
mysqltest: At line 24: query 'reap' failed: 1213: Deadlock found when trying to get lock; try restarting transaction
{noformat}
I verified the wrong result (no error reported for {{DELETE}}) also for 10.5.14 and 10.6.6. If I revert the MDEV-27025 fix, the deadlock error will be reported.

I debugged this with a version of the server that includes the MDEV-27025 (and returns the reported result). At the time the {{lock_wait()}} returns to the {{DELETE}} statement, the {{m_prebuilt->pcur}} was already positioned on the meanwhile delete-marked record (5,5).

At the time {{lock_wait()}} was invoked, the table contained the record (5,5) and the delete-marked record (8,NULL). So, the problem appears to be that after {{lock_wait()}} is resumed and the current record is committed as delete-marked, we fail to notice that the record had been replaced with one with a smaller {{PRIMARY KEY}} value (3,5). That is why the record (3,5) will survive the execution of the {{DELETE}} statement.

In this special case where {{DELETE}} is operating on the entire table, escalating to table-level locking (MDEV-24813) would prevent this wrong result.

[~vlad.lesin], please check if we could do anything else to prevent this at a lower level.

---

[2022-03-03T13:13:46.000+0000 | Marko Mäkelä]
The {{DELETE}} did acquire a gap lock on the gap before the record (5,5), but that did not conflict with the preceding {{UPDATE}}.

Even if I add {{SET SESSION TRANSACTION ISOLATION LEVEL SERIALIZABLE}} before the {{DELETE}}, the record (5,3) will survive the {{DELETE}}.

---

[2022-03-04T09:53:24.000+0000 | Marko Mäkelä]
Even if both transactions report {{SELECT @@tx_isolation}} as {{SERIALIZABLE}}, the {{DELETE}} will still fail to remove the record. Note: If there was a {{WHERE}} condition on the {{DELETE}} that is supposed to match all rows, then a work-around provided MDEV-24813 would not work.

I was thinking a bit more, and I currently hope that this problem is only related to a corner case: When the {{PRIMARY KEY}} of a record is being updated to a smaller value, a concurrent {{DELETE}} or {{UPDATE}} may have trouble.

I found two source code comments that refers to a related problem, the [Halloween problem|https://en.wikipedia.org/wiki/Halloween_Problem] ""allowing the row to be visited more than once during the operation"". Here, a matching row is not being visited at all.
{code:c++}
	if (row_upd_changes_ord_field_binary(index, node->update, thr,
					     node->row, node->ext)) {

		/* Update causes an ordering field (ordering fields within
		the B-tree) of the clustered index record to change: perform
		the update by delete marking and inserting.

		TODO! What to do to the 'Halloween problem', where an update
		moves the record forward in index so that it is again
		updated when the cursor arrives there? Solution: the
		read operation must check the undo record undo number when
		choosing records to update. MySQL solves now the problem
		externally! */

		err = row_upd_clust_rec_by_insert(
{code}
I understand that the comment is a description of a solution that has not been implemented. At a higher level, there is another comment about this:
{code:c++}
/**
Updates a row given as a parameter to a new value. Note that we are given
whole rows, not just the fields which are updated: this incurs some
overhead for CPU when we check which fields are actually updated.
TODO: currently InnoDB does not prevent the 'Halloween problem':
in a searched update a single row can get updated several times
if its index columns are updated!
@param[in] old_row	Old row contents in MySQL format
@param[out] new_row	Updated row contents in MySQL format
@return error number or 0 */

int
ha_innobase::update_row(
	const uchar*	old_row,
	const uchar*	new_row)
{code}
For fixing this bug, I can offer a wild idea that I do not think can be implemented easily: Once the lock has been granted and the record is committed as delete-marked, then we could try to look up the record that replaced it. If the new key is smaller, we should somehow rewind to that record (without running into the Halloween problem). Theoretically we could look up the replacement record if our transaction holds a read view (this is not necessarily the case for locking reads!) that allows us to access the undo log of the initially conflicting and now committed transaction. I do not think that  the current undo log format allows us to distinguish the {{UPDATE}} of a {{PRIMARY KEY}} from a {{DELETE}} and {{INSERT}}.

---

[2022-03-04T15:09:04.000+0000 | Vladislav Lesin]
I simplified the test a bit:

{code:java}
--source include/have_innodb.inc                                                
                                                                                
CREATE TABLE t1(c1 INT PRIMARY KEY) ENGINE=InnoDB;                              
INSERT INTO t1 VALUES (3);                                                     
                                                                                
BEGIN;                                                                          
                                                                                
connection default;                                                             
UPDATE t1 SET c1 = 2;                                                          
                                                                                
connect con1,localhost,root;                                                    
send DELETE FROM t1;                                                            
                                                                                
connection default;                                                             
let $wait_condition=                                                            
    select count(*) = 1 from information_schema.processlist                     
    where state = ""Updating"" and info = ""DELETE FROM t1"";                       
--source include/wait_condition.inc                                             
                                                                                
UPDATE t1 SET c1 = 1;                                                          
COMMIT;                                                                         
                                                                                
connection con1;                                                                
reap;                                                                           
disconnect con1;                                                                
                                                                                
connection default;                                                             
SELECT * FROM t1;                                                               
DROP TABLE t1;
{code}

Here is the sequence of actions which cause the error:
1) The first ""UPDATE"" sets ORDINARY X-lock on record ""3"", delete-marks it, inserts record ""2"" and inherits gap X-lock from ORDINARY X-lock of record ""3"" to record ""2"".
2) ""DELETE"" converts implicit lock of record ""2"" to explicit not-gap X-lock, creates it's own waiting ordinary X-lock for record ""2"" which conflicts with previously converted explicit lock of ""UPDATE"" transaction.
3) ""UPDATE transaction acquires locks on ""2"", but they don't conflict with ""DELETE"" locks due to MDEV-27025 fix. Then record ""2"" is delete-marked, record ""1"" is inserted, the transaction is committed, and its locks are released.
4) ""DELETE"" transaction restores cursor position, it points to record ""2"" as it was delete-marked and not purged, and then it continues table scanning missing record ""1"".

---

[2022-03-07T20:46:45.000+0000 | Vladislav Lesin]
As there is no better solution at the moment, MDEV-27025 fix is reverted.",Closed,2022-03-03T08:21:53.000+0000,,,accepted_fault,Incorrect database state,Consistency: application state
icse2024_understanding_transaction_bugs_in_database:d7c31eeff0927a62,icse2024_understanding_transaction_bugs_in_database,database_transactions,https://github.com/pingcap/tidb/issues/19063,Insert on duplicate key update does not return error when there is conflict,"## Bug Report

Please answer these questions before submitting your issue. Thanks!

### 1. Minimal reproduce step (Required)

create table t ( c_int int, c_string varchar(40) collate utf8mb4_bin , primary key (c_string), unique key (c_int));

```sql
create table t ( c_int int, c_string varchar(40) collate utf8mb4_bin , primary key (c_string), unique key (c_int));

begin;
replace into t values (22, 'gold witch'), (24, 'gray singer'), (21, 'silver sight');
commit;
begin;
insert into t values (21,'black warlock'), (22, 'dark sloth'), (21,  'cyan song') on duplicate key update c_int = c_int + 1, c_string = concat(c_int, ':', c_string);
commit;
select * from t;
drop table t;
```

### 2. What did you expect to see? (Required)

For the insert statement, it should return:

```
ERROR 1062 (23000): Duplicate entry '22' for key 't.c_int'
```

The select statement should return:

```
mysql> select * from t;
+-------+--------------+
| c_int | c_string     |
+-------+--------------+
|    21 | silver sight |
|    22 | gold witch   |
|    24 | gray singer  |
+-------+--------------+
3 rows in set (0.00 sec)
```

### 3. What did you see instead (Required)

The insert statement returns:

```
Query OK, 5 rows affected (0.00 sec)
Records: 3  Duplicates: 2  Warnings: 0
```

The select statement returns:

```
mysql> select * from t;
+-------+--------------------+
| c_int | c_string           |
+-------+--------------------+
|    22 | gold witch         |
|    24 | gray singer        |
|    23 | 23:22:silver sight |
|    21 | cyan song          |
+-------+--------------------+
4 rows in set (0.00 sec)
```

### 4. What is your TiDB version? (Required)

v4.0.0-beta.2-913-gceff1fcaf

<!-- Paste the output of SELECT tidb_version() -->","[issue_comment | cfzjywxk | 2020-08-07T08:45:57Z]
release-4.0 branch with commit ""7cac557b024f0aaca6825193477e5e6daea7055b"" dose not reproduce this problem,
master branch has this problem.

---COMMENT---

[issue_comment | jackysp | 2020-08-07T08:58:20Z]
https://github.com/pingcap/tidb/pull/18877 introduced it.",closed,2020-08-07T08:42:48Z,,,accepted_fault,Missing error,Statement correctness: missing error
icse2024_understanding_transaction_bugs_in_database:da8e814a71d7591b,icse2024_understanding_transaction_bugs_in_database,database_transactions,https://github.com/pingcap/tidb/issues/20881,"clustered index + new collation + transaction, `delete from t` doesn't delete all the values.","## Bug Report

Please answer these questions before submitting your issue. Thanks!

### 1. Minimal reproduce step (Required)

<!-- a step by step guide for reproducing the bug. -->
``` sql
mysql> show create table t;
+-------+--------------------------------------------------------------------------------------------------------------------------------------------------------------------------------------------------------------------------------------------------------------------------------------------------------------+
| Table | Create Table                                                                                                                                                                                                                                                                                                 |
+-------+--------------------------------------------------------------------------------------------------------------------------------------------------------------------------------------------------------------------------------------------------------------------------------------------------------------+
| t     | CREATE TABLE `t` (
  `a` char(10) COLLATE utf8mb4_unicode_ci NOT NULL,
  `b` char(21) COLLATE utf8mb4_general_ci NOT NULL,
  `c` int(11) NOT NULL,
  PRIMARY KEY (`a`,`b`,`c`),
  KEY `idx` (`a`),
  KEY `idx1` (`a`,`b`),
  KEY `idx2` (`a`(1))
) ENGINE=InnoDB DEFAULT CHARSET=utf8mb4 COLLATE=utf8mb4_bin |
+-------+--------------------------------------------------------------------------------------------------------------------------------------------------------------------------------------------------------------------------------------------------------------------------------------------------------------+
1 row in set (0.00 sec)
mysql> select * from t;
+----+----+---+
| a  | b  | c |
+----+----+---+
| a5 | b5 | 3 |
+----+----+---+
1 row in set (0.00 sec)

mysql> begin;
Query OK, 0 rows affected (0.00 sec)

mysql> insert into t values(""a6"", ""b6"", 3);
Query OK, 1 row affected (0.00 sec)

mysql> delete from t;
Query OK, 2 rows affected (0.00 sec)

mysql> select * from t;
+------+------+---+
| a    | b    | c |
+------+------+---+
| 3/ |  B 6 | 3 |
+------+------+---+
1 row in set (0.01 sec)

mysql> commit;
Query OK, 0 rows affected (0.00 sec)

mysql> select * from t;
+----+----+---+
| a  | b  | c |
+----+----+---+
| a6 | b6 | 3 |
+----+----+---+
1 row in set (0.00 sec)
```


### 2. What did you expect to see? (Required)
After `delete from t;`, all rows are removed.
### 3. What did you see instead (Required)
One row left.
### 4. What is your TiDB version? (Required)

<!-- Paste the output of SELECT tidb_version() -->

master.","[issue_comment | ti-srebot | 2020-11-12T07:18:19Z]
## Please edit this comment to complete the following information

### Not a bug

1. Remove the 'type/bug' label
2. Add notes to indicate why it is not a bug

### Duplicate bug

1. Add the 'type/duplicate' label
2. Add the link to the original bug

### Bug

Note: Make Sure that 'component', and 'severity' labels are added
Example for how to fill out the template: https://github.com/pingcap/tidb/issues/20100

#### 1. Root Cause Analysis (RCA) (optional) 
<!-- Write down the reason why this bug occurs -->

#### 2. Symptom (optional)

<!-- What will the user see when this bug occurs. The error message may be in the terminal, log or monitoring -->

#### 3. All Trigger Conditions (optional)

<!-- All the user scenarios that may trigger this bug -->

#### 4. Workaround (optional)

#### 5. Affected versions
unreleased
<!--
In the format of [start_version:end_version], multiple version ranges are
accepted. If the bug only affects the unreleased version, please input:
""unreleased"". For example:

Notes:
  1. Do not use any white spaces in '[]'.
  2. The range in '[]' is a closed interval
  3. The version format is `v$Major.$Minor.$Patch`, the $Majoy and $Minor
     number in a version range should be the same. [v3.0.1:v3.1.2] is
     invalid because the $Minor number of the version range is different.

Example 1: [v3.0.1:v3.0.5], [v4.0.1:v4.0.5]
Example 2: unreleased
-->

#### 6. Fixed versions
master
<!--
The first released version that contains this fix in each minor version. If the bug's affected version has been released, the fixed version should be a detailed version number; If the bug doesn't affect any released version, the fixed version can be ""master"";  

Example 1: v3.0.13, v4.0.5
Example 2: master
-->",closed,2020-11-05T12:36:44Z,,,accepted_fault,Incorrect database state,Consistency: application state
icse2024_understanding_transaction_bugs_in_database:db67fa8f196c7952,icse2024_understanding_transaction_bugs_in_database,database_transactions,https://jira.mariadb.org/browse/MDEV-25457,Server crashes in row_undo_mod_clust_low upon rollback of read-only transaction,"{code:sql}
--source include/have_innodb.inc

CREATE TEMPORARY TABLE t (a INT) ENGINE=InnoDB;
INSERT INTO t VALUES (1);
START TRANSACTION READ ONLY;
UPDATE t SET a = NULL;
ROLLBACK;
{code}

{noformat:title=10.2 635b5ce3}
#3  <signal handler called>
#4  0x000055629fb2feb7 in row_undo_mod_clust_low (node=0x7fd6d40a8bd0, offsets=0x7fd72c243b58, offsets_heap=0x7fd72c243b50, heap=0x7fd6d40a90e0, rebuilt_old_pk=0x7fd72c243b60, sys=0x7fd72c243b83 """", thr=0x7fd6d4036878, mtr=0x7fd72c243b90, mode=2) at /data/src/10.2/storage/innobase/row/row0umod.cc:110
#5  0x000055629fb306af in row_undo_mod_clust (node=0x7fd6d40a8bd0, thr=0x7fd6d4036878) at /data/src/10.2/storage/innobase/row/row0umod.cc:298
#6  0x000055629fb32d63 in row_undo_mod (node=0x7fd6d40a8bd0, thr=0x7fd6d4036878) at /data/src/10.2/storage/innobase/row/row0umod.cc:1277
#7  0x000055629f94eed6 in row_undo (node=0x7fd6d40a8bd0, thr=0x7fd6d4036878) at /data/src/10.2/storage/innobase/row/row0undo.cc:303
#8  0x000055629f94f037 in row_undo_step (thr=0x7fd6d4036878) at /data/src/10.2/storage/innobase/row/row0undo.cc:351
#9  0x000055629f8b2c91 in que_thr_step (thr=0x7fd6d4036878) at /data/src/10.2/storage/innobase/que/que0que.cc:1039
#10 0x000055629f8b2eb1 in que_run_threads_low (thr=0x7fd6d4036878) at /data/src/10.2/storage/innobase/que/que0que.cc:1103
#11 0x000055629f8b307b in que_run_threads (thr=0x7fd6d4036878) at /data/src/10.2/storage/innobase/que/que0que.cc:1143
#12 0x000055629f9adbfd in trx_rollback_to_savepoint_low (trx=0x7fd72c5b5120, savept=0x0) at /data/src/10.2/storage/innobase/trx/trx0roll.cc:107
#13 0x000055629f9adee6 in trx_rollback_for_mysql_low (trx=0x7fd72c5b5120) at /data/src/10.2/storage/innobase/trx/trx0roll.cc:169
#14 0x000055629f9ae1f2 in trx_rollback_for_mysql (trx=0x7fd72c5b5120) at /data/src/10.2/storage/innobase/trx/trx0roll.cc:200
#15 0x000055629f7bb501 in innobase_rollback (hton=0x5562a1e8fd80, thd=0x7fd6d4000d90, rollback_trx=true) at /data/src/10.2/storage/innobase/handler/ha_innodb.cc:4832
#16 0x000055629f5b779f in ha_rollback_trans (thd=0x7fd6d4000d90, all=true) at /data/src/10.2/sql/handler.cc:1708
#17 0x000055629f49bd35 in trans_rollback (thd=0x7fd6d4000d90) at /data/src/10.2/sql/transaction.cc:415
#18 0x000055629f33770d in mysql_execute_command (thd=0x7fd6d4000d90) at /data/src/10.2/sql/sql_parse.cc:5411
#19 0x000055629f33e562 in mysql_parse (thd=0x7fd6d4000d90, rawbuf=0x7fd6d40126f8 ""ROLLBACK"", length=8, parser_state=0x7fd72c245570, is_com_multi=false, is_next_command=false) at /data/src/10.2/sql/sql_parse.cc:7796
#20 0x000055629f32c78c in dispatch_command (command=COM_QUERY, thd=0x7fd6d4000d90, packet=0x7fd6d4008b51 ""ROLLBACK"", packet_length=8, is_com_multi=false, is_next_command=false) at /data/src/10.2/sql/sql_parse.cc:1827
#21 0x000055629f32b287 in do_command (thd=0x7fd6d4000d90) at /data/src/10.2/sql/sql_parse.cc:1381
#22 0x000055629f485e36 in do_handle_one_connection (connect=0x5562a23dca80) at /data/src/10.2/sql/sql_connect.cc:1336
#23 0x000055629f485b9b in handle_one_connection (arg=0x5562a23dca80) at /data/src/10.2/sql/sql_connect.cc:1241
#24 0x000055629fcb0cec in pfs_spawn_thread (arg=0x5562a247fcd0) at /data/src/10.2/storage/perfschema/pfs.cc:1869
#25 0x00007fd731bd9609 in start_thread (arg=<optimized out>) at pthread_create.c:477
#26 0x00007fd7317b5293 in clone () at ../sysdeps/unix/sysv/linux/x86_64/clone.S:95
{noformat}

The failure started happening in its current form after this commit:
{noformat}
commit a3871cd2832dec43ca4ad6592646f58a7acf6630 7fa12b1e34d3d561baed9e7f2aacb0d6a3eb7062
Author:     Eugene Kosov
AuthorDate: Wed Mar 31 16:36:36 2021 +0300
Commit:     Eugene Kosov <claprix@yandex.ru>
CommitDate: Thu Apr 15 17:53:33 2021 +0300

    MDEV-22255 SIGABRT: Assertion `id' failed in trx_write_trx_id on INSERT | Assertion `id > 0' failed in trx_write_trx_id | Assertion `val > 0' failed in row_upd_index_entry_sys_field | Assertion `thr_get_trx(thr)->id || index->table->no_rollback()' failed.
{noformat}

Before the patch, the test case would fail on {{UPDATE}} with an assertion MDEV-22257. It got fixed along with MDEV-22255 as expected, but now we have a crash upon rollback instead. 

It doesn't crash on non-debug builds on my machine, but with SIGSEGV it can be just the matter of luck (unless it happens in debug-specific code of course).

The patch hasn't yet been merged into higher versions, so 10.3+ aren't affected *yet*.","[2021-04-20T04:37:59.000+0000 | Marko Mäkelä]
My intuition would say that if a transaction is already in progress, {{START TRANSACTION}} or {{BEGIN}} should do one of the following:
# Return an error. (This would be clearest, but I am afraid that it would be a major change in behaviour, breaking many applications.)
# Commit the active transaction, release all its resources, and start a new one. (Likewise, this could break some things.)
# Be ignored. (In the described case, the transaction would remain in read-write mode.)

Based on the popularity of the function {{trx_start_if_not_started()}}, I am afraid that we have to go with the second or third choice.

Transactions are controlled both on the SQL layer (for the purpose of metadata locks and replication) and the InnoDB layer ({{ROLLBACK}}, durability, MVCC).

[~kevg], please describe in detail what currently happens during the {{START TRANSACTION READ ONLY}}. Please consider also what would happen if a {{XA}} transaction would be started while an implicitly started transaction is in progress.

---

[2021-04-21T08:25:04.000+0000 | Marko Mäkelä]
I applied the SIGSEGV fix of the debug assertion (and the test case to exercise it) from bb-10.2-kevgs to 10.3 when merging MDEV-22255 and many other changes. The patch had not been pushed to 10.2 yet at that point.

The patch is OK to push to 10.2 too. Apparently the only issue was that the debug assertion was trying to access {{dict_table_t}} via a null pointer.",Closed,2021-04-19T23:06:19.000+0000,,,accepted_fault,Crash,Consistency: DBMS state
icse2024_understanding_transaction_bugs_in_database:dc2414df2ad9df51,icse2024_understanding_transaction_bugs_in_database,database_transactions,https://github.com/pingcap/tidb/issues/21722,execute DDL statement in transaction reports 'invalid transaction',"## Bug Report

Please answer these questions before submitting your issue. Thanks!

### 1. Minimal reproduce step (Required)

```sql
drop table if exists t;
create table t (c_int int, c_str varchar(40));
insert into t values (1, 'quizzical hofstadter');
begin;
select c_int from t where c_str is not null for update;
alter table t add index idx_4 (c_str);
```

<!-- a step by step guide for reproducing the bug. -->

### 2. What did you expect to see? (Required)

```console
Query OK, 0 rows affected
```

### 3. What did you see instead (Required)

```console
ERROR 8024 (HY000): invalid transaction
```

log output:

```
[2020/12/14 19:19:13.332 +08:00] [ERROR] [txn.go:215] [""the code should never run here""] [TxnState=""Txn{state=valid, txnStartTS=421513069415104512}""] [""staging handler""=1] [""something must be wrong""=""github.com/pingcap/tidb/session.(*TxnState).Commit\n\t/home/tangenta/gopath/src/github.com/pingcap/tidb/session/txn.go:218\ngithub.com/pingcap/tidb/session.(*session).doCommit\n\t/home/tangenta/gopath/src/github.com/pingcap/tidb/session/session.go:478\ngithub.com/pingcap/tidb/session.(*session).doCommitWithRetry\n\t/home/tangenta/gopath/src/github.com/pingcap/tidb/session/session.go:499\ngithub.com/pingcap/tidb/session.(*session).CommitTxn\n\t/home/tangenta/gopath/src/github.com/pingcap/tidb/session/session.go:559\ngithub.com/pingcap/tidb/session.(*session).NewTxn\n\t/home/tangenta/gopath/src/github.com/pingcap/tidb/session/session.go:1627\ngithub.com/pingcap/tidb/executor.(*DDLExec).Next\n\t/home/tangenta/gopath/src/github.com/pingcap/tidb/executor/ddl.go:77\ngithub.com/pingcap/tidb/executor.Next\n\t/home/tangenta/gopath/src/github.com/pingcap/tidb/executor/executor.go:278\ngithub.com/pingcap/tidb/executor.(*ExecStmt).handleNoDelayExecutor\n\t/home/tangenta/gopath/src/github.com/pingcap/tidb/executor/adapter.go:524\ngithub.com/pingcap/tidb/executor.(*ExecStmt).handleNoDelay\n\t/home/tangenta/gopath/src/github.com/pingcap/tidb/executor/adapter.go:405\ngithub.com/pingcap/tidb/executor.(*ExecStmt).Exec\n\t/home/tangenta/gopath/src/github.com/pingcap/tidb/executor/adapter.go:355\ngithub.com/pingcap/tidb/session.runStmt\n\t/home/tangenta/gopath/src/github.com/pingcap/tidb/session/session.go:1310\ngithub.com/pingcap/tidb/session.(*session).ExecuteStmt\n\t/home/tangenta/gopath/src/github.com/pingcap/tidb/session/session.go:1254\ngithub.com/pingcap/tidb/server.(*TiDBContext).ExecuteStmt\n\t/home/tangenta/gopath/src/github.com/pingcap/tidb/server/driver_tidb.go:212\ngithub.com/pingcap/tidb/server.(*clientConn).handleStmt\n\t/home/tangenta/gopath/src/github.com/pingcap/tidb/server/conn.go:1561\ngithub.com/pingcap/tidb/server.(*clientConn).handleQuery\n\t/home/tangenta/gopath/src/github.com/pingcap/tidb/server/conn.go:1453\ngithub.com/pingcap/tidb/server.(*clientConn).dispatch\n\t/home/tangenta/gopath/src/github.com/pingcap/tidb/server/conn.go:1027\ngithub.com/pingcap/tidb/server.(*clientConn).Run\n\t/home/tangenta/gopath/src/github.com/pingcap/tidb/server/conn.go:792\ngithub.com/pingcap/tidb/server.(*Server).onConn\n\t/home/tangenta/gopath/src/github.com/pingcap/tidb/server/server.go:461""]
```

### 4. What is your TiDB version? (Required)
master, `49b926ede766b316cc42bdf40d9ada37deb67968`

<!-- Paste the output of SELECT tidb_version() -->","[issue_comment | xiaodong-ji | 2020-12-16T02:57:21Z]
/assign

---COMMENT---

[issue_comment | ti-srebot | 2020-12-17T11:14:40Z]
## Please edit this comment or add a new comment to complete the following information

### Not a bug

1. Remove the 'type/bug' label
2. Add notes to indicate why it is not a bug

### Duplicate bug

1. Add the 'type/duplicate' label
2. Add the link to the original bug

### Bug

Note: Make Sure that 'component', and 'severity' labels are added
Example for how to fill out the template: https://github.com/pingcap/tidb/issues/20100

#### 1. Root Cause Analysis (RCA) (optional) 
<!-- Write down the reason why this bug occurs -->
Select for update statement in optimistic transaction still lazy execute, so it has no chance to `StmtCommit` when executing. Then if it is auto committed by a DDL, it will meet the error `invalid transaction`.

#### 2. Symptom (optional)
```
drop table if exists t;
create table t (c_int int, c_str varchar(40));
insert into t values (1, 'quizzical hofstadter');
begin;
select c_int from t where c_str is not null for update;
alter table t add index idx_4 (c_str);
```
then,
```
ERROR 8024 (HY000): invalid transaction
```
<!-- What will the user see when this bug occurs. The error message may be in the terminal, log or monitoring -->

#### 3. All Trigger Conditions (optional)
1. Optimistic transaction.
2. Select for update in an explicit transaction as the last statement (not committed yet).
3. Execute an DDL.
<!-- All the user scenarios that may trigger this bug -->

#### 4. Workaround (optional)
commit/rollback then run the DDL.

#### 5. Affected versions
master (after 4.0 released)
<!--
In the format of [start_version:end_version], multiple version ranges are
accepted. If the bug only affects the unreleased version, please input:
""unreleased"". For example:

Notes:
  1. Do not use any white spaces in '[]'.
  2. The range in '[]' is a closed interval
  3. The version format is `v$Major.$Minor.$Patch`, the $Majoy and $Minor
     number in a version range should be the same. [v3.0.1:v3.1.2] is
     invalid because the $Minor number of the version range is different.

Example 1: [v3.0.1:v3.0.5], [v4.0.1:v4.0.5]
Example 2: unreleased
-->

#### 6. Fixed versions
master 5825c56764b14b4372a2466b2365c146a9ce2a8c
<!--
The first released version that contains this fix in each minor version. If the bug's affected version has been released, the fixed version should be a detailed version number; If the bug doesn't affect any released version, the fixed version can be ""master"";  

Example 1: v3.0.13, v4.0.5
Example 2: master
-->",closed,2020-12-14T11:37:24Z,,,accepted_fault,Assertion failure,Statement correctness: assertion failure
icse2024_understanding_transaction_bugs_in_database:ddb7eb0ad32f1d9a,icse2024_understanding_transaction_bugs_in_database,database_transactions,https://github.com/pingcap/tidb/issues/19136,Result of an in-transaction query is incorrect,"## Bug Report

Please answer these questions before submitting your issue. Thanks!

### 1. Minimal reproduce step (Required)

<!-- a step by step guide for reproducing the bug. -->
```sql
drop table if exists t;
-- init
create table t ( c_int int, c_str varchar(40), primary key(c_int, c_str) );
-- txn
begin;
insert into t values (1, 'amazing almeida'), (2, 'boring bardeen'), (3, 'busy wescoff');
select c_int, (select t1.c_int from t t1 where t1.c_int = 3 and t1.c_int > t.c_int order by t1.c_int limit 1) x from t;
commit;
select c_int, (select t1.c_int from t t1 where t1.c_int = 3 and t1.c_int > t.c_int order by t1.c_int limit 1) x from t;
```

### 2. What did you expect to see? (Required)

Both selection should return:
```
+-------+------+
| c_int | x    |
+-------+------+
|     1 |    3 |
|     2 |    3 |
|     3 | NULL |
+-------+------+
```

### 3. What did you see instead (Required)

```
mysql> begin;
Query OK, 0 rows affected (0.05 sec)

mysql> insert into t values (1, 'amazing almeida'), (2, 'boring bardeen'), (3, 'busy wescoff');
Query OK, 3 rows affected (0.08 sec)
Records: 3  Duplicates: 0  Warnings: 0

mysql> select c_int, (select t1.c_int from t t1 where t1.c_int = 3 and t1.c_int > t.c_int order by t1.c_int limit 1) x from t;
+-------+------+
| c_int | x    |
+-------+------+
|     1 |    3 |
|     2 | NULL |
|     3 | NULL |
+-------+------+
3 rows in set (0.05 sec)

mysql> commit;
Query OK, 0 rows affected (0.05 sec)

mysql> select c_int, (select t1.c_int from t t1 where t1.c_int = 3 and t1.c_int > t.c_int order by t1.c_int limit 1) x from t;
+-------+------+
| c_int | x    |
+-------+------+
|     1 |    3 |
|     2 |    3 |
|     3 | NULL |
+-------+------+
3 rows in set (0.06 sec)

```

### 4. What is your TiDB version? (Required)

<!-- Paste the output of SELECT tidb_version() -->
release-4.0 @ 3948c7ba7b5d4a081abf2162b791ab67fe650882","[issue_comment | cfzjywxk | 2020-08-11T14:21:25Z]
There are two problems need to fix:
1. The `UnionScanExec` should reset `addedRows`, `cursor4AddRows`, `snapshotRows` and `cursor4SnapshotRows` doing `Close` operation. Otherwise the apply executor may open and close union scan operator and the returned data is wrong.
For v4.0 release branch, after fixing this, the result is correct.

2. On the master branch, besides the problem above, [17578](https://github.com/pingcap/tidb/pull/17578) seems to have introduced some problems. The `datum` value for the correlated column is incorrect in doing the valuation of the condition expressions in `UnionScanExec`, and the rows from mem reader are filtered wrongly. 
Maybe we need to implement `ExtractCorrelatedCols` interface for the `PhysicalUnionScan` operator, so the correlated column used by conditions in `PhysicalUnionScan` is extracted and calculated.

@SunRunAway PTAL

---COMMENT---

[issue_comment | ichn-hu | 2020-08-17T03:33:54Z]
> 1. For v4.0 release branch, after fixing this, the result is correct.

Have you fixed them? If so, is there any related PR?",closed,2020-08-11T12:15:16Z,,,accepted_fault,Incorrect query result,Consistency: application state
icse2024_understanding_transaction_bugs_in_database:e0f7fae838e7207c,icse2024_understanding_transaction_bugs_in_database,database_transactions,https://github.com/pingcap/tidb/issues/20692,Update statement not blocked by primary or unique lock,"## Description
## Bug Report

Please answer these questions before submitting your issue. Thanks!

### 1. Minimal reproduce step (Required)

Prepare table.

```sql
create table t (id int primary key, v int, vv int, vvv int, unique key u0(id, v, vv));
insert into t values(1, 1, 1, 1);
```

In **RR** isolation level.

|  txn1   | txn2  | txn3 |
|  ----  | ----  | ----  |
| begin;  | begin; | begin; |
| delete from t where id = 1 and v = 1 and vv = 1; | | |
| | insert into t values(1, 2, 3, 4); -- block | |
| | | update t set id = 10, v = 20, vv = 30, vvv = 40 where id = 1 and v = 2 and vv = 3; -- will not block, 0 rows affected |
| commit; | | |
| | execute success here | commit; |
| | commit; | |

The final result is

```sql
MySQL [test]> select * from t;
+----+------+------+------+
| id | v    | vv   | vvv  |
+----+------+------+------+
|  1 |    2 |    3 |    4 |
+----+------+------+------+
1 row in set (0.002 sec)
```

There is a little difference in **RC** isolation level. Since the insert statement is executed successful when txn1 is committed, we can commit txn2 before txn3, but the final result is same as before.

|  txn1   | txn2  | txn3 |
|  ----  | ----  | ----  |
| begin;  | begin; | begin; |
| delete from t where id = 1 and v = 1 and vv = 1; | | |
| | insert into t values(1, 2, 3, 4); -- block | |
| | | update t set id = 10, v = 20, vv = 30, vvv = 40 where id = 1 and v = 2 and vv = 3; -- will not block, 0 rows affected |
| commit; | execute success here | |
| | commit; | |
| | | commit; |

### 2. What did you expect to see? (Required)

The update statement should be blocked.

### 3. What did you see instead (Required)

The update statement is not blocked and executed immediately without any affected rows.

### 4. What is your TiDB version? (Required)

This issue both exists in nightly and release 4.0

```
Release Version: v4.0.0-beta.2-1419-g974c5fa78
Edition: Community
Git Commit Hash: 974c5fa78e69af35879da1494b771f498ebfb1b4
Git Branch: master
UTC Build Time: 2020-10-23 12:06:41
GoVersion: go1.13
Race Enabled: false
TiKV Min Version: v3.0.0-60965b006877ca7234adaced7890d7b029ed1306
Check Table Before Drop: false

Release Version: v4.0.7
Edition: Community
Git Commit Hash: ed939f3f11599b5a38352c5c160c917df3ebf3eb
Git Branch: heads/refs/tags/v4.0.7
UTC Build Time: 2020-09-29 06:56:48
GoVersion: go1.13
Race Enabled: false
TiKV Min Version: v3.0.0-60965b006877ca7234adaced7890d7b029ed1306
Check Table Before Drop: false
```


## SIG slack channel

 [#sig-planner](https://slack.tidb.io/invite?team=tidb-community&channel=sig-planner&ref=high-performance)

## Score

- 900

## Mentor

* @lzmhhh123","[issue_comment | cfzjywxk | 2020-10-28T11:28:17Z]
The delete statement will try to lock the handleKey because the unique index has found index value. The insert statement will try to insert with the same handle key as the `delete` statement, so it's blocked. The update statement try to use the unique key to get but get nothing, so it just locks the non-exist index key with value `1, 2, 3`, thus it's not blocked.
If we change the update point get executor to use primary key which is the handle value to get we will get the conflict key.

---COMMENT---

[issue_comment | Patrick0308 | 2020-11-03T02:18:01Z]
/pick-up

---COMMENT---

[issue_comment | ghost | 2020-11-03T02:18:08Z]
Pick up success.

---COMMENT---

[issue_comment | jackysp | 2020-11-03T10:43:18Z]
The behavior of TiDB is the same as Oracle 11g and postgres.
Oracle
![image](https://user-images.githubusercontent.com/4352397/97975563-4ae29d80-1e04-11eb-8416-f87db5796679.png)
and postgres
![image](https://user-images.githubusercontent.com/4352397/97975651-6b125c80-1e04-11eb-9761-165654302c3d.png)

---COMMENT---

[issue_comment | Patrick0308 | 2020-11-04T02:17:00Z]
@jackysp Are you test in RC isolation level?

---COMMENT---

[issue_comment | jackysp | 2020-11-04T02:18:38Z]
> @jackysp Are you test in RC isolation level?

Yes.

---COMMENT---

[issue_comment | Patrick0308 | 2020-11-04T02:23:56Z]
@you06 @cfzjywxk What do you think? Do we need to fix it to be consistent with the behavior of MYSQL?

---COMMENT---

[issue_comment | cfzjywxk | 2020-11-04T02:42:12Z]
> @you06 @cfzjywxk What do you think? Do we need to fix it to be consistent with the behavior of MYSQL?

It's unexpected because the generated point get plan used index `u0`, 
```
+-------------------+---------+------+------------------------------+---------------+
| id                | estRows | task | access object                | operator info |
+-------------------+---------+------+------------------------------+---------------+
| Update_2          | N/A     | root |                              | N/A           |
| └─Point_Get_1     | 1.00    | root | table:t, index:u0(id, v, vv) | lock          |
+-------------------+---------+------+------------------------------+---------------+
```
Actually the primary key(which is handle key) could be used to access the row data directly, if it's used there will be a row returned instead of zero, and this statement will be blocked. Seems this is related to https://github.com/pingcap/tidb/blob/master/planner/core/point_get_plan.go#L784 this constraint generating the point get plan.

---COMMENT---

[issue_comment | you06 | 2020-11-04T02:48:25Z]
> @you06 @cfzjywxk What do you think? Do we need to fix it to be consistent with the behavior of MYSQL?

It's unexpected in the RR isolation level only.

---COMMENT---

[issue_comment | ti-srebot | 2020-11-09T09:06:52Z]
## Please edit this comment to complete the following information

### Not a bug

1. Remove the 'type/bug' label
2. Add notes to indicate why it is not a bug

### Duplicate bug

1. Add the 'type/duplicate' label
2. Add the link to the original bug

### Bug

Note: Make Sure that 'component', and 'severity' labels are added
Example for how to fill out the template: https://github.com/pingcap/tidb/issues/20100

#### 1. Root Cause Analysis (RCA) (optional) 
<!-- Write down the reason why this bug occurs -->

#### 2. Symptom (optional)

<!-- What will the user see when this bug occurs. The error message may be in the terminal, log or monitoring -->

#### 3. All Trigger Conditions (optional)

<!-- All the user scenarios that may trigger this bug -->

#### 4. Workaround (optional)

#### 5. Affected versions

<!--
In the format of [start_version:end_version], multiple version ranges are
accepted. If the bug only affects the unreleased version, please input:
""unreleased"". For example:

Notes:
  1. Do not use any white spaces in '[]'.
  2. The range in '[]' is a closed interval
  3. The version format is `v$Major.$Minor.$Patch`, the $Majoy and $Minor
     number in a version range should be the same. [v3.0.1:v3.1.2] is
     invalid because the $Minor number of the version range is different.

Example 1: [v3.0.1:v3.0.5], [v4.0.1:v4.0.5]
Example 2: unreleased
-->

#### 6. Fixed versions

<!--
The first released version that contains this fix in each minor version. If the bug's affected version has been released, the fixed version should be a detailed version number; If the bug doesn't affect any released version, the fixed version can be ""master"";  

Example 1: v3.0.13, v4.0.5
Example 2: master
-->

---COMMENT---

[issue_comment | you06 | 2020-12-22T09:04:25Z]
Consider the following cases, if we relax the conditions by removing the `id = 1`, the update statement will not be blocked instead.

```sql
/* init */ drop table if exists t;
/* init */ create table t (id int primary key, v int, vv int, vvv int, unique key u0(v, vv));
/* init */ insert into t values(1, 1, 1, 1);

/* t1 */ begin;
/* t2 */ begin;
/* t3 */ begin;

/* t1 */ delete from t where id = 1 and v = 1 and vv = 1;
/* t2 */ insert into t values(1, 2, 3, 4); -- block
/* t3 */ update t set id = 10, v = 20, vv = 30, vvv = 40 where id = 1 and v = 2 and vv = 3; -- will block, 1 rows affected

/* t1 */ commit;
/* t3 */ commit;
/* t2 */ commit;

/* init */ select * from t; -- (10, 20, 30, 40)
```

```sql
/* init */ drop table if exists t;
/* init */ create table t (id int primary key, v int, vv int, vvv int, unique key u0(v, vv));
/* init */ insert into t values(1, 1, 1, 1);

/* t1 */ begin;
/* t2 */ begin;
/* t3 */ begin;

/* t1 */ delete from t where id = 1 and v = 1 and vv = 1;
/* t2 */ insert into t values(1, 2, 3, 4); -- block
/* t3 */ update t set id = 10, v = 20, vv = 30, vvv = 40 where v = 2 and vv = 3; -- will not block, 0 rows affected

/* t1 */ commit;
/* t3 */ commit;
/* t2 */ commit;

/* init */ select * from t; -- (1, 2, 3, 4)
```",closed,2020-10-28T08:03:38Z,,,accepted_fault,Missing blocking,Insufficient isolation: missing blocking
icse2024_understanding_transaction_bugs_in_database:e3a94481580b9bb2,icse2024_understanding_transaction_bugs_in_database,database_transactions,https://www.postgresql.org/message-id/16676-fd62c3c835880da6@postgresql.org,,,"[mail_reply | David Christensen <david(at)endpoint(dot)com> | 2020-10-19 22:02:04]
Proposed fix:
Reorder Limit/LockRows nodes to prevent locking extra tuples in FETCH FIRST WITH TIES
Reference bug report: 16676
1 file changed, 12 insertions(+), 12 deletions(-)
src/backend/optimizer/plan/planner.c | 24 ++++++++++++------------
modified   src/backend/optimizer/plan/planner.c
@@ -2293,6 +2293,18 @@ grouping_planner(PlannerInfo *root, bool inheritance_update,
{
Path	   *path = (Path *) lfirst(lc);
+		/*
+		 * If there is a LIMIT/OFFSET clause, add the LIMIT node.
+		 */
+		if (limit_needed(parse))
+		{
+			path = (Path *) create_limit_path(root, final_rel, path,
+											  parse->limitOffset,
+											  parse->limitCount,
+											  parse->limitOption,
+											  offset_est, count_est);
+		}
+
/*
* If there is a FOR [KEY] UPDATE/SHARE clause, add the LockRows node.
* (Note: we intentionally test parse->rowMarks not root->rowMarks
@@ -2307,18 +2319,6 @@ grouping_planner(PlannerInfo *root, bool inheritance_update,
assign_special_exec_param(root));
}
-		/*
-		 * If there is a LIMIT/OFFSET clause, add the LIMIT node.
-		 */
-		if (limit_needed(parse))
-		{
-			path = (Path *) create_limit_path(root, final_rel, path,
-											  parse->limitOffset,
-											  parse->limitCount,
-											  parse->limitOption,
-											  offset_est, count_est);
-		}
-
/*
* If this is an INSERT/UPDATE/DELETE, and we're not being called from
* inheritance_planner, add the ModifyTable node.

---COMMENT---

[mail_reply | Tom Lane <tgl(at)sss(dot)pgh(dot)pa(dot)us> | 2020-10-19 23:07:10]
David Christensen <david(at)endpoint(dot)com> writes:
> Proposed fix:
> Reorder Limit/LockRows nodes to prevent locking extra tuples in FETCH FIRST WITH TIES
Isn't that going to break more cases than it fixes?
regards, tom lane

---COMMENT---

[mail_reply | David Christensen <david(at)endpoint(dot)com> | 2020-10-19 23:59:21]
> On Oct 19, 2020, at 6:07 PM, Tom Lane <tgl(at)sss(dot)pgh(dot)pa(dot)us> wrote:
>
> ﻿David Christensen <david(at)endpoint(dot)com> writes:
>> Proposed fix:
>> Reorder Limit/LockRows nodes to prevent locking extra tuples in FETCH FIRST WITH TIES
>
> Isn't that going to break more cases than it fixes?
In the case of Limit, isn’t LockRows supposed to only lock the number of actual rows returned?
What are the scenarios that this might break and do you have any ideas for alternate fixes?
David

---COMMENT---

[mail_reply | David Christensen <david(at)endpoint(dot)com> | 2020-10-20 00:33:03]
> On Oct 19, 2020, at 6:59 PM, David Christensen <david(at)endpoint(dot)com> wrote:
>
>> On Oct 19, 2020, at 6:07 PM, Tom Lane <tgl(at)sss(dot)pgh(dot)pa(dot)us> wrote:
>>
>> ﻿David Christensen <david(at)endpoint(dot)com> writes:
>>> Proposed fix:
>>> Reorder Limit/LockRows nodes to prevent locking extra tuples in FETCH FIRST WITH TIES
>>
>> Isn't that going to break more cases than it fixes?
>
> In the case of Limit, isn’t LockRows supposed to only lock the number of actual rows returned?
>
> What are the scenarios that this might break and do you have any ideas for alternate fixes?
Will now that I think about it, if the LockRows node is responsible for skipping locked rows, etc then my proposed solution is clearly wrong.
Maybe splitting LockRows into two nodes, one for locking and one for emitting unlocked nodes then interleaving Limit in between? (Or only doing something along these lines for this admittedly narrow use case. )
Open to ideas on the appropriate fix.
David

---COMMENT---

[mail_reply | Alvaro Herrera <alvherre(at)alvh(dot)no-ip(dot)org> | 2020-10-20 13:41:14]
On 2020-Oct-19, David Christensen wrote:
> > On Oct 19, 2020, at 6:59 PM, David Christensen <david(at)endpoint(dot)com> wrote:
> >
> >> On Oct 19, 2020, at 6:07 PM, Tom Lane <tgl(at)sss(dot)pgh(dot)pa(dot)us> wrote:
> >>
> >> ﻿David Christensen <david(at)endpoint(dot)com> writes:
> >>> Proposed fix:
> >>> Reorder Limit/LockRows nodes to prevent locking extra tuples in FETCH FIRST WITH TIES
> >>
> >> Isn't that going to break more cases than it fixes?
> >
> > In the case of Limit, isn’t LockRows supposed to only lock the number of actual rows returned?
> >
> > What are the scenarios that this might break and do you have any ideas for alternate fixes?
>
> Will now that I think about it, if the LockRows node is responsible
> for skipping locked rows, etc then my proposed solution is clearly
> wrong.
I tried your proposed patch yesterday and found that the second query
returns no rows rather than two rows, which is not an improvement.
> Maybe splitting LockRows into two nodes, one for locking and one for
> emitting unlocked nodes then interleaving Limit in between? (Or only
> doing something along these lines for this admittedly narrow use case.)
I was having a similar idea, but the main reason I don't think it's a
good fix is that we can't backpatch such a change to pg13.
I was thinking if it was possible to modify Limit so that it would
""peek"" into its child node without ""actually reading"".  But that's not
possible in our executor implementation AFAIK -- you only have
ExecProcNode as an interface, there's no way to affect what happens
underneath.
Maybe an approach is to forbid a FOR UPDATE clause in a query that has a
LIMIT WITH TIES clause; so we'd force the user to write a subquery for
LIMIT WITH TIES and then apply FOR UPDATE to an outer query.  However,
I'm surprised to find that we have *two* LockRows nodes when doing that:
explain select * from (select * from queue order by batch_id fetch first 2 rows with ties) t for update skip locked;
QUERY PLAN
────────────────────────────────────────────────────────────────────────────────────────
LockRows  (cost=55.20..55.27 rows=2 width=40)
->  Subquery Scan on t  (cost=55.20..55.25 rows=2 width=40)
->  Limit  (cost=55.20..55.23 rows=2 width=14)
->  LockRows  (cost=55.20..83.45 rows=2260 width=14)
->  Sort  (cost=55.20..60.85 rows=2260 width=14)
Sort Key: queue.batch_id
->  Seq Scan on queue  (cost=0.00..32.60 rows=2260 width=14)
(7 filas)
and of course, we still have the behavior where the third row is
skipped.

---COMMENT---

[mail_reply | David Christensen <david(at)endpoint(dot)com> | 2020-10-21 19:12:29]
> On Oct 19, 2020, at 7:33 PM, David Christensen <david(at)endpoint(dot)com> wrote:
>
> Maybe splitting LockRows into two nodes, one for locking and one for emitting unlocked nodes then interleaving Limit in between? (Or only doing something along these lines for this admittedly narrow use case. )
This does appear to be quite a bit harder than originally hoped for on the surface; creating a node to “pass-thru” unlocked tuples without locking them would require building out some additional infrastructure that does not appear to be present in all AMs; something to allow a test for locks without actually calling table_tuple_lock() formally. Perhaps adding a param to indicate “test” only—not sure if something like similar to heapam's “test_lockmode_for_conflict()” is something we’d need to had.  (Or even a new lock mode which doesn’t create RowMarks but skips any conflicting modes.)
That said, I think it might be worth trying to go down the road of “forbid this behavior”, particularly if a workaround is available.  Perhaps looking into why Álvaro’s plan was generating the multiple LockRows nodes would be more fruitful and less likely to cause backpatching pain.
David
--
David Christensen
Senior Software and Database Engineer
End Point Corporation
david(at)endpoint(dot)com
785-727-1171

---COMMENT---

[mail_reply | Tom Lane <tgl(at)sss(dot)pgh(dot)pa(dot)us> | 2020-10-20 14:16:56]
Alvaro Herrera <alvherre(at)alvh(dot)no-ip(dot)org> writes:
> On 2020-Oct-19, David Christensen wrote:
>> Maybe splitting LockRows into two nodes, one for locking and one for
>> emitting unlocked nodes then interleaving Limit in between? (Or only
>> doing something along these lines for this admittedly narrow use case.)
> I was having a similar idea, but the main reason I don't think it's a
> good fix is that we can't backpatch such a change to pg13.
Um, why not?  I don't have a position yet on whether this is a good way
to fix it; but if we did do it, AFAICS the only thing we'd have to be
careful of in v13 is not renumbering existing NodeTag values.
If your concern is just that EXPLAIN plans will look different, the same
could be said of David's other proposal.
regards, tom lane

---COMMENT---

[mail_reply | David Christensen <david(at)endpoint(dot)com> | 2020-10-20 14:23:06]
> On Oct 20, 2020, at 9:16 AM, Tom Lane <tgl(at)sss(dot)pgh(dot)pa(dot)us> wrote:
>
> Alvaro Herrera <alvherre(at)alvh(dot)no-ip(dot)org> writes:
>> On 2020-Oct-19, David Christensen wrote:
>>> Maybe splitting LockRows into two nodes, one for locking and one for
>>> emitting unlocked nodes then interleaving Limit in between? (Or only
>>> doing something along these lines for this admittedly narrow use case.)
>
>> I was having a similar idea, but the main reason I don't think it's a
>> good fix is that we can't backpatch such a change to pg13.
>
> Um, why not?  I don't have a position yet on whether this is a good way
> to fix it; but if we did do it, AFAICS the only thing we'd have to be
> careful of in v13 is not renumbering existing NodeTag values.
>
> If your concern is just that EXPLAIN plans will look different, the same
> could be said of David's other proposal.
If we can determine the scope to which these different nodes might be used and make it so it still uses the existing node structure for most existing cases (i.e., maybe an additional parameter to create_lockrows_plan or similar) then that might work; AFAIK, this is the first time we’ve had to consider this sort of thing (though I do wonder if there might be something in window functions which might bump into this sort of issue).
I’m working on an isolation test to formalize this failure, which I can do as a separate patch if we want to have this prior to implementing a fix.
--
David Christensen
Senior Software and Database Engineer
End Point Corporation
david(at)endpoint(dot)com
785-727-1171

---COMMENT---

[mail_reply | David Christensen <david(at)endpoint(dot)com> | 2020-10-20 16:18:20]
> On Oct 20, 2020, at 9:23 AM, David Christensen <david(at)endpoint(dot)com> wrote:
>
>> On Oct 20, 2020, at 9:16 AM, Tom Lane <tgl(at)sss(dot)pgh(dot)pa(dot)us> wrote:
>>
>> Alvaro Herrera <alvherre(at)alvh(dot)no-ip(dot)org> writes:
>>> On 2020-Oct-19, David Christensen wrote:
>>>> Maybe splitting LockRows into two nodes, one for locking and one for
>>>> emitting unlocked nodes then interleaving Limit in between? (Or only
>>>> doing something along these lines for this admittedly narrow use case.)
>>
>>> I was having a similar idea, but the main reason I don't think it's a
>>> good fix is that we can't backpatch such a change to pg13.
>>
>> Um, why not?  I don't have a position yet on whether this is a good way
>> to fix it; but if we did do it, AFAICS the only thing we'd have to be
>> careful of in v13 is not renumbering existing NodeTag values.
>>
>> If your concern is just that EXPLAIN plans will look different, the same
>> could be said of David's other proposal.
>
> If we can determine the scope to which these different nodes might be used and make it so it still uses the existing node structure for most existing cases (i.e., maybe an additional parameter to create_lockrows_plan or similar) then that might work; AFAIK, this is the first time we’ve had to consider this sort of thing (though I do wonder if there might be something in window functions which might bump into this sort of issue).
>
> I’m working on an isolation test to formalize this failure, which I can do as a separate patch if we want to have this prior to implementing a fix.
Enclosed is the (currently failing) isolation test for the expected behavior.",Confirmed,2020-10-17T00:00:00+00:00,,,accepted_fault,Incorrect query result,Consistency: application state
icse2024_understanding_transaction_bugs_in_database:e63e2d564a8cc989,icse2024_understanding_transaction_bugs_in_database,database_transactions,https://bugs.mysql.com/bug.php?id=100328,Inconsistent behavior with isolation levels when binlog enabled,"Description:
For a dummy update statement in REPEATABLE-READ isolation level, the output of the select before and after update changes with binlog_format.

Test:
====

[ Check attached items for test outputs for all the major versions ]

Note: **** Check Repro Steps in How to Repeat Section before going through the attached test outputs for better understanding of test outputs are of 2nd session ****

Test Summary:
============

binlog_format = Statement
#########################

5.5, 5.6, 5.7, 8.0  -> Shows the UPDATED value in the second trx.

Binlog_format = ROW
###################

5.5 -> Shows the UPDATED value in the second trx.

5.6,5.7,8.0 -> Shows the CONSISTENT value in the second trx.

log_bin = 0:
###########

5.5, 5.6, 5.7, 8.0  -> Shows the UPDATED value in the second trx.

How to repeat:
General Repro Steps:
===================

CREATE TABLE `t1` (
`id` int(11) DEFAULT NULL,
`name` varchar(20) DEFAULT NULL
) ENGINE=InnoDB DEFAULT CHARSET=latin1;

insert into t1 values(1,'abc');

Note: ISOLATION LEVEL is constant through out all the tests [ REPEATABLE-READ ]

General Steps followed for repro:
================================

Session 1:
=========

BEGIN;

SELECT * FROM t1;

Session 2:
==========
BEGIN;

SELECT * FROM t1; ----> Note this output

Session 1:
=========

UPDATE t1 SET name='xyz' WHERE id=1;

COMMIT;

Session 2:
=========

UPDATE t1 SET name='xyz' WHERE id=1;

SELECT * FROM t1; ----> Note this output and compare it with before select output in the same session.

COMMIT;

Issue:
=====

[ Please check the attached items for the stacktrace and gdb debugging ]

Before performing update operation, MySQL compares input and output record buffers. However, table->write_set bitmap and table->read_set bitmap are being changed (set to same) in the function TABLE::mark_columns_per_binlog_row_image if binlog_format='ROW' and based on this, update operation is skipped for binlog_format='ROW'.

This is not the case for binlog_format='STATEMENT' as mark_columns_per_binlog_row_image does nothing and returns back. In this case, table->write_set bitmap and table->read_set bitmap are different and update operation happens. So, when we execute the same select again, I would get the updated value. Its the same case when binary logging is disabled.

This issue is present on 5.6,5.7,8.0 ( since the introduction of binlog_row_image ). This issue is not present on 5.5 and it does produce consistent view irrespective of binlog_format.

Ideally, we shouldn't depend on binlog_format here and the behavior should be consistent irrespective of binlog_format/log_bin.","[27 Jul 2020 6:01] Pranay Motupalli
Test outputs

Attachment: Test Ouputs.txt (text/plain), 17.65 KiB.

---COMMENT---

[27 Jul 2020 6:02] Pranay Motupalli
Test Outputs formatted image

Attachment: image.png (image/png, text), 1.05 MiB.

---COMMENT---

[27 Jul 2020 6:12] Pranay Motupalli
gdb and tracing.txt

Attachment: gdb and tracing.txt (text/plain), 8.30 KiB.

---COMMENT---

[30 Jul 2020 4:15] MySQL Verification Team
Hello Pranay,

Thank you for the report and test case.

regards,
Umesh

---COMMENT---

[13 Aug 2020 19:09] Pedro Figueiredo
Posted by developer:

Hi.

AFAICS, this bug is also reproducible without binary logging enabled, more
specifically, whenever the following conditions are met:

1. Two concurrent transactions, T1 and T2 want to update the same column of the
   same record.

2. T1 commits before T2 executes the update.

3. In T2 if the column being updated (in the `TABLE::write_set` bitmap) is also
   in the `TABLE::read_set` bitmap and the new column value provided in T2 is
   exactly the same as in T1.

Please, check the attached diff `isolation_level_test_case.diff` (debug sync
point and MTR test) for a more clear example. Execute MTR with
`--mysqld=--skip-log-bin`:

    $ ./mtr --no-check-testcases --mysqld=--skip-log-bin isolation_level

The issue is more visible with binary logging enabled since it changes write set
and read set bitmaps, in some cases setting all bits to 1 in both.

Since the issue only happens when the column updated value is the same in both
transactions, it doesn't seem related to binary logging. Therefore, IMHO,
analysis from the Optimizer team is needed in order to understand what is
happening with the update plan.

Thank you for your time.

Regards,

---COMMENT---

[13 Aug 2020 19:11] Pedro Figueiredo
isolation_level_test_case.diff

Attachment: isolation_level_test_case.diff (text/x-patch), 3.58 KiB.

---COMMENT---

[25 Aug 2020 13:56] Pedro Figueiredo
Posted by developer:

The problem is reproducible without artificially setting the column bit in `read_set` bitmap, as visible in the `isolation_level_02.test` file, attached.

Regards,

---COMMENT---

[25 Aug 2020 13:57] Pedro Figueiredo
isolation_level_02.test

Attachment: isolation_level_02.test (application/octet-stream, text), 2.40 KiB.

---COMMENT---

[23 Sep 2021 10:40] Dmitry Lenev
Posted by developer:

Hello!

The following simple test case for MTR framework shows that the problem is repeatable without binary log enabled and without additional changes to code to adjust the read-set bitmap:

--enable_connect_log
create table t(a int, b int) engine=innodb;
insert into t values (1, 0), (2, 1), (3, 2);

set transaction isolation level repeatable read;
begin;
select * from t;

connect (addconroot1, localhost, root,,);
begin;
update t set a = 10 where b = 1;
commit;

connection default;
select * from t;
update t set a = 10 where a;
select * from t;
# The above returns (which is wrong!)
# a      b
# 10     0
# 2      1
# 10     2

commit;

In fact with this test case the problem is repeatable even in 5.5 tree (for 5.5.65-git to be exact).

---COMMENT---

[23 Sep 2021 11:57] Dmitry Lenev
Posted by developer:

Bug #104986/#33385596 ""Weird SELECT View when a record is modified to a same value by two transactions"" has been marked as a duplicate of this one.

---COMMENT---

[17 Jul 2022 4:40] MySQL Verification Team
Related:
 https://bugs.mysql.com/bug.php?id=107887

---COMMENT---

[19 Mar 2024 12:55] MySQL Verification Team
This bug is the original bug report for the following bug, as well:

https://bugs.mysql.com/bug.php?id=114389",Verified (2069 days),2020-07-27 6:00,,,accepted_fault,Incorrect query result,Insufficient isolation: incorrect SELECT
icse2024_understanding_transaction_bugs_in_database:e6729d99c81318e0,icse2024_understanding_transaction_bugs_in_database,database_transactions,https://bugs.mysql.com/bug.php?id=106818,Replication may fail when XA transactions use replace into statements,"Description:
In a master-slave replication scenario, when master executes XA transactions with replace into statements, replication may fail with lock wait timeout.

The following conditions are required to cause the replication failure:
(1) A table with unique key.
(2) XA transactions.
(3) Replace into statements in XA transactions cause the replacement of existing unique key records.
(4) The records replaced by replace into statements have not been purged due to a high workload or the need to read the replaced records by other readviews.

When a replace into statement encounters an existing duplicate unique key record, it locks the next record of this unique key record even the next record is delete-marked and has not been purged yet.

Assume a, b, c are the consecutive unique key records of a table. Replication error happens when:
(1) Session1 deletes unique key 'b' and commits the transaction;
(2) Unique key 'b' is not purged on master for some reason(noted above);
(3) The delete statement is replicated to slave and executed by slave;
(4) Unique key 'b' is purged by slave;
(5) Session1 executes an XA transaction(called XA1) and replaces unique key 'a', causing the lock of the delete-marked unique key 'b'. Then session1 prepares the XA transaction. Note that unique key 'c' is not locked by the transaction because it is not the next record of 'a';
(6) Session2 executes an XA transaction(called XA2) and replaces unique key 'c'.
(7) The two XA transactions are replicated to slave. Since 'b' is purged on slave, 'c' is the next record of 'a'. So XA1 locks unique key 'c', XA2 will never get the lock of 'c'. Replication fails.

How to repeat:
Testcase:

(1) master opt file:

issue_rpl_lock_wait_timeout_when_replace_into_and_xa_transactions-master.opt

--gtid_mode=ON
--enforce_gtid_consistency=ON
--binlog_format=row
--binlog_transaction_dependency_tracking=COMMIT_ORDER

(2) slave opt file:

issue_rpl_lock_wait_timeout_when_replace_into_and_xa_transactions-slave.opt

--gtid_mode=ON
--enforce_gtid_consistency=ON
--binlog_format=row
--binlog_transaction_dependency_tracking=COMMIT_ORDER
--innodb_lock_wait_timeout=3
--slave_transaction_retries=0
--slave_parallel_workers=0
--innodb_status_output_locks=ON

(3) testcase file

issue_rpl_lock_wait_timeout_when_replace_into_and_xa_transactions.test

# Replication fails with lock wait timeout in the following case.

-- source include/master-slave.inc

--echo # 1. Prepare

--let $rpl_connection_name= master
--source include/rpl_connection.inc

select @@global.binlog_transaction_dependency_tracking;

CREATE TABLE t (
  id INT NOT NULL AUTO_INCREMENT,
  k VARCHAR(20),
	c VARCHAR(20),
  PRIMARY KEY(id),
	UNIQUE KEY uk(k)
) ENGINE=InnoDB;

INSERT INTO t VALUES(1, 'aaa', 'aaaaa');
INSERT INTO t VALUES(2, 'bbb', 'bbbbb');
INSERT INTO t VALUES(3, 'ccc', 'ccccc');

SELECT * FROM t;

CREATE USER user1;
GRANT SELECT, UPDATE, DELETE, INSERT ON test.* to user1;

--connect(conn1,localhost,user1)
--connect(conn2,localhost,user1)
--connect(conn3,localhost,user1)

--echo
--echo # 2. Start a tansaction and don't end it. This will prevent the purge thread from running.

--connection conn1
BEGIN;
SET SESSION TRANSACTION_ISOLATION = 'REPEATABLE-READ';
SELECT * FROM t;

--echo
--echo # 3. Delete the record of k = 'bbb'. It won't be purged by master but it will be replicated to slave and will be purged on slave.

--connection conn2
DELETE FROM t WHERE k = 'bbb';

--source include/rpl_sync.inc

--echo sleep 5 seconds to wait for slave to purge the deleted record.
--sleep 5

--echo
--echo # 4. Execute XA transactions and replace the records of k = 'aaa' and 'ccc'

--connection conn2
XA START 'XA1';
REPLACE INTO t values(1, 'aaa', 'xxxxx');
XA END 'XA1';
XA PREPARE 'XA1';

--connection conn3
XA START 'XA2';
REPLACE INTO t values(3, 'ccc', 'yyyyy');
XA END 'XA2';
XA PREPARE 'XA2';

--echo
--echo # 5. Replication error occurs.

--let $rpl_connection_name= master
--source include/rpl_connection.inc

--sleep 1

--let $rpl_connection_name= slave
--source include/rpl_connection.inc

select @@global.innodb_lock_wait_timeout;

--echo
--echo There is a lock wait in SHOW ENGINE INNODB STATUS.
query_vertical SHOW ENGINE INNODB STATUS;

--echo sleep 5 seconds to wait for lock wait timeout.
--sleep 5

--echo
--echo SHOW SLAVE STATUS shows lock wait timeout.
query_vertical SHOW SLAVE STATUS;

=======

Normally, the test result will show the replication error. If it doesn't, please run the testcase a couple of times, there is a possibility that the slave hasn't purged the deleted record in 5 seconds.

Suggested fix:
I think a replace into statement should release the lock of the next unique record of the replaced record. Maybe we should release the lock when at the end of XA PREPARE;","[24 Mar 2022 12:31] MySQL Verification Team
Hello Dongchao Yang,

Thank you for the report and feedback.
Observed that 5.7.37 is affected(no issues in 8.0.28 with the provided mtr test case).

regards,
Umesh

---COMMENT---

[24 Mar 2022 14:59] Dongchao Yang
The replace into statement is replicated to slave and become an update statement which adds an S lock on the next unique record. It seems the lock logic of the an update statement on the slave is similar to the replace into statement on the master.

---COMMENT---

[7 Jun 2022 2:29] Dongchao Yang
Could you please tell me which commit fixed the issue in mysql8.0?",Verified (1477 days),2022-03-24 11:23,,,accepted_fault,Operation error,Consistency: DBMS state
icse2024_understanding_transaction_bugs_in_database:ea63a50d79bf5026,icse2024_understanding_transaction_bugs_in_database,database_transactions,https://github.com/pingcap/tidb/issues/20899,amend txn: inconsistency when update and add/drop index parallel,"## Bug Report

Please answer these questions before submitting your issue. Thanks!

### 1. Minimal reproduce step (Required)

This case will lead to this bug in a great possible.

```sql
/* init */ DROP TABLE IF EXISTS t;
/* init */ CREATE TABLE `t` (`col_0` char(211) NOT NULL, `col_1` int(11) DEFAULT NULL, `col_2` timestamp NULL DEFAULT NULL, `col_3` int(11) NOT NULL, `col_4` tinyint(4) DEFAULT NULL, `col_5` varchar(362) NOT NULL, `col_6` date DEFAULT NULL, `col_7` date DEFAULT NULL, `col_8` varchar(315) NOT NULL, `col_9` char(184) DEFAULT NULL, `col_10` date NOT NULL, PRIMARY KEY (`col_0`)) ENGINE=InnoDB DEFAULT CHARSET=utf8mb4 COLLATE=utf8mb4_bin;

/* dml */ INSERT INTO t VALUES(""dazzling_nobel7"", 539895813, ""1993-11-21 01:08:25"", 1984174257, -97, ""elastic_pare6"", ""2233-12-12"", ""6608-12-20"", ""elated_bardeen5"", ""trusting_spence2"", ""2944-11-29""), (""boring_mccarthy9"", -256662476, ""1989-04-08 01:21:59"", -1433347228, 88, ""objective_curie4"", ""5327-02-08"", ""1078-05-27"", ""wizardly_bardeen3"", ""hardcore_albattani0"", ""5997-03-11""), (""admiring_hugle4"", 244200099, ""2033-10-26 06:46:43"", -1909581650, 20, ""cocky_bardeen1"", ""4356-05-02"", ""6385-06-29"", ""nostalgic_wiles0"", ""youthful_heisenberg3"", ""7355-08-06""), (""gracious_bell3"", 917714001, ""1980-12-25 08:42:47"", 41220933, -53, ""zealous_leavitt7"", ""6177-05-24"", ""7040-09-23"", ""eloquent_swanson7"", ""pensive_beaver2"", ""1236-06-18""), (""quirky_kilby3"", 1322725985, ""1972-12-11 04:44:22"", 1034160028, 63, ""ecstatic_tesla1"", ""3777-09-29"", ""6856-05-14"", ""trusting_almeida6"", ""suspicious_yonath7"", ""6672-12-20""), (""elated_wescoff0"", -1094114262, ""2021-05-04 03:08:38"", 1658419520, 42, ""lucid_sammet7"", ""2918-06-26"", ""5820-09-08"", ""cocky_brattain5"", ""festive_stallman6"", ""1003-07-26""), (""suspicious_yalow3"", 1950630030, ""2017-10-21 07:43:04"", 1365059358, -59, ""quirky_shannon2"", ""5458-02-08"", ""2132-07-18"", ""blissful_poincare2"", ""goofy_bohr8"", ""2915-06-03""), (""festive_goldberg7"", -770450532, ""2002-11-06 09:48:26"", 1764693836, 86, ""determined_murdock7"", ""8863-08-02"", ""4086-11-11"", ""nostalgic_wing6"", ""trusting_mccarthy4"", ""8459-05-02""), (""trusting_montalcini7"", -1688646008, ""1974-05-31 07:39:33"", 207568759, 124, ""compassionate_mcnulty6"", ""2554-05-10"", ""5112-12-31"", ""mystifying_noyce1"", ""zealous_bardeen0"", ""2013-09-24""), (""kind_rosalind5"", 1185943781, ""1999-09-11 20:10:45"", -282379877, 101, ""modest_franklin4"", ""4935-08-06"", ""4596-10-12"", ""vibrant_lamport2"", ""kind_swanson6"", ""4004-03-01"");
/* dml */ INSERT INTO t VALUES(""reverent_newton6"", 908600411, ""2015-10-15 02:02:47"", 186382233, -25, ""relaxed_swanson7"", ""9333-07-31"", ""4171-09-05"", ""ecstatic_swanson5"", ""stoic_yonath6"", ""3820-12-06""), (""wonderful_beaver0"", 242920315, ""2011-10-31 14:40:11"", 1934108618, -79, ""pedantic_pike0"", ""7541-11-07"", ""1675-12-09"", ""competent_kirch4"", ""eloquent_euler9"", ""8677-06-19""), (""unruffled_jennings4"", 201046701, ""1972-03-09 12:36:50"", -881592412, -2, ""youthful_hamilton6"", ""8965-02-01"", ""6245-10-07"", ""festive_shirley2"", ""kickass_darwin0"", ""1580-07-17""), (""eloquent_varahamihira3"", -1948248542, ""2032-06-17 15:28:17"", 839319749, 15, ""nervous_sammet0"", ""4006-03-15"", ""3962-10-06"", ""admiring_allen7"", ""kickass_wozniak4"", ""9544-08-24""), (""distracted_dijkstra9"", -1730694250, ""2015-03-06 08:27:54"", 1054744029, 92, ""practical_bardeen0"", ""9877-09-18"", ""3891-10-23"", ""competent_franklin1"", ""awesome_snyder4"", ""1171-02-27""), (""infallible_montalcini1"", 737365637, ""2025-04-18 01:33:44"", 1464778649, 63, ""distracted_brahmagupta3"", ""3494-09-10"", ""1767-01-24"", ""pensive_minsky1"", ""cranky_darwin8"", ""5874-02-06""), (""determined_cori1"", 724357898, ""2028-05-02 00:07:51"", 1311310948, 91, ""happy_visvesvaraya3"", ""8817-09-14"", ""8580-03-30"", ""laughing_pasteur9"", ""clever_bassi1"", ""8835-09-29""), (""kind_fermat7"", -1539377315, ""1978-09-28 05:27:02"", 1571175918, 13, ""laughing_mccarthy5"", ""7189-09-17"", ""4634-11-27"", ""ecstatic_northcutt1"", ""trusting_bhabha7"", ""2855-07-25""), (""naughty_hoover9"", 1194058339, ""2033-12-01 00:38:25"", 1256763506, 59, ""wonderful_swanson6"", ""9584-08-11"", ""7253-08-19"", ""clever_mclean9"", ""nervous_meninsky0"", ""6086-03-02""), (""gracious_mcnulty1"", 857107021, ""2024-03-01 01:46:22"", -1133417383, 64, ""goofy_keller0"", ""4399-04-24"", ""3618-01-09"", ""objective_euclid4"", ""admiring_ptolemy6"", ""8190-05-31"");
/* dml */ INSERT INTO t VALUES(""friendly_goldstine7"", -1465925783, ""2029-03-28 08:17:13"", -119755107, -3, ""awesome_joliot2"", ""5442-01-31"", ""1551-11-04"", ""clever_lalande4"", ""naughty_engelbart5"", ""7820-08-18""), (""dazzling_euclid6"", -1556751580, ""2029-08-17 05:06:52"", 1848295678, 13, ""brave_aryabhata0"", ""9917-01-04"", ""4239-08-18"", ""clever_hamilton2"", ""competent_thompson9"", ""3237-08-20""), (""cranky_knuth4"", 1254096770, ""1995-02-10 11:34:03"", 37960317, 48, ""jolly_edison3"", ""5245-01-30"", ""2671-10-18"", ""zen_leakey7"", ""infallible_kare0"", ""6914-07-03""), (""nifty_newton0"", -1593741644, ""2030-05-08 00:50:36"", -266256525, 89, ""optimistic_noether4"", ""4923-03-30"", ""1098-03-10"", ""cranky_cori4"", ""wonderful_spence5"", ""7295-04-28""), (""distracted_albattani9"", -355479480, ""2019-11-03 13:16:46"", -1963832452, 126, ""admiring_swanson9"", ""9295-01-14"", ""1745-04-16"", ""tender_franklin9"", ""festive_hodgkin8"", ""6158-01-22""), (""happy_albattani0"", -1877500008, ""2036-11-07 20:20:43"", -418567172, 16, ""confident_thompson6"", ""4494-05-17"", ""7457-08-19"", ""quirky_hodgkin3"", ""sad_wozniak2"", ""3636-09-14""), (""inspiring_mahavira8"", 1311611577, ""2001-01-22 14:46:48"", -1493289412, 14, ""condescending_mclean1"", ""3298-04-19"", ""1885-03-10"", ""affectionate_euclid1"", ""objective_mayer7"", ""5388-12-02""), (""goofy_goodall4"", -1898427195, ""2037-01-20 20:11:45"", -1316182616, -18, ""frosty_bhabha9"", ""6313-10-09"", ""7023-11-09"", ""sleepy_gates4"", ""wonderful_joliot9"", ""9658-06-19""), (""sleepy_kirch9"", -1610361045, ""2028-04-17 14:19:14"", -795373350, 11, ""naughty_mestorf7"", ""4561-12-07"", ""5246-12-27"", ""gallant_wilson7"", ""quirky_hoover3"", ""6826-10-06""), (""pensive_wilson3"", 318848968, ""2033-01-16 09:56:57"", 1653224178, -21, ""zen_lovelace2"", ""1730-12-26"", ""1356-12-04"", ""ecstatic_ptolemy9"", ""gallant_shockley9"", ""1181-11-20"");
/* dml */ INSERT INTO t VALUES(""compassionate_albattani5"", -859925921, ""2028-03-01 09:30:13"", 407714885, -120, ""gallant_lamarr8"", ""7599-02-28"", ""8032-12-05"", ""naughty_kare5"", ""nifty_hopper6"", ""9483-08-29""), (""silly_bohr6"", -552288278, ""2036-08-01 03:46:14"", -1104652390, -38, ""relaxed_ramanujan0"", ""9678-02-01"", ""6254-01-05"", ""priceless_aryabhata9"", ""zen_leavitt0"", ""8058-11-03""), (""flamboyant_knuth0"", -1393106350, ""1996-02-23 14:08:30"", 2041305463, -62, ""determined_liskov0"", ""6170-08-13"", ""7383-01-23"", ""ecstatic_lumiere1"", ""hopeful_austin4"", ""1269-02-15""), (""competent_cori8"", 858747476, ""1977-08-13 00:16:35"", -1148457100, -33, ""practical_kirch3"", ""4928-01-05"", ""1742-05-03"", ""fervent_archimedes4"", ""gifted_franklin4"", ""5140-07-12""), (""laughing_kirch1"", -1536795165, ""1998-05-05 14:55:45"", 60731746, 40, ""gifted_northcutt0"", ""6870-02-04"", ""6356-12-16"", ""affectionate_dijkstra9"", ""sleepy_chandrasekhar0"", ""2678-06-03""), (""festive_goodall3"", -908520479, ""2011-01-01 10:55:24"", -1286372365, 13, ""fervent_davinci3"", ""5547-11-17"", ""8901-02-19"", ""wonderful_ardinghelli8"", ""festive_mirzakhani5"", ""2549-03-20""), (""nervous_payne3"", 133440765, ""2015-09-30 09:28:46"", -19954446, -81, ""trusting_jones2"", ""5935-10-19"", ""8953-07-02"", ""optimistic_poitras5"", ""sleepy_mcclintock0"", ""6795-02-23""), (""priceless_hodgkin5"", 1949117976, ""1996-06-30 03:07:09"", 3145939, 25, ""relaxed_ptolemy6"", ""3166-04-22"", ""3347-02-05"", ""reverent_meitner3"", ""zen_visvesvaraya0"", ""8381-10-05""), (""sharp_boyd9"", 1216404568, ""2002-03-10 07:48:38"", 1711067426, 89, ""stoic_jepsen5"", ""5835-11-13"", ""3771-03-07"", ""dazzling_cray2"", ""hardcore_rosalind4"", ""1354-04-17""), (""goofy_spence4"", 1490843963, ""1992-12-17 07:17:46"", 631629487, 96, ""blissful_jepsen0"", ""4744-12-24"", ""8285-01-31"", ""adoring_fermi2"", ""ecstatic_poincare8"", ""9836-03-06"");
/* dml */ INSERT INTO t VALUES(""hardcore_tesla9"", -117962729, ""2035-09-04 13:27:37"", 370034570, 81, ""eager_mccarthy0"", ""8221-01-03"", ""4820-03-04"", ""condescending_goldberg2"", ""boring_banach2"", ""3618-05-05""), (""upbeat_turing4"", 944746969, ""2013-02-17 09:51:54"", -157303637, 87, ""elated_austin3"", ""2946-09-16"", ""3440-07-18"", ""wonderful_minsky8"", ""relaxed_mirzakhani0"", ""3849-02-01""), (""dazzling_hawking9"", 110346069, ""2004-09-11 16:15:21"", -1625907153, 58, ""determined_golick5"", ""2970-01-25"", ""5809-08-19"", ""vibrant_wiles6"", ""serene_kare1"", ""9462-06-05""), (""quizzical_ptolemy5"", -1833219427, ""2035-08-19 12:48:50"", -1275172909, -85, ""vibrant_perlman5"", ""6087-05-04"", ""5918-03-13"", ""serene_hopper6"", ""heuristic_wilson6"", ""8891-08-03""), (""loving_ptolemy9"", -658056473, ""2005-03-17 11:41:18"", -666566475, -101, ""zealous_goldberg7"", ""5895-08-30"", ""9220-10-19"", ""eager_mayer8"", ""practical_colden3"", ""8047-02-10""), (""brave_euclid0"", -164340498, ""1988-08-10 09:21:57"", -2077016810, 35, ""nostalgic_pike8"", ""3600-05-19"", ""5010-11-07"", ""ecstatic_banach2"", ""wonderful_dijkstra6"", ""4699-02-18""), (""frosty_torvalds3"", -464983606, ""1988-02-06 16:33:07"", 1301224835, 76, ""determined_kirch9"", ""3532-01-08"", ""1235-05-13"", ""jolly_snyder0"", ""pedantic_jones9"", ""9369-02-17""), (""zen_kalam5"", -1287084318, ""2020-01-04 21:48:18"", -924784297, 51, ""xenodochial_montalcini5"", ""7129-10-25"", ""1644-05-22"", ""inspiring_shockley6"", ""lucid_dubinsky5"", ""3073-05-26""), (""trusting_austin3"", -1834194346, ""1976-05-25 13:55:49"", -1242610466, -93, ""boring_wright9"", ""4596-08-17"", ""9839-11-22"", ""cranky_mestorf0"", ""quizzical_austin6"", ""2946-04-17""), (""wizardly_banach8"", 2116482546, ""2012-07-07 12:55:31"", 1462290966, 119, ""vibrant_tesla5"", ""9663-11-15"", ""9046-06-05"", ""naughty_darwin7"", ""confident_colden2"", ""3251-03-08"");
/* dml */ INSERT INTO t VALUES(""inspiring_golick7"", 817095506, ""1992-11-09 23:06:33"", 2045684635, 53, ""heuristic_kowalevski3"", ""4419-07-26"", ""1533-02-16"", ""awesome_lamport6"", ""thirsty_spence9"", ""3856-07-27""), (""boring_visvesvaraya1"", 1387434398, ""1987-08-06 01:39:03"", -360371676, -4, ""wizardly_cray5"", ""2437-09-15"", ""5183-01-21"", ""serene_bose9"", ""dreamy_haibt2"", ""4153-10-05""), (""nervous_kalam7"", -62962874, ""2017-04-20 00:09:34"", 401392615, 10, ""distracted_mayer9"", ""5853-05-25"", ""8256-03-10"", ""hungry_wing1"", ""eloquent_clarke5"", ""9056-04-04""), (""kind_beaver9"", -1837221008, ""2033-08-19 09:34:19"", -1629816812, 36, ""eloquent_nightingale2"", ""9179-05-23"", ""7745-02-13"", ""cocky_kilby4"", ""elegant_hypatia2"", ""2131-10-20""), (""admiring_edison6"", 612417839, ""2030-10-07 03:30:41"", -144947301, 86, ""trusting_nightingale5"", ""7269-11-25"", ""2672-11-15"", ""elastic_borg8"", ""amazing_galileo1"", ""2868-05-09""), (""peaceful_volhard1"", -2098143618, ""2030-08-24 13:10:53"", 636173883, -33, ""youthful_williams4"", ""6939-07-25"", ""7266-08-23"", ""gifted_jennings5"", ""stoic_hugle2"", ""7745-06-26""), (""dazzling_poincare5"", 1281776927, ""2012-06-17 14:35:55"", -10410411, 105, ""serene_cori6"", ""4164-01-27"", ""7779-04-10"", ""adoring_ramanujan4"", ""priceless_cray9"", ""1067-06-29""), (""upbeat_heisenberg2"", -340448991, ""2026-04-30 09:56:17"", -1715980909, -27, ""gracious_yonath6"", ""7356-10-03"", ""6966-03-31"", ""epic_lamport9"", ""agitated_minsky2"", ""9374-07-29""), (""hardcore_hugle8"", 667160615, ""1992-12-02 02:12:19"", -1315288205, 125, ""gallant_stallman7"", ""5680-08-22"", ""4821-02-08"", ""silly_bartik4"", ""eager_keller7"", ""6982-04-25""), (""tender_minsky7"", 2089133212, ""2036-09-19 10:14:19"", -1327069034, 121, ""lucid_morse3"", ""7313-11-19"", ""7492-09-16"", ""youthful_bohr2"", ""wizardly_archimedes6"", ""8184-03-15"");
/* dml */ INSERT INTO t VALUES(""elated_goodall8"", -1612548846, ""2014-12-29 04:21:29"", 817795920, -35, ""hardcore_poincare8"", ""4013-08-11"", ""8091-11-07"", ""awesome_wing7"", ""xenodochial_wiles0"", ""9833-09-03""), (""angry_wilson8"", -968822612, ""2030-09-14 16:59:14"", -2028720218, -126, ""happy_tesla3"", ""5392-08-28"", ""2373-07-05"", ""amazing_jang0"", ""affectionate_brattain5"", ""3857-05-04""), (""clever_stonebraker3"", -2028650192, ""1972-09-15 21:08:59"", -1489842561, -13, ""epic_yonath4"", ""8708-05-23"", ""4216-07-22"", ""kind_payne1"", ""flamboyant_kowalevski5"", ""2088-05-13""), (""agitated_meninsky5"", -342893450, ""1979-02-03 05:31:52"", -1788476670, -70, ""determined_yalow4"", ""7732-12-24"", ""6140-05-03"", ""hopeful_brown4"", ""heuristic_darwin3"", ""6950-05-16""), (""nifty_einstein2"", -940356759, ""1990-04-02 21:14:09"", 1492051527, -16, ""focused_dijkstra2"", ""3071-01-13"", ""3459-06-15"", ""zen_albattani8"", ""vibrant_tesla7"", ""5005-10-25""), (""tender_goldstine7"", 1073560802, ""1977-07-02 07:30:32"", -489388053, 16, ""jovial_almeida8"", ""1358-04-05"", ""7910-09-05"", ""nifty_colden4"", ""tender_curran5"", ""4097-10-04""), (""affectionate_mahavira0"", -1599479712, ""2004-02-18 11:10:13"", 911591372, -66, ""compassionate_agnesi4"", ""7737-12-08"", ""8218-07-22"", ""eloquent_franklin9"", ""lucid_minsky3"", ""3646-11-24""), (""confident_shirley3"", 587064755, ""2028-05-21 12:35:37"", -1193527428, -59, ""affectionate_newton8"", ""8997-03-02"", ""8947-12-17"", ""naughty_perlman7"", ""vibrant_elion2"", ""4393-09-17""), (""elastic_euclid4"", -1590516963, ""2020-11-26 09:53:09"", -698494111, -62, ""angry_fermi5"", ""4491-04-10"", ""7324-12-10"", ""quirky_archimedes0"", ""confident_meninsky8"", ""7204-07-09""), (""priceless_kare3"", 2079208482, ""1978-07-07 00:12:33"", -1708464740, -78, ""modest_heisenberg5"", ""8560-11-29"", ""8152-09-14"", ""thirsty_cray1"", ""pedantic_newton4"", ""7805-05-20"");
/* dml */ INSERT INTO t VALUES(""xenodochial_leavitt3"", 2058017242, ""2007-10-07 08:55:01"", -765946141, 119, ""festive_volhard4"", ""3200-08-10"", ""7031-08-08"", ""vibrant_carson9"", ""gallant_keller3"", ""3280-06-02""), (""sleepy_kowalevski1"", -246341532, ""1991-03-10 04:11:23"", -942996472, 63, ""serene_shockley9"", ""9823-01-03"", ""1430-07-27"", ""jovial_bohr1"", ""eloquent_banach6"", ""2733-07-07""), (""angry_curie0"", 950650933, ""2005-04-07 03:21:52"", 1601876657, -10, ""determined_volhard7"", ""4784-01-01"", ""8639-03-13"", ""youthful_curran5"", ""gifted_hypatia6"", ""7042-11-10""), (""awesome_panini4"", -277273502, ""2036-04-02 15:20:30"", -1328323542, 0, ""clever_williams1"", ""6184-10-02"", ""8905-06-30"", ""tender_jones5"", ""awesome_aryabhata7"", ""5550-08-09""), (""epic_colden2"", 1465974354, ""2009-07-29 02:10:08"", -1240853949, -119, ""pensive_kowalevski7"", ""6739-01-01"", ""3918-03-04"", ""reverent_liskov8"", ""hungry_bhaskara7"", ""8955-03-20""), (""gifted_meninsky8"", -1133744126, ""2037-04-30 03:23:13"", 1113196807, -46, ""loving_fermat3"", ""4587-08-25"", ""6988-06-13"", ""nifty_shaw3"", ""stupefied_meninsky5"", ""3381-04-16""), (""flamboyant_meninsky5"", 1945987768, ""1982-11-15 07:48:21"", 1079576210, -79, ""amazing_feynman3"", ""9711-11-15"", ""1778-09-11"", ""boring_banach1"", ""elegant_engelbart1"", ""1326-12-03""), (""stoic_wescoff2"", 959307944, ""2015-08-27 21:58:10"", -1678519734, -93, ""nervous_volhard0"", ""7763-12-20"", ""6273-03-08"", ""lucid_leavitt6"", ""kickass_roentgen7"", ""5554-09-25""), (""wonderful_aryabhata"", 1348847059, ""1994-04-08 12:02:11"", -215796667, -78, ""serene_agnesi3"", ""6458-05-04"", ""1704-09-28"", ""friendly_austin8"", ""flamboyant_noether8"", ""1381-02-27""), (""gracious_babbage6"", 377597026, ""1982-12-01 14:22:20"", 1427784655, -88, ""kind_ritchie3"", ""5444-01-07"", ""1129-03-14"", ""musing_brown4"", ""focused_jennings8"", ""7665-10-20"");

/* dml_17 */ BEGIN;
/* create_index */ CREATE INDEX k0 on t(`col_10`, `col_0`);
/* create_index */ CREATE INDEX k1 on t(`col_2`, `col_3`);
/* drop_index */ ALTER TABLE t DROP INDEX k0;
/* create_index */ CREATE INDEX k2 on t(`col_3`, `col_1`);
/* drop_index */ ALTER TABLE t DROP INDEX k1;
/* create_index */ CREATE INDEX k3 on t(`col_1`, `col_0`);
/* drop_index */ ALTER TABLE t DROP INDEX k2;
/* create_index */ CREATE INDEX k4 on t(`col_4`, `col_3`, `col_1`);
/* drop_index */ ALTER TABLE t DROP INDEX k3;
/* create_index */ CREATE INDEX k5 on t(`col_4`, `col_10`);
/* drop_index */ ALTER TABLE t DROP INDEX k4;
/* create_index */ CREATE INDEX k6 on t(`col_10`);
/* create_index */ CREATE INDEX k7 on t(`col_9`, `col_8`, `col_7`);
/* create_index */ CREATE INDEX k8 on t(`col_0`, `col_10`);
/* create_index */ CREATE INDEX k9 on t(`col_2`, `col_1`);
/* dml_17 */ SELECT SLEEP(1);
/* dml_17 */ UPDATE t SET col_6 = ADDDATE(col_6, INTERVAL 1 DAY), col_1=col_1/2 WHERE col_4<68;
/* dml_17 */ UPDATE t SET col_6 = ADDDATE(col_6, INTERVAL 1 DAY) WHERE col_3<-529739127;
/* dml_17 */ UPDATE t SET col_0 = CONCAT(col_0, ""-p""), col_8 = CONCAT(col_8, ""-p"") WHERE col_1<1951319788 AND col_5<""blissful_mcnulty6"" AND col_9<""confident_fermat5"" AND col_7<""8912-07-02"";
/* dml_17 */ UPDATE t SET col_10 = ADDDATE(col_10, INTERVAL 1 DAY), col_5 = CONCAT(col_5, ""-p"") WHERE col_7<""4430-01-24"";
/* dml_17 */ UPDATE t SET col_6 = ADDDATE(col_6, INTERVAL 1 DAY) WHERE col_5<""sharp_euclid6"" AND col_3<-1883486410;
/* dml_17 */ UPDATE t SET col_5 = CONCAT(col_5, ""-p""), col_7 = ADDDATE(col_7, INTERVAL 1 DAY) WHERE col_7<""6043-09-24"" AND col_10<""7657-09-06"" AND col_4<26;
/* dml_17 */ UPDATE t SET col_4=col_4/2, col_7 = ADDDATE(col_7, INTERVAL 1 DAY), col_4=col_4/2 WHERE col_4<-121 AND col_3<-62203872 AND col_8<""gallant_minsky3"";
/* dml_17 */ UPDATE t SET col_8 = CONCAT(col_8, ""-p""), col_2 = ADDDATE(col_2, INTERVAL 1 DAY) WHERE col_1<259276311 AND col_7<""9675-10-13"" AND col_4<24;
/* dml_17 */ UPDATE t SET col_3=col_3/2 WHERE col_10<""5930-08-21"";
/* dml_17 */ UPDATE t SET col_4=col_4/2, col_9 = CONCAT(col_9, ""-p"") WHERE col_5<""pedantic_agnesi7"" AND col_7<""6992-10-20"";
/* dml_17 */ COMMIT;

/* done */ ADMIN CHECK TABLE t;
```

### 2. What did you expect to see? (Required)

Admin check table got no error.

### 3. What did you see instead (Required)

```sql
/* done */ ADMIN CHECK TABLE t;
-- done >> Error 8003: t err:[admin:8223]index:<nil> != record:&admin.RecordData{Handle:4, Values:[]types.Datum{types.Datum{k:0x5, collation:""utf8mb4_bin"", decimal:0x0, length:0x0, i:0, b:[]uint8{0x70, 0x65, 0x6e, 0x73, 0x69, 0x76, 0x65, 0x5f, 0x62, 0x65, 0x61, 0x76, 0x65, 0x72, 0x32}, x:interface {}(nil)}, types.Datum{k:0x5, collation:""utf8mb4_bin"", decimal:0x0, length:0x0, i:0, b:[]uint8{0x65, 0x6c, 0x6f, 0x71, 0x75, 0x65, 0x6e, 0x74, 0x5f, 0x73, 0x77, 0x61, 0x6e, 0x73, 0x6f, 0x6e, 0x37}, x:interface {}(nil)}, types.Datum{k:0xd, collation:"""", decimal:0x0, length:0x0, i:0, b:[]uint8(nil), x:types.Time{coreTime:0x6e026e000000000e}}}}
```

### 4. What is your TiDB version? (Required)

```
Release Version: v4.0.8-19-g0b0c41b43
Edition: Community
Git Commit Hash: 0b0c41b43aedccce9b39488b9a849e592c9c14e5
Git Branch: release-4.0
UTC Build Time: 2020-11-06 06:27:28
GoVersion: go1.15.3
Race Enabled: false
TiKV Min Version: v3.0.0-60965b006877ca7234adaced7890d7b029ed1306
Check Table Before Drop: false
```","[issue_comment | ti-srebot | 2020-11-16T09:26:27Z]
## Please edit this comment or add a new comment to complete the following information

### Not a bug

1. Remove the 'type/bug' label
2. Add notes to indicate why it is not a bug

### Duplicate bug

1. Add the 'type/duplicate' label
2. Add the link to the original bug

### Bug

Note: Make Sure that 'component', and 'severity' labels are added
Example for how to fill out the template: https://github.com/pingcap/tidb/issues/20100

#### 1. Root Cause Analysis (RCA) (optional) 
<!-- Write down the reason why this bug occurs -->
The `amend transaction` processing may cause inconsistency issue.

#### 2. Symptom (optional)
The index data is missing after transaction amend.

<!-- What will the user see when this bug occurs. The error message may be in the terminal, log or monitoring -->

#### 3. All Trigger Conditions (optional)
Prewrite request size are big so that duplicated key requests are dispatched in different prewrite requests. That is amend transaction with large size.
- enable the transaction amend utility using `tidb_enable_amend_pessimistic_txn`.
- commit large txn while do the add index DDLs concurrently.

<!-- All the user scenarios that may trigger this bug -->

#### 4. Workaround (optional)
Do not enable transaction amend in production in previous v4.0.7, v4.0.8 versions.

#### 5. Affected versions
v4.0.7, v4.0.8

<!--
In the format of [start_version:end_version], multiple version ranges are
accepted. If the bug only affects the unreleased version, please input:
""unreleased"". For example:

Notes:
  1. Do not use any white spaces in '[]'.
  2. The range in '[]' is a closed interval
  3. The version format is `v$Major.$Minor.$Patch`, the $Majoy and $Minor
     number in a version range should be the same. [v3.0.1:v3.1.2] is
     invalid because the $Minor number of the version range is different.

Example 1: [v3.0.1:v3.0.5], [v4.0.1:v4.0.5]
Example 2: unreleased
-->

#### 6. Fixed versions
v4.0.8

<!--
The first released version that contains this fix in each minor version. If the bug's affected version has been released, the fixed version should be a detailed version number; If the bug doesn't affect any released version, the fixed version can be ""master"";  

Example 1: v3.0.13, v4.0.5
Example 2: master
-->

---COMMENT---

[issue_comment | ti-srebot | 2020-11-16T09:31:04Z]
**( FixedVersions )** fields are empty.",closed,2020-11-06T08:51:24Z,,,accepted_fault,Assertion failure,Consistency: DBMS state
icse2024_understanding_transaction_bugs_in_database:eb01c44185f9b80f,icse2024_understanding_transaction_bugs_in_database,database_transactions,https://jira.mariadb.org/browse/MDEV-16106,"Record in index was not found on rollback, trying to insert: TUPLE","{code:sql}
--source include/have_innodb.inc

CREATE TEMPORARY TABLE t1 (i INT, KEY (i)) ENGINE=InnoDB;
INSERT INTO t1 VALUES (NULL),(NULL);
UPDATE t1 SET i = 0;
START TRANSACTION;
UPDATE t1 SET i = 4;
UPDATE t1 SET i = 0;
ROLLBACK;
{code}

{noformat:title=10.2 e44ca6cc9c}
2018-05-07 18:09:02 139988084655872 [Warning] InnoDB: Record in index `i` of table `mysqld.1`.`#sql3893_9_0` was not found on rollback, trying to insert: TUPLE (info_bits=0, 2 fields): {[4]    (0x00000000),[6]      (0x000000000201)} at: COMPACT RECORD(info_bits=32, 2 fields): {NULL,[6]      (0x000000000201)}
2018-05-07 18:09:02 139988084655872 [Warning] InnoDB: Record in index `i` of table `mysqld.1`.`#sql3893_9_0` was not found on rollback, trying to insert: TUPLE (info_bits=0, 2 fields): {[4]    (0x00000000),[6]      (0x000000000200)} at: COMPACT RECORD(info_bits=32, 2 fields): {NULL,[6]      (0x000000000201)}
{noformat}","[2018-05-08T10:30:28.000+0000 | Thirunarayanan Balathandayuthapani]
[^mdev-16106-10.3v1.patch] 

Attached patch will solve the issue.

---

[2018-05-08T10:39:27.000+0000 | Marko Mäkelä]
OK to push.",Closed,2018-05-07T15:11:44.000+0000,,,accepted_fault,Assertion failure,Statement correctness: unexpected error
icse2024_understanding_transaction_bugs_in_database:ed5e28413b6a2c3c,icse2024_understanding_transaction_bugs_in_database,database_transactions,https://github.com/pingcap/tidb/issues/39972,UPDATE statement with CAST() reports an error in the transaction,"## Bug Report

Please answer these questions before submitting your issue. Thanks!

### 1. Minimal reproduce step (Required)

```sql
/* init */ CREATE TABLE t(c0 INT);
/* init */ INSERT IGNORE INTO t VALUES (2);

/* tx */ BEGIN;
/* tx */ DELETE FROM t WHERE TRUE;
/* tx */ UPDATE t SET c0=0 WHERE (CAST('a' AS SIGNED)); -- report an error
/* tx */ COMMIT;
```

### 2. What did you expect to see? (Required)

UPDATE statement does not report error:
```sql
tidb> DELETE FROM t WHERE TRUE;
Query OK, 1 row affected (0.01 sec)

tidb> UPDATE t SET c0=0 WHERE (CAST('a' AS SIGNED));
Query OK, 0 rows affected (0.00 sec)
Rows matched: 0  Changed: 0  Warnings: 0
```

### 3. What did you see instead (Required)

Executing UPDATE statement after the DELETE statement in tx reports an error:
```sql
tidb> UPDATE t SET c0=0 WHERE (CAST('a' AS SIGNED));
ERROR 1292 (22007): Truncated incorrect INTEGER value: 'a'
```

### 4. What is your TiDB version? (Required)

```sql
Release Version: v6.4.0
Edition: Community
Git Commit Hash: cf36a9ce2fe1039db3cf3444d51930b887df18a1
Git Branch: heads/refs/tags/v6.4.0
UTC Build Time: 2022-11-13 05:25:30
GoVersion: go1.19.2
Race Enabled: false
TiKV Min Version: 6.2.0-alpha
Check Table Before Drop: false
Store: tikv
```","[issue_comment | zanmato1984 | 2022-12-19T08:08:06Z]
It is quite argueable that if we should delay error reporting to the actual row evaluation or report it early (current behavior), so lowering the severity.",open,2022-12-15T09:41:53Z,,,accepted_fault,Unexpected error,Statement correctness: unexpected error
icse2024_understanding_transaction_bugs_in_database:fd9b1a19110735f9,icse2024_understanding_transaction_bugs_in_database,database_transactions,https://github.com/pingcap/tidb/issues/37925,"Select can return duplicate values in primary key column, whereas the transaction can still commit","## Bug Report

Please answer these questions before submitting your issue. Thanks!

### 1. Minimal reproduce step (Required)

```sql
drop table if exists tbl_4;
create table tbl_4 ( col_16 decimal ( 38 , 4 )   not null ,col_17 time    default '23:52:24.00' ,col_18 char ( 235 ) collate utf8_bin ,col_19 tinyint  unsigned not null default 151 ,col_20 smallint    default 9203 , primary key  ( col_20 ) /*T![clustered_index] nonclustered */ ,key idx_8 ( col_18 ( 1 ) ) ) charset utf8mb4 collate utf8mb4_bin ;

insert into tbl_4 values ( 661,'17:22:57.00','^0',155,-31298 );
insert into tbl_4 values ( 3579.0326,null,'n~KgM',220,-31136 );
insert into tbl_4 values ( 1.4,'05:06:55.00','Q+~(AUo!36S2OD9',35,-12681 );
insert into tbl_4 values ( 66.9,'10:04:39.00','_9ILR!QJ',145,-15820 );
insert into tbl_4 values ( 29082.6117,'00:37:01.00','mdTuS((uApbUxJIAO',196,-30900 );
insert into tbl_4 values ( 57,'11:09:40.00','=@%~n@w+9q',77,30926 );
insert into tbl_4 values ( 308382.06,null,'~Ewt)Z+1mlLzafKu',195,15880 );
insert into tbl_4 values ( 0.26,'03:32:16.00','_$lL2m0AFK9fQQs',178,-29720 );
insert into tbl_4 values ( 993.7,'10:14:55.00','m~a1nM(Xsf_#h7*',4,26689 );
insert into tbl_4 values ( 0.998,'19:57:45.00','I5Q8Xx1',66,-10830 );

begin pessimistic;
update tbl_4 set tbl_4.col_17 = '11:16:44.00' ,tbl_4.col_17 = '03:51:50.00' ,tbl_4.col_16 = 9 where tbl_4.col_20 in ( -31298 ,-10876 ,-31136 ,-29720 ) and not( tbl_4.col_18 != 'n~KgM' ) ;
select col_20 from tbl_4 order by col_20;
commit;
```
<!-- a step by step guide for reproducing the bug. -->

### 2. What did you expect to see? (Required)

The `select` returns duplicated values on col_20 which is the primary key. I suppose the transaction should not be allowed to commit.

### 3. What did you see instead (Required)

The select result is
```
select col_20 from tbl_4 order by col_20;
+--------+
| col_20 |
+--------+
| -31298 |
| -31298 |
| -31136 |
| -30900 |
| -29720 |
| -29720 |
| -15820 |
| -12681 |
| -10830 |
| 15880  |
| 26689  |
| 30926  |
+--------+
```

And the commit succeeds.

Also note that if we `select * from tbl_4` the result is fine.

### 4. What is your TiDB version? (Required)

Master nightly.

```
Release Version: v6.3.0-alpha
Edition: Community
Git Commit Hash: 29f83a0b25926390c757f71a84baa2322a289f78
Git Branch: heads/refs/tags/v6.3.0-alpha
UTC Build Time: 2022-09-18 14:25:30
GoVersion: go1.19
Race Enabled: false
TiKV Min Version: 6.2.0-alpha
Check Table Before Drop: false
Store: tikv
```

<!-- Paste the output of SELECT tidb_version() -->","[issue_comment | cfzjywxk | 2023-01-17T03:33:14Z]
@ekexium 
Does this issue still exist? Is it caused by the known union scan executor processing problem?

---COMMENT---

[issue_comment | ekexium | 2023-01-17T03:55:12Z]
> Does this issue still exist? 

I tried latest master, it's not fixed yet.

> Is it caused by the known union scan executor processing problem?

I don't clearly remember the investigation. But my message history shows I though it was.",open,2022-09-19T05:31:01Z,,,accepted_fault,Incorrect query result,Consistency: data constraint
