record_id,paper_id,source_project,issue_url,title,body,comments,state,created_at,changed_files,code_diff,decision,symptom,root_cause
issta2024_bugs_in_pods_understanding_bugs:050c160cd73fc5ea,issta2024_bugs_in_pods_understanding_bugs,containerd,https://github.com/containerd/containerd/commit/0c63c42f8183d13c2c106c01f5bb3560d39b3295,Fix slice append error,"In golang when copy a slice, if the slice is initialized with a
desired length, then appending to it will cause the size double.

Signed-off-by: bin liu <liubin0329@gmail.com>",no_comments_in_source,committed,2022-11-11T16:09:31+00:00,"[""pkg/cri/server/helpers.go"", ""pkg/cri/store/container/status.go""]","diff --git a/pkg/cri/server/helpers.go b/pkg/cri/server/helpers.go
index 06d7b588e5027..92efa03e4c166 100644
--- a/pkg/cri/server/helpers.go
+++ b/pkg/cri/server/helpers.go
@@ -474,7 +474,7 @@ func copyResourcesToStatus(spec *runtimespec.Spec, status containerstore.Status)
 		}
 
 		if spec.Linux.Resources.HugepageLimits != nil {
-			hugepageLimits := make([]*runtime.HugepageLimit, len(spec.Linux.Resources.HugepageLimits))
+			hugepageLimits := make([]*runtime.HugepageLimit, 0)
 			for _, l := range spec.Linux.Resources.HugepageLimits {
 				hugepageLimits = append(hugepageLimits, &runtime.HugepageLimit{
 					PageSize: l.Pagesize,
diff --git a/pkg/cri/store/container/status.go b/pkg/cri/store/container/status.go
index b50dc5c542c71..e12fb0f448a19 100644
--- a/pkg/cri/store/container/status.go
+++ b/pkg/cri/store/container/status.go
@@ -219,7 +219,7 @@ func deepCopyOf(s Status) Status {
 	}
 	copy.Resources = &runtime.ContainerResources{}
 	if s.Resources != nil && s.Resources.Linux != nil {
-		hugepageLimits := make([]*runtime.HugepageLimit, len(s.Resources.Linux.HugepageLimits))
+		hugepageLimits := make([]*runtime.HugepageLimit, 0)
 		for _, l := range s.Resources.Linux.HugepageLimits {
 			hugepageLimits = append(hugepageLimits, &runtime.HugepageLimit{
 				PageSize: l.PageSize,",accepted_fault,High Disk Resource Occupancy,Wrong Code Logic
issta2024_bugs_in_pods_understanding_bugs:0ab33337581a2a9a,issta2024_bugs_in_pods_understanding_bugs,gvisor,https://github.com/google/gvisor/commit/ef20c9dc1909296ee67b3cd477d3d58c30d74e16,Drop capabilities when they are not needed,"Without this fix, the sandbox process continues running with CAP_SYS_ADMIN
and CAP_CHROOT:
CapInh:	0000000000240000
CapPrm:	0000000000240000
CapEff:	0000000000240000
CapBnd:	000001ffffffffff
CapAmb:	0000000000240000

We need to add CAP_SETPCAP to be able to clean the bounding set.
Unfortunately, gocapability doesn't report an error in this case:
https://github.com/syndtr/gocapability/blob/master/capability/capability_linux.go#L446

PiperOrigin-RevId: 532214156",no_comments_in_source,committed,2023-05-15T20:50:48+00:00,"[""runsc/cmd/cmd.go"", ""runsc/sandbox/sandbox.go""]","diff --git a/runsc/cmd/cmd.go b/runsc/cmd/cmd.go
index 3c726bd24f..a46dc0e55f 100644
--- a/runsc/cmd/cmd.go
+++ b/runsc/cmd/cmd.go
@@ -89,6 +89,10 @@ func callSelfAsNobody(args []string) error {
 	if _, _, err := unix.RawSyscall(unix.SYS_SETUID, uintptr(nobody), 0, 0); err != 0 {
 		return fmt.Errorf(""error setting gid: %v"", err)
 	}
+	// Drop all capabilities.
+	if err := applyCaps(&specs.LinuxCapabilities{}); err != nil {
+		return fmt.Errorf(""error dropping capabilities: %w"", err)
+	}
 
 	binPath := specutils.ExePath
 
diff --git a/runsc/sandbox/sandbox.go b/runsc/sandbox/sandbox.go
index 1703e4f7ff..91f530005b 100644
--- a/runsc/sandbox/sandbox.go
+++ b/runsc/sandbox/sandbox.go
@@ -881,7 +881,12 @@ func (s *Sandbox) createSandboxProcess(conf *config.Config, args *Args, startSyn
 
 			// A sandbox process will construct an empty root for itself, so it has
 			// to have CAP_SYS_ADMIN and CAP_SYS_CHROOT capabilities.
-			cmd.SysProcAttr.AmbientCaps = append(cmd.SysProcAttr.AmbientCaps, uintptr(capability.CAP_SYS_ADMIN), uintptr(capability.CAP_SYS_CHROOT))
+			cmd.SysProcAttr.AmbientCaps = append(cmd.SysProcAttr.AmbientCaps,
+				uintptr(capability.CAP_SYS_ADMIN),
+				uintptr(capability.CAP_SYS_CHROOT),
+				// CAP_SETPCAP is required to clear the bounding set.
+				uintptr(capability.CAP_SETPCAP),
+			)
 
 		} else {
 			return fmt.Errorf(""can't run sandbox process as user nobody since we don't have CAP_SETUID or CAP_SETGID"")",accepted_fault,Incorrect Return Value,Incorrect System Config
issta2024_bugs_in_pods_understanding_bugs:0b268f2286136b8c,issta2024_bugs_in_pods_understanding_bugs,gvisor,https://github.com/google/gvisor/commit/28cf71cc61c58f07554cab2b3724d2cb3c560b21,Refactor the tcp segment implementation to use refsvfs.,"This change also fixes existing refcounting correctness issues.

PiperOrigin-RevId: 437118979",no_comments_in_source,committed,2022-03-24T23:53:40+00:00,"[""pkg/tcpip/stack/transport_test.go"", ""pkg/tcpip/tcpip.go"", ""pkg/tcpip/transport/icmp/endpoint.go"", ""pkg/tcpip/transport/internal/noop/endpoint.go"", ""pkg/tcpip/transport/packet/endpoint.go"", ""pkg/tcpip/transport/raw/endpoint.go"", ""pkg/tcpip/transport/tcp/BUILD"", ""pkg/tcpip/transport/tcp/accept.go"", ""pkg/tcpip/transport/tcp/connect.go"", ""pkg/tcpip/transport/tcp/dispatcher.go""]","diff --git a/pkg/tcpip/stack/transport_test.go b/pkg/tcpip/stack/transport_test.go
index 51870d03f8..c817e9de0d 100644
--- a/pkg/tcpip/stack/transport_test.go
+++ b/pkg/tcpip/stack/transport_test.go
@@ -78,6 +78,8 @@ func (f *fakeTransportEndpoint) Abort() {
 	f.Close()
 }
 
+func (*fakeTransportEndpoint) Release() {}
+
 func (f *fakeTransportEndpoint) Close() {
 	// TODO(gvisor.dev/issue/5153): Consider retaining the route.
 	f.route.Release()
diff --git a/pkg/tcpip/tcpip.go b/pkg/tcpip/tcpip.go
index da6546a07c..ede0f5b9e6 100644
--- a/pkg/tcpip/tcpip.go
+++ b/pkg/tcpip/tcpip.go
@@ -674,6 +674,9 @@ type Endpoint interface {
 	// SocketOptions returns the structure which contains all the socket
 	// level options.
 	SocketOptions() *SocketOptions
+
+	// Release releases all reference counted objects held by the endpoint.
+	Release()
 }
 
 // LinkPacketInfo holds Link layer information for a received packet.
@@ -2490,6 +2493,18 @@ func GetDanglingEndpoints() []Endpoint {
 	return es
 }
 
+// ReleaseDanglingEndpoints clears out all all reference counted objects held by
+// dangling endpoints.
+func ReleaseDanglingEndpoints() {
+	// Get the dangling endpoints first to avoid locking around Release(), which
+	// can cause a lock inversion with endpoint.mu and danglingEndpointsMu.
+	// Calling Release on a dangling endpoint that has been deleted is a noop.
+	eps := GetDanglingEndpoints()
+	for _, ep := range eps {
+		ep.Release()
+	}
+}
+
 // AddDanglingEndpoint adds a dangling endpoint.
 func AddDanglingEndpoint(e Endpoint) {
 	danglingEndpointsMu.Lock()
diff --git a/pkg/tcpip/transport/icmp/endpoint.go b/pkg/tcpip/transport/icmp/endpoint.go
index 1fcc4d0acf..f86fcc6722 100644
--- a/pkg/tcpip/transport/icmp/endpoint.go
+++ b/pkg/tcpip/transport/icmp/endpoint.go
@@ -767,6 +767,9 @@ func (e *endpoint) HandlePacket(id stack.TransportEndpointID, pkt *stack.PacketB
 // HandleError implements stack.TransportEndpoint.
 func (*endpoint) HandleError(stack.TransportError, *stack.PacketBuffer) {}
 
+// Release implements stack.TransportEndpoint.
+func (*endpoint) Release() {}
+
 // State implements tcpip.Endpoint.State. The ICMP endpoint currently doesn't
 // expose internal socket state.
 func (e *endpoint) State() uint32 {
diff --git a/pkg/tcpip/transport/internal/noop/endpoint.go b/pkg/tcpip/transport/internal/noop/endpoint.go
index 443b4e4162..be2adae1c5 100644
--- a/pkg/tcpip/transport/internal/noop/endpoint.go
+++ b/pkg/tcpip/transport/internal/noop/endpoint.go
@@ -151,6 +151,11 @@ func (*endpoint) Wait() {
 	// No-op.
 }
 
+// Release implements stack.TransportEndpoint.Release.
+func (*endpoint) Release() {
+	// No-op.
+}
+
 // LastError implements tcpip.Endpoint.LastError.
 func (*endpoint) LastError() tcpip.Error {
 	return nil
diff --git a/pkg/tcpip/transport/packet/endpoint.go b/pkg/tcpip/transport/packet/endpoint.go
index 7afc88c1af..7fe039a46e 100644
--- a/pkg/tcpip/transport/packet/endpoint.go
+++ b/pkg/tcpip/transport/packet/endpoint.go
@@ -492,6 +492,9 @@ func (ep *endpoint) Stats() tcpip.EndpointStats {
 // SetOwner implements tcpip.Endpoint.SetOwner.
 func (*endpoint) SetOwner(tcpip.PacketOwner) {}
 
+// Release implements tcpip.Release.
+func (*endpoint) Release() {}
+
 // SocketOptions implements tcpip.Endpoint.SocketOptions.
 func (ep *endpoint) SocketOptions() *tcpip.SocketOptions {
 	return &ep.ops
diff --git a/pkg/tcpip/transport/raw/endpoint.go b/pkg/tcpip/transport/raw/endpoint.go
index c139199554..15eb6a32ea 100644
--- a/pkg/tcpip/transport/raw/endpoint.go
+++ b/pkg/tcpip/transport/raw/endpoint.go
@@ -735,6 +735,9 @@ func (*endpoint) LastError() tcpip.Error {
 	return nil
 }
 
+// Release implements stack.TransportEndpoint.Release.
+func (*endpoint) Release() {}
+
 // SocketOptions implements tcpip.Endpoint.SocketOptions.
 func (e *endpoint) SocketOptions() *tcpip.SocketOptions {
 	return &e.ops
diff --git a/pkg/tcpip/transport/tcp/BUILD b/pkg/tcpip/transport/tcp/BUILD
index 58aeb748c2..524e744f27 100644
--- a/pkg/tcpip/transport/tcp/BUILD
+++ b/pkg/tcpip/transport/tcp/BUILD
@@ -15,6 +15,17 @@ go_template_instance(
     },
 )
 
+go_template_instance(
+    name = ""tcp_segment_refs"",
+    out = ""tcp_segment_refs.go"",
+    package = ""tcp"",
+    prefix = ""segment"",
+    template = ""//pkg/refsvfs2:refs_template"",
+    types = {
+        ""T"": ""segment"",
+    },
+)
+
 go_template_instance(
     name = ""tcp_endpoint_list"",
     out = ""tcp_endpoint_list.go"",
@@ -54,6 +65,7 @@ go_library(
         ""snd.go"",
         ""tcp_endpoint_list.go"",
         ""tcp_segment_list.go"",
+        ""tcp_segment_refs.go"",
         ""timer.go"",
     ],
     imports = [""gvisor.dev/gvisor/pkg/tcpip/buffer""],
@@ -61,6 +73,7 @@ go_library(
     deps = [
         ""//pkg/log"",
         ""//pkg/rand"",
+        ""//pkg/refsvfs2"",
         ""//pkg/sleep"",
         ""//pkg/sync"",
         ""//pkg/tcpip"",
diff --git a/pkg/tcpip/transport/tcp/accept.go b/pkg/tcpip/transport/tcp/accept.go
index 39373ea139..ab61f0ed40 100644
--- a/pkg/tcpip/transport/tcp/accept.go
+++ b/pkg/tcpip/transport/tcp/accept.go
@@ -715,7 +715,6 @@ func (e *endpoint) handleListenSegment(ctx *listenContext, s *segment) tcpip.Err
 		// Requeue the segment if the ACK completing the handshake has more info
 		// to be procesed by the newly established endpoint.
 		if (s.flags.Contains(header.TCPFlagFin) || s.data.Size() > 0) && n.enqueueSegment(s) {
-			s.incRef()
 			n.newSegmentWaker.Assert()
 		}
 
@@ -780,7 +779,7 @@ func (e *endpoint) protocolListenLoop(rcvWnd seqnum.Size) {
 					// TODO(gvisor.dev/issue/4690): Better handle errors instead of
 					// silently dropping.
 					_ = e.handleListenSegment(ctx, s)
-					s.decRef()
+					s.DecRef()
 				}
 				close(e.drainDone)
 				e.mu.Unlock()
@@ -801,7 +800,7 @@ func (e *endpoint) protocolListenLoop(rcvWnd seqnum.Size) {
 				// TODO(gvisor.dev/issue/4690): Better handle errors instead of
 				// silently dropping.
 				_ = e.handleListenSegment(ctx, s)
-				s.decRef()
+				s.DecRef()
 			}
 
 			// If the queue is not empty, make sure we'll wake up
diff --git a/pkg/tcpip/transport/tcp/connect.go b/pkg/tcpip/transport/tcp/connect.go
index 0532adb7a7..22e37f1a41 100644
--- a/pkg/tcpip/transport/tcp/connect.go
+++ b/pkg/tcpip/transport/tcp/connect.go
@@ -423,7 +423,6 @@ func (h *handshake) synRcvdState(s *segment) tcpip.Error {
 		// Requeue the segment if the ACK completing the handshake has more info
 		// to be procesed by the newly established endpoint.
 		if (s.flags.Contains(header.TCPFlagFin) || s.data.Size() > 0) && h.ep.enqueueSegment(s) {
-			s.incRef()
 			h.ep.newSegmentWaker.Assert()
 		}
 		return nil
@@ -459,7 +458,7 @@ func (h *handshake) processSegments() tcpip.Error {
 		}
 
 		err := h.handleSegment(s)
-		s.decRef()
+		s.DecRef()
 		if err != nil {
 			return err
 		}
@@ -590,7 +589,7 @@ func (h *handshake) complete() tcpip.Error {
 				for !h.ep.segmentQueue.empty() {
 					s := h.ep.segmentQueue.dequeue()
 					err := h.handleSegment(s)
-					s.decRef()
+					s.DecRef()
 					if err != nil {
 						return err
 					}
@@ -969,7 +968,7 @@ func (e *endpoint) sendData(next *segment) {
 		if next == nil {
 			return
 		}
-		e.snd.writeNext = next
+		e.snd.updateWriteNext(next)
 	}
 
 	// Push out any new packets.
@@ -1003,6 +1002,10 @@ func (e *endpoint) resetConnectionLocked(err tcpip.Error) {
 		}
 		e.sendRaw(buffer.VectorisedView{}, header.TCPFlagAck|header.TCPFlagRst, resetSeqNum, e.rcv.RcvNxt, 0)
 	}
+	// Don't purge read queues here. If there's buffered data, it's still allowed
+	// to be read.
+	e.purgeWriteQueue()
+	e.purgePendingRcvQueue()
 }
 
 // completeWorkerLocked is called by the worker goroutine when it's about to
@@ -1058,7 +1061,6 @@ func (e *endpoint) tryDeliverSegmentFromClosedEndpoint(s *segment) {
 	}
 	if ep == nil {
 		replyWithReset(e.stack, s, stack.DefaultTOS, tcpip.UseDefaultIPv4TTL, tcpip.UseDefaultIPv6HopLimit)
-		s.decRef()
 		return
 	}
 
@@ -1082,6 +1084,7 @@ func (e *endpoint) drainClosingSegmentQueue() {
 		}
 
 		e.tryDeliverSegmentFromClosedEndpoint(s)
+		s.DecRef()
 	}
 }
 
@@ -1150,7 +1153,7 @@ func (e *endpoint) handleSegmentsLocked(fastPath bool) tcpip.Error {
 		}
 
 		cont, err := e.handleSegmentLocked(s)
-		s.decRef()
+		s.DecRef()
 		if err != nil {
 			return err
 		}
@@ -1553,6 +1556,7 @@ func (e *endpoint) protocolMainLoop(handshake bool, wakerInitDone chan<- struct{
 		e.workerCleanup = true
 		if err != nil {
 			e.resetConnectionLocked(err)
+			e.releaseLocked()
 		}
 	}
 
@@ -1656,15 +1660,13 @@ func (e *endpoint) handleTimeWaitSegments() (extendTimeWait bool, reuseTW func()
 					if EndpointState(tcpEP.State()) == StateListen {
 						reuseTW = func() {
 							if !tcpEP.enqueueSegment(s) {
-								s.decRef()
 								return
 							}
 							tcpEP.newSegmentWaker.Assert()
+							s.DecRef()
 						}
-						// We explicitly do not decRef
-						// the segment as it's still
-						// valid and being reflected to
-						// a listening endpoint.
+						// We explicitly do not DecRef the segment as it's still valid and
+						// being reflected to a listening endpoint.
 						return false, reuseTW
 					}
 				}
@@ -1673,7 +1675,7 @@ func (e *endpoint) handleTimeWaitSegments() (extendTimeWait bool, reuseTW func()
 		if extTW {
 			extendTimeWait = true
 		}
-		s.decRef()
+		s.DecRef()
 	}
 	if checkRequeue && !e.segmentQueue.empty() {
 		e.newSegmentWaker.Assert()
diff --git a/pkg/tcpip/transport/tcp/dispatcher.go b/pkg/tcpip/transport/tcp/dispatcher.go
index 01d9275d9b..a69e0e1043 100644
--- a/pkg/tcpip/transport/tcp/dispatcher.go
+++ b/pkg/tcpip/transport/tcp/dispatcher.go
@@ -179,17 +179,16 @@ func (d *dispatcher) queuePacket(stackEP stack.TransportEndpoint, id stack.Trans
 	ep := stackEP.(*endpoint)
 
 	s := newIncomingSegment(id, clock, pkt)
+	defer s.DecRef()
 	if !s.parse(pkt.RXTransportChecksumValidated) {
 		ep.stack.Stats().TCP.InvalidSegmentsReceived.Increment()
 		ep.stats.ReceiveErrors.MalformedPacketsReceived.Increment()
-		s.decRef()
 		return
 	}
 
 	if !s.csumValid {
 		ep.stack.Stats().TCP.ChecksumErrors.Increment()
 		ep.stats.ReceiveErrors.ChecksumErrors.Increment()
-		s.decRef()
 		return
 	}
 
@@ -200,7 +199,6 @@ func (d *dispatcher) queuePacket(stackEP stack.TransportEndpoint, id stack.Trans
 	}
 
 	if !ep.enqueueSegment(s) {
-		s.decRef()
 		return
 	}
 
diff --git a/pkg/tcpip/transport/tcp/endpoint.go b/pkg/tcpip/transport/tcp/endpoint.go
index cb93af58ec..11fcd95d47 100644
--- a/pkg/tcpip/transport/tcp/endpoint.go
+++ b/pkg/tcpip/transport/tcp/endpoint.go
@@ -15,6 +15,7 @@
 package tcp
 
 import (
+	""container/heap""
 	""encoding/binary""
 	""fmt""
 	""io""
@@ -999,6 +1000,71 @@ func (e *endpoint) notifyProtocolGoroutine(n uint32) {
 	}
 }
 
+func (e *endpoint) Release() {
+	e.LockUser()
+	defer e.UnlockUser()
+	e.releaseLocked()
+}
+
+// +checklocks:e.mu
+func (e *endpoint) releaseLocked() {
+	e.purgeReadQueue()
+	e.purgeWriteQueue()
+	for {
+		s := e.segmentQueue.dequeue()
+		if s == nil {
+			break
+		}
+		s.DecRef()
+	}
+}
+
+// Purging pending rcv segments is only necessary on RST.
+func (e *endpoint) purgePendingRcvQueue() {
+	if e.rcv != nil {
+		for e.rcv.pendingRcvdSegments.Len() > 0 {
+			s := heap.Pop(&e.rcv.pendingRcvdSegments).(*segment)
+			s.DecRef()
+		}
+	}
+}
+
+// +checklocks:e.mu
+func (e *endpoint) purgeReadQueue() {
+	if e.rcv != nil {
+		e.rcvQueueInfo.rcvQueueMu.Lock()
+		defer e.rcvQueueInfo.rcvQueueMu.Unlock()
+		for {
+			s := e.rcvQueueInfo.rcvQueue.Front()
+			if s == nil {
+				break
+			}
+			e.rcvQueueInfo.rcvQueue.Remove(s)
+			s.DecRef()
+		}
+		e.rcvQueueInfo.RcvBufUsed = 0
+	}
+}
+
+// +checklocks:e.mu
+func (e *endpoint) purgeWriteQueue() {
+	if e.snd != nil {
+		e.sndQueueInfo.sndQueueMu.Lock()
+		defer e.sndQueueInfo.sndQueueMu.Unlock()
+		e.snd.updateWriteNext(nil)
+		for {
+			s := e.snd.writeList.Front()
+			if s == nil {
+				break
+			}
+			e.snd.writeList.Remove(s)
+			s.DecRef()
+		}
+		e.sndQueueInfo.SndBufUsed = 0
+		e.sndQueueInfo.SndClosed = true
+	}
+}
+
 // Abort implements stack.TransportEndpoint.Abort.
 func (e *endpoint) Abort() {
 	// The abort notification is not processed synchronously, so no
@@ -1041,6 +1107,9 @@ func (e *endpoint) Close() {
 		return
 	}
 
+	// We always want to purge the read queue, but do so after the checks in
+	// shutdownLocked.
+	defer e.purgeReadQueue()
 	linger := e.SocketOptions().GetLinger()
 	if linger.Enabled && linger.Timeout == 0 {
 		s := e.EndpointState()
@@ -1066,6 +1135,10 @@ func (e *endpoint) Close() {
 	// if we're connected, or stop accepting if we're listening.
 	e.shutdownLocked(tcpip.ShutdownWrite | tcpip.ShutdownRead)
 	e.closeNoShutdownLocked()
+	switch e.EndpointState() {
+	case StateClose, StateError:
+		e.releaseLocked()
+	}
 }
 
 // closeNoShutdown closes the endpoint without doing a full shutdown.
@@ -1187,6 +1260,8 @@ func (e *endpoint) cleanupLocked() {
 		e.route = nil
 	}
 
+	// It's not safe to purge the read queues yet, there could be unread data.
+	e.purgeWriteQueue()
 	e.stack.CompleteTransportEndpointCleanup(e)
 	tcpip.DeleteDanglingEndpoint(e)
 }
@@ -1470,10 +1545,16 @@ func (e *endpoint) commitRead(done int) *segment {
 		// Memory is only considered released when the whole segment has been
 		// read.
 		memDelta += s.segMemSize()
-		s.decRef()
+		s.DecRef()
 		s = e.rcvQueueInfo.rcvQueue.Front()
 	}
-	e.rcvQueueInfo.RcvBufUsed -= done
+	// Concurrent calls to Close() and Read() could cause RcvBufUsed to be
+	// negative because Read() unlocks between startRead() and commitRead(). In
+	// this case the read is allowed, but we refrain from subtracting from
+	// RcvBufUsed since it should already be zero.
+	if e.rcvQueueInfo.RcvBufUsed != 0 {
+		e.rcvQueueInfo.RcvBufUsed -= done
+	}
 
 	if memDelta > 0 {
 		// If the window was small before this read and if the read freed up
@@ -1599,6 +1680,7 @@ func (e *endpoint) queueSegment(p tcpip.Payloader, opts tcpip.WriteOptions) (*se
 	// Add data to the send queue.
 	s := newOutgoingSegment(e.TransportEndpointInfo.ID, e.stack.Clock(), v)
 	e.sndQueueInfo.SndBufUsed += len(v)
+	s.IncRef()
 	e.snd.writeList.PushBack(s)
 
 	return s, len(v), nil
@@ -1616,6 +1698,9 @@ func (e *endpoint) Write(p tcpip.Payloader, opts tcpip.WriteOptions) (int64, tcp
 	// Return if either we didn't queue anything or if an error occurred while
 	// attempting to queue data.
 	nextSeg, n, err := e.queueSegment(p, opts)
+	if nextSeg != nil {
+		defer nextSeg.DecRef()
+	}
 	if n == 0 || err != nil {
 		return 0, err
 	}
@@ -2892,7 +2977,7 @@ func (e *endpoint) readyToRead(s *segment) {
 	e.rcvQueueInfo.rcvQueueMu.Lock()
 	if s != nil {
 		e.rcvQueueInfo.RcvBufUsed += s.payloadSize()
-		s.incRef()
+		s.IncRef()
 		e.rcvQueueInfo.rcvQueue.PushBack(s)
 	} else {
 		e.rcvQueueInfo.RcvClosed = true
diff --git a/pkg/tcpip/transport/tcp/forwarder.go b/pkg/tcpip/transport/tcp/forwarder.go
index dc06c4335f..cbe2d38599 100644
--- a/pkg/tcpip/transport/tcp/forwarder.go
+++ b/pkg/tcpip/transport/tcp/forwarder.go
@@ -66,7 +66,7 @@ func NewForwarder(s *stack.Stack, rcvWnd, maxInFlight int, handler func(*Forward
 // stack.SetTransportProtocolHandler function.
 func (f *Forwarder) HandlePacket(id stack.TransportEndpointID, pkt *stack.PacketBuffer) bool {
 	s := newIncomingSegment(id, f.stack.Clock(), pkt)
-	defer s.decRef()
+	defer s.DecRef()
 
 	// We only care about well-formed SYN packets (not SYN-ACK) packets.
 	if !s.parse(pkt.RXTransportChecksumValidated) || !s.csumValid || !s.flags.Contains(header.TCPFlagSyn) || s.flags.Contains(header.TCPFlagAck) {
@@ -90,7 +90,7 @@ func (f *Forwarder) HandlePacket(id stack.TransportEndpointID, pkt *stack.Packet
 
 	// Launch a new goroutine to handle the request.
 	f.inFlight[id] = struct{}{}
-	s.incRef()
+	s.IncRef()
 	go f.handler(&ForwarderRequest{ // S/R-SAFE: not used by Sentry.
 		forwarder:  f,
 		segment:    s,
@@ -136,7 +136,7 @@ func (r *ForwarderRequest) Complete(sendReset bool) {
 	}
 
 	// Release all resources.
-	r.segment.decRef()
+	r.segment.DecRef()
 	r.segment = nil
 	r.forwarder = nil
 }
diff --git a/pkg/tcpip/transport/tcp/protocol.go b/pkg/tcpip/transport/tcp/protocol.go
index 8d3ab0dc98..af9edb12e3 100644
--- a/pkg/tcpip/transport/tcp/protocol.go
+++ b/pkg/tcpip/transport/tcp/protocol.go
@@ -158,7 +158,7 @@ func (p *protocol) QueuePacket(ep stack.TransportEndpoint, id stack.TransportEnd
 // means.""
 func (p *protocol) HandleUnknownDestinationPacket(id stack.TransportEndpointID, pkt *stack.PacketBuffer) stack.UnknownDestinationPacketDisposition {
 	s := newIncomingSegment(id, p.stack.Clock(), pkt)
-	defer s.decRef()
+	defer s.DecRef()
 
 	if !s.parse(pkt.RXTransportChecksumValidated) || !s.csumValid {
 		return stack.UnknownDestinationPacketMalformed
diff --git a/pkg/tcpip/transport/tcp/rack.go b/pkg/tcpip/transport/tcp/rack.go
index bd2d855c28..fe0a47e13a 100644
--- a/pkg/tcpip/transport/tcp/rack.go
+++ b/pkg/tcpip/transport/tcp/rack.go
@@ -197,7 +197,7 @@ func (s *sender) probeTimerExpired() tcpip.Error {
 		dataSent = s.maybeSendSegment(s.writeNext, int(s.ep.scoreboard.SMSS()), s.SndUna.Add(s.SndWnd))
 		if dataSent {
 			s.Outstanding += s.pCount(s.writeNext, s.MaxPayloadSize)
-			s.writeNext = s.writeNext.Next()
+			s.updateWriteNext(s.writeNext.Next())
 		}
 	}
 
diff --git a/pkg/tcpip/transport/tcp/rcv.go b/pkg/tcpip/transport/tcp/rcv.go
index e9bbcc436e..0cccb9d8a7 100644
--- a/pkg/tcpip/transport/tcp/rcv.go
+++ b/pkg/tcpip/transport/tcp/rcv.go
@@ -286,8 +286,7 @@ func (r *receiver) consumeSegment(s *segment, segSeq seqnum.Value, segLen seqnum
 
 		for i := first; i < len(r.pendingRcvdSegments); i++ {
 			r.PendingBufUsed -= r.pendingRcvdSegments[i].segMemSize()
-			r.pendingRcvdSegments[i].decRef()
-
+			r.pendingRcvdSegments[i].DecRef()
 			// Note that slice truncation does not allow garbage collection of
 			// truncated items, thus truncated items must be set to nil to avoid
 			// memory leaks.
@@ -490,7 +489,7 @@ func (r *receiver) handleRcvdSegment(s *segment) (drop bool, err tcpip.Error) {
 				r.ep.rcvQueueInfo.rcvQueueMu.Lock()
 				r.PendingBufUsed += s.segMemSize()
 				r.ep.rcvQueueInfo.rcvQueueMu.Unlock()
-				s.incRef()
+				s.IncRef()
 				heap.Push(&r.pendingRcvdSegments, s)
 				UpdateSACKBlocks(&r.ep.sack, segSeq, segSeq.Add(segLen), r.RcvNxt)
 			}
@@ -526,7 +525,7 @@ func (r *receiver) handleRcvdSegment(s *segment) (drop bool, err tcpip.Error) {
 		r.ep.rcvQueueInfo.rcvQueueMu.Lock()
 		r.PendingBufUsed -= s.segMemSize()
 		r.ep.rcvQueueInfo.rcvQueueMu.Unlock()
-		s.decRef()
+		s.DecRef()
 	}
 	return false, nil
 }
diff --git a/pkg/tcpip/transport/tcp/sack_recovery.go b/pkg/tcpip/transport/tcp/sack_recovery.go
index a3a7e904b6..74f1698d78 100644
--- a/pkg/tcpip/transport/tcp/sack_recovery.go
+++ b/pkg/tcpip/transport/tcp/sack_recovery.go
@@ -69,7 +69,7 @@ func (sr *sackRecovery) handleSACKRecovery(limit int, end seqnum.Value) (dataSen
 			}
 			dataSent = true
 			snd.Outstanding++
-			snd.writeNext = nextSeg.Next()
+			snd.updateWriteNext(nextSeg.Next())
 			continue
 		}
 
diff --git a/pkg/tcpip/transport/tcp/segment.go b/pkg/tcpip/transport/tcp/segment.go
index ca78c96f22..43968704b2 100644
--- a/pkg/tcpip/transport/tcp/segment.go
+++ b/pkg/tcpip/transport/tcp/segment.go
@@ -16,7 +16,6 @@ package tcp
 
 import (
 	""fmt""
-	""sync/atomic""
 
 	""gvisor.dev/gvisor/pkg/tcpip""
 	""gvisor.dev/gvisor/pkg/tcpip/buffer""
@@ -41,7 +40,8 @@ const (
 // +stateify savable
 type segment struct {
 	segmentEntry
-	refCnt int32
+	segmentRefs
+
 	ep     *endpoint
 	qFlags queueFlags
 	id     stack.TransportEndpointID `state:""manual""`
@@ -90,13 +90,13 @@ type segment struct {
 func newIncomingSegment(id stack.TransportEndpointID, clock tcpip.Clock, pkt *stack.PacketBuffer) *segment {
 	netHdr := pkt.Network()
 	s := &segment{
-		refCnt:   1,
 		id:       id,
 		srcAddr:  netHdr.SourceAddress(),
 		dstAddr:  netHdr.DestinationAddress(),
 		netProto: pkt.NetworkProtocolNumber,
 		nicID:    pkt.NICID,
 	}
+	s.InitRefs()
 	s.data = pkt.Data().ExtractVV().Clone(s.views[:])
 	s.hdr = header.TCP(pkt.TransportHeader().View())
 	s.rcvdTime = clock.NowMonotonic()
@@ -106,9 +106,9 @@ func newIncomingSegment(id stack.TransportEndpointID, clock tcpip.Clock, pkt *st
 
 func newOutgoingSegment(id stack.TransportEndpointID, clock tcpip.Clock, v buffer.View) *segment {
 	s := &segment{
-		refCnt: 1,
-		id:     id,
+		id: id,
 	}
+	s.InitRefs()
 	s.rcvdTime = clock.NowMonotonic()
 	if len(v) != 0 {
 		s.views[0] = v
@@ -120,7 +120,6 @@ func newOutgoingSegment(id stack.TransportEndpointID, clock tcpip.Clock, v buffe
 
 func (s *segment) clone() *segment {
 	t := &segment{
-		refCnt:         1,
 		id:             s.id,
 		sequenceNumber: s.sequenceNumber,
 		ackNumber:      s.ackNumber,
@@ -135,6 +134,7 @@ func (s *segment) clone() *segment {
 		qFlags:         s.qFlags,
 		dataMemSize:    s.dataMemSize,
 	}
+	t.InitRefs()
 	t.data = s.data.Clone(t.views[:])
 	return t
 }
@@ -164,8 +164,8 @@ func (s *segment) setOwner(ep *endpoint, qFlags queueFlags) {
 	s.qFlags = qFlags
 }
 
-func (s *segment) decRef() {
-	if atomic.AddInt32(&s.refCnt, -1) == 0 {
+func (s *segment) DecRef() {
+	s.segmentRefs.DecRef(func() {
 		if s.ep != nil {
 			switch s.qFlags {
 			case recvQ:
@@ -176,11 +176,7 @@ func (s *segment) decRef() {
 				panic(fmt.Sprintf(""unexpected queue flag %b set for segment"", s.qFlags))
 			}
 		}
-	}
-}
-
-func (s *segment) incRef() {
-	atomic.AddInt32(&s.refCnt, 1)
+	})
 }
 
 // logicalLen is the segment length in the sequence number space. It's defined
diff --git a/pkg/tcpip/transport/tcp/segment_queue.go b/pkg/tcpip/transport/tcp/segment_queue.go
index d0d1b0b8ab..568c7d358e 100644
--- a/pkg/tcpip/transport/tcp/segment_queue.go
+++ b/pkg/tcpip/transport/tcp/segment_queue.go
@@ -60,6 +60,7 @@ func (q *segmentQueue) enqueue(s *segment) bool {
 	allow := (used <= int(bufSz) || s.payloadSize() == 0) && !q.frozen
 
 	if allow {
+		s.IncRef()
 		q.list.PushBack(s)
 		// Set the owner now that the endpoint owns the segment.
 		s.setOwner(q.ep, recvQ)
diff --git a/pkg/tcpip/transport/tcp/segment_test.go b/pkg/tcpip/transport/tcp/segment_test.go
index 2d5fdda191..3af4e8a73b 100644
--- a/pkg/tcpip/transport/tcp/segment_test.go
+++ b/pkg/tcpip/transport/tcp/segment_test.go
@@ -43,9 +43,9 @@ func TestSegmentMerge(t *testing.T) {
 	var clock faketime.NullClock
 	id := stack.TransportEndpointID{}
 	seg1 := newOutgoingSegment(id, &clock, buffer.NewView(10))
-	defer seg1.decRef()
+	defer seg1.DecRef()
 	seg2 := newOutgoingSegment(id, &clock, buffer.NewView(20))
-	defer seg2.decRef()
+	defer seg2.DecRef()
 
 	checkSegmentSize(t, ""seg1"", seg1, segmentSizeWants{
 		DataSize:   10,
diff --git a/pkg/tcpip/transport/tcp/snd.go b/pkg/tcpip/transport/tcp/snd.go
index 1c5481b219..4e22faf0ae 100644
--- a/pkg/tcpip/transport/tcp/snd.go
+++ b/pkg/tcpip/transport/tcp/snd.go
@@ -333,7 +333,7 @@ func (s *sender) updateMaxPayloadSize(mtu, count int) {
 
 	// Since we likely reduced the number of outstanding packets, we may be
 	// ready to send some more.
-	s.writeNext = nextSeg
+	s.updateWriteNext(nextSeg)
 	s.sendData()
 }
 
@@ -545,7 +545,7 @@ func (s *sender) retransmitTimerExpired() bool {
 	// information as we lack more rigorous checks to validate if the SACK
 	// information is usable after an RTO.
 	s.ep.scoreboard.Reset()
-	s.writeNext = s.writeList.Front()
+	s.updateWriteNext(s.writeList.Front())
 
 	// RFC 1122 4.2.2.17: Start sending zero window probes when we still see a
 	// zero receive window after retransmission interval and we have data to
@@ -752,7 +752,7 @@ func (s *sender) maybeSendSegment(seg *segment, limit int, end seqnum.Value) (se
 				}
 				seg.merge(nSeg)
 				s.writeList.Remove(nSeg)
-				nSeg.decRef()
+				nSeg.DecRef()
 			}
 			if !nextTooBig && seg.data.Size() < available {
 				// Segment is not full.
@@ -972,7 +972,7 @@ func (s *sender) sendData() {
 		if s.isAssignedSequenceNumber(seg) && s.ep.SACKPermitted && s.ep.scoreboard.IsSACKED(seg.sackBlock()) {
 			// Move writeNext along so that we don't try and scan data that
 			// has already been SACKED.
-			s.writeNext = seg.Next()
+			s.updateWriteNext(seg.Next())
 			continue
 		}
 		if sent := s.maybeSendSegment(seg, limit, end); !sent {
@@ -980,7 +980,7 @@ func (s *sender) sendData() {
 		}
 		dataSent = true
 		s.Outstanding += s.pCount(seg, s.MaxPayloadSize)
-		s.writeNext = seg.Next()
+		s.updateWriteNext(seg.Next())
 	}
 
 	s.postXmit(dataSent, true /* shouldScheduleProbe */)
@@ -1526,7 +1526,7 @@ func (s *sender) handleRcvdSegment(rcvdSeg *segment) {
 			}
 
 			if s.writeNext == seg {
-				s.writeNext = seg.Next()
+				s.updateWriteNext(seg.Next())
 			}
 
 			// Update the RACK fields if SACK is enabled.
@@ -1545,7 +1545,7 @@ func (s *sender) handleRcvdSegment(rcvdSeg *segment) {
 			} else {
 				s.SackedOut -= s.pCount(seg, s.MaxPayloadSize)
 			}
-			seg.decRef()
+			seg.DecRef()
 			ackLeft -= datalen
 		}
 
@@ -1699,3 +1699,13 @@ func (s *sender) maybeSendOutOfWindowAck(seg *segment) {
 		s.sendAck()
 	}
 }
+
+func (s *sender) updateWriteNext(seg *segment) {
+	if s.writeNext != nil {
+		s.writeNext.DecRef()
+	}
+	if seg != nil {
+		seg.IncRef()
+	}
+	s.writeNext = seg
+}
diff --git a/pkg/tcpip/transport/tcp/test/e2e/forwarder_test.go b/pkg/tcpip/transport/tcp/test/e2e/forwarder_test.go
index dd8a5e1377..ceaee440f8 100644
--- a/pkg/tcpip/transport/tcp/test/e2e/forwarder_test.go
+++ b/pkg/tcpip/transport/tcp/test/e2e/forwarder_test.go
@@ -41,6 +41,7 @@ func TestForwarderSendMSSLessThanMTU(t *testing.T) {
 		c.EP, err = r.CreateEndpoint(&c.WQ)
 		ch <- err
 		close(ch)
+		r.Complete(false)
 	})
 	s.SetTransportProtocolHandler(tcp.ProtocolNumber, f.HandlePacket)
 
@@ -85,6 +86,7 @@ func TestForwarderDoesNotRejectECNFlags(t *testing.T) {
 				c.EP, err = r.CreateEndpoint(&c.WQ)
 				ch <- err
 				close(ch)
+				r.Complete(false)
 			})
 			s.SetTransportProtocolHandler(tcp.ProtocolNumber, f.HandlePacket)
 
diff --git a/pkg/tcpip/transport/tcp/test/e2e/tcp_test.go b/pkg/tcpip/transport/tcp/test/e2e/tcp_test.go
index 40f41a5d96..401af4bb0d 100644
--- a/pkg/tcpip/transport/tcp/test/e2e/tcp_test.go
+++ b/pkg/tcpip/transport/tcp/test/e2e/tcp_test.go
@@ -855,7 +855,7 @@ func TestClosingWithEnqueuedSegments(t *testing.T) {
 		t.Errorf(""got stats.TCP.CurrentEstablished.Value() = %d, want = 0"", got)
 	}
 
-	// Check if the endpoint was moved to CLOSED and netstack a reset in
+	// Check if the endpoint was moved to CLOSED and netstack sent a reset in
 	// response to the ACK packet that we sent after last-ACK.
 	checker.IPv4(t, c.GetPacket(),
 		checker.TCP(
@@ -8628,9 +8628,43 @@ func TestECNFlagsAccept(t *testing.T) {
 	}
 }
 
+func TestReadAfterCloseWithBufferedData(t *testing.T) {
+	c := context.New(t, e2e.DefaultMTU)
+	defer c.Cleanup()
+	con := c.CreateConnectedWithOptionsNoDelay(header.TCPSynOptions{})
+	// Fill up the receive queue.
+	for i := 0; i < 300; i++ {
+		con.SendPacket([]byte{1, 2, 3, 4}, nil)
+	}
+
+	timeout := time.After(5 * time.Second)
+	// If the receive queue is not properly drained, the endpoint will never
+	// return ErrClosedForReceive.
+	c.EP.Close()
+	for {
+		select {
+		case <-timeout:
+			t.Fatalf(""timed out waiting for read to return error %q"", &tcpip.ErrClosedForReceive{})
+			return
+		default:
+			if _, err := c.EP.Read(ioutil.Discard, tcpip.ReadOptions{}); cmp.Equal(err, &tcpip.ErrClosedForReceive{}) {
+				return
+			}
+		}
+	}
+}
+
+func TestReleaseAfterClose(t *testing.T) {
+	c := context.New(t, e2e.DefaultMTU)
+	c.CreateConnectedWithOptionsNoDelay(header.TCPSynOptions{})
+	c.CloseNoWait()
+	c.EP.Release()
+}
+
 func TestMain(m *testing.M) {
 	refs.SetLeakMode(refs.LeaksPanic)
 	code := m.Run()
+	tcpip.ReleaseDanglingEndpoints()
 	// Allow TCP async work to complete to avoid false reports of leaks.
 	// TODO(gvisor.dev/issue/5940): Use fake clock in tests.
 	time.Sleep(1 * time.Second)
diff --git a/pkg/tcpip/transport/tcp/testing/context/context.go b/pkg/tcpip/transport/tcp/testing/context/context.go
index e7cbaf7a3d..0f0b49d6d5 100644
--- a/pkg/tcpip/transport/tcp/testing/context/context.go
+++ b/pkg/tcpip/transport/tcp/testing/context/context.go
@@ -280,12 +280,20 @@ func NewWithOpts(t *testing.T, opts Options) *Context {
 func (c *Context) Cleanup() {
 	if c.EP != nil {
 		c.EP.Close()
+		c.EP.Release()
 	}
 	c.Stack().Close()
 	c.Stack().Wait()
 	c.linkEP.Close()
 }
 
+// CloseNoWait closes the link and transport endpoints and does not wait for
+// them to finish processing.
+func (c *Context) CloseNoWait() {
+	c.EP.Close()
+	c.linkEP.Close()
+}
+
 // Stack returns a reference to the stack in the Context.
 func (c *Context) Stack() *stack.Stack {
 	return c.s
diff --git a/pkg/tcpip/transport/udp/endpoint.go b/pkg/tcpip/transport/udp/endpoint.go
index 17fd766cdd..0e86c2541b 100644
--- a/pkg/tcpip/transport/udp/endpoint.go
+++ b/pkg/tcpip/transport/udp/endpoint.go
@@ -157,6 +157,8 @@ func (e *endpoint) Abort() {
 	e.Close()
 }
 
+func (*endpoint) Release() {}
+
 // Close puts the endpoint in a closed state and frees all resources
 // associated with it.
 func (e *endpoint) Close() {
diff --git a/runsc/boot/loader.go b/runsc/boot/loader.go
index eddc01a6f5..afcf0887f0 100644
--- a/runsc/boot/loader.go
+++ b/runsc/boot/loader.go
@@ -515,6 +515,9 @@ func (l *Loader) Destroy() {
 	// save/restore.
 	l.k.Release()
 
+	// Release any dangling tcp connections.
+	tcpip.ReleaseDanglingEndpoints()
+
 	// In the success case, stdioFDs and goferFDs will only contain
 	// released/closed FDs that ownership has been passed over to host FDs and
 	// gofer sessions. Close them here in case of failure.",accepted_fault,Incorrect Return Value,Incorrect 3rd Party Library Usage
issta2024_bugs_in_pods_understanding_bugs:11ec85e2ceab6c8b,issta2024_bugs_in_pods_understanding_bugs,runc,https://github.com/opencontainers/runc/commit/66625701105c6b38260fa4bbe465e0615135d018,libct: fix staticcheck warning,"A new version of staticcheck (included into golangci-lint 1.46.2) gives
this new warning:

> libcontainer/factory_linux.go:230:59: SA9008: e refers to the result of a failed type assertion and is a zero value, not the value that was being type-asserted (staticcheck)
> 				err = fmt.Errorf(""panic from initialization: %v, %s"", e, debug.Stack())
> 				                                                      ^
> libcontainer/factory_linux.go:226:7: SA9008(related information): this is the variable being read (staticcheck)
> 			if e, ok := e.(error); ok {
> 			   ^

Apparently, this is indeed a bug. Fix by using a different name for a
new variable, so we can access the old one under ""else"".

Signed-off-by: Kir Kolyshkin <kolyshkin@gmail.com>",no_comments_in_source,committed,2022-06-16T23:31:42+00:00,"[""libcontainer/factory_linux.go""]","diff --git a/libcontainer/factory_linux.go b/libcontainer/factory_linux.go
index 17b05a55298..cd39ca38fae 100644
--- a/libcontainer/factory_linux.go
+++ b/libcontainer/factory_linux.go
@@ -223,10 +223,9 @@ func StartInitialization() (err error) {
 
 	defer func() {
 		if e := recover(); e != nil {
-			if e, ok := e.(error); ok {
-				err = fmt.Errorf(""panic from initialization: %w, %s"", e, debug.Stack())
+			if ee, ok := e.(error); ok {
+				err = fmt.Errorf(""panic from initialization: %w, %s"", ee, debug.Stack())
 			} else {
-				//nolint:errorlint // here e is not of error type
 				err = fmt.Errorf(""panic from initialization: %v, %s"", e, debug.Stack())
 			}
 		}",accepted_fault,Logging Error,Others
issta2024_bugs_in_pods_understanding_bugs:15239edfaa0a0f74,issta2024_bugs_in_pods_understanding_bugs,runc,https://github.com/opencontainers/runc/commit/39914db679b008d7400a165b974f5d7ceec19e1f,runc exec: don't skip non-existing cgroups,"The function used here, cgroups.EnterPid, silently skips non-existing
paths, and it does not look like a good idea to do so for an existing
container with already configured cgroups.

Switch to cgroups.WriteCgroupProc which does not do that, so in case
a cgroup does not exist, we'll get an error.

Signed-off-by: Kir Kolyshkin <kolyshkin@gmail.com>",no_comments_in_source,committed,2021-06-30T01:29:48+00:00,"[""libcontainer/process_linux.go""]","diff --git a/libcontainer/process_linux.go b/libcontainer/process_linux.go
index 13812e73112..696ddc5d51a 100644
--- a/libcontainer/process_linux.go
+++ b/libcontainer/process_linux.go
@@ -124,9 +124,9 @@ func (p *setnsProcess) start() (retErr error) {
 	if err := p.execSetns(); err != nil {
 		return fmt.Errorf(""error executing setns process: %w"", err)
 	}
-	if len(p.cgroupPaths) > 0 {
-		if err := cgroups.EnterPid(p.cgroupPaths, p.pid()); err != nil && !p.rootlessCgroups {
-			// On cgroup v2 + nesting + domain controllers, EnterPid may fail with EBUSY.
+	for _, path := range p.cgroupPaths {
+		if err := cgroups.WriteCgroupProc(path, p.pid()); err != nil && !p.rootlessCgroups {
+			// On cgroup v2 + nesting + domain controllers, WriteCgroupProc may fail with EBUSY.
 			// https://github.com/opencontainers/runc/issues/2356#issuecomment-621277643
 			// Try to join the cgroup of InitProcessPid.
 			if cgroups.IsCgroup2UnifiedMode() {",accepted_fault,Wrong Container Behavior,Incorrect Image or Config Parsing
issta2024_bugs_in_pods_understanding_bugs:1d335283f7af956c,issta2024_bugs_in_pods_understanding_bugs,gvisor,https://github.com/google/gvisor/commit/8ebc4d767a432c7a4a97e25e048a1380b2a2e442,Accept no buffer space errors when forwarding,"The outgoing device queue may be full when forwarding packets and those
errors should not result in a panic.

PiperOrigin-RevId: 499946528",no_comments_in_source,committed,2023-01-05T19:13:51+00:00,"[""pkg/tcpip/network/internal/ip/errors.go"", ""pkg/tcpip/network/internal/ip/stats.go"", ""pkg/tcpip/network/ipv4/ipv4.go"", ""pkg/tcpip/network/ipv6/ipv6.go"", ""pkg/tcpip/tcpip.go"", ""pkg/tcpip/tests/integration/forward_test.go""]","diff --git a/pkg/tcpip/network/internal/ip/errors.go b/pkg/tcpip/network/internal/ip/errors.go
index 5ff59fd598..0624996f3c 100644
--- a/pkg/tcpip/network/internal/ip/errors.go
+++ b/pkg/tcpip/network/internal/ip/errors.go
@@ -34,6 +34,14 @@ func (*ErrTTLExceeded) isForwardingError() {}
 
 func (*ErrTTLExceeded) String() string { return ""ttl exceeded"" }
 
+// ErrOutgoingDeviceNoBufferSpace indicates that the outgoing device does not
+// have enough space to hold a buffer.
+type ErrOutgoingDeviceNoBufferSpace struct{}
+
+func (*ErrOutgoingDeviceNoBufferSpace) isForwardingError() {}
+
+func (*ErrOutgoingDeviceNoBufferSpace) String() string { return ""no device buffer space"" }
+
 // ErrParameterProblem indicates the received packet had a problem with an IP
 // parameter.
 type ErrParameterProblem struct{}
diff --git a/pkg/tcpip/network/internal/ip/stats.go b/pkg/tcpip/network/internal/ip/stats.go
index 83b0b63fbc..9861bce0d2 100644
--- a/pkg/tcpip/network/internal/ip/stats.go
+++ b/pkg/tcpip/network/internal/ip/stats.go
@@ -64,6 +64,10 @@ type MultiCounterIPForwardingStats struct {
 	// were dropped due to insufficent buffer space in the pending packet queue.
 	NoMulticastPendingQueueBufferSpace tcpip.MultiCounterStat
 
+	// OutgoingDeviceNoBufferSpace is the number of packets that were dropped due
+	// to insufficient space in the outgoing device.
+	OutgoingDeviceNoBufferSpace tcpip.MultiCounterStat
+
 	// Errors is the number of IP packets received which could not be
 	// successfully forwarded.
 	Errors tcpip.MultiCounterStat
@@ -82,6 +86,7 @@ func (m *MultiCounterIPForwardingStats) Init(a, b *tcpip.IPForwardingStats) {
 	m.UnexpectedMulticastInputInterface.Init(a.UnexpectedMulticastInputInterface, b.UnexpectedMulticastInputInterface)
 	m.UnknownOutputEndpoint.Init(a.UnknownOutputEndpoint, b.UnknownOutputEndpoint)
 	m.NoMulticastPendingQueueBufferSpace.Init(a.NoMulticastPendingQueueBufferSpace, b.NoMulticastPendingQueueBufferSpace)
+	m.OutgoingDeviceNoBufferSpace.Init(a.OutgoingDeviceNoBufferSpace, b.OutgoingDeviceNoBufferSpace)
 }
 
 // LINT.ThenChange(:MultiCounterIPForwardingStats, ../../../tcpip.go:IPForwardingStats)
diff --git a/pkg/tcpip/network/ipv4/ipv4.go b/pkg/tcpip/network/ipv4/ipv4.go
index c669b888d2..b70e3bc9d5 100644
--- a/pkg/tcpip/network/ipv4/ipv4.go
+++ b/pkg/tcpip/network/ipv4/ipv4.go
@@ -691,6 +691,8 @@ func (e *endpoint) forwardPacketWithRoute(route *stack.Route, pkt stack.PacketBu
 		// necessary and the bit is also set.
 		_ = e.protocol.returnError(&icmpReasonFragmentationNeeded{}, pkt, false /* deliveredLocally */)
 		return &ip.ErrMessageTooLong{}
+	case *tcpip.ErrNoBufferSpace:
+		return &ip.ErrOutgoingDeviceNoBufferSpace{}
 	default:
 		return &ip.ErrOther{Err: err}
 	}
@@ -1105,7 +1107,7 @@ func (e *endpoint) handleValidatedPacket(h header.IPv4, pkt stack.PacketBufferPt
 // counters.
 func (e *endpoint) handleForwardingError(err ip.ForwardingError) {
 	stats := e.stats.ip
-	switch err.(type) {
+	switch err := err.(type) {
 	case nil:
 		return
 	case *ip.ErrLinkLocalSourceAddress:
@@ -1126,6 +1128,8 @@ func (e *endpoint) handleForwardingError(err ip.ForwardingError) {
 		stats.Forwarding.UnexpectedMulticastInputInterface.Increment()
 	case *ip.ErrUnknownOutputEndpoint:
 		stats.Forwarding.UnknownOutputEndpoint.Increment()
+	case *ip.ErrOutgoingDeviceNoBufferSpace:
+		stats.Forwarding.OutgoingDeviceNoBufferSpace.Increment()
 	default:
 		panic(fmt.Sprintf(""unrecognized forwarding error: %s"", err))
 	}
diff --git a/pkg/tcpip/network/ipv6/ipv6.go b/pkg/tcpip/network/ipv6/ipv6.go
index 9bdd30b647..31f48b37fd 100644
--- a/pkg/tcpip/network/ipv6/ipv6.go
+++ b/pkg/tcpip/network/ipv6/ipv6.go
@@ -1029,6 +1029,8 @@ func (e *endpoint) forwardPacketWithRoute(route *stack.Route, pkt stack.PacketBu
 		//   outgoing link.
 		_ = e.protocol.returnError(&icmpReasonPacketTooBig{}, pkt, false /* deliveredLocally */)
 		return &ip.ErrMessageTooLong{}
+	case *tcpip.ErrNoBufferSpace:
+		return &ip.ErrOutgoingDeviceNoBufferSpace{}
 	default:
 		return &ip.ErrOther{Err: err}
 	}
@@ -1227,7 +1229,7 @@ func (e *endpoint) forwardMulticastPacketForOutgoingInterface(pkt stack.PacketBu
 // counters.
 func (e *endpoint) handleForwardingError(err ip.ForwardingError) {
 	stats := e.stats.ip
-	switch err.(type) {
+	switch err := err.(type) {
 	case nil:
 		return
 	case *ip.ErrLinkLocalSourceAddress:
@@ -1248,6 +1250,8 @@ func (e *endpoint) handleForwardingError(err ip.ForwardingError) {
 		stats.Forwarding.UnexpectedMulticastInputInterface.Increment()
 	case *ip.ErrUnknownOutputEndpoint:
 		stats.Forwarding.UnknownOutputEndpoint.Increment()
+	case *ip.ErrOutgoingDeviceNoBufferSpace:
+		stats.Forwarding.OutgoingDeviceNoBufferSpace.Increment()
 	default:
 		panic(fmt.Sprintf(""unrecognized forwarding error: %s"", err))
 	}
diff --git a/pkg/tcpip/tcpip.go b/pkg/tcpip/tcpip.go
index a439709013..e4c8d666b0 100644
--- a/pkg/tcpip/tcpip.go
+++ b/pkg/tcpip/tcpip.go
@@ -1739,6 +1739,10 @@ type IPForwardingStats struct {
 	// were dropped due to insufficent buffer space in the pending packet queue.
 	NoMulticastPendingQueueBufferSpace *StatCounter
 
+	// OutgoingDeviceNoBufferSpace is the number of packets that were dropped due
+	// to insufficient space in the outgoing device.
+	OutgoingDeviceNoBufferSpace *StatCounter
+
 	// Errors is the number of IP packets received which could not be
 	// successfully forwarded.
 	Errors *StatCounter
diff --git a/pkg/tcpip/tests/integration/forward_test.go b/pkg/tcpip/tests/integration/forward_test.go
index 82702bf4a4..ad0818e97d 100644
--- a/pkg/tcpip/tests/integration/forward_test.go
+++ b/pkg/tcpip/tests/integration/forward_test.go
@@ -349,6 +349,19 @@ func TestForwarding(t *testing.T) {
 	}
 }
 
+type fillableLinkEndpoint struct {
+	*channel.Endpoint
+	full bool
+}
+
+func (e *fillableLinkEndpoint) WritePackets(pkts stack.PacketBufferList) (int, tcpip.Error) {
+	if e.full {
+		return 0, &tcpip.ErrNoBufferSpace{}
+	}
+
+	return e.Endpoint.WritePackets(pkts)
+}
+
 func TestUnicastForwarding(t *testing.T) {
 	const (
 		nicID1 = 1
@@ -362,6 +375,7 @@ func TestUnicastForwarding(t *testing.T) {
 
 	tests := []struct {
 		name             string
+		netProto         tcpip.NetworkProtocolNumber
 		srcAddr, dstAddr tcpip.Address
 		rx               func(*channel.Endpoint, tcpip.Address, tcpip.Address)
 		expectForward    bool
@@ -369,6 +383,7 @@ func TestUnicastForwarding(t *testing.T) {
 	}{
 		{
 			name:          ""IPv4 link-local source"",
+			netProto:      ipv4.ProtocolNumber,
 			srcAddr:       ipv4LinkLocalUnicastAddr,
 			dstAddr:       utils.RemoteIPv4Addr,
 			rx:            rxICMPv4EchoRequest,
@@ -376,6 +391,7 @@ func TestUnicastForwarding(t *testing.T) {
 		},
 		{
 			name:          ""IPv4 link-local destination"",
+			netProto:      ipv4.ProtocolNumber,
 			srcAddr:       utils.RemoteIPv4Addr,
 			dstAddr:       ipv4LinkLocalUnicastAddr,
 			rx:            rxICMPv4EchoRequest,
@@ -383,6 +399,7 @@ func TestUnicastForwarding(t *testing.T) {
 		},
 		{
 			name:          ""IPv4 non-link-local unicast"",
+			netProto:      ipv4.ProtocolNumber,
 			srcAddr:       utils.RemoteIPv4Addr,
 			dstAddr:       utils.Ipv4Addr2.AddressWithPrefix.Address,
 			rx:            rxICMPv4EchoRequest,
@@ -393,6 +410,7 @@ func TestUnicastForwarding(t *testing.T) {
 		},
 		{
 			name:          ""IPv6 link-local source"",
+			netProto:      ipv6.ProtocolNumber,
 			srcAddr:       ipv6LinkLocalUnicastAddr,
 			dstAddr:       utils.RemoteIPv6Addr,
 			rx:            rxICMPv6EchoRequest,
@@ -400,6 +418,7 @@ func TestUnicastForwarding(t *testing.T) {
 		},
 		{
 			name:          ""IPv6 link-local destination"",
+			netProto:      ipv6.ProtocolNumber,
 			srcAddr:       utils.RemoteIPv6Addr,
 			dstAddr:       ipv6LinkLocalUnicastAddr,
 			rx:            rxICMPv6EchoRequest,
@@ -407,6 +426,7 @@ func TestUnicastForwarding(t *testing.T) {
 		},
 		{
 			name:          ""IPv6 non-link-local unicast"",
+			netProto:      ipv6.ProtocolNumber,
 			srcAddr:       utils.RemoteIPv6Addr,
 			dstAddr:       utils.Ipv6Addr2.AddressWithPrefix.Address,
 			rx:            rxICMPv6EchoRequest,
@@ -419,68 +439,99 @@ func TestUnicastForwarding(t *testing.T) {
 
 	for _, test := range tests {
 		t.Run(test.name, func(t *testing.T) {
-			s := stack.New(stack.Options{
-				NetworkProtocols:   []stack.NetworkProtocolFactory{ipv4.NewProtocol, ipv6.NewProtocol},
-				TransportProtocols: []stack.TransportProtocolFactory{udp.NewProtocol},
-			})
+			for _, full := range []bool{true, false} {
+				t.Run(fmt.Sprintf(""Full=%t"", full), func(t *testing.T) {
+					s := stack.New(stack.Options{
+						NetworkProtocols:   []stack.NetworkProtocolFactory{ipv4.NewProtocol, ipv6.NewProtocol},
+						TransportProtocols: []stack.TransportProtocolFactory{udp.NewProtocol},
+					})
 
-			e1 := channel.New(1, header.IPv6MinimumMTU, """")
-			defer e1.Close()
-			if err := s.CreateNIC(nicID1, e1); err != nil {
-				t.Fatalf(""s.CreateNIC(%d, _): %s"", nicID1, err)
-			}
+					e1 := channel.New(1, header.IPv6MinimumMTU, """")
+					defer e1.Close()
+					if err := s.CreateNIC(nicID1, e1); err != nil {
+						t.Fatalf(""s.CreateNIC(%d, _): %s"", nicID1, err)
+					}
 
-			e2 := channel.New(1, header.IPv6MinimumMTU, """")
-			defer e2.Close()
-			if err := s.CreateNIC(nicID2, e2); err != nil {
-				t.Fatalf(""s.CreateNIC(%d, _): %s"", nicID2, err)
-			}
+					e2 := fillableLinkEndpoint{Endpoint: channel.New(1, header.IPv6MinimumMTU, """"), full: full}
+					defer e2.Close()
+					if err := s.CreateNIC(nicID2, &e2); err != nil {
+						t.Fatalf(""s.CreateNIC(%d, _): %s"", nicID2, err)
+					}
 
-			protocolAddrV4 := tcpip.ProtocolAddress{
-				Protocol:          ipv4.ProtocolNumber,
-				AddressWithPrefix: utils.Ipv4Addr,
-			}
-			if err := s.AddProtocolAddress(nicID2, protocolAddrV4, stack.AddressProperties{}); err != nil {
-				t.Fatalf(""AddProtocolAddress(%d, %+v, {}): %s"", nicID2, protocolAddrV4, err)
-			}
-			protocolAddrV6 := tcpip.ProtocolAddress{
-				Protocol:          ipv6.ProtocolNumber,
-				AddressWithPrefix: utils.Ipv6Addr,
-			}
-			if err := s.AddProtocolAddress(nicID2, protocolAddrV6, stack.AddressProperties{}); err != nil {
-				t.Fatalf(""AddProtocolAddress(%d, %+v, {}): %s"", nicID2, protocolAddrV6, err)
-			}
+					protocolAddrV4 := tcpip.ProtocolAddress{
+						Protocol:          ipv4.ProtocolNumber,
+						AddressWithPrefix: utils.Ipv4Addr,
+					}
+					if err := s.AddProtocolAddress(nicID2, protocolAddrV4, stack.AddressProperties{}); err != nil {
+						t.Fatalf(""AddProtocolAddress(%d, %+v, {}): %s"", nicID2, protocolAddrV4, err)
+					}
+					protocolAddrV6 := tcpip.ProtocolAddress{
+						Protocol:          ipv6.ProtocolNumber,
+						AddressWithPrefix: utils.Ipv6Addr,
+					}
+					if err := s.AddProtocolAddress(nicID2, protocolAddrV6, stack.AddressProperties{}); err != nil {
+						t.Fatalf(""AddProtocolAddress(%d, %+v, {}): %s"", nicID2, protocolAddrV6, err)
+					}
 
-			if err := s.SetForwardingDefaultAndAllNICs(ipv4.ProtocolNumber, true); err != nil {
-				t.Fatalf(""s.SetForwardingDefaultAndAllNICs(%d, true): %s"", ipv4.ProtocolNumber, err)
-			}
-			if err := s.SetForwardingDefaultAndAllNICs(ipv6.ProtocolNumber, true); err != nil {
-				t.Fatalf(""s.SetForwardingDefaultAndAllNICs(%d, true): %s"", ipv6.ProtocolNumber, err)
-			}
+					if err := s.SetForwardingDefaultAndAllNICs(ipv4.ProtocolNumber, true); err != nil {
+						t.Fatalf(""s.SetForwardingDefaultAndAllNICs(%d, true): %s"", ipv4.ProtocolNumber, err)
+					}
+					if err := s.SetForwardingDefaultAndAllNICs(ipv6.ProtocolNumber, true); err != nil {
+						t.Fatalf(""s.SetForwardingDefaultAndAllNICs(%d, true): %s"", ipv6.ProtocolNumber, err)
+					}
 
-			s.SetRouteTable([]tcpip.Route{
-				{
-					Destination: header.IPv4EmptySubnet,
-					NIC:         nicID2,
-				},
-				{
-					Destination: header.IPv6EmptySubnet,
-					NIC:         nicID2,
-				},
-			})
+					s.SetRouteTable([]tcpip.Route{
+						{
+							Destination: header.IPv4EmptySubnet,
+							NIC:         nicID2,
+						},
+						{
+							Destination: header.IPv6EmptySubnet,
+							NIC:         nicID2,
+						},
+					})
 
-			test.rx(e1, test.srcAddr, test.dstAddr)
+					test.rx(e1, test.srcAddr, test.dstAddr)
 
-			p := e2.Read()
-			if (!p.IsNil()) != test.expectForward {
-				t.Fatalf(""got e2.Read() = %#v, want = (_ == nil) = %t"", p, test.expectForward)
-			}
+					expectForward := test.expectForward && !full
+					p := e2.Read()
+					if (!p.IsNil()) != expectForward {
+						t.Fatalf(""got e2.Read() = %#v, want = (_ == nil) = %t"", p, expectForward)
+					}
 
-			if test.expectForward {
-				payload := stack.PayloadSince(p.NetworkHeader())
-				defer payload.Release()
-				test.checker(t, payload)
-				p.DecRef()
+					if expectForward {
+						payload := stack.PayloadSince(p.NetworkHeader())
+						defer payload.Release()
+						test.checker(t, payload)
+						p.DecRef()
+					}
+
+					checkOutgoingDeviceNoBufferSpaceCounter := func(nicID tcpip.NICID, expectErr bool) {
+						t.Helper()
+
+						expectCounter := uint64(0)
+						if expectErr {
+							expectCounter = 1
+						}
+
+						netEP, err := s.GetNetworkEndpoint(nicID, test.netProto)
+						if err != nil {
+							t.Fatalf(""s.GetNetworkEndpoint(%d, %d): %s"", nicID, test.netProto, err)
+						}
+
+						stats := netEP.Stats()
+						ipStats, ok := stats.(stack.IPNetworkEndpointStats)
+						if !ok {
+							t.Fatalf(""%#v is not a %T"", stats, ipStats)
+						}
+
+						if got := ipStats.IPStats().Forwarding.OutgoingDeviceNoBufferSpace.Value(); got != expectCounter {
+							t.Errorf(""got ipStats.IPStats().Forwarding.OutgoingDeviceNoBufferSpace.Value() = %d, want = %d"", got, expectCounter)
+						}
+					}
+					checkOutgoingDeviceNoBufferSpaceCounter(nicID1, test.expectForward && full)
+					checkOutgoingDeviceNoBufferSpaceCounter(nicID2, false)
+				})
 			}
 		})
 	}",accepted_fault,Runtime Daemon Crash,Improper Exception Handling
issta2024_bugs_in_pods_understanding_bugs:2a84d47afb26dbd3,issta2024_bugs_in_pods_understanding_bugs,containerd,https://github.com/containerd/containerd/commit/d2588b3fa423851ce20cf19b760837bf37f5f2d9,LCOW differ return ErrNotImplemented for wrong mount type,"On Windows the two differs we register by default are the ""windows"" and
""windows-lcow"" differs. The diff service checks if Apply returns
ErrNotImplemented and will move on to the next differ in the line.
The Windows differ makes use of this to fallback to LCOW if it's
determined the mount type passed is incorrect, but the LCOW differ
does not return ErrNotImplemented for the same scenario. This puts
a strict ordering requirement on the default differ entries in the config,
namely that [""windows"", ""windows-lcow""] will work, as windows will correctly
fall back to the lcow differ, but [""windows-lcow"", ""windows""] won't as
the diff services Apply will just return the error directly.

Signed-off-by: Daniel Canter <dcanter@microsoft.com>",no_comments_in_source,committed,2022-06-29T00:19:04+00:00,"[""diff/lcow/lcow.go""]","diff --git a/diff/lcow/lcow.go b/diff/lcow/lcow.go
index 3fa19fe6fcc52..ffe0b826b91eb 100644
--- a/diff/lcow/lcow.go
+++ b/diff/lcow/lcow.go
@@ -205,7 +205,7 @@ func mountsToLayerAndParents(mounts []mount.Mount) (string, []string, error) {
 	}
 	mnt := mounts[0]
 	if mnt.Type != ""lcow-layer"" {
-		return """", nil, fmt.Errorf(""mount layer type must be lcow-layer: %w"", errdefs.ErrInvalidArgument)
+		return """", nil, fmt.Errorf(""mount layer type must be lcow-layer: %w"", errdefs.ErrNotImplemented)
 	}
 
 	parentLayerPaths, err := mnt.GetParentPaths()",accepted_fault,System Communication Error,Incorrect Mount Options
issta2024_bugs_in_pods_understanding_bugs:34cfe5345b308dc2,issta2024_bugs_in_pods_understanding_bugs,runc,https://github.com/opencontainers/runc/commit/ab5c60d02fcd9a4b7e870bcd631c3673e5b7dd2a,Makefile: fix GO_BUILDMODE setting,"1. Set to empty value by default.

2. Assume Linux (remove GOOS check, since we do not support other OSes).

3. Instead of using a ""not-supported"" list, use a ""supported"" list
   (as Go release notes usually say which platforms are supported).
   As of today, -buildmode=pie is supported for:

 * linux/386, linux/amd64, linux/arm, linux/arm64, and linux/ppc64le
   (since Go 1.6, see https://tip.golang.org/doc/go1.6#compiler)

 * linux/s390x (since Go 1.7, which adds the initial port)

 * linux/riscv64 (since Go 1.16, see
   https://tip.golang.org/doc/go1.16#riscv)

   NOTE this does not mean we support these architectures; it is merely
   a way to see if -buildmode=pie can be used.

Signed-off-by: Kir Kolyshkin <kolyshkin@gmail.com>",no_comments_in_source,committed,2022-04-01T00:51:11+00:00,"[""Makefile""]","diff --git a/Makefile b/Makefile
index 58e740cc370..697aacceea3 100644
--- a/Makefile
+++ b/Makefile
@@ -15,11 +15,11 @@ COMMIT ?= $(shell git describe --dirty --long --always)
 VERSION := $(shell cat ./VERSION)
 LDFLAGS_COMMON := -X main.gitCommit=$(COMMIT) -X main.version=$(VERSION)
 
-ifeq ($(shell $(GO) env GOOS),linux)
-	ifeq (,$(filter $(shell $(GO) env GOARCH),mips mipsle mips64 mips64le ppc64))
-		ifeq (,$(findstring -race,$(EXTRA_FLAGS)))
-			GO_BUILDMODE := ""-buildmode=pie""
-		endif
+GO_BUILDMODE :=
+# Enable dynamic PIE executables on supported platforms.
+ifneq (,$(filter $(shell $(GO) env GOARCH),386 amd64 arm arm64 ppc64le riscv64 s390x))
+	ifeq (,$(findstring -race,$(EXTRA_FLAGS)))
+		GO_BUILDMODE := ""-buildmode=pie""
 	endif
 endif
 GO_BUILD := $(GO) build -trimpath $(GO_BUILDMODE) $(EXTRA_FLAGS) -tags ""$(BUILDTAGS)"" \",accepted_fault,Build Failure,Build Configuration Error
issta2024_bugs_in_pods_understanding_bugs:355c678d24a97eb9,issta2024_bugs_in_pods_understanding_bugs,containerd,https://github.com/containerd/containerd/commit/a6cd5e3f4f83988c46f0a1963b6d4eae039f2710,bugfix: resolve symlink when looking up mountpoint,Signed-off-by: Cardy.Tang <zuniorone@gmail.com>,no_comments_in_source,committed,2023-05-18T13:35:33+00:00,"[""mount/lookup_unix.go""]","diff --git a/mount/lookup_unix.go b/mount/lookup_unix.go
index 6fb16f6dd1820..6755c0b225614 100644
--- a/mount/lookup_unix.go
+++ b/mount/lookup_unix.go
@@ -29,12 +29,17 @@ import (
 func Lookup(dir string) (Info, error) {
 	dir = filepath.Clean(dir)
 
-	m, err := mountinfo.GetMounts(mountinfo.ParentsFilter(dir))
+	resolvedDir, err := filepath.EvalSymlinks(dir)
 	if err != nil {
-		return Info{}, fmt.Errorf(""failed to find the mount info for %q: %w"", dir, err)
+		return Info{}, fmt.Errorf(""failed to resolve symlink for %q: %w"", dir, err)
+	}
+
+	m, err := mountinfo.GetMounts(mountinfo.ParentsFilter(resolvedDir))
+	if err != nil {
+		return Info{}, fmt.Errorf(""failed to find the mount info for %q: %w"", resolvedDir, err)
 	}
 	if len(m) == 0 {
-		return Info{}, fmt.Errorf(""failed to find the mount info for %q"", dir)
+		return Info{}, fmt.Errorf(""failed to find the mount info for %q"", resolvedDir)
 	}
 
 	// find the longest matching mount point",accepted_fault,Access Permission Denied,Incorrect 3rd Party Library Usage
issta2024_bugs_in_pods_understanding_bugs:39d32435a91f42e5,issta2024_bugs_in_pods_understanding_bugs,gvisor,https://github.com/google/gvisor/commit/2ba23ca96c2c1d0e561490da8ae36ba8f1bc59d9,kernfs/cgroupfs: Fix rename.,"Rename was broken for serveral reasons:

- The underlying kernfs.OrderedChildren.Rename had a bug so it could
  never successfully extract OrderedChildren from the dst Inode.

- kernfs.OrderedChildren.Rename didn't check for name collisions on
  the dst.

cgroupfs is the first kernfs-based filesystem to implement rename, so
these code paths weren't exercised.

PiperOrigin-RevId: 444964501",no_comments_in_source,committed,2022-04-27T21:17:35+00:00,"[""pkg/sentry/fsimpl/kernfs/inode_impl_util.go"", ""test/syscalls/linux/cgroup.cc""]","diff --git a/pkg/sentry/fsimpl/kernfs/inode_impl_util.go b/pkg/sentry/fsimpl/kernfs/inode_impl_util.go
index 8530464eb2..d002f58db5 100644
--- a/pkg/sentry/fsimpl/kernfs/inode_impl_util.go
+++ b/pkg/sentry/fsimpl/kernfs/inode_impl_util.go
@@ -400,6 +400,16 @@ type OrderedChildrenOptions struct {
 	Writable bool
 }
 
+// inodeWithOrderedChildren allows extraction of an OrderedChildren from an
+// Inode implementation. A concrete type that both implements the Inode
+// interface and embeds OrderedChildren will be castable to this interface, and
+// we can get to the embedded OrderedChildren through the orderedChildren
+// method.
+type inodeWithOrderedChildren interface {
+	Inode
+	orderedChildren() *OrderedChildren
+}
+
 // OrderedChildren partially implements the Inode interface. OrderedChildren can
 // be embedded in directory inodes to keep track of children in the
 // directory, and can then be used to implement a generic directory FD -- see
@@ -427,6 +437,11 @@ type OrderedChildren struct {
 	set   map[string]*slot
 }
 
+// orderedChildren implements inodeWithOrderedChildren.orderedChildren.
+func (o *OrderedChildren) orderedChildren() *OrderedChildren {
+	return o
+}
+
 // Init initializes an OrderedChildren.
 func (o *OrderedChildren) Init(opts OrderedChildrenOptions) {
 	o.writable = opts.Writable
@@ -572,27 +587,6 @@ func (o *OrderedChildren) removeLocked(name string) {
 	}
 }
 
-// Precondition: caller must hold o.mu for writing.
-func (o *OrderedChildren) replaceChildLocked(ctx context.Context, name string, newI Inode) {
-	if s, ok := o.set[name]; ok {
-		if s.static {
-			panic(fmt.Sprintf(""replacing a static inode: %v"", s.inode))
-		}
-
-		// Existing slot with given name, simply replace the dentry.
-		s.inode = newI
-	}
-
-	// No existing slot with given name, create and hash new slot.
-	s := &slot{
-		name:   name,
-		inode:  newI,
-		static: false,
-	}
-	o.order.PushBack(s)
-	o.set[name] = s
-}
-
 // Precondition: caller must hold o.mu for reading or writing.
 func (o *OrderedChildren) checkExistingLocked(name string, child Inode) error {
 	s, ok := o.set[name]
@@ -640,11 +634,11 @@ func (o *OrderedChildren) Rename(ctx context.Context, oldname, newname string, c
 	if !o.writable {
 		return linuxerr.EPERM
 	}
-
-	dst, ok := dstDir.(interface{}).(*OrderedChildren)
+	dstIOC, ok := dstDir.(inodeWithOrderedChildren)
 	if !ok {
 		return linuxerr.EXDEV
 	}
+	dst := dstIOC.orderedChildren()
 	if !dst.writable {
 		return linuxerr.EPERM
 	}
@@ -659,12 +653,28 @@ func (o *OrderedChildren) Rename(ctx context.Context, oldname, newname string, c
 		dst.mu.Lock()
 		defer dst.mu.Unlock()
 	}
+
+	// Ensure target inode exists in src.
 	if err := o.checkExistingLocked(oldname, child); err != nil {
 		return err
 	}
+
+	// Ensure no name collision in dst.
+	if _, ok := dst.set[newname]; ok {
+		return linuxerr.EEXIST
+	}
+
+	// Remove from src.
 	o.removeLocked(oldname)
 
-	dst.replaceChildLocked(ctx, newname, child)
+	// Add to dst.
+	s := &slot{
+		name:  newname,
+		inode: child,
+	}
+	dst.order.PushBack(s)
+	dst.set[newname] = s
+
 	return nil
 }
 
diff --git a/test/syscalls/linux/cgroup.cc b/test/syscalls/linux/cgroup.cc
index 421df540e9..812c10c944 100644
--- a/test/syscalls/linux/cgroup.cc
+++ b/test/syscalls/linux/cgroup.cc
@@ -490,6 +490,65 @@ TEST(Cgroup, MkdirWithPermissions) {
   EXPECT_TRUE(S_ISDIR(s2.st_mode));
 }
 
+TEST(Cgroup, CantRenameControlFile) {
+  SKIP_IF(!CgroupsAvailable());
+  Mounter m(ASSERT_NO_ERRNO_AND_VALUE(TempPath::CreateDir()));
+  Cgroup c = ASSERT_NO_ERRNO_AND_VALUE(m.MountCgroupfs(""""));
+
+  const std::string control_file_path = c.Relpath(""cgroup.procs"");
+  EXPECT_THAT(
+      rename(c.Relpath(""cgroup.procs"").c_str(), c.Relpath(""foo"").c_str()),
+      SyscallFailsWithErrno(ENOTDIR));
+}
+
+TEST(Cgroup, CrossDirRenameNotAllowed) {
+  SKIP_IF(!CgroupsAvailable());
+  Mounter m(ASSERT_NO_ERRNO_AND_VALUE(TempPath::CreateDir()));
+  Cgroup c = ASSERT_NO_ERRNO_AND_VALUE(m.MountCgroupfs(""""));
+
+  Cgroup dir1 = ASSERT_NO_ERRNO_AND_VALUE(c.CreateChild(""dir1""));
+  Cgroup dir2 = ASSERT_NO_ERRNO_AND_VALUE(c.CreateChild(""dir2""));
+
+  Cgroup target = ASSERT_NO_ERRNO_AND_VALUE(dir1.CreateChild(""target""));
+  // Move to sibling directory.
+  EXPECT_THAT(rename(target.Path().c_str(), dir2.Relpath(""target"").c_str()),
+              SyscallFailsWithErrno(EIO));
+  // Move to parent directory.
+  EXPECT_THAT(rename(target.Path().c_str(), c.Relpath(""target"").c_str()),
+              SyscallFailsWithErrno(EIO));
+
+  // Original directory unaffected.
+  EXPECT_THAT(Exists(target.Path()), IsPosixErrorOkAndHolds(true));
+}
+
+TEST(Cgroup, RenameNameCollision) {
+  SKIP_IF(!CgroupsAvailable());
+  Mounter m(ASSERT_NO_ERRNO_AND_VALUE(TempPath::CreateDir()));
+  Cgroup c = ASSERT_NO_ERRNO_AND_VALUE(m.MountCgroupfs(""""));
+
+  Cgroup dir1 = ASSERT_NO_ERRNO_AND_VALUE(c.CreateChild(""dir1""));
+  Cgroup dir2 = ASSERT_NO_ERRNO_AND_VALUE(c.CreateChild(""dir2""));
+
+  // Collision with dir.
+  EXPECT_THAT(rename(dir1.Path().c_str(), dir2.Path().c_str()),
+              SyscallFailsWithErrno(EEXIST));
+  // Collision with control file.
+  EXPECT_THAT(rename(dir1.Path().c_str(), c.Relpath(""cgroup.procs"").c_str()),
+              SyscallFailsWithErrno(EEXIST));
+}
+
+TEST(Cgroup, Rename) {
+  SKIP_IF(!CgroupsAvailable());
+  Mounter m(ASSERT_NO_ERRNO_AND_VALUE(TempPath::CreateDir()));
+  Cgroup c = ASSERT_NO_ERRNO_AND_VALUE(m.MountCgroupfs(""""));
+  Cgroup child = ASSERT_NO_ERRNO_AND_VALUE(c.CreateChild(""child""));
+  Cgroup target = ASSERT_NO_ERRNO_AND_VALUE(child.CreateChild(""oldname""));
+  ASSERT_THAT(rename(target.Path().c_str(), child.Relpath(""newname"").c_str()),
+              SyscallSucceeds());
+  EXPECT_THAT(Exists(child.Relpath(""newname"")), IsPosixErrorOkAndHolds(true));
+  EXPECT_THAT(Exists(child.Relpath(""oldname"")), IsPosixErrorOkAndHolds(false));
+}
+
 TEST(MemoryCgroup, MemoryUsageInBytes) {
   SKIP_IF(!CgroupsAvailable());",accepted_fault,Wrong Container Behavior,Incorrect 3rd Party Library Usage
issta2024_bugs_in_pods_understanding_bugs:41ab075295ab9df7,issta2024_bugs_in_pods_understanding_bugs,runc,https://github.com/opencontainers/runc/commit/146c8c0c62dc30a08eb5ff302217d91dfd29d158,libct: fixStdioPermissions: ignore EROFS,"In case of a read-only /dev, it's better to move on and let whatever is
run in a container to handle any possible errors.

This solves runc exec for a user with read-only /dev.

Signed-off-by: Kir Kolyshkin <kolyshkin@gmail.com>",no_comments_in_source,committed,2022-01-22T01:53:03+00:00,"[""libcontainer/init_linux.go""]","diff --git a/libcontainer/init_linux.go b/libcontainer/init_linux.go
index 2d7af1d4dbb..1e5c394c3e0 100644
--- a/libcontainer/init_linux.go
+++ b/libcontainer/init_linux.go
@@ -426,11 +426,12 @@ func fixStdioPermissions(u *user.ExecUser) error {
 			// If we've hit an EINVAL then s.Gid isn't mapped in the user
 			// namespace. If we've hit an EPERM then the inode's current owner
 			// is not mapped in our user namespace (in particular,
-			// privileged_wrt_inode_uidgid() has failed). In either case, we
-			// are in a configuration where it's better for us to just not
-			// touch the stdio rather than bail at this point.
+			// privileged_wrt_inode_uidgid() has failed). Read-only
+			// /dev can result in EROFS error. In any case, it's
+			// better for us to just not touch the stdio rather
+			// than bail at this point.
 
-			if errors.Is(err, unix.EINVAL) || errors.Is(err, unix.EPERM) {
+			if errors.Is(err, unix.EINVAL) || errors.Is(err, unix.EPERM) || errors.Is(err, unix.EROFS) {
 				continue
 			}
 			return err",accepted_fault,Plugin Management Error,Improper Exception Handling
issta2024_bugs_in_pods_understanding_bugs:45087cf15f5669a9,issta2024_bugs_in_pods_understanding_bugs,gvisor,https://github.com/google/gvisor/commit/3e2e74279a92b372d6f271272c4a3d421a6b42f7,User pointer error type for `path.ExecutableResolveError`.,PiperOrigin-RevId: 477857846,no_comments_in_source,committed,2022-09-30T00:04:07+00:00,"[""pkg/sentry/fs/user/path.go""]","diff --git a/pkg/sentry/fs/user/path.go b/pkg/sentry/fs/user/path.go
index d7340e9a39..370c0d54ab 100644
--- a/pkg/sentry/fs/user/path.go
+++ b/pkg/sentry/fs/user/path.go
@@ -32,11 +32,11 @@ import (
 
 // ExecutableResolveError represents a failure to resolve the executable
 // in ResolveExecutablePath.
-type ExecutableResolveError error
+type ExecutableResolveError struct{ error }
 
 // ResolveExecutablePath resolves the given executable name given the working
 // dir and environment.
-// Returns ExecutableResolveError when the executable cannot be resolved.
+// Returns *ExecutableResolveError when the executable cannot be resolved.
 func ResolveExecutablePath(ctx context.Context, args *kernel.CreateProcessArgs) (string, error) {
 	name := args.Filename
 	if len(name) == 0 {
@@ -69,14 +69,14 @@ func ResolveExecutablePath(ctx context.Context, args *kernel.CreateProcessArgs)
 	if kernel.VFS2Enabled {
 		f, err := resolveVFS2(ctx, args.Credentials, args.MountNamespaceVFS2, paths, name)
 		if err != nil {
-			return """", ExecutableResolveError(fmt.Errorf(""error finding executable %q in PATH %v: %v"", name, paths, err))
+			return """", &ExecutableResolveError{fmt.Errorf(""error finding executable %q in PATH %v: %v"", name, paths, err)}
 		}
 		return f, nil
 	}
 
 	f, err := resolve(ctx, args.MountNamespace, paths, name)
 	if err != nil {
-		return """", ExecutableResolveError(fmt.Errorf(""error finding executable %q in PATH %v: %v"", name, paths, err))
+		return """", &ExecutableResolveError{fmt.Errorf(""error finding executable %q in PATH %v: %v"", name, paths, err)}
 	}
 	return f, nil
 }",accepted_fault,Incorrect Return Value,Incorrect 3rd Party Library Usage
issta2024_bugs_in_pods_understanding_bugs:476edca93f06d074,issta2024_bugs_in_pods_understanding_bugs,gvisor,https://github.com/google/gvisor/commit/31310e800e963f46869383ce62b6664c29230997,kvm/arm64: set accessType when signal is SIGSEGV,"Only when PageFault happened, we need set accessType in order to
mapping the fault address.
Otherwise, it would trap in endless loop when exit vector is
El0ErrNMI or El0SyncUndef.

Signed-off-by: Howard Zhang <howard.zhang@arm.com>",no_comments_in_source,committed,2021-11-03T10:17:21+00:00,"[""pkg/sentry/platform/kvm/machine_arm64.go""]","diff --git a/pkg/sentry/platform/kvm/machine_arm64.go b/pkg/sentry/platform/kvm/machine_arm64.go
index 31998a6006..e7d27f2bce 100644
--- a/pkg/sentry/platform/kvm/machine_arm64.go
+++ b/pkg/sentry/platform/kvm/machine_arm64.go
@@ -267,7 +267,6 @@ func (c *vCPU) fault(signal int32, info *linux.SignalInfo) (hostarch.AccessType,
 	bluepill(c) // Probably no-op, but may not be.
 	faultAddr := c.GetFaultAddr()
 	code, user := c.ErrorCode()
-
 	if !user {
 		// The last fault serviced by this CPU was not a user
 		// fault, so we can't reliably trust the faultAddr or
@@ -278,6 +277,14 @@ func (c *vCPU) fault(signal int32, info *linux.SignalInfo) (hostarch.AccessType,
 	// Reset the pointed SignalInfo.
 	*info = linux.SignalInfo{Signo: signal}
 	info.SetAddr(uint64(faultAddr))
+	accessType := hostarch.AccessType{}
+	if signal == int32(unix.SIGSEGV) {
+		accessType = hostarch.AccessType{
+			Read:    !isWriteFault(uint64(code)),
+			Write:   isWriteFault(uint64(code)),
+			Execute: isInstructionAbort(uint64(code)),
+		}
+	}
 
 	ret := code & _ESR_ELx_FSC
 	switch ret {
@@ -289,12 +296,6 @@ func (c *vCPU) fault(signal int32, info *linux.SignalInfo) (hostarch.AccessType,
 		info.Code = 2
 	}
 
-	accessType := hostarch.AccessType{
-		Read:    !isWriteFault(uint64(code)),
-		Write:   isWriteFault(uint64(code)),
-		Execute: isInstructionAbort(uint64(code)),
-	}
-
 	return accessType, platform.ErrContextSignal
 }",accepted_fault,Preset Exit Code,Plugin Config Error
issta2024_bugs_in_pods_understanding_bugs:487292bfc6bd9af7,issta2024_bugs_in_pods_understanding_bugs,containerd,https://github.com/containerd/containerd/commit/78ac0046a7af3ff5beeb53d56ba627ec0cf7b32d,ctr export strictly match default platform,Signed-off-by: Yasin Turan <turyasin@amazon.com>,no_comments_in_source,committed,2022-11-01T16:24:52+00:00,"[""cmd/ctr/commands/images/export.go""]","diff --git a/cmd/ctr/commands/images/export.go b/cmd/ctr/commands/images/export.go
index 0a1394cb082da..5050ff4fd4849 100644
--- a/cmd/ctr/commands/images/export.go
+++ b/cmd/ctr/commands/images/export.go
@@ -80,7 +80,7 @@ When '--all-platforms' is given all images in a manifest list must be available.
 			}
 			exportOpts = append(exportOpts, archive.WithPlatform(platforms.Ordered(all...)))
 		} else {
-			exportOpts = append(exportOpts, archive.WithPlatform(platforms.Default()))
+			exportOpts = append(exportOpts, archive.WithPlatform(platforms.DefaultStrict()))
 		}
 
 		if context.Bool(""all-platforms"") {",accepted_fault,Incorrect Configuration Effect,Plugin Config Error
issta2024_bugs_in_pods_understanding_bugs:4c84263a4c9ade0b,issta2024_bugs_in_pods_understanding_bugs,containerd,https://github.com/containerd/containerd/commit/80839f11e2ea6759eed4b5e616d65cb59258a5f3,allow client to remove created tasks with PID 0,"Fixes #7357

If a container is restored from a checkpoint that has a configuration
error, the task for the restored container is created, but fails to
start and is left in the state CREATED with a PID of 0. Before this
change, the only way to remove this task was to find the PID of the shim
monitoring the task and kill that process. Now, ctr t rm <task> will
work on tasks that result in the CREATED state with PID 0.

Signed-off-by: Gavin Inglis <giinglis@amazon.com>",no_comments_in_source,committed,2022-12-08T22:04:24+00:00,"[""task.go""]","diff --git a/task.go b/task.go
index d642dfc403104..d63353dd72ff2 100644
--- a/task.go
+++ b/task.go
@@ -311,6 +311,11 @@ func (t *task) Delete(ctx context.Context, opts ...ProcessDeleteOpts) (*ExitStat
 			// On windows Created is akin to Stopped
 			break
 		}
+		if t.pid == 0 {
+			// allow for deletion of created tasks with PID 0
+			// https://github.com/containerd/containerd/issues/7357
+			break
+		}
 		fallthrough
 	default:
 		return nil, fmt.Errorf(""task must be stopped before deletion: %s: %w"", status.Status, errdefs.ErrFailedPrecondition)",accepted_fault,Wrong Container Behavior,Inappropriate Lifecycle Organization
issta2024_bugs_in_pods_understanding_bugs:4d0f581da3754b2f,issta2024_bugs_in_pods_understanding_bugs,containerd,https://github.com/containerd/containerd/commit/02e77bcdc1e48fb4089dab02d6b67955d48df4ad,task service: return known error type,"Found this error in a docker daemon log classified as an ""uknown"" error.
Since we know what this is return the correct error type so it can be
handled.

Signed-off-by: Brian Goff <cpuguy83@gmail.com>",no_comments_in_source,committed,2021-10-01T17:45:51+00:00,"[""services/tasks/local.go""]","diff --git a/services/tasks/local.go b/services/tasks/local.go
index 773325b155300..d92b17c1de5a3 100644
--- a/services/tasks/local.go
+++ b/services/tasks/local.go
@@ -210,7 +210,7 @@ func (l *local) Create(ctx context.Context, r *api.CreateTaskRequest, _ ...grpc.
 		return nil, errdefs.ToGRPC(err)
 	}
 	if err == nil {
-		return nil, errdefs.ToGRPC(fmt.Errorf(""task %s already exists"", r.ContainerID))
+		return nil, errdefs.ToGRPC(fmt.Errorf(""task %s: %w"", r.ContainerID, errdefs.ErrAlreadyExists))
 	}
 	c, err := rtime.Create(ctx, r.ContainerID, opts)
 	if err != nil {",accepted_fault,Incorrect Return Value,Improper Exception Handling
issta2024_bugs_in_pods_understanding_bugs:4e3ca820966a53d6,issta2024_bugs_in_pods_understanding_bugs,gvisor,https://github.com/google/gvisor/commit/1ca981f50f0b2ad273bbcb870bca21c4b1264504,Remove --overlayfs-stale-read flag,"It defaults to true and setting it to false can cause filesytem corruption.

PiperOrigin-RevId: 378518663",no_comments_in_source,committed,2021-06-09T22:51:03+00:00,"[""runsc/boot/fs.go"", ""runsc/boot/vfs.go"", ""runsc/cmd/gofer.go"", ""runsc/config/config.go"", ""runsc/config/flags.go""]","diff --git a/runsc/boot/fs.go b/runsc/boot/fs.go
index bf4a41f778..c4590aab1e 100644
--- a/runsc/boot/fs.go
+++ b/runsc/boot/fs.go
@@ -763,12 +763,10 @@ func (c *containerMounter) createRootMount(ctx context.Context, conf *config.Con
 	p9FS := mustFindFilesystem(""9p"")
 	opts := p9MountData(fd, conf.FileAccess, false /* vfs2 */)
 
-	if conf.OverlayfsStaleRead {
-		// We can't check for overlayfs here because sandbox is chroot'ed and gofer
-		// can only send mount options for specs.Mounts (specs.Root is missing
-		// Options field). So assume root is always on top of overlayfs.
-		opts = append(opts, ""overlayfs_stale_read"")
-	}
+	// We can't check for overlayfs here because sandbox is chroot'ed and gofer
+	// can only send mount options for specs.Mounts (specs.Root is missing
+	// Options field). So assume root is always on top of overlayfs.
+	opts = append(opts, ""overlayfs_stale_read"")
 
 	rootInode, err := p9FS.Mount(ctx, rootDevice, mf, strings.Join(opts, "",""), nil)
 	if err != nil {
diff --git a/runsc/boot/vfs.go b/runsc/boot/vfs.go
index 7be5176b0e..52aa335298 100644
--- a/runsc/boot/vfs.go
+++ b/runsc/boot/vfs.go
@@ -210,12 +210,10 @@ func (c *containerMounter) createMountNamespaceVFS2(ctx context.Context, conf *c
 	fd := c.fds.remove()
 	data := p9MountData(fd, conf.FileAccess, true /* vfs2 */)
 
-	if conf.OverlayfsStaleRead {
-		// We can't check for overlayfs here because sandbox is chroot'ed and gofer
-		// can only send mount options for specs.Mounts (specs.Root is missing
-		// Options field). So assume root is always on top of overlayfs.
-		data = append(data, ""overlayfs_stale_read"")
-	}
+	// We can't check for overlayfs here because sandbox is chroot'ed and gofer
+	// can only send mount options for specs.Mounts (specs.Root is missing
+	// Options field). So assume root is always on top of overlayfs.
+	data = append(data, ""overlayfs_stale_read"")
 
 	log.Infof(""Mounting root over 9P, ioFD: %d"", fd)
 	opts := &vfs.MountOptions{
diff --git a/runsc/cmd/gofer.go b/runsc/cmd/gofer.go
index 6a755ecb6e..5ded7b9462 100644
--- a/runsc/cmd/gofer.go
+++ b/runsc/cmd/gofer.go
@@ -473,14 +473,12 @@ func adjustMountOptions(conf *config.Config, path string, opts []string) ([]stri
 	rv := make([]string, len(opts))
 	copy(rv, opts)
 
-	if conf.OverlayfsStaleRead {
-		statfs := unix.Statfs_t{}
-		if err := unix.Statfs(path, &statfs); err != nil {
-			return nil, err
-		}
-		if statfs.Type == unix.OVERLAYFS_SUPER_MAGIC {
-			rv = append(rv, ""overlayfs_stale_read"")
-		}
+	statfs := unix.Statfs_t{}
+	if err := unix.Statfs(path, &statfs); err != nil {
+		return nil, err
+	}
+	if statfs.Type == unix.OVERLAYFS_SUPER_MAGIC {
+		rv = append(rv, ""overlayfs_stale_read"")
 	}
 	return rv, nil
 }
diff --git a/runsc/config/config.go b/runsc/config/config.go
index fa550ebf70..1ff8e8f677 100644
--- a/runsc/config/config.go
+++ b/runsc/config/config.go
@@ -151,12 +151,6 @@ type Config struct {
 	// ReferenceLeakMode sets reference leak check mode
 	ReferenceLeak refs.LeakMode `flag:""ref-leak-mode""`
 
-	// OverlayfsStaleRead instructs the sandbox to assume that the root mount
-	// is on a Linux overlayfs mount, which does not necessarily preserve
-	// coherence between read-only and subsequent writable file descriptors
-	// representing the ""same"" file.
-	OverlayfsStaleRead bool `flag:""overlayfs-stale-read""`
-
 	// CPUNumFromQuota sets CPU number count to available CPU quota, using
 	// least integer value greater than or equal to quota.
 	//
diff --git a/runsc/config/flags.go b/runsc/config/flags.go
index c3dca2352f..6f1b5927a3 100644
--- a/runsc/config/flags.go
+++ b/runsc/config/flags.go
@@ -72,7 +72,6 @@ func RegisterFlags() {
 		flag.Var(fileAccessTypePtr(FileAccessShared), ""file-access-mounts"", ""specifies which filesystem validation to use for volumes other than the root mount: shared (default), exclusive."")
 		flag.Bool(""overlay"", false, ""wrap filesystem mounts with writable overlay. All modifications are stored in memory inside the sandbox."")
 		flag.Bool(""verity"", false, ""specifies whether a verity file system will be mounted."")
-		flag.Bool(""overlayfs-stale-read"", true, ""assume root mount is an overlay filesystem"")
 		flag.Bool(""fsgofer-host-uds"", false, ""allow the gofer to mount Unix Domain Sockets."")
 		flag.Bool(""vfs2"", false, ""enables VFSv2. This uses the new VFS layer that is faster than the previous one."")
 		flag.Bool(""fuse"", false, ""TEST ONLY; use while FUSE in VFSv2 is landing. This allows the use of the new experimental FUSE filesystem."")",accepted_fault,System Communication Error,Incorrect Image or Config Parsing
issta2024_bugs_in_pods_understanding_bugs:4f734a462b0b17e0,issta2024_bugs_in_pods_understanding_bugs,cri-o,https://github.com/cri-o/cri-o/commit/94be3040f324a8958890e1bd86bb0bbd27a10a0f,server: prevent segfault by not using a potentially nil sandbox,Signed-off-by: Peter Hunt <pehunt@redhat.com>,no_comments_in_source,committed,2021-07-07T15:34:12+00:00,"[""server/sandbox_stop.go""]","diff --git a/server/sandbox_stop.go b/server/sandbox_stop.go
index ca7542c241e..a9a16e75b55 100644
--- a/server/sandbox_stop.go
+++ b/server/sandbox_stop.go
@@ -20,7 +20,7 @@ func (s *Server) StopPodSandbox(ctx context.Context, req *types.StopPodSandboxRe
 			return err
 		}
 		if err == errSandboxNotCreated {
-			return fmt.Errorf(""StopPodSandbox failed as the sandbox is not created: %s"", sb.ID())
+			return fmt.Errorf(""StopPodSandbox failed as the sandbox is not created: %s"", req.PodSandboxID)
 		}
 
 		// If the sandbox isn't found we just return an empty response to adhere",accepted_fault,Host Memory Leak,Improper Exception Handling
issta2024_bugs_in_pods_understanding_bugs:604cb7f21656c94c,issta2024_bugs_in_pods_understanding_bugs,cri-o,https://github.com/cri-o/cri-o/commit/e648fde3ae730b05f685a974d2466a18ba4741c6,server: don't repeatedly error with no such id,"as it should not be a fatal error, as it indicates we've already cleaned up

Signed-off-by: Peter Hunt <pehunt@redhat.com>",no_comments_in_source,committed,2021-06-16T19:42:01+00:00,"[""server/container_create.go"", ""server/sandbox_run_linux.go""]","diff --git a/server/container_create.go b/server/container_create.go
index 1072fac9271..bf998fe5c15 100644
--- a/server/container_create.go
+++ b/server/container_create.go
@@ -27,6 +27,9 @@ import (
 	""github.com/pkg/errors""
 )
 
+// sync with https://github.com/containers/storage/blob/7fe03f6c765f2adbc75a5691a1fb4f19e56e7071/pkg/truncindex/truncindex.go#L92
+const noSuchID = ""no such id""
+
 type orderedMounts []rspec.Mount
 
 // Len returns the number of mounts. Used in sorting.
@@ -495,6 +498,10 @@ func (s *Server) CreateContainer(ctx context.Context, req *types.CreateContainer
 		log.Infof(ctx, description)
 		err := s.CtrIDIndex().Delete(ctr.ID())
 		if err != nil {
+			// already deleted
+			if strings.Contains(err.Error(), noSuchID) {
+				return nil
+			}
 			log.Warnf(ctx, ""Couldn't delete ctr id %s from idIndex"", ctr.ID())
 		}
 		return err
diff --git a/server/sandbox_run_linux.go b/server/sandbox_run_linux.go
index d4f17983263..7cb0d9a486e 100644
--- a/server/sandbox_run_linux.go
+++ b/server/sandbox_run_linux.go
@@ -520,6 +520,10 @@ func (s *Server) runPodSandbox(ctx context.Context, req *types.RunPodSandboxRequ
 		log.Infof(ctx, description)
 		err2 := s.CtrIDIndex().Delete(sbox.ID())
 		if err2 != nil {
+			// already deleted
+			if strings.Contains(err2.Error(), noSuchID) {
+				return nil
+			}
 			log.Warnf(ctx, ""Could not delete ctr id %s from idIndex"", sbox.ID())
 		}
 		return err2",accepted_fault,Incorrect Return Value,Improper Exception Handling
issta2024_bugs_in_pods_understanding_bugs:627dffedff9fc222,issta2024_bugs_in_pods_understanding_bugs,gvisor,https://github.com/google/gvisor/commit/a42d3fd0aeb6c67c3fd2fb851845a1f88a298972,Fix per-analyzer overrides of default-disabled groups,"Currently behavior of config groups with `default: false` is buggy. The
intention is that adding an empty suppression section for that group to a
specific analyzer config should enable reporting for that analyzer. i.e.,

```
groups:
  - name: foo
    regex: ""^foo/""
    default: false
global:
  ...
analyzers:
  asmdecl:
    foo: # Enabled.
```

This should enable the foo group only for asmdecl. Unfortunately, today the
actual behavior depends on the contents of the `global:` section. If `global:`
contains an entry for foo, then it will work as described. If `global:` does
_not_ contain an entry for foo, then the group default (disabled) always
applies and the individual analyzer options have no effect.

The cause of this is confusion in `AnalyzerConfig.shouldReport`, which doesn't
distinguish between explicit suppression via a global suppression/exclude and
simply having no configuration at all. Make this more explicit, so that the no
configuration case can continue to per-analyzer configuration before falling
back to the group default.

The last test case in the added test fails without this change.

This re-enables several opted-in analyzers for external dependencies, which
have gained a few more false positives to suppress.

PiperOrigin-RevId: 386904725",no_comments_in_source,committed,2021-07-26T17:24:11+00:00,"[""nogo.yaml"", ""tools/nogo/BUILD"", ""tools/nogo/config.go"", ""tools/nogo/config_test.go"", ""tools/nogo/findings.go""]","diff --git a/nogo.yaml b/nogo.yaml
index 9b7fc5c8fb..d7a3ad9568 100644
--- a/nogo.yaml
+++ b/nogo.yaml
@@ -130,6 +130,8 @@ analyzers:
     external: # Enabled.
   unreachable:
     external: # Enabled.
+      exclude:
+        - "".*protobuf/.*.go""
   unsafeptr:
     internal:
       exclude:
diff --git a/tools/nogo/BUILD b/tools/nogo/BUILD
index a7e280b32d..27fe48680e 100644
--- a/tools/nogo/BUILD
+++ b/tools/nogo/BUILD
@@ -1,4 +1,4 @@
-load(""//tools:defs.bzl"", ""bzl_library"", ""go_library"", ""select_goarch"", ""select_goos"")
+load(""//tools:defs.bzl"", ""bzl_library"", ""go_library"", ""go_test"", ""select_goarch"", ""select_goos"")
 load(""//tools/nogo:defs.bzl"", ""nogo_objdump_tool"", ""nogo_stdlib"", ""nogo_target"")
 
 package(licenses = [""notice""])
@@ -73,6 +73,12 @@ go_library(
     ],
 )
 
+go_test(
+    name = ""nogo_test"",
+    srcs = [""config_test.go""],
+    library = "":nogo"",
+)
+
 bzl_library(
     name = ""defs_bzl"",
     srcs = [""defs.bzl""],
diff --git a/tools/nogo/config.go b/tools/nogo/config.go
index 6436f9d348..ee25336100 100644
--- a/tools/nogo/config.go
+++ b/tools/nogo/config.go
@@ -186,16 +186,19 @@ func (a AnalyzerConfig) merge(other AnalyzerConfig) {
 	}
 }
 
-func (a AnalyzerConfig) shouldReport(groupConfig *Group, fullPos, msg string) bool {
+// shouldReport returns whether the finding should be reported or suppressed.
+// It returns !ok if there is no configuration sufficient to decide one way or
+// another.
+func (a AnalyzerConfig) shouldReport(groupConfig *Group, fullPos, msg string) (report, ok bool) {
 	gc, ok := a[groupConfig.Name]
 	if !ok {
-		return groupConfig.Default
+		return false, false
 	}
 
 	// Note that if a section appears for a particular group
 	// for a particular analyzer, then it will now be enabled,
 	// and the group default no longer applies.
-	return gc.shouldReport(fullPos, msg)
+	return gc.shouldReport(fullPos, msg), true
 }
 
 // Config is a nogo configuration.
@@ -298,7 +301,8 @@ func (c *Config) ShouldReport(finding Finding) bool {
 	}
 
 	// Suppress via global rule?
-	if !c.Global.shouldReport(groupConfig, fullPos, finding.Message) {
+	report, ok := c.Global.shouldReport(groupConfig, fullPos, finding.Message)
+	if ok && !report {
 		return false
 	}
 
@@ -307,5 +311,9 @@ func (c *Config) ShouldReport(finding Finding) bool {
 	if !ok {
 		return groupConfig.Default
 	}
-	return ac.shouldReport(groupConfig, fullPos, finding.Message)
+	report, ok = ac.shouldReport(groupConfig, fullPos, finding.Message)
+	if !ok {
+		return groupConfig.Default
+	}
+	return report
 }
diff --git a/tools/nogo/config_test.go b/tools/nogo/config_test.go
new file mode 100644
index 0000000000..685cffbec1
--- /dev/null
+++ b/tools/nogo/config_test.go
@@ -0,0 +1,301 @@
+// Copyright 2021 The gVisor Authors.
+//
+// Licensed under the Apache License, Version 2.0 (the ""License"");
+// you may not use this file except in compliance with the License.
+// You may obtain a copy of the License at
+//
+//     http://www.apache.org/licenses/LICENSE-2.0
+//
+// Unless required by applicable law or agreed to in writing, software
+// distributed under the License is distributed on an ""AS IS"" BASIS,
+// WITHOUT WARRANTIES OR CONDITIONS OF ANY KIND, either express or implied.
+// See the License for the specific language governing permissions and
+// limitations under the License.package nogo
+package nogo
+
+import (
+	""go/token""
+	""testing""
+)
+
+// TestShouldReport validates the suppression behavior of Config.ShouldReport.
+func TestShouldReport(t *testing.T) {
+	config := &Config{
+		Groups: []Group{
+			{
+				Name:    ""default-enabled"",
+				Regex:   ""^default-enabled/"",
+				Default: true,
+			},
+			{
+				Name:    ""default-disabled"",
+				Regex:   ""^default-disabled/"",
+				Default: false,
+			},
+			{
+				Name:    ""default-disabled-omitted-from-global"",
+				Regex:   ""^default-disabled-omitted-from-global/"",
+				Default: false,
+			},
+		},
+		Global: AnalyzerConfig{
+			""default-enabled"": &ItemConfig{
+				Exclude:  []string{""excluded.go""},
+				Suppress: []string{""suppressed""},
+			},
+			""default-disabled"": &ItemConfig{
+				Exclude:  []string{""excluded.go""},
+				Suppress: []string{""suppressed""},
+			},
+			// Omitting default-disabled-omitted-from-global here
+			// has no effect on configuration below.
+		},
+		Analyzers: map[AnalyzerName]AnalyzerConfig{
+			""analyzer-suppressions"": AnalyzerConfig{
+				// Suppress some.
+				""default-enabled"": &ItemConfig{
+					Exclude:  []string{""limited-exclude.go""},
+					Suppress: []string{""limited suppress""},
+				},
+				// Enable all.
+				""default-disabled"": nil,
+			},
+			""enabled-for-default-disabled"": AnalyzerConfig{
+				""default-disabled"":                     nil,
+				""default-disabled-omitted-from-global"": nil,
+			},
+		},
+	}
+
+	if err := config.Compile(); err != nil {
+		t.Fatalf(""Compile(%+v) = %v, want nil"", config, err)
+	}
+
+	cases := []struct {
+		name    string
+		finding Finding
+		want    bool
+	}{
+		{
+			name: ""enabled"",
+			finding: Finding{
+				Category: ""foo"",
+				Position: token.Position{
+					Filename: ""default-enabled/file.go"",
+					Offset:   0,
+					Line:     1,
+					Column:   1,
+				},
+				Message: ""message"",
+			},
+			want: true,
+		},
+		{
+			name: ""ungrouped"",
+			finding: Finding{
+				Category: ""foo"",
+				Position: token.Position{
+					Filename: ""ungrouped/file.go"",
+					Offset:   0,
+					Line:     1,
+					Column:   1,
+				},
+				Message: ""message"",
+			},
+			want: true,
+		},
+		{
+			name: ""suppressed"",
+			finding: Finding{
+				Category: ""foo"",
+				Position: token.Position{
+					Filename: ""default-enabled/file.go"",
+					Offset:   0,
+					Line:     1,
+					Column:   1,
+				},
+				Message: ""message suppressed"",
+			},
+			want: false,
+		},
+		{
+			name: ""excluded"",
+			finding: Finding{
+				Category: ""foo"",
+				Position: token.Position{
+					Filename: ""default-enabled/excluded.go"",
+					Offset:   0,
+					Line:     1,
+					Column:   1,
+				},
+				Message: ""message"",
+			},
+			want: false,
+		},
+		{
+			name: ""disabled"",
+			finding: Finding{
+				Category: ""foo"",
+				Position: token.Position{
+					Filename: ""default-disabled/file.go"",
+					Offset:   0,
+					Line:     1,
+					Column:   1,
+				},
+				Message: ""message"",
+			},
+			want: false,
+		},
+		{
+			name: ""analyzer suppressed"",
+			finding: Finding{
+				Category: ""analyzer-suppressions"",
+				Position: token.Position{
+					Filename: ""default-enabled/file.go"",
+					Offset:   0,
+					Line:     1,
+					Column:   1,
+				},
+				Message: ""message limited suppress"",
+			},
+			want: false,
+		},
+		{
+			name: ""analyzer suppressed not global"",
+			finding: Finding{
+				// Doesn't apply outside of analyzer-suppressions.
+				Category: ""foo"",
+				Position: token.Position{
+					Filename: ""default-enabled/file.go"",
+					Offset:   0,
+					Line:     1,
+					Column:   1,
+				},
+				Message: ""message limited suppress"",
+			},
+			want: true,
+		},
+		{
+			name: ""analyzer suppressed grouped"",
+			finding: Finding{
+				Category: ""analyzer-suppressions"",
+				Position: token.Position{
+					// Doesn't apply outside of default-enabled.
+					Filename: ""default-disabled/file.go"",
+					Offset:   0,
+					Line:     1,
+					Column:   1,
+				},
+				Message: ""message limited suppress"",
+			},
+			want: true,
+		},
+		{
+			name: ""analyzer excluded"",
+			finding: Finding{
+				Category: ""analyzer-suppressions"",
+				Position: token.Position{
+					Filename: ""default-enabled/limited-exclude.go"",
+					Offset:   0,
+					Line:     1,
+					Column:   1,
+				},
+				Message: ""message"",
+			},
+			want: false,
+		},
+		{
+			name: ""analyzer excluded not global"",
+			finding: Finding{
+				// Doesn't apply outside of analyzer-suppressions.
+				Category: ""foo"",
+				Position: token.Position{
+					Filename: ""default-enabled/limited-exclude.go"",
+					Offset:   0,
+					Line:     1,
+					Column:   1,
+				},
+				Message: ""message"",
+			},
+			want: true,
+		},
+		{
+			name: ""analyzer excluded grouped"",
+			finding: Finding{
+				Category: ""analyzer-suppressions"",
+				Position: token.Position{
+					// Doesn't apply outside of default-enabled.
+					Filename: ""default-disabled/limited-exclude.go"",
+					Offset:   0,
+					Line:     1,
+					Column:   1,
+				},
+				Message: ""message"",
+			},
+			want: true,
+		},
+		{
+			name: ""disabled-omitted"",
+			finding: Finding{
+				Category: ""foo"",
+				Position: token.Position{
+					Filename: ""default-disabled-omitted-from-global/file.go"",
+					Offset:   0,
+					Line:     1,
+					Column:   1,
+				},
+				Message: ""message"",
+			},
+			want: false,
+		},
+		{
+			name: ""default enabled applies to customized analyzer"",
+			finding: Finding{
+				Category: ""enabled-for-default-disabled"",
+				Position: token.Position{
+					Filename: ""default-enabled/file.go"",
+					Offset:   0,
+					Line:     1,
+					Column:   1,
+				},
+				Message: ""message"",
+			},
+			want: true,
+		},
+		{
+			name: ""default overridden in customized analyzer"",
+			finding: Finding{
+				Category: ""enabled-for-default-disabled"",
+				Position: token.Position{
+					Filename: ""default-disabled/file.go"",
+					Offset:   0,
+					Line:     1,
+					Column:   1,
+				},
+				Message: ""message"",
+			},
+			want: true,
+		},
+		{
+			name: ""default overridden in customized analyzer even when omitted from global"",
+			finding: Finding{
+				Category: ""enabled-for-default-disabled"",
+				Position: token.Position{
+					Filename: ""default-disabled-omitted-from-global/file.go"",
+					Offset:   0,
+					Line:     1,
+					Column:   1,
+				},
+				Message: ""message"",
+			},
+			want: true,
+		},
+	}
+	for _, tc := range cases {
+		t.Run(tc.name, func(t *testing.T) {
+			if got := config.ShouldReport(tc.finding); got != tc.want {
+				t.Errorf(""ShouldReport(%+v) = %v, want %v"", tc.finding, got, tc.want)
+			}
+		})
+	}
+}
diff --git a/tools/nogo/findings.go b/tools/nogo/findings.go
index 329a7062ef..a73bf1a091 100644
--- a/tools/nogo/findings.go
+++ b/tools/nogo/findings.go
@@ -109,7 +109,7 @@ func ExtractFindingsFromFile(filename string, asJSON bool) (FindingSet, error) {
 	return ExtractFindingsFrom(r, asJSON)
 }
 
-// ExtractFindingsFromBytes loads findings from bytes.
+// ExtractFindingsFrom loads findings from an io.Reader.
 func ExtractFindingsFrom(r io.Reader, asJSON bool) (findings FindingSet, err error) {
 	if asJSON {
 		dec := json.NewDecoder(r)",accepted_fault,Incorrect Configuration Effect,Plugin Config Error
issta2024_bugs_in_pods_understanding_bugs:691f8901800afa81,issta2024_bugs_in_pods_understanding_bugs,containerd,https://github.com/containerd/containerd/commit/ad8e5980606c5e4bc1bc1a140ddc24f2a626969c,oci: Remove empty mount option slice for FreeBSD,"Mount options are marked `json:omitempty`. An empty slice in the default
object caused TestWithSpecFromFile to fail.

Signed-off-by: Samuel Karp <me@samuelkarp.com>",no_comments_in_source,committed,2022-06-09T05:33:23+00:00,"[""oci/mounts_freebsd.go""]","diff --git a/oci/mounts_freebsd.go b/oci/mounts_freebsd.go
index 42b9d7affd7e1..ada12c1a6e949 100644
--- a/oci/mounts_freebsd.go
+++ b/oci/mounts_freebsd.go
@@ -32,7 +32,6 @@ func defaultMounts() []specs.Mount {
 			Destination: ""/dev/fd"",
 			Type:        ""fdescfs"",
 			Source:      ""fdescfs"",
-			Options:     []string{},
 		},
 	}
 }",accepted_fault,Plugin Management Error,Incorrect Mount Options
issta2024_bugs_in_pods_understanding_bugs:6e8e774787ff06f1,issta2024_bugs_in_pods_understanding_bugs,gvisor,https://github.com/google/gvisor/commit/1c220bf2a4a0a6c8cdaf3c092b1a3d22391b6e42,Fix refsvfs2 bug that counted uninitialized leak checking as enabled.,PiperOrigin-RevId: 465118656,no_comments_in_source,committed,2022-08-03T19:22:02+00:00,"[""pkg/refsvfs2/refs_map.go""]","diff --git a/pkg/refsvfs2/refs_map.go b/pkg/refsvfs2/refs_map.go
index 186f4fc7dc..49605349ef 100644
--- a/pkg/refsvfs2/refs_map.go
+++ b/pkg/refsvfs2/refs_map.go
@@ -50,7 +50,8 @@ func init() {
 // LeakCheckEnabled returns whether leak checking is enabled. The following
 // functions should only be called if it returns true.
 func LeakCheckEnabled() bool {
-	return refs_vfs1.GetLeakMode() != refs_vfs1.NoLeakChecking
+	mode := refs_vfs1.GetLeakMode()
+	return mode != refs_vfs1.NoLeakChecking && mode != refs_vfs1.UninitializedLeakChecking
 }
 
 // leakCheckPanicEnabled returns whether DoLeakCheck() should panic when leaks",accepted_fault,Others,Plugin Config Error
issta2024_bugs_in_pods_understanding_bugs:77ace2ea19d85ab6,issta2024_bugs_in_pods_understanding_bugs,cri-o,https://github.com/cri-o/cri-o/commit/30ddd6d89ba636aae8eb36d89cf91f0d0791e930,Fix events generated by Evented PLEG,"Fixes https://github.com/cri-o/cri-o/issues/6625

Signed-off-by: Sai Ramesh Vanka <svanka@redhat.com>",no_comments_in_source,committed,2023-04-27T07:21:56+00:00,"[""server/container_stop.go"", ""server/sandbox_stop_linux.go""]","diff --git a/server/container_stop.go b/server/container_stop.go
index ed01d278ac6..b4926597ab6 100644
--- a/server/container_stop.go
+++ b/server/container_stop.go
@@ -42,7 +42,6 @@ func (s *Server) StopContainer(ctx context.Context, req *types.StopContainerRequ
 		log.Warnf(ctx, ""NRI stop failed for container %q: %v"", c.ID(), err)
 	}
 
-	s.generateCRIEvent(ctx, c, types.ContainerEventType_CONTAINER_DELETED_EVENT)
 	log.Infof(ctx, ""Stopped container %s: %s"", c.ID(), c.Description())
 	return &types.StopContainerResponse{}, nil
 }
diff --git a/server/sandbox_stop_linux.go b/server/sandbox_stop_linux.go
index e50fe3804c2..33f94f74a6e 100644
--- a/server/sandbox_stop_linux.go
+++ b/server/sandbox_stop_linux.go
@@ -94,7 +94,12 @@ func (s *Server) stopPodSandbox(ctx context.Context, sb *sandbox.Sandbox) error
 
 	log.Infof(ctx, ""Stopped pod sandbox: %s"", sb.ID())
 	sb.SetStopped(ctx, true)
-	s.generateCRIEvent(ctx, sb.InfraContainer(), types.ContainerEventType_CONTAINER_STOPPED_EVENT)
+
+	if podInfraContainer.Spoofed() {
+		// event generation would be needed in case of a spoofed infra container where there is no
+		// exit process that hits the handleExit() code.
+		s.generateCRIEvent(ctx, sb.InfraContainer(), types.ContainerEventType_CONTAINER_STOPPED_EVENT)
+	}
 
 	return nil
 }",accepted_fault,Logging Error,Inappropriate Lifecycle Organization
issta2024_bugs_in_pods_understanding_bugs:7c615d189e2a620f,issta2024_bugs_in_pods_understanding_bugs,containerd,https://github.com/containerd/containerd/commit/b9cf0d75a9f4a8a09ab55caa1983a8988ba4834d,Fix panic in metadata content writer on copy error,"The `createAndCopy` function is only called when `nw.w` is nil
in order to create a new writer and prepare it. The current code
is attempting to close `nw.w` when there is a copy error. The
correct behavior would be to close the new writer and not touch `nw.w`.

Signed-off-by: Derek McGowan <derek@mcg.dev>",no_comments_in_source,committed,2021-09-23T17:29:52+00:00,"[""metadata/content.go""]","diff --git a/metadata/content.go b/metadata/content.go
index f12f7b1608f0d..f534bff18c062 100644
--- a/metadata/content.go
+++ b/metadata/content.go
@@ -558,13 +558,13 @@ func (nw *namespacedWriter) createAndCopy(ctx context.Context, desc ocispec.Desc
 	if desc.Size > 0 {
 		ra, err := nw.provider.ReaderAt(ctx, nw.desc)
 		if err != nil {
+			w.Close()
 			return err
 		}
 		defer ra.Close()
 
 		if err := content.CopyReaderAt(w, ra, desc.Size); err != nil {
-			nw.w.Close()
-			nw.w = nil
+			w.Close()
 			return err
 		}
 	}",accepted_fault,Runtime Daemon Crash,Wrong Code Logic
issta2024_bugs_in_pods_understanding_bugs:84a6f78d7e4c3037,issta2024_bugs_in_pods_understanding_bugs,containerd,https://github.com/containerd/containerd/commit/c15d8e15607a269b00aef2ee56d30f8e50309ae6,go.mod: Bump hcsshim to 0.9.3,"This tag brings in a new field to fix an HNS issue in ws2019 as well as
an optimization for collecting Windows stats (memory, cpu, iops).

Signed-off-by: Daniel Canter <dcanter@microsoft.com>",no_comments_in_source,committed,2022-07-25T20:02:30+00:00,"[""go.mod"", ""go.sum"", ""integration/client/go.mod"", ""integration/client/go.sum"", ""vendor/github.com/Microsoft/hcsshim/internal/hcs/system.go"", ""vendor/github.com/Microsoft/hcsshim/internal/hns/hnspolicy.go""]","diff --git a/go.mod b/go.mod
index cb96d2f4a6723..7fc5b15d84954 100644
--- a/go.mod
+++ b/go.mod
@@ -5,7 +5,7 @@ go 1.18
 require (
 	github.com/AdaLogics/go-fuzz-headers v0.0.0-20220706123152-fef3fe1bab07
 	github.com/Microsoft/go-winio v0.5.2
-	github.com/Microsoft/hcsshim v0.9.2
+	github.com/Microsoft/hcsshim v0.9.3
 	github.com/container-orchestrated-devices/container-device-interface v0.3.1
 	github.com/containerd/aufs v1.0.0
 	github.com/containerd/btrfs v1.0.0
diff --git a/go.sum b/go.sum
index 782070780914d..12247e68b4000 100644
--- a/go.sum
+++ b/go.sum
@@ -83,8 +83,9 @@ github.com/Microsoft/hcsshim v0.8.16/go.mod h1:o5/SZqmR7x9JNKsW3pu+nqHm0MF8vbA+V
 github.com/Microsoft/hcsshim v0.8.20/go.mod h1:+w2gRZ5ReXQhFOrvSQeNfhrYB/dg3oDwTOcER2fw4I4=
 github.com/Microsoft/hcsshim v0.8.21/go.mod h1:+w2gRZ5ReXQhFOrvSQeNfhrYB/dg3oDwTOcER2fw4I4=
 github.com/Microsoft/hcsshim v0.8.23/go.mod h1:4zegtUJth7lAvFyc6cH2gGQ5B3OFQim01nnU2M8jKDg=
-github.com/Microsoft/hcsshim v0.9.2 h1:wB06W5aYFfUB3IvootYAY2WnOmIdgPGfqSI6tufQNnY=
 github.com/Microsoft/hcsshim v0.9.2/go.mod h1:7pLA8lDk46WKDWlVsENo92gC0XFa8rbKfyFRBqxEbCc=
+github.com/Microsoft/hcsshim v0.9.3 h1:k371PzBuRrz2b+ebGuI2nVgVhgsVX60jMfSw80NECxo=
+github.com/Microsoft/hcsshim v0.9.3/go.mod h1:7pLA8lDk46WKDWlVsENo92gC0XFa8rbKfyFRBqxEbCc=
 github.com/Microsoft/hcsshim/test v0.0.0-20201218223536-d3e5debf77da/go.mod h1:5hlzMzRKMLyo42nCZ9oml8AdTlq/0cvIaBv6tK1RehU=
 github.com/Microsoft/hcsshim/test v0.0.0-20210227013316-43a75bb4edd3/go.mod h1:mw7qgWloBUl75W/gVH3cQszUg1+gUITj7D6NY7ywVnY=
 github.com/NYTimes/gziphandler v0.0.0-20170623195520-56545f4a5d46/go.mod h1:3wb06e3pkSAbeQ52E9H9iFoQsEEwGN64994WTCIhntQ=
diff --git a/integration/client/go.mod b/integration/client/go.mod
index 06db32abf70fa..2fced654d5734 100644
--- a/integration/client/go.mod
+++ b/integration/client/go.mod
@@ -3,7 +3,7 @@ module github.com/containerd/containerd/integration/client
 go 1.18
 
 require (
-	github.com/Microsoft/hcsshim v0.9.2
+	github.com/Microsoft/hcsshim v0.9.3
 	github.com/Microsoft/hcsshim/test v0.0.0-20210408205431-da33ecd607e1
 	github.com/containerd/cgroups v1.0.4
 	github.com/containerd/containerd v1.6.2 // see replace; the actual version of containerd is replaced with the code at the root of this repository
diff --git a/integration/client/go.sum b/integration/client/go.sum
index 38b144d576ca4..442842a487102 100644
--- a/integration/client/go.sum
+++ b/integration/client/go.sum
@@ -59,8 +59,9 @@ github.com/Microsoft/go-winio v0.5.2 h1:a9IhgEQBCUEk6QCdml9CiJGhAws+YwffDHEMp1VM
 github.com/Microsoft/go-winio v0.5.2/go.mod h1:WpS1mjBmmwHBEWmogvA2mj8546UReBk4v8QkMxJ6pZY=
 github.com/Microsoft/hcsshim v0.8.15/go.mod h1:x38A4YbHbdxJtc0sF6oIz+RG0npwSCAvn69iY6URG00=
 github.com/Microsoft/hcsshim v0.8.20/go.mod h1:+w2gRZ5ReXQhFOrvSQeNfhrYB/dg3oDwTOcER2fw4I4=
-github.com/Microsoft/hcsshim v0.9.2 h1:wB06W5aYFfUB3IvootYAY2WnOmIdgPGfqSI6tufQNnY=
 github.com/Microsoft/hcsshim v0.9.2/go.mod h1:7pLA8lDk46WKDWlVsENo92gC0XFa8rbKfyFRBqxEbCc=
+github.com/Microsoft/hcsshim v0.9.3 h1:k371PzBuRrz2b+ebGuI2nVgVhgsVX60jMfSw80NECxo=
+github.com/Microsoft/hcsshim v0.9.3/go.mod h1:7pLA8lDk46WKDWlVsENo92gC0XFa8rbKfyFRBqxEbCc=
 github.com/Microsoft/hcsshim/test v0.0.0-20210408205431-da33ecd607e1 h1:pVKfKyPkXna29XlGjxSr9J0A7vNucOUHZ/2ClcTWalw=
 github.com/Microsoft/hcsshim/test v0.0.0-20210408205431-da33ecd607e1/go.mod h1:Cmvnhlie15Ha2UYrJs9EhgSx76Bq9RV2FgfEiT78GhI=
 github.com/NYTimes/gziphandler v0.0.0-20170623195520-56545f4a5d46/go.mod h1:3wb06e3pkSAbeQ52E9H9iFoQsEEwGN64994WTCIhntQ=
diff --git a/vendor/github.com/Microsoft/hcsshim/internal/hcs/system.go b/vendor/github.com/Microsoft/hcsshim/internal/hcs/system.go
index 75499c967f0f3..1d45a703b2ed1 100644
--- a/vendor/github.com/Microsoft/hcsshim/internal/hcs/system.go
+++ b/vendor/github.com/Microsoft/hcsshim/internal/hcs/system.go
@@ -4,17 +4,22 @@ import (
 	""context""
 	""encoding/json""
 	""errors""
+	""fmt""
 	""strings""
 	""sync""
 	""syscall""
+	""time""
 
 	""github.com/Microsoft/hcsshim/internal/cow""
 	""github.com/Microsoft/hcsshim/internal/hcs/schema1""
 	hcsschema ""github.com/Microsoft/hcsshim/internal/hcs/schema2""
+	""github.com/Microsoft/hcsshim/internal/jobobject""
 	""github.com/Microsoft/hcsshim/internal/log""
+	""github.com/Microsoft/hcsshim/internal/logfields""
 	""github.com/Microsoft/hcsshim/internal/oc""
 	""github.com/Microsoft/hcsshim/internal/timeout""
 	""github.com/Microsoft/hcsshim/internal/vmcompute""
+	""github.com/sirupsen/logrus""
 	""go.opencensus.io/trace""
 )
 
@@ -28,7 +33,8 @@ type System struct {
 	waitBlock      chan struct{}
 	waitError      error
 	exitError      error
-	os, typ        string
+	os, typ, owner string
+	startTime      time.Time
 }
 
 func newSystem(id string) *System {
@@ -38,6 +44,11 @@ func newSystem(id string) *System {
 	}
 }
 
+// Implementation detail for silo naming, this should NOT be relied upon very heavily.
+func siloNameFmt(containerID string) string {
+	return fmt.Sprintf(`\Container_%s`, containerID)
+}
+
 // CreateComputeSystem creates a new compute system with the given configuration but does not start it.
 func CreateComputeSystem(ctx context.Context, id string, hcsDocumentInterface interface{}) (_ *System, err error) {
 	operation := ""hcs::CreateComputeSystem""
@@ -127,6 +138,7 @@ func (computeSystem *System) getCachedProperties(ctx context.Context) error {
 	}
 	computeSystem.typ = strings.ToLower(props.SystemType)
 	computeSystem.os = strings.ToLower(props.RuntimeOSType)
+	computeSystem.owner = strings.ToLower(props.Owner)
 	if computeSystem.os == """" && computeSystem.typ == ""container"" {
 		// Pre-RS5 HCS did not return the OS, but it only supported containers
 		// that ran Windows.
@@ -195,7 +207,7 @@ func (computeSystem *System) Start(ctx context.Context) (err error) {
 	if err != nil {
 		return makeSystemError(computeSystem, operation, err, events)
 	}
-
+	computeSystem.startTime = time.Now()
 	return nil
 }
 
@@ -324,11 +336,115 @@ func (computeSystem *System) Properties(ctx context.Context, types ...schema1.Pr
 	return properties, nil
 }
 
-// PropertiesV2 returns the requested container properties targeting a V2 schema container.
-func (computeSystem *System) PropertiesV2(ctx context.Context, types ...hcsschema.PropertyType) (*hcsschema.Properties, error) {
-	computeSystem.handleLock.RLock()
-	defer computeSystem.handleLock.RUnlock()
+// queryInProc handles querying for container properties without reaching out to HCS. `props`
+// will be updated to contain any data returned from the queries present in `types`. If any properties
+// failed to be queried they will be tallied up and returned in as the first return value. Failures on
+// query are NOT considered errors; the only failure case for this method is if the containers job object
+// cannot be opened.
+func (computeSystem *System) queryInProc(ctx context.Context, props *hcsschema.Properties, types []hcsschema.PropertyType) ([]hcsschema.PropertyType, error) {
+	// In the future we can make use of some new functionality in the HCS that allows you
+	// to pass a job object for HCS to use for the container. Currently, the only way we'll
+	// be able to open the job/silo is if we're running as SYSTEM.
+	jobOptions := &jobobject.Options{
+		UseNTVariant: true,
+		Name:         siloNameFmt(computeSystem.id),
+	}
+	job, err := jobobject.Open(ctx, jobOptions)
+	if err != nil {
+		return nil, err
+	}
+	defer job.Close()
+
+	var fallbackQueryTypes []hcsschema.PropertyType
+	for _, propType := range types {
+		switch propType {
+		case hcsschema.PTStatistics:
+			// Handle a bad caller asking for the same type twice. No use in re-querying if this is
+			// filled in already.
+			if props.Statistics == nil {
+				props.Statistics, err = computeSystem.statisticsInProc(job)
+				if err != nil {
+					log.G(ctx).WithError(err).Warn(""failed to get statistics in-proc"")
+
+					fallbackQueryTypes = append(fallbackQueryTypes, propType)
+				}
+			}
+		default:
+			fallbackQueryTypes = append(fallbackQueryTypes, propType)
+		}
+	}
+
+	return fallbackQueryTypes, nil
+}
+
+// statisticsInProc emulates what HCS does to grab statistics for a given container with a small
+// change to make grabbing the private working set total much more efficient.
+func (computeSystem *System) statisticsInProc(job *jobobject.JobObject) (*hcsschema.Statistics, error) {
+	// Start timestamp for these stats before we grab them to match HCS
+	timestamp := time.Now()
+
+	memInfo, err := job.QueryMemoryStats()
+	if err != nil {
+		return nil, err
+	}
+
+	processorInfo, err := job.QueryProcessorStats()
+	if err != nil {
+		return nil, err
+	}
+
+	storageInfo, err := job.QueryStorageStats()
+	if err != nil {
+		return nil, err
+	}
+
+	// This calculates the private working set more efficiently than HCS does. HCS calls NtQuerySystemInformation
+	// with the class SystemProcessInformation which returns an array containing system information for *every*
+	// process running on the machine. They then grab the pids that are running in the container and filter down
+	// the entries in the array to only what's running in that silo and start tallying up the total. This doesn't
+	// work well as performance should get worse if more processess are running on the machine in general and not
+	// just in the container. All of the additional information besides the WorkingSetPrivateSize field is ignored
+	// as well which isn't great and is wasted work to fetch.
+	//
+	// HCS only let's you grab statistics in an all or nothing fashion, so we can't just grab the private
+	// working set ourselves and ask for everything else seperately. The optimization we can make here is
+	// to open the silo ourselves and do the same queries for the rest of the info, as well as calculating
+	// the private working set in a more efficient manner by:
+	//
+	// 1. Find the pids running in the silo
+	// 2. Get a process handle for every process (only need PROCESS_QUERY_LIMITED_INFORMATION access)
+	// 3. Call NtQueryInformationProcess on each process with the class ProcessVmCounters
+	// 4. Tally up the total using the field PrivateWorkingSetSize in VM_COUNTERS_EX2.
+	privateWorkingSet, err := job.QueryPrivateWorkingSet()
+	if err != nil {
+		return nil, err
+	}
 
+	return &hcsschema.Statistics{
+		Timestamp:          timestamp,
+		ContainerStartTime: computeSystem.startTime,
+		Uptime100ns:        uint64(time.Since(computeSystem.startTime).Nanoseconds()) / 100,
+		Memory: &hcsschema.MemoryStats{
+			MemoryUsageCommitBytes:            memInfo.JobMemory,
+			MemoryUsageCommitPeakBytes:        memInfo.PeakJobMemoryUsed,
+			MemoryUsagePrivateWorkingSetBytes: privateWorkingSet,
+		},
+		Processor: &hcsschema.ProcessorStats{
+			RuntimeKernel100ns: uint64(processorInfo.TotalKernelTime),
+			RuntimeUser100ns:   uint64(processorInfo.TotalUserTime),
+			TotalRuntime100ns:  uint64(processorInfo.TotalKernelTime + processorInfo.TotalUserTime),
+		},
+		Storage: &hcsschema.StorageStats{
+			ReadCountNormalized:  uint64(storageInfo.ReadStats.IoCount),
+			ReadSizeBytes:        storageInfo.ReadStats.TotalSize,
+			WriteCountNormalized: uint64(storageInfo.WriteStats.IoCount),
+			WriteSizeBytes:       storageInfo.WriteStats.TotalSize,
+		},
+	}, nil
+}
+
+// hcsPropertiesV2Query is a helper to make a HcsGetComputeSystemProperties call using the V2 schema property types.
+func (computeSystem *System) hcsPropertiesV2Query(ctx context.Context, types []hcsschema.PropertyType) (*hcsschema.Properties, error) {
 	operation := ""hcs::System::PropertiesV2""
 
 	queryBytes, err := json.Marshal(hcsschema.PropertyQuery{PropertyTypes: types})
@@ -345,12 +461,66 @@ func (computeSystem *System) PropertiesV2(ctx context.Context, types ...hcsschem
 	if propertiesJSON == """" {
 		return nil, ErrUnexpectedValue
 	}
-	properties := &hcsschema.Properties{}
-	if err := json.Unmarshal([]byte(propertiesJSON), properties); err != nil {
+	props := &hcsschema.Properties{}
+	if err := json.Unmarshal([]byte(propertiesJSON), props); err != nil {
 		return nil, makeSystemError(computeSystem, operation, err, nil)
 	}
 
-	return properties, nil
+	return props, nil
+}
+
+// PropertiesV2 returns the requested compute systems properties targeting a V2 schema compute system.
+func (computeSystem *System) PropertiesV2(ctx context.Context, types ...hcsschema.PropertyType) (_ *hcsschema.Properties, err error) {
+	computeSystem.handleLock.RLock()
+	defer computeSystem.handleLock.RUnlock()
+
+	// Let HCS tally up the total for VM based queries instead of querying ourselves.
+	if computeSystem.typ != ""container"" {
+		return computeSystem.hcsPropertiesV2Query(ctx, types)
+	}
+
+	// Define a starter Properties struct with the default fields returned from every
+	// query. Owner is only returned from Statistics but it's harmless to include.
+	properties := &hcsschema.Properties{
+		Id:            computeSystem.id,
+		SystemType:    computeSystem.typ,
+		RuntimeOsType: computeSystem.os,
+		Owner:         computeSystem.owner,
+	}
+
+	logEntry := log.G(ctx)
+	// First lets try and query ourselves without reaching to HCS. If any of the queries fail
+	// we'll take note and fallback to querying HCS for any of the failed types.
+	fallbackTypes, err := computeSystem.queryInProc(ctx, properties, types)
+	if err == nil && len(fallbackTypes) == 0 {
+		return properties, nil
+	} else if err != nil {
+		logEntry.WithError(fmt.Errorf(""failed to query compute system properties in-proc: %w"", err))
+		fallbackTypes = types
+	}
+
+	logEntry.WithFields(logrus.Fields{
+		logfields.ContainerID: computeSystem.id,
+		""propertyTypes"":       fallbackTypes,
+	}).Info(""falling back to HCS for property type queries"")
+
+	hcsProperties, err := computeSystem.hcsPropertiesV2Query(ctx, fallbackTypes)
+	if err != nil {
+		return nil, err
+	}
+
+	// Now add in anything that we might have successfully queried in process.
+	if properties.Statistics != nil {
+		hcsProperties.Statistics = properties.Statistics
+		hcsProperties.Owner = properties.Owner
+	}
+
+	// For future support for querying processlist in-proc as well.
+	if properties.ProcessList != nil {
+		hcsProperties.ProcessList = properties.ProcessList
+	}
+
+	return hcsProperties, nil
 }
 
 // Pause pauses the execution of the computeSystem. This feature is not enabled in TP5.
diff --git a/vendor/github.com/Microsoft/hcsshim/internal/hns/hnspolicy.go b/vendor/github.com/Microsoft/hcsshim/internal/hns/hnspolicy.go
index 591a2631e45f9..84b3682184745 100644
--- a/vendor/github.com/Microsoft/hcsshim/internal/hns/hnspolicy.go
+++ b/vendor/github.com/Microsoft/hcsshim/internal/hns/hnspolicy.go
@@ -21,10 +21,11 @@ const (
 )
 
 type NatPolicy struct {
-	Type         PolicyType `json:""Type""`
-	Protocol     string     `json:"",omitempty""`
-	InternalPort uint16     `json:"",omitempty""`
-	ExternalPort uint16     `json:"",omitempty""`
+	Type                 PolicyType `json:""Type""`
+	Protocol             string     `json:"",omitempty""`
+	InternalPort         uint16     `json:"",omitempty""`
+	ExternalPort         uint16     `json:"",omitempty""`
+	ExternalPortReserved bool       `json:"",omitempty""`
 }
 
 type QosPolicy struct {
diff --git a/vendor/github.com/Microsoft/hcsshim/internal/jobobject/iocp.go b/vendor/github.com/Microsoft/hcsshim/internal/jobobject/iocp.go
new file mode 100644
index 0000000000000..3d640ac7bdd6b
--- /dev/null
+++ b/vendor/github.com/Microsoft/hcsshim/internal/jobobject/iocp.go
@@ -0,0 +1,111 @@
+package jobobject
+
+import (
+	""context""
+	""fmt""
+	""sync""
+	""unsafe""
+
+	""github.com/Microsoft/hcsshim/internal/log""
+	""github.com/Microsoft/hcsshim/internal/queue""
+	""github.com/Microsoft/hcsshim/internal/winapi""
+	""github.com/sirupsen/logrus""
+	""golang.org/x/sys/windows""
+)
+
+var (
+	ioInitOnce sync.Once
+	initIOErr  error
+	// Global iocp handle that will be re-used for every job object
+	ioCompletionPort windows.Handle
+	// Mapping of job handle to queue to place notifications in.
+	jobMap sync.Map
+)
+
+// MsgAllProcessesExited is a type representing a message that every process in a job has exited.
+type MsgAllProcessesExited struct{}
+
+// MsgUnimplemented represents a message that we are aware of, but that isn't implemented currently.
+// This should not be treated as an error.
+type MsgUnimplemented struct{}
+
+// pollIOCP polls the io completion port forever.
+func pollIOCP(ctx context.Context, iocpHandle windows.Handle) {
+	var (
+		overlapped uintptr
+		code       uint32
+		key        uintptr
+	)
+
+	for {
+		err := windows.GetQueuedCompletionStatus(iocpHandle, &code, &key, (**windows.Overlapped)(unsafe.Pointer(&overlapped)), windows.INFINITE)
+		if err != nil {
+			log.G(ctx).WithError(err).Error(""failed to poll for job object message"")
+			continue
+		}
+		if val, ok := jobMap.Load(key); ok {
+			msq, ok := val.(*queue.MessageQueue)
+			if !ok {
+				log.G(ctx).WithField(""value"", msq).Warn(""encountered non queue type in job map"")
+				continue
+			}
+			notification, err := parseMessage(code, overlapped)
+			if err != nil {
+				log.G(ctx).WithFields(logrus.Fields{
+					""code"":       code,
+					""overlapped"": overlapped,
+				}).Warn(""failed to parse job object message"")
+				continue
+			}
+			if err := msq.Write(notification); err == queue.ErrQueueClosed {
+				// Write will only return an error when the queue is closed.
+				// The only time a queue would ever be closed is when we call `Close` on
+				// the job it belongs to which also removes it from the jobMap, so something
+				// went wrong here. We can't return as this is reading messages for all jobs
+				// so just log it and move on.
+				log.G(ctx).WithFields(logrus.Fields{
+					""code"":       code,
+					""overlapped"": overlapped,
+				}).Warn(""tried to write to a closed queue"")
+				continue
+			}
+		} else {
+			log.G(ctx).Warn(""received a message for a job not present in the mapping"")
+		}
+	}
+}
+
+func parseMessage(code uint32, overlapped uintptr) (interface{}, error) {
+	// Check code and parse out relevant information related to that notification
+	// that we care about. For now all we handle is the message that all processes
+	// in the job have exited.
+	switch code {
+	case winapi.JOB_OBJECT_MSG_ACTIVE_PROCESS_ZERO:
+		return MsgAllProcessesExited{}, nil
+	// Other messages for completeness and a check to make sure that if we fall
+	// into the default case that this is a code we don't know how to handle.
+	case winapi.JOB_OBJECT_MSG_END_OF_JOB_TIME:
+	case winapi.JOB_OBJECT_MSG_END_OF_PROCESS_TIME:
+	case winapi.JOB_OBJECT_MSG_ACTIVE_PROCESS_LIMIT:
+	case winapi.JOB_OBJECT_MSG_NEW_PROCESS:
+	case winapi.JOB_OBJECT_MSG_EXIT_PROCESS:
+	case winapi.JOB_OBJECT_MSG_ABNORMAL_EXIT_PROCESS:
+	case winapi.JOB_OBJECT_MSG_PROCESS_MEMORY_LIMIT:
+	case winapi.JOB_OBJECT_MSG_JOB_MEMORY_LIMIT:
+	case winapi.JOB_OBJECT_MSG_NOTIFICATION_LIMIT:
+	default:
+		return nil, fmt.Errorf(""unknown job notification type: %d"", code)
+	}
+	return MsgUnimplemented{}, nil
+}
+
+// Assigns an IO completion port to get notified of events for the registered job
+// object.
+func attachIOCP(job windows.Handle, iocp windows.Handle) error {
+	info := winapi.JOBOBJECT_ASSOCIATE_COMPLETION_PORT{
+		CompletionKey:  job,
+		CompletionPort: iocp,
+	}
+	_, err := windows.SetInformationJobObject(job, windows.JobObjectAssociateCompletionPortInformation, uintptr(unsafe.Pointer(&info)), uint32(unsafe.Sizeof(info)))
+	return err
+}
diff --git a/vendor/github.com/Microsoft/hcsshim/internal/jobobject/jobobject.go b/vendor/github.com/Microsoft/hcsshim/internal/jobobject/jobobject.go
new file mode 100644
index 0000000000000..9c2726416418b
--- /dev/null
+++ b/vendor/github.com/Microsoft/hcsshim/internal/jobobject/jobobject.go
@@ -0,0 +1,499 @@
+package jobobject
+
+import (
+	""context""
+	""errors""
+	""fmt""
+	""sync""
+	""unsafe""
+
+	""github.com/Microsoft/hcsshim/internal/queue""
+	""github.com/Microsoft/hcsshim/internal/winapi""
+	""golang.org/x/sys/windows""
+)
+
+// This file provides higher level constructs for the win32 job object API.
+// Most of the core creation and management functions are already present in ""golang.org/x/sys/windows""
+// (CreateJobObject, AssignProcessToJobObject, etc.) as well as most of the limit information
+// structs and associated limit flags. Whatever is not present from the job object API
+// in golang.org/x/sys/windows is located in /internal/winapi.
+//
+// https://docs.microsoft.com/en-us/windows/win32/procthread/job-objects
+
+// JobObject is a high level wrapper around a Windows job object. Holds a handle to
+// the job, a queue to receive iocp notifications about the lifecycle
+// of the job and a mutex for synchronized handle access.
+type JobObject struct {
+	handle     windows.Handle
+	mq         *queue.MessageQueue
+	handleLock sync.RWMutex
+}
+
+// JobLimits represents the resource constraints that can be applied to a job object.
+type JobLimits struct {
+	CPULimit           uint32
+	CPUWeight          uint32
+	MemoryLimitInBytes uint64
+	MaxIOPS            int64
+	MaxBandwidth       int64
+}
+
+type CPURateControlType uint32
+
+const (
+	WeightBased CPURateControlType = iota
+	RateBased
+)
+
+// Processor resource controls
+const (
+	cpuLimitMin  = 1
+	cpuLimitMax  = 10000
+	cpuWeightMin = 1
+	cpuWeightMax = 9
+)
+
+var (
+	ErrAlreadyClosed = errors.New(""the handle has already been closed"")
+	ErrNotRegistered = errors.New(""job is not registered to receive notifications"")
+)
+
+// Options represents the set of configurable options when making or opening a job object.
+type Options struct {
+	// `Name` specifies the name of the job object if a named job object is desired.
+	Name string
+	// `Notifications` specifies if the job will be registered to receive notifications.
+	// Defaults to false.
+	Notifications bool
+	// `UseNTVariant` specifies if we should use the `Nt` variant of Open/CreateJobObject.
+	// Defaults to false.
+	UseNTVariant bool
+}
+
+// Create creates a job object.
+//
+// If options.Name is an empty string, the job will not be assigned a name.
+//
+// If options.Notifications are not enabled `PollNotifications` will return immediately with error `errNotRegistered`.
+//
+// If `options` is nil, use default option values.
+//
+// Returns a JobObject structure and an error if there is one.
+func Create(ctx context.Context, options *Options) (_ *JobObject, err error) {
+	if options == nil {
+		options = &Options{}
+	}
+
+	var jobName *winapi.UnicodeString
+	if options.Name != """" {
+		jobName, err = winapi.NewUnicodeString(options.Name)
+		if err != nil {
+			return nil, err
+		}
+	}
+
+	var jobHandle windows.Handle
+	if options.UseNTVariant {
+		oa := winapi.ObjectAttributes{
+			Length:     unsafe.Sizeof(winapi.ObjectAttributes{}),
+			ObjectName: jobName,
+			Attributes: 0,
+		}
+		status := winapi.NtCreateJobObject(&jobHandle, winapi.JOB_OBJECT_ALL_ACCESS, &oa)
+		if status != 0 {
+			return nil, winapi.RtlNtStatusToDosError(status)
+		}
+	} else {
+		var jobNameBuf *uint16
+		if jobName != nil && jobName.Buffer != nil {
+			jobNameBuf = jobName.Buffer
+		}
+		jobHandle, err = windows.CreateJobObject(nil, jobNameBuf)
+		if err != nil {
+			return nil, err
+		}
+	}
+
+	defer func() {
+		if err != nil {
+			windows.Close(jobHandle)
+		}
+	}()
+
+	job := &JobObject{
+		handle: jobHandle,
+	}
+
+	// If the IOCP we'll be using to receive messages for all jobs hasn't been
+	// created, create it and start polling.
+	if options.Notifications {
+		mq, err := setupNotifications(ctx, job)
+		if err != nil {
+			return nil, err
+		}
+		job.mq = mq
+	}
+
+	return job, nil
+}
+
+// Open opens an existing job object with name provided in `options`. If no name is provided
+// return an error since we need to know what job object to open.
+//
+// If options.Notifications is false `PollNotifications` will return immediately with error `errNotRegistered`.
+//
+// Returns a JobObject structure and an error if there is one.
+func Open(ctx context.Context, options *Options) (_ *JobObject, err error) {
+	if options == nil || (options != nil && options.Name == """") {
+		return nil, errors.New(""no job object name specified to open"")
+	}
+
+	unicodeJobName, err := winapi.NewUnicodeString(options.Name)
+	if err != nil {
+		return nil, err
+	}
+
+	var jobHandle windows.Handle
+	if options != nil && options.UseNTVariant {
+		oa := winapi.ObjectAttributes{
+			Length:     unsafe.Sizeof(winapi.ObjectAttributes{}),
+			ObjectName: unicodeJobName,
+			Attributes: 0,
+		}
+		status := winapi.NtOpenJobObject(&jobHandle, winapi.JOB_OBJECT_ALL_ACCESS, &oa)
+		if status != 0 {
+			return nil, winapi.RtlNtStatusToDosError(status)
+		}
+	} else {
+		jobHandle, err = winapi.OpenJobObject(winapi.JOB_OBJECT_ALL_ACCESS, false, unicodeJobName.Buffer)
+		if err != nil {
+			return nil, err
+		}
+	}
+
+	defer func() {
+		if err != nil {
+			windows.Close(jobHandle)
+		}
+	}()
+
+	job := &JobObject{
+		handle: jobHandle,
+	}
+
+	// If the IOCP we'll be using to receive messages for all jobs hasn't been
+	// created, create it and start polling.
+	if options != nil && options.Notifications {
+		mq, err := setupNotifications(ctx, job)
+		if err != nil {
+			return nil, err
+		}
+		job.mq = mq
+	}
+
+	return job, nil
+}
+
+// helper function to setup notifications for creating/opening a job object
+func setupNotifications(ctx context.Context, job *JobObject) (*queue.MessageQueue, error) {
+	job.handleLock.RLock()
+	defer job.handleLock.RUnlock()
+
+	if job.handle == 0 {
+		return nil, ErrAlreadyClosed
+	}
+
+	ioInitOnce.Do(func() {
+		h, err := windows.CreateIoCompletionPort(windows.InvalidHandle, 0, 0, 0xffffffff)
+		if err != nil {
+			initIOErr = err
+			return
+		}
+		ioCompletionPort = h
+		go pollIOCP(ctx, h)
+	})
+
+	if initIOErr != nil {
+		return nil, initIOErr
+	}
+
+	mq := queue.NewMessageQueue()
+	jobMap.Store(uintptr(job.handle), mq)
+	if err := attachIOCP(job.handle, ioCompletionPort); err != nil {
+		jobMap.Delete(uintptr(job.handle))
+		return nil, fmt.Errorf(""failed to attach job to IO completion port: %w"", err)
+	}
+	return mq, nil
+}
+
+// PollNotification will poll for a job object notification. This call should only be called once
+// per job (ideally in a goroutine loop) and will block if there is not a notification ready.
+// This call will return immediately with error `ErrNotRegistered` if the job was not registered
+// to receive notifications during `Create`. Internally, messages will be queued and there
+// is no worry of messages being dropped.
+func (job *JobObject) PollNotification() (interface{}, error) {
+	if job.mq == nil {
+		return nil, ErrNotRegistered
+	}
+	return job.mq.ReadOrWait()
+}
+
+// UpdateProcThreadAttribute updates the passed in ProcThreadAttributeList to contain what is necessary to
+// launch a process in a job at creation time. This can be used to avoid having to call Assign() after a process
+// has already started running.
+func (job *JobObject) UpdateProcThreadAttribute(attrList *windows.ProcThreadAttributeListContainer) error {
+	job.handleLock.RLock()
+	defer job.handleLock.RUnlock()
+
+	if job.handle == 0 {
+		return ErrAlreadyClosed
+	}
+
+	if err := attrList.Update(
+		winapi.PROC_THREAD_ATTRIBUTE_JOB_LIST,
+		unsafe.Pointer(&job.handle),
+		unsafe.Sizeof(job.handle),
+	); err != nil {
+		return fmt.Errorf(""failed to update proc thread attributes for job object: %w"", err)
+	}
+
+	return nil
+}
+
+// Close closes the job object handle.
+func (job *JobObject) Close() error {
+	job.handleLock.Lock()
+	defer job.handleLock.Unlock()
+
+	if job.handle == 0 {
+		return ErrAlreadyClosed
+	}
+
+	if err := windows.Close(job.handle); err != nil {
+		return err
+	}
+
+	if job.mq != nil {
+		job.mq.Close()
+	}
+	// Handles now invalid so if the map entry to receive notifications for this job still
+	// exists remove it so we can stop receiving notifications.
+	if _, ok := jobMap.Load(uintptr(job.handle)); ok {
+		jobMap.Delete(uintptr(job.handle))
+	}
+
+	job.handle = 0
+	return nil
+}
+
+// Assign assigns a process to the job object.
+func (job *JobObject) Assign(pid uint32) error {
+	job.handleLock.RLock()
+	defer job.handleLock.RUnlock()
+
+	if job.handle == 0 {
+		return ErrAlreadyClosed
+	}
+
+	if pid == 0 {
+		return errors.New(""invalid pid: 0"")
+	}
+	hProc, err := windows.OpenProcess(winapi.PROCESS_ALL_ACCESS, true, pid)
+	if err != nil {
+		return err
+	}
+	defer windows.Close(hProc)
+	return windows.AssignProcessToJobObject(job.handle, hProc)
+}
+
+// Terminate terminates the job, essentially calls TerminateProcess on every process in the
+// job.
+func (job *JobObject) Terminate(exitCode uint32) error {
+	job.handleLock.RLock()
+	defer job.handleLock.RUnlock()
+	if job.handle == 0 {
+		return ErrAlreadyClosed
+	}
+	return windows.TerminateJobObject(job.handle, exitCode)
+}
+
+// Pids returns all of the process IDs in the job object.
+func (job *JobObject) Pids() ([]uint32, error) {
+	job.handleLock.RLock()
+	defer job.handleLock.RUnlock()
+
+	if job.handle == 0 {
+		return nil, ErrAlreadyClosed
+	}
+
+	info := winapi.JOBOBJECT_BASIC_PROCESS_ID_LIST{}
+	err := winapi.QueryInformationJobObject(
+		job.handle,
+		winapi.JobObjectBasicProcessIdList,
+		uintptr(unsafe.Pointer(&info)),
+		uint32(unsafe.Sizeof(info)),
+		nil,
+	)
+
+	// This is either the case where there is only one process or no processes in
+	// the job. Any other case will result in ERROR_MORE_DATA. Check if info.NumberOfProcessIdsInList
+	// is 1 and just return this, otherwise return an empty slice.
+	if err == nil {
+		if info.NumberOfProcessIdsInList == 1 {
+			return []uint32{uint32(info.ProcessIdList[0])}, nil
+		}
+		// Return empty slice instead of nil to play well with the caller of this.
+		// Do not return an error if no processes are running inside the job
+		return []uint32{}, nil
+	}
+
+	if err != winapi.ERROR_MORE_DATA {
+		return nil, fmt.Errorf(""failed initial query for PIDs in job object: %w"", err)
+	}
+
+	jobBasicProcessIDListSize := unsafe.Sizeof(info) + (unsafe.Sizeof(info.ProcessIdList[0]) * uintptr(info.NumberOfAssignedProcesses-1))
+	buf := make([]byte, jobBasicProcessIDListSize)
+	if err = winapi.QueryInformationJobObject(
+		job.handle,
+		winapi.JobObjectBasicProcessIdList,
+		uintptr(unsafe.Pointer(&buf[0])),
+		uint32(len(buf)),
+		nil,
+	); err != nil {
+		return nil, fmt.Errorf(""failed to query for PIDs in job object: %w"", err)
+	}
+
+	bufInfo := (*winapi.JOBOBJECT_BASIC_PROCESS_ID_LIST)(unsafe.Pointer(&buf[0]))
+	pids := make([]uint32, bufInfo.NumberOfProcessIdsInList)
+	for i, bufPid := range bufInfo.AllPids() {
+		pids[i] = uint32(bufPid)
+	}
+	return pids, nil
+}
+
+// QueryMemoryStats gets the memory stats for the job object.
+func (job *JobObject) QueryMemoryStats() (*winapi.JOBOBJECT_MEMORY_USAGE_INFORMATION, error) {
+	job.handleLock.RLock()
+	defer job.handleLock.RUnlock()
+
+	if job.handle == 0 {
+		return nil, ErrAlreadyClosed
+	}
+
+	info := winapi.JOBOBJECT_MEMORY_USAGE_INFORMATION{}
+	if err := winapi.QueryInformationJobObject(
+		job.handle,
+		winapi.JobObjectMemoryUsageInformation,
+		uintptr(unsafe.Pointer(&info)),
+		uint32(unsafe.Sizeof(info)),
+		nil,
+	); err != nil {
+		return nil, fmt.Errorf(""failed to query for job object memory stats: %w"", err)
+	}
+	return &info, nil
+}
+
+// QueryProcessorStats gets the processor stats for the job object.
+func (job *JobObject) QueryProcessorStats() (*winapi.JOBOBJECT_BASIC_ACCOUNTING_INFORMATION, error) {
+	job.handleLock.RLock()
+	defer job.handleLock.RUnlock()
+
+	if job.handle == 0 {
+		return nil, ErrAlreadyClosed
+	}
+
+	info := winapi.JOBOBJECT_BASIC_ACCOUNTING_INFORMATION{}
+	if err := winapi.QueryInformationJobObject(
+		job.handle,
+		winapi.JobObjectBasicAccountingInformation,
+		uintptr(unsafe.Pointer(&info)),
+		uint32(unsafe.Sizeof(info)),
+		nil,
+	); err != nil {
+		return nil, fmt.Errorf(""failed to query for job object process stats: %w"", err)
+	}
+	return &info, nil
+}
+
+// QueryStorageStats gets the storage (I/O) stats for the job object.
+func (job *JobObject) QueryStorageStats() (*winapi.JOBOBJECT_IO_ATTRIBUTION_INFORMATION, error) {
+	job.handleLock.RLock()
+	defer job.handleLock.RUnlock()
+
+	if job.handle == 0 {
+		return nil, ErrAlreadyClosed
+	}
+
+	info := winapi.JOBOBJECT_IO_ATTRIBUTION_INFORMATION{
+		ControlFlags: winapi.JOBOBJECT_IO_ATTRIBUTION_CONTROL_ENABLE,
+	}
+	if err := winapi.QueryInformationJobObject(
+		job.handle,
+		winapi.JobObjectIoAttribution,
+		uintptr(unsafe.Pointer(&info)),
+		uint32(unsafe.Sizeof(info)),
+		nil,
+	); err != nil {
+		return nil, fmt.Errorf(""failed to query for job object storage stats: %w"", err)
+	}
+	return &info, nil
+}
+
+// QueryPrivateWorkingSet returns the private working set size for the job. This is calculated by adding up the
+// private working set for every process running in the job.
+func (job *JobObject) QueryPrivateWorkingSet() (uint64, error) {
+	pids, err := job.Pids()
+	if err != nil {
+		return 0, err
+	}
+
+	openAndQueryWorkingSet := func(pid uint32) (uint64, error) {
+		h, err := windows.OpenProcess(windows.PROCESS_QUERY_LIMITED_INFORMATION, false, pid)
+		if err != nil {
+			// Continue to the next if OpenProcess doesn't return a valid handle (fails). Handles a
+			// case where one of the pids in the job exited before we open.
+			return 0, nil
+		}
+		defer func() {
+			_ = windows.Close(h)
+		}()
+		// Check if the process is actually running in the job still. There's a small chance
+		// that the process could have exited and had its pid re-used between grabbing the pids
+		// in the job and opening the handle to it above.
+		var inJob int32
+		if err := winapi.IsProcessInJob(h, job.handle, &inJob); err != nil {
+			// This shouldn't fail unless we have incorrect access rights which we control
+			// here so probably best to error out if this failed.
+			return 0, err
+		}
+		// Don't report stats for this process as it's not running in the job. This shouldn't be
+		// an error condition though.
+		if inJob == 0 {
+			return 0, nil
+		}
+
+		var vmCounters winapi.VM_COUNTERS_EX2
+		status := winapi.NtQueryInformationProcess(
+			h,
+			winapi.ProcessVmCounters,
+			uintptr(unsafe.Pointer(&vmCounters)),
+			uint32(unsafe.Sizeof(vmCounters)),
+			nil,
+		)
+		if !winapi.NTSuccess(status) {
+			return 0, fmt.Errorf(""failed to query information for process: %w"", winapi.RtlNtStatusToDosError(status))
+		}
+		return uint64(vmCounters.PrivateWorkingSetSize), nil
+	}
+
+	var jobWorkingSetSize uint64
+	for _, pid := range pids {
+		workingSet, err := openAndQueryWorkingSet(pid)
+		if err != nil {
+			return 0, err
+		}
+		jobWorkingSetSize += workingSet
+	}
+
+	return jobWorkingSetSize, nil
+}
diff --git a/vendor/github.com/Microsoft/hcsshim/internal/jobobject/limits.go b/vendor/github.com/Microsoft/hcsshim/internal/jobobject/limits.go
new file mode 100644
index 0000000000000..4be297788e028
--- /dev/null
+++ b/vendor/github.com/Microsoft/hcsshim/internal/jobobject/limits.go
@@ -0,0 +1,315 @@
+package jobobject
+
+import (
+	""errors""
+	""fmt""
+	""unsafe""
+
+	""github.com/Microsoft/hcsshim/internal/winapi""
+	""golang.org/x/sys/windows""
+)
+
+const (
+	memoryLimitMax uint64 = 0xffffffffffffffff
+)
+
+func isFlagSet(flag, controlFlags uint32) bool {
+	return (flag & controlFlags) == flag
+}
+
+// SetResourceLimits sets resource limits on the job object (cpu, memory, storage).
+func (job *JobObject) SetResourceLimits(limits *JobLimits) error {
+	// Go through and check what limits were specified and apply them to the job.
+	if limits.MemoryLimitInBytes != 0 {
+		if err := job.SetMemoryLimit(limits.MemoryLimitInBytes); err != nil {
+			return fmt.Errorf(""failed to set job object memory limit: %w"", err)
+		}
+	}
+
+	if limits.CPULimit != 0 {
+		if err := job.SetCPULimit(RateBased, limits.CPULimit); err != nil {
+			return fmt.Errorf(""failed to set job object cpu limit: %w"", err)
+		}
+	} else if limits.CPUWeight != 0 {
+		if err := job.SetCPULimit(WeightBased, limits.CPUWeight); err != nil {
+			return fmt.Errorf(""failed to set job object cpu limit: %w"", err)
+		}
+	}
+
+	if limits.MaxBandwidth != 0 || limits.MaxIOPS != 0 {
+		if err := job.SetIOLimit(limits.MaxBandwidth, limits.MaxIOPS); err != nil {
+			return fmt.Errorf(""failed to set io limit on job object: %w"", err)
+		}
+	}
+	return nil
+}
+
+// SetTerminateOnLastHandleClose sets the job object flag that specifies that the job should terminate
+// all processes in the job on the last open handle being closed.
+func (job *JobObject) SetTerminateOnLastHandleClose() error {
+	info, err := job.getExtendedInformation()
+	if err != nil {
+		return err
+	}
+	info.BasicLimitInformation.LimitFlags |= windows.JOB_OBJECT_LIMIT_KILL_ON_JOB_CLOSE
+	return job.setExtendedInformation(info)
+}
+
+// SetMemoryLimit sets the memory limit of the job object based on the given `memoryLimitInBytes`.
+func (job *JobObject) SetMemoryLimit(memoryLimitInBytes uint64) error {
+	if memoryLimitInBytes >= memoryLimitMax {
+		return errors.New(""memory limit specified exceeds the max size"")
+	}
+
+	info, err := job.getExtendedInformation()
+	if err != nil {
+		return err
+	}
+
+	info.JobMemoryLimit = uintptr(memoryLimitInBytes)
+	info.BasicLimitInformation.LimitFlags |= windows.JOB_OBJECT_LIMIT_JOB_MEMORY
+	return job.setExtendedInformation(info)
+}
+
+// GetMemoryLimit gets the memory limit in bytes of the job object.
+func (job *JobObject) GetMemoryLimit() (uint64, error) {
+	info, err := job.getExtendedInformation()
+	if err != nil {
+		return 0, err
+	}
+	return uint64(info.JobMemoryLimit), nil
+}
+
+// SetCPULimit sets the CPU limit depending on the specified `CPURateControlType` to
+// `rateControlValue` for the job object.
+func (job *JobObject) SetCPULimit(rateControlType CPURateControlType, rateControlValue uint32) error {
+	cpuInfo, err := job.getCPURateControlInformation()
+	if err != nil {
+		return err
+	}
+	switch rateControlType {
+	case WeightBased:
+		if rateControlValue < cpuWeightMin || rateControlValue > cpuWeightMax {
+			return fmt.Errorf(""processor weight value of `%d` is invalid"", rateControlValue)
+		}
+		cpuInfo.ControlFlags |= winapi.JOB_OBJECT_CPU_RATE_CONTROL_ENABLE | winapi.JOB_OBJECT_CPU_RATE_CONTROL_WEIGHT_BASED
+		cpuInfo.Value = rateControlValue
+	case RateBased:
+		if rateControlValue < cpuLimitMin || rateControlValue > cpuLimitMax {
+			return fmt.Errorf(""processor rate of `%d` is invalid"", rateControlValue)
+		}
+		cpuInfo.ControlFlags |= winapi.JOB_OBJECT_CPU_RATE_CONTROL_ENABLE | winapi.JOB_OBJECT_CPU_RATE_CONTROL_HARD_CAP
+		cpuInfo.Value = rateControlValue
+	default:
+		return errors.New(""invalid job object cpu rate control type"")
+	}
+	return job.setCPURateControlInfo(cpuInfo)
+}
+
+// GetCPULimit gets the cpu limits for the job object.
+// `rateControlType` is used to indicate what type of cpu limit to query for.
+func (job *JobObject) GetCPULimit(rateControlType CPURateControlType) (uint32, error) {
+	info, err := job.getCPURateControlInformation()
+	if err != nil {
+		return 0, err
+	}
+
+	if !isFlagSet(winapi.JOB_OBJECT_CPU_RATE_CONTROL_ENABLE, info.ControlFlags) {
+		return 0, errors.New(""the job does not have cpu rate control enabled"")
+	}
+
+	switch rateControlType {
+	case WeightBased:
+		if !isFlagSet(winapi.JOB_OBJECT_CPU_RATE_CONTROL_WEIGHT_BASED, info.ControlFlags) {
+			return 0, errors.New(""cannot get cpu weight for job object without cpu weight option set"")
+		}
+	case RateBased:
+		if !isFlagSet(winapi.JOB_OBJECT_CPU_RATE_CONTROL_HARD_CAP, info.ControlFlags) {
+			return 0, errors.New(""cannot get cpu rate hard cap for job object without cpu rate hard cap option set"")
+		}
+	default:
+		return 0, errors.New(""invalid job object cpu rate control type"")
+	}
+	return info.Value, nil
+}
+
+// SetCPUAffinity sets the processor affinity for the job object.
+// The affinity is passed in as a bitmask.
+func (job *JobObject) SetCPUAffinity(affinityBitMask uint64) error {
+	info, err := job.getExtendedInformation()
+	if err != nil {
+		return err
+	}
+	info.BasicLimitInformation.LimitFlags |= uint32(windows.JOB_OBJECT_LIMIT_AFFINITY)
+	info.BasicLimitInformation.Affinity = uintptr(affinityBitMask)
+	return job.setExtendedInformation(info)
+}
+
+// GetCPUAffinity gets the processor affinity for the job object.
+// The returned affinity is a bitmask.
+func (job *JobObject) GetCPUAffinity() (uint64, error) {
+	info, err := job.getExtendedInformation()
+	if err != nil {
+		return 0, err
+	}
+	return uint64(info.BasicLimitInformation.Affinity), nil
+}
+
+// SetIOLimit sets the IO limits specified on the job object.
+func (job *JobObject) SetIOLimit(maxBandwidth, maxIOPS int64) error {
+	ioInfo, err := job.getIOLimit()
+	if err != nil {
+		return err
+	}
+	ioInfo.ControlFlags |= winapi.JOB_OBJECT_IO_RATE_CONTROL_ENABLE
+	if maxBandwidth != 0 {
+		ioInfo.MaxBandwidth = maxBandwidth
+	}
+	if maxIOPS != 0 {
+		ioInfo.MaxIops = maxIOPS
+	}
+	return job.setIORateControlInfo(ioInfo)
+}
+
+// GetIOMaxBandwidthLimit gets the max bandwidth for the job object.
+func (job *JobObject) GetIOMaxBandwidthLimit() (int64, error) {
+	info, err := job.getIOLimit()
+	if err != nil {
+		return 0, err
+	}
+	return info.MaxBandwidth, nil
+}
+
+// GetIOMaxIopsLimit gets the max iops for the job object.
+func (job *JobObject) GetIOMaxIopsLimit() (int64, error) {
+	info, err := job.getIOLimit()
+	if err != nil {
+		return 0, err
+	}
+	return info.MaxIops, nil
+}
+
+// Helper function for getting a job object's extended information.
+func (job *JobObject) getExtendedInformation() (*windows.JOBOBJECT_EXTENDED_LIMIT_INFORMATION, error) {
+	job.handleLock.RLock()
+	defer job.handleLock.RUnlock()
+
+	if job.handle == 0 {
+		return nil, ErrAlreadyClosed
+	}
+
+	info := windows.JOBOBJECT_EXTENDED_LIMIT_INFORMATION{}
+	if err := winapi.QueryInformationJobObject(
+		job.handle,
+		windows.JobObjectExtendedLimitInformation,
+		uintptr(unsafe.Pointer(&info)),
+		uint32(unsafe.Sizeof(info)),
+		nil,
+	); err != nil {
+		return nil, fmt.Errorf(""query %v returned error: %w"", info, err)
+	}
+	return &info, nil
+}
+
+// Helper function for getting a job object's CPU rate control information.
+func (job *JobObject) getCPURateControlInformation() (*winapi.JOBOBJECT_CPU_RATE_CONTROL_INFORMATION, error) {
+	job.handleLock.RLock()
+	defer job.handleLock.RUnlock()
+
+	if job.handle == 0 {
+		return nil, ErrAlreadyClosed
+	}
+
+	info := winapi.JOBOBJECT_CPU_RATE_CONTROL_INFORMATION{}
+	if err := winapi.QueryInformationJobObject(
+		job.handle,
+		windows.JobObjectCpuRateControlInformation,
+		uintptr(unsafe.Pointer(&info)),
+		uint32(unsafe.Sizeof(info)),
+		nil,
+	); err != nil {
+		return nil, fmt.Errorf(""query %v returned error: %w"", info, err)
+	}
+	return &info, nil
+}
+
+// Helper function for setting a job object's extended information.
+func (job *JobObject) setExtendedInformation(info *windows.JOBOBJECT_EXTENDED_LIMIT_INFORMATION) error {
+	job.handleLock.RLock()
+	defer job.handleLock.RUnlock()
+
+	if job.handle == 0 {
+		return ErrAlreadyClosed
+	}
+
+	if _, err := windows.SetInformationJobObject(
+		job.handle,
+		windows.JobObjectExtendedLimitInformation,
+		uintptr(unsafe.Pointer(info)),
+		uint32(unsafe.Sizeof(*info)),
+	); err != nil {
+		return fmt.Errorf(""failed to set Extended info %v on job object: %w"", info, err)
+	}
+	return nil
+}
+
+// Helper function for querying job handle for IO limit information.
+func (job *JobObject) getIOLimit() (*winapi.JOBOBJECT_IO_RATE_CONTROL_INFORMATION, error) {
+	job.handleLock.RLock()
+	defer job.handleLock.RUnlock()
+
+	if job.handle == 0 {
+		return nil, ErrAlreadyClosed
+	}
+
+	ioInfo := &winapi.JOBOBJECT_IO_RATE_CONTROL_INFORMATION{}
+	var blockCount uint32 = 1
+
+	if _, err := winapi.QueryIoRateControlInformationJobObject(
+		job.handle,
+		nil,
+		&ioInfo,
+		&blockCount,
+	); err != nil {
+		return nil, fmt.Errorf(""query %v returned error: %w"", ioInfo, err)
+	}
+
+	if !isFlagSet(winapi.JOB_OBJECT_IO_RATE_CONTROL_ENABLE, ioInfo.ControlFlags) {
+		return nil, fmt.Errorf(""query %v cannot get IO limits for job object without IO rate control option set"", ioInfo)
+	}
+	return ioInfo, nil
+}
+
+// Helper function for setting a job object's IO rate control information.
+func (job *JobObject) setIORateControlInfo(ioInfo *winapi.JOBOBJECT_IO_RATE_CONTROL_INFORMATION) error {
+	job.handleLock.RLock()
+	defer job.handleLock.RUnlock()
+
+	if job.handle == 0 {
+		return ErrAlreadyClosed
+	}
+
+	if _, err := winapi.SetIoRateControlInformationJobObject(job.handle, ioInfo); err != nil {
+		return fmt.Errorf(""failed to set IO limit info %v on job object: %w"", ioInfo, err)
+	}
+	return nil
+}
+
+// Helper function for setting a job object's CPU rate control information.
+func (job *JobObject) setCPURateControlInfo(cpuInfo *winapi.JOBOBJECT_CPU_RATE_CONTROL_INFORMATION) error {
+	job.handleLock.RLock()
+	defer job.handleLock.RUnlock()
+
+	if job.handle == 0 {
+		return ErrAlreadyClosed
+	}
+	if _, err := windows.SetInformationJobObject(
+		job.handle,
+		windows.JobObjectCpuRateControlInformation,
+		uintptr(unsafe.Pointer(cpuInfo)),
+		uint32(unsafe.Sizeof(cpuInfo)),
+	); err != nil {
+		return fmt.Errorf(""failed to set cpu limit info %v on job object: %w"", cpuInfo, err)
+	}
+	return nil
+}
diff --git a/vendor/github.com/Microsoft/hcsshim/internal/queue/mq.go b/vendor/github.com/Microsoft/hcsshim/internal/queue/mq.go
new file mode 100644
index 0000000000000..e177c9a62997a
--- /dev/null
+++ b/vendor/github.com/Microsoft/hcsshim/internal/queue/mq.go
@@ -0,0 +1,111 @@
+package queue
+
+import (
+	""errors""
+	""sync""
+)
+
+var (
+	ErrQueueClosed = errors.New(""the queue is closed for reading and writing"")
+	ErrQueueEmpty  = errors.New(""the queue is empty"")
+)
+
+// MessageQueue represents a threadsafe message queue to be used to retrieve or
+// write messages to.
+type MessageQueue struct {
+	m        *sync.RWMutex
+	c        *sync.Cond
+	messages []interface{}
+	closed   bool
+}
+
+// NewMessageQueue returns a new MessageQueue.
+func NewMessageQueue() *MessageQueue {
+	m := &sync.RWMutex{}
+	return &MessageQueue{
+		m:        m,
+		c:        sync.NewCond(m),
+		messages: []interface{}{},
+	}
+}
+
+// Write writes `msg` to the queue.
+func (mq *MessageQueue) Write(msg interface{}) error {
+	mq.m.Lock()
+	defer mq.m.Unlock()
+
+	if mq.closed {
+		return ErrQueueClosed
+	}
+	mq.messages = append(mq.messages, msg)
+	// Signal a waiter that there is now a value available in the queue.
+	mq.c.Signal()
+	return nil
+}
+
+// Read will read a value from the queue if available, otherwise return an error.
+func (mq *MessageQueue) Read() (interface{}, error) {
+	mq.m.Lock()
+	defer mq.m.Unlock()
+	if mq.closed {
+		return nil, ErrQueueClosed
+	}
+	if mq.isEmpty() {
+		return nil, ErrQueueEmpty
+	}
+	val := mq.messages[0]
+	mq.messages[0] = nil
+	mq.messages = mq.messages[1:]
+	return val, nil
+}
+
+// ReadOrWait will read a value from the queue if available, else it will wait for a
+// value to become available. This will block forever if nothing gets written or until
+// the queue gets closed.
+func (mq *MessageQueue) ReadOrWait() (interface{}, error) {
+	mq.m.Lock()
+	if mq.closed {
+		mq.m.Unlock()
+		return nil, ErrQueueClosed
+	}
+	if mq.isEmpty() {
+		for !mq.closed && mq.isEmpty() {
+			mq.c.Wait()
+		}
+		mq.m.Unlock()
+		return mq.Read()
+	}
+	val := mq.messages[0]
+	mq.messages[0] = nil
+	mq.messages = mq.messages[1:]
+	mq.m.Unlock()
+	return val, nil
+}
+
+// IsEmpty returns if the queue is empty
+func (mq *MessageQueue) IsEmpty() bool {
+	mq.m.RLock()
+	defer mq.m.RUnlock()
+	return len(mq.messages) == 0
+}
+
+// Nonexported empty check that doesn't lock so we can call this in Read and Write.
+func (mq *MessageQueue) isEmpty() bool {
+	return len(mq.messages) == 0
+}
+
+// Close closes the queue for future writes or reads. Any attempts to read or write from the
+// queue after close will return ErrQueueClosed. This is safe to call multiple times.
+func (mq *MessageQueue) Close() {
+	mq.m.Lock()
+	defer mq.m.Unlock()
+	// Already closed
+	if mq.closed {
+		return
+	}
+	mq.messages = nil
+	mq.closed = true
+	// If there's anybody currently waiting on a value from ReadOrWait, we need to
+	// broadcast so the read(s) can return ErrQueueClosed.
+	mq.c.Broadcast()
+}
diff --git a/vendor/github.com/Microsoft/hcsshim/internal/winapi/iocp.go b/vendor/github.com/Microsoft/hcsshim/internal/winapi/iocp.go
deleted file mode 100644
index 4e609cbf1cdb5..0000000000000
--- a/vendor/github.com/Microsoft/hcsshim/internal/winapi/iocp.go
+++ /dev/null
@@ -1,3 +0,0 @@
-package winapi
-
-//sys GetQueuedCompletionStatus(cphandle windows.Handle, qty *uint32, key *uintptr, overlapped **windows.Overlapped, timeout uint32) (err error)
diff --git a/vendor/github.com/Microsoft/hcsshim/internal/winapi/jobobject.go b/vendor/github.com/Microsoft/hcsshim/internal/winapi/jobobject.go
index ba12b1ad92e34..479649db36347 100644
--- a/vendor/github.com/Microsoft/hcsshim/internal/winapi/jobobject.go
+++ b/vendor/github.com/Microsoft/hcsshim/internal/winapi/jobobject.go
@@ -24,7 +24,10 @@ const (
 // Access rights for creating or opening job objects.
 //
 // https://docs.microsoft.com/en-us/windows/win32/procthread/job-object-security-and-access-rights
-const JOB_OBJECT_ALL_ACCESS = 0x1F001F
+const (
+	JOB_OBJECT_QUERY      = 0x0004
+	JOB_OBJECT_ALL_ACCESS = 0x1F001F
+)
 
 // IO limit flags
 //
@@ -93,7 +96,7 @@ type JOBOBJECT_BASIC_PROCESS_ID_LIST struct {
 
 // AllPids returns all the process Ids in the job object.
 func (p *JOBOBJECT_BASIC_PROCESS_ID_LIST) AllPids() []uintptr {
-	return (*[(1 << 27) - 1]uintptr)(unsafe.Pointer(&p.ProcessIdList[0]))[:p.NumberOfProcessIdsInList]
+	return (*[(1 << 27) - 1]uintptr)(unsafe.Pointer(&p.ProcessIdList[0]))[:p.NumberOfProcessIdsInList:p.NumberOfProcessIdsInList]
 }
 
 // https://docs.microsoft.com/en-us/windows/win32/api/winnt/ns-winnt-jobobject_basic_accounting_information
@@ -162,7 +165,7 @@ type JOBOBJECT_ASSOCIATE_COMPLETION_PORT struct {
 // 		PBOOL  Result
 // );
 //
-//sys IsProcessInJob(procHandle windows.Handle, jobHandle windows.Handle, result *bool) (err error) = kernel32.IsProcessInJob
+//sys IsProcessInJob(procHandle windows.Handle, jobHandle windows.Handle, result *int32) (err error) = kernel32.IsProcessInJob
 
 // BOOL QueryInformationJobObject(
 //		HANDLE             hJob,
diff --git a/vendor/github.com/Microsoft/hcsshim/internal/winapi/process.go b/vendor/github.com/Microsoft/hcsshim/internal/winapi/process.go
index 37839435b9399..5f9e03fd28e8a 100644
--- a/vendor/github.com/Microsoft/hcsshim/internal/winapi/process.go
+++ b/vendor/github.com/Microsoft/hcsshim/internal/winapi/process.go
@@ -6,3 +6,60 @@ const (
 	PROC_THREAD_ATTRIBUTE_PSEUDOCONSOLE = 0x20016
 	PROC_THREAD_ATTRIBUTE_JOB_LIST      = 0x2000D
 )
+
+// ProcessVmCounters corresponds to the _VM_COUNTERS_EX and _VM_COUNTERS_EX2 structures.
+const ProcessVmCounters = 3
+
+// __kernel_entry NTSTATUS NtQueryInformationProcess(
+// 	[in]            HANDLE           ProcessHandle,
+// 	[in]            PROCESSINFOCLASS ProcessInformationClass,
+// 	[out]           PVOID            ProcessInformation,
+// 	[in]            ULONG            ProcessInformationLength,
+// 	[out, optional] PULONG           ReturnLength
+// );
+//
+//sys NtQueryInformationProcess(processHandle windows.Handle, processInfoClass uint32, processInfo uintptr, processInfoLength uint32, returnLength *uint32) (status uint32) = ntdll.NtQueryInformationProcess
+
+// typedef struct _VM_COUNTERS_EX
+// {
+//    SIZE_T PeakVirtualSize;
+//    SIZE_T VirtualSize;
+//    ULONG PageFaultCount;
+//    SIZE_T PeakWorkingSetSize;
+//    SIZE_T WorkingSetSize;
+//    SIZE_T QuotaPeakPagedPoolUsage;
+//    SIZE_T QuotaPagedPoolUsage;
+//    SIZE_T QuotaPeakNonPagedPoolUsage;
+//    SIZE_T QuotaNonPagedPoolUsage;
+//    SIZE_T PagefileUsage;
+//    SIZE_T PeakPagefileUsage;
+//    SIZE_T PrivateUsage;
+// } VM_COUNTERS_EX, *PVM_COUNTERS_EX;
+//
+type VM_COUNTERS_EX struct {
+	PeakVirtualSize            uintptr
+	VirtualSize                uintptr
+	PageFaultCount             uint32
+	PeakWorkingSetSize         uintptr
+	WorkingSetSize             uintptr
+	QuotaPeakPagedPoolUsage    uintptr
+	QuotaPagedPoolUsage        uintptr
+	QuotaPeakNonPagedPoolUsage uintptr
+	QuotaNonPagedPoolUsage     uintptr
+	PagefileUsage              uintptr
+	PeakPagefileUsage          uintptr
+	PrivateUsage               uintptr
+}
+
+// typedef struct _VM_COUNTERS_EX2
+// {
+//    VM_COUNTERS_EX CountersEx;
+//    SIZE_T PrivateWorkingSetSize;
+//    SIZE_T SharedCommitUsage;
+// } VM_COUNTERS_EX2, *PVM_COUNTERS_EX2;
+//
+type VM_COUNTERS_EX2 struct {
+	CountersEx            VM_COUNTERS_EX
+	PrivateWorkingSetSize uintptr
+	SharedCommitUsage     uintptr
+}
diff --git a/vendor/github.com/Microsoft/hcsshim/internal/winapi/winapi.go b/vendor/github.com/Microsoft/hcsshim/internal/winapi/winapi.go
index 1d4ba3c4f8edc..d2cc9d9fba6d9 100644
--- a/vendor/github.com/Microsoft/hcsshim/internal/winapi/winapi.go
+++ b/vendor/github.com/Microsoft/hcsshim/internal/winapi/winapi.go
@@ -2,4 +2,4 @@
 // be thought of as an extension to golang.org/x/sys/windows.
 package winapi
 
-//go:generate go run ..\..\mksyscall_windows.go -output zsyscall_windows.go console.go system.go net.go path.go thread.go iocp.go jobobject.go logon.go memory.go process.go processor.go devices.go filesystem.go errors.go
+//go:generate go run ..\..\mksyscall_windows.go -output zsyscall_windows.go user.go console.go system.go net.go path.go thread.go jobobject.go logon.go memory.go process.go processor.go devices.go filesystem.go errors.go
diff --git a/vendor/github.com/Microsoft/hcsshim/internal/winapi/zsyscall_windows.go b/vendor/github.com/Microsoft/hcsshim/internal/winapi/zsyscall_windows.go
index 4eb64b4c0c463..39fb3e1adc08b 100644
--- a/vendor/github.com/Microsoft/hcsshim/internal/winapi/zsyscall_windows.go
+++ b/vendor/github.com/Microsoft/hcsshim/internal/winapi/zsyscall_windows.go
@@ -50,7 +50,6 @@ var (
 	procSetJobCompartmentId                    = modiphlpapi.NewProc(""SetJobCompartmentId"")
 	procSearchPathW                            = modkernel32.NewProc(""SearchPathW"")
 	procCreateRemoteThread                     = modkernel32.NewProc(""CreateRemoteThread"")
-	procGetQueuedCompletionStatus              = modkernel32.NewProc(""GetQueuedCompletionStatus"")
 	procIsProcessInJob                         = modkernel32.NewProc(""IsProcessInJob"")
 	procQueryInformationJobObject              = modkernel32.NewProc(""QueryInformationJobObject"")
 	procOpenJobObjectW                         = modkernel32.NewProc(""OpenJobObjectW"")
@@ -61,6 +60,7 @@ var (
 	procLogonUserW                             = modadvapi32.NewProc(""LogonUserW"")
 	procLocalAlloc                             = modkernel32.NewProc(""LocalAlloc"")
 	procLocalFree                              = modkernel32.NewProc(""LocalFree"")
+	procNtQueryInformationProcess              = modntdll.NewProc(""NtQueryInformationProcess"")
 	procGetActiveProcessorCount                = modkernel32.NewProc(""GetActiveProcessorCount"")
 	procCM_Get_Device_ID_List_SizeA            = modcfgmgr32.NewProc(""CM_Get_Device_ID_List_SizeA"")
 	procCM_Get_Device_ID_ListA                 = modcfgmgr32.NewProc(""CM_Get_Device_ID_ListA"")
@@ -140,19 +140,7 @@ func CreateRemoteThread(process windows.Handle, sa *windows.SecurityAttributes,
 	return
 }
 
-func GetQueuedCompletionStatus(cphandle windows.Handle, qty *uint32, key *uintptr, overlapped **windows.Overlapped, timeout uint32) (err error) {
-	r1, _, e1 := syscall.Syscall6(procGetQueuedCompletionStatus.Addr(), 5, uintptr(cphandle), uintptr(unsafe.Pointer(qty)), uintptr(unsafe.Pointer(key)), uintptr(unsafe.Pointer(overlapped)), uintptr(timeout), 0)
-	if r1 == 0 {
-		if e1 != 0 {
-			err = errnoErr(e1)
-		} else {
-			err = syscall.EINVAL
-		}
-	}
-	return
-}
-
-func IsProcessInJob(procHandle windows.Handle, jobHandle windows.Handle, result *bool) (err error) {
+func IsProcessInJob(procHandle windows.Handle, jobHandle windows.Handle, result *int32) (err error) {
 	r1, _, e1 := syscall.Syscall(procIsProcessInJob.Addr(), 3, uintptr(procHandle), uintptr(jobHandle), uintptr(unsafe.Pointer(result)))
 	if r1 == 0 {
 		if e1 != 0 {
@@ -256,6 +244,12 @@ func LocalFree(ptr uintptr) {
 	return
 }
 
+func NtQueryInformationProcess(processHandle windows.Handle, processInfoClass uint32, processInfo uintptr, processInfoLength uint32, returnLength *uint32) (status uint32) {
+	r0, _, _ := syscall.Syscall6(procNtQueryInformationProcess.Addr(), 5, uintptr(processHandle), uintptr(processInfoClass), uintptr(processInfo), uintptr(processInfoLength), uintptr(unsafe.Pointer(returnLength)), 0)
+	status = uint32(r0)
+	return
+}
+
 func GetActiveProcessorCount(groupNumber uint16) (amount uint32) {
 	r0, _, _ := syscall.Syscall(procGetActiveProcessorCount.Addr(), 1, uintptr(groupNumber), 0, 0)
 	amount = uint32(r0)
diff --git a/vendor/modules.txt b/vendor/modules.txt
index 31808d0ba5fdd..1d5050a36b464 100644
--- a/vendor/modules.txt
+++ b/vendor/modules.txt
@@ -11,7 +11,7 @@ github.com/Microsoft/go-winio/pkg/fs
 github.com/Microsoft/go-winio/pkg/guid
 github.com/Microsoft/go-winio/pkg/security
 github.com/Microsoft/go-winio/vhd
-# github.com/Microsoft/hcsshim v0.9.2
+# github.com/Microsoft/hcsshim v0.9.3
 ## explicit; go 1.13
 github.com/Microsoft/hcsshim
 github.com/Microsoft/hcsshim/cmd/containerd-shim-runhcs-v1/options
@@ -30,11 +30,13 @@ github.com/Microsoft/hcsshim/internal/hcs/schema2
 github.com/Microsoft/hcsshim/internal/hcserror
 github.com/Microsoft/hcsshim/internal/hns
 github.com/Microsoft/hcsshim/internal/interop
+github.com/Microsoft/hcsshim/internal/jobobject
 github.com/Microsoft/hcsshim/internal/log
 github.com/Microsoft/hcsshim/internal/logfields
 github.com/Microsoft/hcsshim/internal/longpath
 github.com/Microsoft/hcsshim/internal/mergemaps
 github.com/Microsoft/hcsshim/internal/oc
+github.com/Microsoft/hcsshim/internal/queue
 github.com/Microsoft/hcsshim/internal/regstate
 github.com/Microsoft/hcsshim/internal/runhcs
 github.com/Microsoft/hcsshim/internal/safefile",accepted_fault,Runtime Daemon Crash,Runtime Shim Config Error
issta2024_bugs_in_pods_understanding_bugs:86ebf49543e14cb2,issta2024_bugs_in_pods_understanding_bugs,containerd,https://github.com/containerd/containerd/commit/2a425990cf16650c7acb1d44e0d03578e60e91d5,Implement `--device idType://id` for `ctr run` on Windows,"Also fixes the issue that `ctr run` on Windows offered help for the
non-Windows implementation, but was silently ignored.

Signed-off-by: Paul ""TBBle"" Hampson <Paul.Hampson@Pobox.com>",no_comments_in_source,committed,2022-03-10T11:55:03+00:00,"[""cmd/ctr/commands/commands.go"", ""cmd/ctr/commands/commands_unix.go"", ""cmd/ctr/commands/commands_windows.go"", ""cmd/ctr/commands/run/run_windows.go""]","diff --git a/cmd/ctr/commands/commands.go b/cmd/ctr/commands/commands.go
index d0e52a652aca2..b1ca29d3a8d1c 100644
--- a/cmd/ctr/commands/commands.go
+++ b/cmd/ctr/commands/commands.go
@@ -165,10 +165,6 @@ var (
 			Name:  ""memory-limit"",
 			Usage: ""memory limit (in bytes) for the container"",
 		},
-		cli.StringSliceFlag{
-			Name:  ""device"",
-			Usage: ""file path to a device to add to the container; or a path to a directory tree of devices to add to the container"",
-		},
 		cli.StringSliceFlag{
 			Name:  ""cap-add"",
 			Usage: ""add Linux capabilities (Set capabilities with 'CAP_' prefix)"",
diff --git a/cmd/ctr/commands/commands_unix.go b/cmd/ctr/commands/commands_unix.go
index 44b81e183fde7..6ba5332a8df3d 100644
--- a/cmd/ctr/commands/commands_unix.go
+++ b/cmd/ctr/commands/commands_unix.go
@@ -40,5 +40,8 @@ func init() {
 	}, cli.StringFlag{
 		Name:  ""rootfs-propagation"",
 		Usage: ""set the propagation of the container rootfs"",
+	}, cli.StringSliceFlag{
+		Name:  ""device"",
+		Usage: ""file path to a device to add to the container; or a path to a directory tree of devices to add to the container"",
 	})
 }
diff --git a/cmd/ctr/commands/commands_windows.go b/cmd/ctr/commands/commands_windows.go
index 5c1d98e3dee2c..10a5d6a5da686 100644
--- a/cmd/ctr/commands/commands_windows.go
+++ b/cmd/ctr/commands/commands_windows.go
@@ -24,5 +24,8 @@ func init() {
 	ContainerFlags = append(ContainerFlags, cli.Uint64Flag{
 		Name:  ""cpu-count"",
 		Usage: ""number of CPUs available to the container"",
+	}, cli.StringSliceFlag{
+		Name:  ""device"",
+		Usage: ""identifier of a device to add to the container  (e.g. class://5B45201D-F2F2-4F3B-85BB-30FF1F953599)"",
 	})
 }
diff --git a/cmd/ctr/commands/run/run_windows.go b/cmd/ctr/commands/run/run_windows.go
index 5e50064304a97..60efca42f00da 100644
--- a/cmd/ctr/commands/run/run_windows.go
+++ b/cmd/ctr/commands/run/run_windows.go
@@ -19,6 +19,7 @@ package run
 import (
 	gocontext ""context""
 	""errors""
+	""strings""
 
 	""github.com/Microsoft/hcsshim/cmd/containerd-shim-runhcs-v1/options""
 	""github.com/containerd/console""
@@ -142,6 +143,16 @@ func NewContainer(ctx gocontext.Context, client *containerd.Client, context *cli
 		if ccount != 0 {
 			opts = append(opts, oci.WithWindowsCPUCount(ccount))
 		}
+		for _, dev := range context.StringSlice(""device"") {
+			parts := strings.Split(dev, ""://"")
+			if len(parts) != 2 {
+				return nil, errors.New(""devices must be in the format IDType://ID"")
+			}
+			if parts[0] == """" {
+				return nil, errors.New(""devices must have a non-empty IDType"")
+			}
+			opts = append(opts, oci.WithWindowsDevice(parts[0], parts[1]))
+		}
 	}
 
 	runtime := context.String(""runtime"")",accepted_fault,Incorrect Configuration Effect,Runtime Shim Config Error
issta2024_bugs_in_pods_understanding_bugs:87abf1d8410d1600,issta2024_bugs_in_pods_understanding_bugs,cri-o,https://github.com/cri-o/cri-o/commit/6c3144af2d3fa3b319d8d2ae2bf738bb8342ef0c,hack/build-rpms.sh: fix yum-builddep failures,"This tries to solve a failure in building rpms, and consists of two
fixes.

1. Looking into cri-o CI, this error seems common:

	http://vault.centos.org/centos/7/os/Source/repodata/repomd.xml: [Errno 14] curl#7 - ""Failed to connect to 2600:1f16:c1:5e03:a992:8ee1:99d2:6f8: Network is unreachable""
	http://vault.centos.org/centos/7/os/Source/repodata/repomd.xml: [Errno 14] curl#7 - ""Failed to connect to 2600:1f16:c1:5e03:a992:8ee1:99d2:6f8: Network is unreachable""
	http://vault.centos.org/centos/7/os/Source/repodata/repomd.xml: [Errno 14] HTTPS Error 301 - Moved Permanently
	[ERROR] hack/build-rpms.sh:31: `yum-builddep -y ""${OS_RPM_SPECFILE}""` exited with status 1.

Apparently, vault.centos.org resolves to both IPv4 and IPv6 addresses,
and one of the addresses is used (randomly, I presume). If the node
does not have IPv6 connectivity (as it seems to be the case), as a
result we have 50% chance of failure.

Work around this by asking yum to only use IPv4 for address resolving.

2. vault.centos.org is super slow, resulting in numerous timeouts,
   often fatal:

	http://vault.centos.org/centos/7/os/Source/repodata/repomd.xml: [Errno 12] Timeout on http://vault.centos.org/centos/7/os/Source/repodata/repomd.xml: (28, 'Operation too slow. Less than 1000 bytes/sec transferred the last 30 seconds')
	http://vault.centos.org/centos/7/os/Source/repodata/repomd.xml: [Errno 12] Timeout on http://vault.centos.org/centos/7/os/Source/repodata/repomd.xml: (28, 'Connection timed out after 30001 milliseconds')
	http://vault.centos.org/centos/7/os/Source/repodata/repomd.xml: [Errno 12] Timeout on http://vault.centos.org/centos/7/os/Source/repodata/repomd.xml: (28, 'Connection timed out after 30001 milliseconds')
	http://vault.centos.org/centos/7/os/Source/repodata/repomd.xml: [Errno 12] Timeout on http://vault.centos.org/centos/7/os/Source/repodata/repomd.xml: (28, 'Connection timed out after 30001 milliseconds')
	[ERROR] hack/build-rpms.sh:38: `yum-builddep -y ""${OS_RPM_SPECFILE}""` exited with status 1.

Let's use mirrors.kernel.org instead.

Signed-off-by: Kir Kolyshkin <kolyshkin@gmail.com>",no_comments_in_source,committed,2022-02-18T23:02:22+00:00,"[""hack/build-rpms.sh""]","diff --git a/hack/build-rpms.sh b/hack/build-rpms.sh
index 9195282dee6..58cf9c73db3 100755
--- a/hack/build-rpms.sh
+++ b/hack/build-rpms.sh
@@ -28,6 +28,17 @@ tar czf ""${rpm_tmp_dir}/SOURCES/${OS_RPM_NAME}-test.tar.gz"" \
     .
 cp -r ""${ci_data}/."" ""${rpm_tmp_dir}/SOURCES""
 
+# Some CI environments do not have IPv6 connectivity, while vault.centos.org
+# resolves to both IPv4 and IPv6 addresses. This result in occasional
+# ""Network is unreachable"" errors. Workaround: disable IPv6 for yum.
+if [ -w /etc/yum.conf ] && ! grep -q '^ip_resolve' /etc/yum.conf; then
+	os::log::info ""Disabling IPv6 for yum ...""
+	echo 'ip_resolve=4' >> /etc/yum.conf
+fi
+# The default configuration for source repos is to use vault.centos.org
+# (no mirrors provided), which is super slow as of late, resulting in
+# timeouts. Workaround: use mirrors.kernel.org instead.
+sed -i 's|//vault.centos.org/centos/|//archive.kernel.org/centos-vault/centos/|g' /etc/yum.repos.d/CentOS-Sources.repo
 yum-builddep -y ""${OS_RPM_SPECFILE}""
 
 rpmbuild -ba ""${OS_RPM_SPECFILE}"" \",accepted_fault,Build Failure,Build Configuration Error
issta2024_bugs_in_pods_understanding_bugs:885d40fd464dead3,issta2024_bugs_in_pods_understanding_bugs,runc,https://github.com/opencontainers/runc/commit/be6488a5a9a62088176d8220356b1d2650f301df,seccomp: enosys: always return -ENOSYS for setup(2) on s390(x),"On s390x, syscalls above 255 are multiplexed using the (now otherwise
unused) setup(2) syscall (syscall number 0). If the kernel supports the
syscall then it will correctly translate the syscall number such that
seccomp will correctly detect it -- however, for unknown syscalls the
syscall number remains unchanged. This can be verified by running the
following program under strace:

	int main(void)
	{
		scmp_filter_ctx ctx = seccomp_init(SCMP_ACT_TRAP);
		seccomp_load(ctx);

		return syscall(439, AT_FDCWD, ""asdf"", X_OK, 0);
	}

Which will then die with the following signal (on pre-5.8 kernels):

	--- SIGSYS {si_signo=SIGSYS, si_code=SYS_SECCOMP,
	            si_call_addr=0x3ffb3006c22, si_syscall=__NR_setup,
	            si_arch=AUDIT_ARCH_S390X} ---

(Note that the si_syscall is __NR_setup, not __NR_faccessat2.)

As a result, the -ENOSYS handling we had previously did not work
completely correctly on s390x because any syscall not supported by the
kernel would be treated as syscall number 0 rather than the actual
syscall number.

Always returning -ENOSYS will not cause any issues because in all of the
cases where this multiplexing occurs, seccomp will see the remapped
syscall number -- and no userspace program will call setup(2)
intentionally (the syscall has not existed in Linux for decades and was
originally a hack used early in Linux init prior to spawning pid1 -- so
you will get -ENOSYS from the kernel anyway).

Signed-off-by: Aleksa Sarai <cyphar@cyphar.com>",no_comments_in_source,committed,2022-05-20T00:39:41+00:00,"[""CHANGELOG.md"", ""libcontainer/seccomp/patchbpf/enosys_linux.go"", ""libcontainer/seccomp/patchbpf/enosys_linux_test.go""]","diff --git a/CHANGELOG.md b/CHANGELOG.md
index 8bc692fb99e..5d4d881bb1a 100644
--- a/CHANGELOG.md
+++ b/CHANGELOG.md
@@ -22,6 +22,10 @@ and this project adheres to [Semantic Versioning](https://semver.org/spec/v2.0.0
 
  * In case the runc binary resides on tmpfs, `runc init` no longer re-execs
    itself twice. (#3342)
+ * Our seccomp `-ENOSYS` stub now correctly handles multiplexed syscalls on
+   s390 and s390x. This solves the issue where syscalls the host kernel did not
+   support would return `-EPERM` despite the existence of the `-ENOSYS` stub
+   code (this was due to how s390x does syscall multiplexing). (#3474)
 
 ## [1.1.0] - 2022-01-14
 
diff --git a/libcontainer/seccomp/patchbpf/enosys_linux.go b/libcontainer/seccomp/patchbpf/enosys_linux.go
index 095fba7fd91..6376512b086 100644
--- a/libcontainer/seccomp/patchbpf/enosys_linux.go
+++ b/libcontainer/seccomp/patchbpf/enosys_linux.go
@@ -80,6 +80,11 @@ import ""C""
 
 var retErrnoEnosys = uint32(C.C_ACT_ERRNO_ENOSYS)
 
+// This syscall is used for multiplexing ""large"" syscalls on s390(x). Unknown
+// syscalls will end up with this syscall number, so we need to explcitly
+// return -ENOSYS for this syscall on those architectures.
+const s390xMultiplexSyscall libseccomp.ScmpSyscall = 0
+
 func isAllowAction(action configs.Action) bool {
 	switch action {
 	// Trace is considered an ""allow"" action because a good tracer should
@@ -315,7 +320,7 @@ func generateEnosysStub(lastSyscalls lastSyscallMap) ([]bpf.Instruction, error)
 		// directly from the arch code so we need to do it here. Sadly we can't
 		// share this code between architecture branches.
 		section := []bpf.Instruction{
-			// load [0]
+			// load [0] (syscall number)
 			bpf.LoadAbsolute{Off: 0, Size: 4}, // NOTE: We assume sizeof(int) == 4.
 		}
 
@@ -324,10 +329,37 @@ func generateEnosysStub(lastSyscalls lastSyscallMap) ([]bpf.Instruction, error)
 			// No syscalls found for this arch -- skip it and move on.
 			continue
 		case 1:
-			// Get the only syscall in the map.
-			var sysno libseccomp.ScmpSyscall
-			for _, no := range maxSyscalls {
+			// Get the only syscall and scmpArch in the map.
+			var (
+				scmpArch libseccomp.ScmpArch
+				sysno    libseccomp.ScmpSyscall
+			)
+			for arch, no := range maxSyscalls {
 				sysno = no
+				scmpArch = arch
+			}
+
+			switch scmpArch {
+			// Return -ENOSYS for setup(2) on s390(x). This syscall is used for
+			// multiplexing ""large syscall number"" syscalls, but if the syscall
+			// number is not known to the kernel then the syscall number is
+			// left unchanged (and because it is sysno=0, you'll end up with
+			// EPERM for syscalls the kernel doesn't know about).
+			//
+			// The actual setup(2) syscall is never used by userspace anymore
+			// (and hasn't existed for decades) outside of this multiplexing
+			// scheme so returning -ENOSYS is fine.
+			case libseccomp.ArchS390, libseccomp.ArchS390X:
+				section = append(section, []bpf.Instruction{
+					// jne [setup=0],1
+					bpf.JumpIf{
+						Cond:     bpf.JumpNotEqual,
+						Val:      uint32(s390xMultiplexSyscall),
+						SkipTrue: 1,
+					},
+					// ret [ENOSYS]
+					bpf.RetConstant{Val: retErrnoEnosys},
+				}...)
 			}
 
 			// The simplest case just boils down to a single jgt instruction,
@@ -359,12 +391,6 @@ func generateEnosysStub(lastSyscalls lastSyscallMap) ([]bpf.Instruction, error)
 			// If we're on x86 we need to add a check for x32 and if we're in
 			// the wrong mode we jump over the section.
 			if uint32(nativeArch) == uint32(C.C_AUDIT_ARCH_X86_64) {
-				// Grab the only architecture in the map.
-				var scmpArch libseccomp.ScmpArch
-				for arch := range maxSyscalls {
-					scmpArch = arch
-				}
-
 				// Generate a prefix to check the mode.
 				switch scmpArch {
 				case libseccomp.ArchAMD64:
@@ -522,7 +548,7 @@ func generateEnosysStub(lastSyscalls lastSyscallMap) ([]bpf.Instruction, error)
 
 	// Prepend the load instruction for the architecture.
 	programTail = append([]bpf.Instruction{
-		// load [4]
+		// load [4] (architecture)
 		bpf.LoadAbsolute{Off: 4, Size: 4}, // NOTE: We assume sizeof(int) == 4.
 	}, programTail...)
 
diff --git a/libcontainer/seccomp/patchbpf/enosys_linux_test.go b/libcontainer/seccomp/patchbpf/enosys_linux_test.go
index 727800aa50c..e2d363a43bd 100644
--- a/libcontainer/seccomp/patchbpf/enosys_linux_test.go
+++ b/libcontainer/seccomp/patchbpf/enosys_linux_test.go
@@ -213,6 +213,19 @@ func testEnosysStub(t *testing.T, defaultAction configs.Action, arches []string)
 				})
 			}
 
+			// If we're on s390(x) make sure you get -ENOSYS for the ""setup""
+			// syscall (this is done to work around an issue with s390x's
+			// syscall multiplexing which results in unknown syscalls being a
+			// setup(2) invocation).
+			switch scmpArch {
+			case libseccomp.ArchS390, libseccomp.ArchS390X:
+				syscallTests = append(syscallTests, syscallTest{
+					sysno:    s390xMultiplexSyscall,
+					syscall:  ""setup"",
+					expected: retErrnoEnosys,
+				})
+			}
+
 			// Test syscalls in the explicit list.
 			for _, test := range syscallTests {
 				// Override the expected value in the two special cases.",accepted_fault,Incorrect Return Value,Incorrect System Config
issta2024_bugs_in_pods_understanding_bugs:9e1a041974777f50,issta2024_bugs_in_pods_understanding_bugs,cri-o,https://github.com/cri-o/cri-o/commit/5ecc82e6ffe962a489183d16be523370036e5056,contrib/metrics-explorer: fix nested modules,"We faced a bunch of vendoring issues while maintaing the nested
modules. Let's keep it simple and have only one go.mod

Signed-off-by: Sohan Kunkerkar <sohank2602@gmail.com>",no_comments_in_source,committed,2023-05-11T18:53:28+00:00,"[""contrib/metrics-exporter/go.mod""]","diff --git a/contrib/metrics-exporter/go.mod b/contrib/metrics-exporter/go.mod
deleted file mode 100644
index 1be9147567b..00000000000
--- a/contrib/metrics-exporter/go.mod
+++ /dev/null
@@ -1,48 +0,0 @@
-module main
-
-go 1.19
-
-require (
-	github.com/sirupsen/logrus v1.9.0
-	k8s.io/api v0.26.1
-	k8s.io/apimachinery v0.26.1
-	k8s.io/client-go v0.26.1
-	sigs.k8s.io/release-utils v0.7.3
-)
-
-require (
-	github.com/davecgh/go-spew v1.1.1 // indirect
-	github.com/emicklei/go-restful/v3 v3.9.0 // indirect
-	github.com/go-logr/logr v1.2.3 // indirect
-	github.com/go-openapi/jsonpointer v0.19.5 // indirect
-	github.com/go-openapi/jsonreference v0.20.0 // indirect
-	github.com/go-openapi/swag v0.19.14 // indirect
-	github.com/gogo/protobuf v1.3.2 // indirect
-	github.com/golang/protobuf v1.5.2 // indirect
-	github.com/google/gnostic v0.5.7-v3refs // indirect
-	github.com/google/go-cmp v0.5.9 // indirect
-	github.com/google/gofuzz v1.1.0 // indirect
-	github.com/josharian/intern v1.0.0 // indirect
-	github.com/json-iterator/go v1.1.12 // indirect
-	github.com/mailru/easyjson v0.7.6 // indirect
-	github.com/modern-go/concurrent v0.0.0-20180306012644-bacd9c7ef1dd // indirect
-	github.com/modern-go/reflect2 v1.0.2 // indirect
-	github.com/munnerz/goautoneg v0.0.0-20191010083416-a7dc8b61c822 // indirect
-	golang.org/x/net v0.7.0 // indirect
-	golang.org/x/oauth2 v0.0.0-20220223155221-ee480838109b // indirect
-	golang.org/x/sys v0.5.0 // indirect
-	golang.org/x/term v0.5.0 // indirect
-	golang.org/x/text v0.7.0 // indirect
-	golang.org/x/time v0.0.0-20220210224613-90d013bbcef8 // indirect
-	google.golang.org/appengine v1.6.7 // indirect
-	google.golang.org/protobuf v1.28.1 // indirect
-	gopkg.in/inf.v0 v0.9.1 // indirect
-	gopkg.in/yaml.v2 v2.4.0 // indirect
-	gopkg.in/yaml.v3 v3.0.1 // indirect
-	k8s.io/klog/v2 v2.80.1 // indirect
-	k8s.io/kube-openapi v0.0.0-20221012153701-172d655c2280 // indirect
-	k8s.io/utils v0.0.0-20221107191617-1a15be271d1d // indirect
-	sigs.k8s.io/json v0.0.0-20220713155537-f223a00ba0e2 // indirect
-	sigs.k8s.io/structured-merge-diff/v4 v4.2.3 // indirect
-	sigs.k8s.io/yaml v1.3.0 // indirect
-)
diff --git a/contrib/metrics-exporter/go.sum b/contrib/metrics-exporter/go.sum
deleted file mode 100644
index b86361efebd..00000000000
--- a/contrib/metrics-exporter/go.sum
+++ /dev/null
@@ -1,480 +0,0 @@
-cloud.google.com/go v0.26.0/go.mod h1:aQUYkXzVsufM+DwF1aE+0xfcU+56JwCaLick0ClmMTw=
-cloud.google.com/go v0.34.0/go.mod h1:aQUYkXzVsufM+DwF1aE+0xfcU+56JwCaLick0ClmMTw=
-cloud.google.com/go v0.38.0/go.mod h1:990N+gfupTy94rShfmMCWGDn0LpTmnzTp2qbd1dvSRU=
-cloud.google.com/go v0.44.1/go.mod h1:iSa0KzasP4Uvy3f1mN/7PiObzGgflwredwwASm/v6AU=
-cloud.google.com/go v0.44.2/go.mod h1:60680Gw3Yr4ikxnPRS/oxxkBccT6SA1yMk63TGekxKY=
-cloud.google.com/go v0.45.1/go.mod h1:RpBamKRgapWJb87xiFSdk4g1CME7QZg3uwTez+TSTjc=
-cloud.google.com/go v0.46.3/go.mod h1:a6bKKbmY7er1mI7TEI4lsAkts/mkhTSZK8w33B4RAg0=
-cloud.google.com/go v0.50.0/go.mod h1:r9sluTvynVuxRIOHXQEHMFffphuXHOMZMycpNR5e6To=
-cloud.google.com/go v0.52.0/go.mod h1:pXajvRH/6o3+F9jDHZWQ5PbGhn+o8w9qiu/CffaVdO4=
-cloud.google.com/go v0.53.0/go.mod h1:fp/UouUEsRkN6ryDKNW/Upv/JBKnv6WDthjR6+vze6M=
-cloud.google.com/go v0.54.0/go.mod h1:1rq2OEkV3YMf6n/9ZvGWI3GWw0VoqH/1x2nd8Is/bPc=
-cloud.google.com/go v0.56.0/go.mod h1:jr7tqZxxKOVYizybht9+26Z/gUq7tiRzu+ACVAMbKVk=
-cloud.google.com/go v0.57.0/go.mod h1:oXiQ6Rzq3RAkkY7N6t3TcE6jE+CIBBbA36lwQ1JyzZs=
-cloud.google.com/go v0.62.0/go.mod h1:jmCYTdRCQuc1PHIIJ/maLInMho30T/Y0M4hTdTShOYc=
-cloud.google.com/go v0.65.0/go.mod h1:O5N8zS7uWy9vkA9vayVHs65eM1ubvY4h553ofrNHObY=
-cloud.google.com/go/bigquery v1.0.1/go.mod h1:i/xbL2UlR5RvWAURpBYZTtm/cXjCha9lbfbpx4poX+o=
-cloud.google.com/go/bigquery v1.3.0/go.mod h1:PjpwJnslEMmckchkHFfq+HTD2DmtT67aNFKH1/VBDHE=
-cloud.google.com/go/bigquery v1.4.0/go.mod h1:S8dzgnTigyfTmLBfrtrhyYhwRxG72rYxvftPBK2Dvzc=
-cloud.google.com/go/bigquery v1.5.0/go.mod h1:snEHRnqQbz117VIFhE8bmtwIDY80NLUZUMb4Nv6dBIg=
-cloud.google.com/go/bigquery v1.7.0/go.mod h1://okPTzCYNXSlb24MZs83e2Do+h+VXtc4gLoIoXIAPc=
-cloud.google.com/go/bigquery v1.8.0/go.mod h1:J5hqkt3O0uAFnINi6JXValWIb1v0goeZM77hZzJN/fQ=
-cloud.google.com/go/datastore v1.0.0/go.mod h1:LXYbyblFSglQ5pkeyhO+Qmw7ukd3C+pD7TKLgZqpHYE=
-cloud.google.com/go/datastore v1.1.0/go.mod h1:umbIZjpQpHh4hmRpGhH4tLFup+FVzqBi1b3c64qFpCk=
-cloud.google.com/go/pubsub v1.0.1/go.mod h1:R0Gpsv3s54REJCy4fxDixWD93lHJMoZTyQ2kNxGRt3I=
-cloud.google.com/go/pubsub v1.1.0/go.mod h1:EwwdRX2sKPjnvnqCa270oGRyludottCI76h+R3AArQw=
-cloud.google.com/go/pubsub v1.2.0/go.mod h1:jhfEVHT8odbXTkndysNHCcx0awwzvfOlguIAii9o8iA=
-cloud.google.com/go/pubsub v1.3.1/go.mod h1:i+ucay31+CNRpDW4Lu78I4xXG+O1r/MAHgjpRVR+TSU=
-cloud.google.com/go/storage v1.0.0/go.mod h1:IhtSnM/ZTZV8YYJWCY8RULGVqBDmpoyjwiyrjsg+URw=
-cloud.google.com/go/storage v1.5.0/go.mod h1:tpKbwo567HUNpVclU5sGELwQWBDZ8gh0ZeosJ0Rtdos=
-cloud.google.com/go/storage v1.6.0/go.mod h1:N7U0C8pVQ/+NIKOBQyamJIeKQKkZ+mxpohlUTyfDhBk=
-cloud.google.com/go/storage v1.8.0/go.mod h1:Wv1Oy7z6Yz3DshWRJFhqM/UCfaWIRTdp0RXyy7KQOVs=
-cloud.google.com/go/storage v1.10.0/go.mod h1:FLPqc6j+Ki4BU591ie1oL6qBQGu2Bl/tZ9ullr3+Kg0=
-dmitri.shuralyov.com/gpu/mtl v0.0.0-20190408044501-666a987793e9/go.mod h1:H6x//7gZCb22OMCxBHrMx7a5I7Hp++hsVxbQ4BYO7hU=
-github.com/BurntSushi/toml v0.3.1/go.mod h1:xHWCNGjB5oqiDr8zfno3MHue2Ht5sIBksp03qcyfWMU=
-github.com/BurntSushi/xgb v0.0.0-20160522181843-27f122750802/go.mod h1:IVnqGOEym/WlBOVXweHU+Q+/VP0lqqI8lqeDx9IjBqo=
-github.com/census-instrumentation/opencensus-proto v0.2.1/go.mod h1:f6KPmirojxKA12rnyqOA5BBL4O983OfeGPqjHWSTneU=
-github.com/chzyer/logex v1.1.10/go.mod h1:+Ywpsq7O8HXn0nuIou7OrIPyXbp3wmkHB+jjWRnGsAI=
-github.com/chzyer/readline v0.0.0-20180603132655-2972be24d48e/go.mod h1:nSuG5e5PlCu98SY8svDHJxuZscDgtXS6KTTbou5AhLI=
-github.com/chzyer/test v0.0.0-20180213035817-a1ea475d72b1/go.mod h1:Q3SI9o4m/ZMnBNeIyt5eFwwo7qiLfzFZmjNmxjkiQlU=
-github.com/client9/misspell v0.3.4/go.mod h1:qj6jICC3Q7zFZvVWo7KLAzC3yx5G7kyvSDkc90ppPyw=
-github.com/cncf/udpa/go v0.0.0-20191209042840-269d4d468f6f/go.mod h1:M8M6+tZqaGXZJjfX53e64911xZQV5JYwmTeXPW+k8Sc=
-github.com/creack/pty v1.1.9/go.mod h1:oKZEueFk5CKHvIhNR5MUki03XCEU+Q6VDXinZuGJ33E=
-github.com/davecgh/go-spew v1.1.0/go.mod h1:J7Y8YcW2NihsgmVo/mv3lAwl/skON4iLHjSsI+c5H38=
-github.com/davecgh/go-spew v1.1.1 h1:vj9j/u1bqnvCEfJOwUhtlOARqs3+rkHYY13jYWTU97c=
-github.com/davecgh/go-spew v1.1.1/go.mod h1:J7Y8YcW2NihsgmVo/mv3lAwl/skON4iLHjSsI+c5H38=
-github.com/docopt/docopt-go v0.0.0-20180111231733-ee0de3bc6815/go.mod h1:WwZ+bS3ebgob9U8Nd0kOddGdZWjyMGR8Wziv+TBNwSE=
-github.com/emicklei/go-restful/v3 v3.9.0 h1:XwGDlfxEnQZzuopoqxwSEllNcCOM9DhhFyhFIIGKwxE=
-github.com/emicklei/go-restful/v3 v3.9.0/go.mod h1:6n3XBCmQQb25CM2LCACGz8ukIrRry+4bhvbpWn3mrbc=
-github.com/envoyproxy/go-control-plane v0.9.0/go.mod h1:YTl/9mNaCwkRvm6d1a2C3ymFceY/DCBVvsKhRF0iEA4=
-github.com/envoyproxy/go-control-plane v0.9.1-0.20191026205805-5f8ba28d4473/go.mod h1:YTl/9mNaCwkRvm6d1a2C3ymFceY/DCBVvsKhRF0iEA4=
-github.com/envoyproxy/go-control-plane v0.9.4/go.mod h1:6rpuAdCZL397s3pYoYcLgu1mIlRU8Am5FuJP05cCM98=
-github.com/envoyproxy/protoc-gen-validate v0.1.0/go.mod h1:iSmxcyjqTsJpI2R4NaDN7+kN2VEUnK/pcBlmesArF7c=
-github.com/go-gl/glfw v0.0.0-20190409004039-e6da0acd62b1/go.mod h1:vR7hzQXu2zJy9AVAgeJqvqgH9Q5CA+iKCZ2gyEVpxRU=
-github.com/go-gl/glfw/v3.3/glfw v0.0.0-20191125211704-12ad95a8df72/go.mod h1:tQ2UAYgL5IevRw8kRxooKSPJfGvJ9fJQFa0TUsXzTg8=
-github.com/go-gl/glfw/v3.3/glfw v0.0.0-20200222043503-6f7a984d4dc4/go.mod h1:tQ2UAYgL5IevRw8kRxooKSPJfGvJ9fJQFa0TUsXzTg8=
-github.com/go-logr/logr v1.2.0/go.mod h1:jdQByPbusPIv2/zmleS9BjJVeZ6kBagPoEUsqbVz/1A=
-github.com/go-logr/logr v1.2.3 h1:2DntVwHkVopvECVRSlL5PSo9eG+cAkDCuckLubN+rq0=
-github.com/go-logr/logr v1.2.3/go.mod h1:jdQByPbusPIv2/zmleS9BjJVeZ6kBagPoEUsqbVz/1A=
-github.com/go-openapi/jsonpointer v0.19.3/go.mod h1:Pl9vOtqEWErmShwVjC8pYs9cog34VGT37dQOVbmoatg=
-github.com/go-openapi/jsonpointer v0.19.5 h1:gZr+CIYByUqjcgeLXnQu2gHYQC9o73G2XUeOFYEICuY=
-github.com/go-openapi/jsonpointer v0.19.5/go.mod h1:Pl9vOtqEWErmShwVjC8pYs9cog34VGT37dQOVbmoatg=
-github.com/go-openapi/jsonreference v0.20.0 h1:MYlu0sBgChmCfJxxUKZ8g1cPWFOB37YSZqewK7OKeyA=
-github.com/go-openapi/jsonreference v0.20.0/go.mod h1:Ag74Ico3lPc+zR+qjn4XBUmXymS4zJbYVCZmcgkasdo=
-github.com/go-openapi/swag v0.19.5/go.mod h1:POnQmlKehdgb5mhVOsnJFsivZCEZ/vjK9gh66Z9tfKk=
-github.com/go-openapi/swag v0.19.14 h1:gm3vOOXfiuw5i9p5N9xJvfjvuofpyvLA9Wr6QfK5Fng=
-github.com/go-openapi/swag v0.19.14/go.mod h1:QYRuS/SOXUCsnplDa677K7+DxSOj6IPNl/eQntq43wQ=
-github.com/gogo/protobuf v1.3.2 h1:Ov1cvc58UF3b5XjBnZv7+opcTcQFZebYjWzi34vdm4Q=
-github.com/gogo/protobuf v1.3.2/go.mod h1:P1XiOD3dCwIKUDQYPy72D8LYyHL2YPYrpS2s69NZV8Q=
-github.com/golang/glog v0.0.0-20160126235308-23def4e6c14b/go.mod h1:SBH7ygxi8pfUlaOkMMuAQtPIUF8ecWP5IEl/CR7VP2Q=
-github.com/golang/groupcache v0.0.0-20190702054246-869f871628b6/go.mod h1:cIg4eruTrX1D+g88fzRXU5OdNfaM+9IcxsU14FzY7Hc=
-github.com/golang/groupcache v0.0.0-20191227052852-215e87163ea7/go.mod h1:cIg4eruTrX1D+g88fzRXU5OdNfaM+9IcxsU14FzY7Hc=
-github.com/golang/groupcache v0.0.0-20200121045136-8c9f03a8e57e/go.mod h1:cIg4eruTrX1D+g88fzRXU5OdNfaM+9IcxsU14FzY7Hc=
-github.com/golang/mock v1.1.1/go.mod h1:oTYuIxOrZwtPieC+H1uAHpcLFnEyAGVDL/k47Jfbm0A=
-github.com/golang/mock v1.2.0/go.mod h1:oTYuIxOrZwtPieC+H1uAHpcLFnEyAGVDL/k47Jfbm0A=
-github.com/golang/mock v1.3.1/go.mod h1:sBzyDLLjw3U8JLTeZvSv8jJB+tU5PVekmnlKIyFUx0Y=
-github.com/golang/mock v1.4.0/go.mod h1:UOMv5ysSaYNkG+OFQykRIcU/QvvxJf3p21QfJ2Bt3cw=
-github.com/golang/mock v1.4.1/go.mod h1:UOMv5ysSaYNkG+OFQykRIcU/QvvxJf3p21QfJ2Bt3cw=
-github.com/golang/mock v1.4.3/go.mod h1:UOMv5ysSaYNkG+OFQykRIcU/QvvxJf3p21QfJ2Bt3cw=
-github.com/golang/mock v1.4.4/go.mod h1:l3mdAwkq5BuhzHwde/uurv3sEJeZMXNpwsxVWU71h+4=
-github.com/golang/protobuf v1.2.0/go.mod h1:6lQm79b+lXiMfvg/cZm0SGofjICqVBUtrP5yJMmIC1U=
-github.com/golang/protobuf v1.3.1/go.mod h1:6lQm79b+lXiMfvg/cZm0SGofjICqVBUtrP5yJMmIC1U=
-github.com/golang/protobuf v1.3.2/go.mod h1:6lQm79b+lXiMfvg/cZm0SGofjICqVBUtrP5yJMmIC1U=
-github.com/golang/protobuf v1.3.3/go.mod h1:vzj43D7+SQXF/4pzW/hwtAqwc6iTitCiVSaWz5lYuqw=
-github.com/golang/protobuf v1.3.4/go.mod h1:vzj43D7+SQXF/4pzW/hwtAqwc6iTitCiVSaWz5lYuqw=
-github.com/golang/protobuf v1.3.5/go.mod h1:6O5/vntMXwX2lRkT1hjjk0nAC1IDOTvTlVgjlRvqsdk=
-github.com/golang/protobuf v1.4.0-rc.1/go.mod h1:ceaxUfeHdC40wWswd/P6IGgMaK3YpKi5j83Wpe3EHw8=
-github.com/golang/protobuf v1.4.0-rc.1.0.20200221234624-67d41d38c208/go.mod h1:xKAWHe0F5eneWXFV3EuXVDTCmh+JuBKY0li0aMyXATA=
-github.com/golang/protobuf v1.4.0-rc.2/go.mod h1:LlEzMj4AhA7rCAGe4KMBDvJI+AwstrUpVNzEA03Pprs=
-github.com/golang/protobuf v1.4.0-rc.4.0.20200313231945-b860323f09d0/go.mod h1:WU3c8KckQ9AFe+yFwt9sWVRKCVIyN9cPHBJSNnbL67w=
-github.com/golang/protobuf v1.4.0/go.mod h1:jodUvKwWbYaEsadDk5Fwe5c77LiNKVO9IDvqG2KuDX0=
-github.com/golang/protobuf v1.4.1/go.mod h1:U8fpvMrcmy5pZrNK1lt4xCsGvpyWQ/VVv6QDs8UjoX8=
-github.com/golang/protobuf v1.4.2/go.mod h1:oDoupMAO8OvCJWAcko0GGGIgR6R6ocIYbsSw735rRwI=
-github.com/golang/protobuf v1.5.0/go.mod h1:FsONVRAS9T7sI+LIUmWTfcYkHO4aIWwzhcaSAoJOfIk=
-github.com/golang/protobuf v1.5.2 h1:ROPKBNFfQgOUMifHyP+KYbvpjbdoFNs+aK7DXlji0Tw=
-github.com/golang/protobuf v1.5.2/go.mod h1:XVQd3VNwM+JqD3oG2Ue2ip4fOMUkwXdXDdiuN0vRsmY=
-github.com/google/btree v0.0.0-20180813153112-4030bb1f1f0c/go.mod h1:lNA+9X1NB3Zf8V7Ke586lFgjr2dZNuvo3lPJSGZ5JPQ=
-github.com/google/btree v1.0.0/go.mod h1:lNA+9X1NB3Zf8V7Ke586lFgjr2dZNuvo3lPJSGZ5JPQ=
-github.com/google/gnostic v0.5.7-v3refs h1:FhTMOKj2VhjpouxvWJAV1TL304uMlb9zcDqkl6cEI54=
-github.com/google/gnostic v0.5.7-v3refs/go.mod h1:73MKFl6jIHelAJNaBGFzt3SPtZULs9dYrGFt8OiIsHQ=
-github.com/google/go-cmp v0.2.0/go.mod h1:oXzfMopK8JAjlY9xF4vHSVASa0yLyX7SntLO5aqRK0M=
-github.com/google/go-cmp v0.3.0/go.mod h1:8QqcDgzrUqlUb/G2PQTWiueGozuR1884gddMywk6iLU=
-github.com/google/go-cmp v0.3.1/go.mod h1:8QqcDgzrUqlUb/G2PQTWiueGozuR1884gddMywk6iLU=
-github.com/google/go-cmp v0.4.0/go.mod h1:v8dTdLbMG2kIc/vJvl+f65V22dbkXbowE6jgT/gNBxE=
-github.com/google/go-cmp v0.4.1/go.mod h1:v8dTdLbMG2kIc/vJvl+f65V22dbkXbowE6jgT/gNBxE=
-github.com/google/go-cmp v0.5.0/go.mod h1:v8dTdLbMG2kIc/vJvl+f65V22dbkXbowE6jgT/gNBxE=
-github.com/google/go-cmp v0.5.1/go.mod h1:v8dTdLbMG2kIc/vJvl+f65V22dbkXbowE6jgT/gNBxE=
-github.com/google/go-cmp v0.5.5/go.mod h1:v8dTdLbMG2kIc/vJvl+f65V22dbkXbowE6jgT/gNBxE=
-github.com/google/go-cmp v0.5.9 h1:O2Tfq5qg4qc4AmwVlvv0oLiVAGB7enBSJ2x2DqQFi38=
-github.com/google/go-cmp v0.5.9/go.mod h1:17dUlkBOakJ0+DkrSSNjCkIjxS6bF9zb3elmeNGIjoY=
-github.com/google/gofuzz v1.0.0/go.mod h1:dBl0BpW6vV/+mYPU4Po3pmUjxk6FQPldtuIdl/M65Eg=
-github.com/google/gofuzz v1.1.0 h1:Hsa8mG0dQ46ij8Sl2AYJDUv1oA9/d6Vk+3LG99Oe02g=
-github.com/google/gofuzz v1.1.0/go.mod h1:dBl0BpW6vV/+mYPU4Po3pmUjxk6FQPldtuIdl/M65Eg=
-github.com/google/martian v2.1.0+incompatible/go.mod h1:9I4somxYTbIHy5NJKHRl3wXiIaQGbYVAs8BPL6v8lEs=
-github.com/google/martian/v3 v3.0.0/go.mod h1:y5Zk1BBys9G+gd6Jrk0W3cC1+ELVxBWuIGO+w/tUAp0=
-github.com/google/pprof v0.0.0-20181206194817-3ea8567a2e57/go.mod h1:zfwlbNMJ+OItoe0UupaVj+oy1omPYYDuagoSzA8v9mc=
-github.com/google/pprof v0.0.0-20190515194954-54271f7e092f/go.mod h1:zfwlbNMJ+OItoe0UupaVj+oy1omPYYDuagoSzA8v9mc=
-github.com/google/pprof v0.0.0-20191218002539-d4f498aebedc/go.mod h1:ZgVRPoUq/hfqzAqh7sHMqb3I9Rq5C59dIz2SbBwJ4eM=
-github.com/google/pprof v0.0.0-20200212024743-f11f1df84d12/go.mod h1:ZgVRPoUq/hfqzAqh7sHMqb3I9Rq5C59dIz2SbBwJ4eM=
-github.com/google/pprof v0.0.0-20200229191704-1ebb73c60ed3/go.mod h1:ZgVRPoUq/hfqzAqh7sHMqb3I9Rq5C59dIz2SbBwJ4eM=
-github.com/google/pprof v0.0.0-20200430221834-fc25d7d30c6d/go.mod h1:ZgVRPoUq/hfqzAqh7sHMqb3I9Rq5C59dIz2SbBwJ4eM=
-github.com/google/pprof v0.0.0-20200708004538-1a94d8640e99/go.mod h1:ZgVRPoUq/hfqzAqh7sHMqb3I9Rq5C59dIz2SbBwJ4eM=
-github.com/google/renameio v0.1.0/go.mod h1:KWCgfxg9yswjAJkECMjeO8J8rahYeXnNhOm40UhjYkI=
-github.com/googleapis/gax-go/v2 v2.0.4/go.mod h1:0Wqv26UfaUD9n4G6kQubkQ+KchISgw+vpHVxEJEs9eg=
-github.com/googleapis/gax-go/v2 v2.0.5/go.mod h1:DWXyrwAJ9X0FpwwEdw+IPEYBICEFu5mhpdKc/us6bOk=
-github.com/hashicorp/golang-lru v0.5.0/go.mod h1:/m3WP610KZHVQ1SGc6re/UDhFvYD7pJ4Ao+sR/qLZy8=
-github.com/hashicorp/golang-lru v0.5.1/go.mod h1:/m3WP610KZHVQ1SGc6re/UDhFvYD7pJ4Ao+sR/qLZy8=
-github.com/ianlancetaylor/demangle v0.0.0-20181102032728-5e5cf60278f6/go.mod h1:aSSvb/t6k1mPoxDqO4vJh6VOCGPwU4O0C2/Eqndh1Sc=
-github.com/josharian/intern v1.0.0 h1:vlS4z54oSdjm0bgjRigI+G1HpF+tI+9rE5LLzOg8HmY=
-github.com/josharian/intern v1.0.0/go.mod h1:5DoeVV0s6jJacbCEi61lwdGj/aVlrQvzHFFd8Hwg//Y=
-github.com/json-iterator/go v1.1.12 h1:PV8peI4a0ysnczrg+LtxykD8LfKY9ML6u2jnxaEnrnM=
-github.com/json-iterator/go v1.1.12/go.mod h1:e30LSqwooZae/UwlEbR2852Gd8hjQvJoHmT4TnhNGBo=
-github.com/jstemmer/go-junit-report v0.0.0-20190106144839-af01ea7f8024/go.mod h1:6v2b51hI/fHJwM22ozAgKL4VKDeJcHhJFhtBdhmNjmU=
-github.com/jstemmer/go-junit-report v0.9.1/go.mod h1:Brl9GWCQeLvo8nXZwPNNblvFj/XSXhF0NWZEnDohbsk=
-github.com/kisielk/errcheck v1.5.0/go.mod h1:pFxgyoBC7bSaBwPgfKdkLd5X25qrDl4LWUI2bnpBCr8=
-github.com/kisielk/gotool v1.0.0/go.mod h1:XhKaO+MFFWcvkIS/tQcRk01m1F5IRFswLeQ+oQHNcck=
-github.com/kr/pretty v0.1.0/go.mod h1:dAy3ld7l9f0ibDNOQOHHMYYIIbhfbHSm3C4ZsoJORNo=
-github.com/kr/pretty v0.2.0/go.mod h1:ipq/a2n7PKx3OHsz4KJII5eveXtPO4qwEXGdVfWzfnI=
-github.com/kr/pty v1.1.1/go.mod h1:pFQYn66WHrOpPYNljwOMqo10TkYh1fy3cYio2l3bCsQ=
-github.com/kr/text v0.1.0/go.mod h1:4Jbv+DJW3UT/LiOwJeYQe1efqtUx/iVham/4vfdArNI=
-github.com/kr/text v0.2.0 h1:5Nx0Ya0ZqY2ygV366QzturHI13Jq95ApcVaJBhpS+AY=
-github.com/kr/text v0.2.0/go.mod h1:eLer722TekiGuMkidMxC/pM04lWEeraHUUmBw8l2grE=
-github.com/mailru/easyjson v0.0.0-20190614124828-94de47d64c63/go.mod h1:C1wdFJiN94OJF2b5HbByQZoLdCWB1Yqtg26g4irojpc=
-github.com/mailru/easyjson v0.0.0-20190626092158-b2ccc519800e/go.mod h1:C1wdFJiN94OJF2b5HbByQZoLdCWB1Yqtg26g4irojpc=
-github.com/mailru/easyjson v0.7.6 h1:8yTIVnZgCoiM1TgqoeTl+LfU5Jg6/xL3QhGQnimLYnA=
-github.com/mailru/easyjson v0.7.6/go.mod h1:xzfreul335JAWq5oZzymOObrkdz5UnU4kGfJJLY9Nlc=
-github.com/modern-go/concurrent v0.0.0-20180228061459-e0a39a4cb421/go.mod h1:6dJC0mAP4ikYIbvyc7fijjWJddQyLn8Ig3JB5CqoB9Q=
-github.com/modern-go/concurrent v0.0.0-20180306012644-bacd9c7ef1dd h1:TRLaZ9cD/w8PVh93nsPXa1VrQ6jlwL5oN8l14QlcNfg=
-github.com/modern-go/concurrent v0.0.0-20180306012644-bacd9c7ef1dd/go.mod h1:6dJC0mAP4ikYIbvyc7fijjWJddQyLn8Ig3JB5CqoB9Q=
-github.com/modern-go/reflect2 v1.0.2 h1:xBagoLtFs94CBntxluKeaWgTMpvLxC4ur3nMaC9Gz0M=
-github.com/modern-go/reflect2 v1.0.2/go.mod h1:yWuevngMOJpCy52FWWMvUC8ws7m/LJsjYzDa0/r8luk=
-github.com/munnerz/goautoneg v0.0.0-20191010083416-a7dc8b61c822 h1:C3w9PqII01/Oq1c1nUAm88MOHcQC9l5mIlSMApZMrHA=
-github.com/munnerz/goautoneg v0.0.0-20191010083416-a7dc8b61c822/go.mod h1:+n7T8mK8HuQTcFwEeznm/DIxMOiR9yIdICNftLE1DvQ=
-github.com/niemeyer/pretty v0.0.0-20200227124842-a10e7caefd8e h1:fD57ERR4JtEqsWbfPhv4DMiApHyliiK5xCTNVSPiaAs=
-github.com/niemeyer/pretty v0.0.0-20200227124842-a10e7caefd8e/go.mod h1:zD1mROLANZcx1PVRCS0qkT7pwLkGfwJo4zjcN/Tysno=
-github.com/onsi/ginkgo/v2 v2.4.0 h1:+Ig9nvqgS5OBSACXNk15PLdp0U9XPYROt9CFzVdFGIs=
-github.com/onsi/gomega v1.23.0 h1:/oxKu9c2HVap+F3PfKort2Hw5DEU+HGlW8n+tguWsys=
-github.com/pmezard/go-difflib v1.0.0 h1:4DBwDE0NGyQoBHbLQYPwSUPoCMWR5BEzIk/f1lZbAQM=
-github.com/pmezard/go-difflib v1.0.0/go.mod h1:iKH77koFhYxTK1pcRnkKkqfTogsbg7gZNVY4sRDYZ/4=
-github.com/prometheus/client_model v0.0.0-20190812154241-14fe0d1b01d4/go.mod h1:xMI15A0UPsDsEKsMN9yxemIoYk6Tm2C1GtYGdfGttqA=
-github.com/rogpeppe/go-internal v1.3.0/go.mod h1:M8bDsm7K2OlrFYOpmOWEs/qY81heoFRclV5y23lUDJ4=
-github.com/sirupsen/logrus v1.9.0 h1:trlNQbNUG3OdDrDil03MCb1H2o9nJ1x4/5LYw7byDE0=
-github.com/sirupsen/logrus v1.9.0/go.mod h1:naHLuLoDiP4jHNo9R0sCBMtWGeIprob74mVsIT4qYEQ=
-github.com/spf13/pflag v1.0.5 h1:iy+VFUOCP1a+8yFto/drg2CJ5u0yRoB7fZw3DKv/JXA=
-github.com/stoewer/go-strcase v1.2.0/go.mod h1:IBiWB2sKIp3wVVQ3Y035++gc+knqhUQag1KpM8ahLw8=
-github.com/stretchr/objx v0.1.0/go.mod h1:HFkY916IF+rwdDfMAkV7OtwuqBVzrE8GR6GFx+wExME=
-github.com/stretchr/testify v1.3.0/go.mod h1:M5WIy9Dh21IEIfnGCwXGc5bZfKNJtfHm1UVUgZn+9EI=
-github.com/stretchr/testify v1.4.0/go.mod h1:j7eGeouHqKxXV5pUuKE4zz7dFj8WfuZ+81PSLYec5m4=
-github.com/stretchr/testify v1.5.1/go.mod h1:5W2xD1RspED5o8YsWQXVCued0rvSQ+mT+I5cxcmMvtA=
-github.com/stretchr/testify v1.6.1/go.mod h1:6Fq8oRcR53rry900zMqJjRRixrwX3KX962/h/Wwjteg=
-github.com/stretchr/testify v1.7.0/go.mod h1:6Fq8oRcR53rry900zMqJjRRixrwX3KX962/h/Wwjteg=
-github.com/stretchr/testify v1.8.0 h1:pSgiaMZlXftHpm5L7V1+rVB+AZJydKsMxsQBIJw4PKk=
-github.com/yuin/goldmark v1.1.25/go.mod h1:3hX8gzYuyVAZsxl0MRgGTJEmQBFcNTphYh9decYSb74=
-github.com/yuin/goldmark v1.1.27/go.mod h1:3hX8gzYuyVAZsxl0MRgGTJEmQBFcNTphYh9decYSb74=
-github.com/yuin/goldmark v1.1.32/go.mod h1:3hX8gzYuyVAZsxl0MRgGTJEmQBFcNTphYh9decYSb74=
-github.com/yuin/goldmark v1.2.1/go.mod h1:3hX8gzYuyVAZsxl0MRgGTJEmQBFcNTphYh9decYSb74=
-go.opencensus.io v0.21.0/go.mod h1:mSImk1erAIZhrmZN+AvHh14ztQfjbGwt4TtuofqLduU=
-go.opencensus.io v0.22.0/go.mod h1:+kGneAE2xo2IficOXnaByMWTGM9T73dGwxeWcUqIpI8=
-go.opencensus.io v0.22.2/go.mod h1:yxeiOL68Rb0Xd1ddK5vPZ/oVn4vY4Ynel7k9FzqtOIw=
-go.opencensus.io v0.22.3/go.mod h1:yxeiOL68Rb0Xd1ddK5vPZ/oVn4vY4Ynel7k9FzqtOIw=
-go.opencensus.io v0.22.4/go.mod h1:yxeiOL68Rb0Xd1ddK5vPZ/oVn4vY4Ynel7k9FzqtOIw=
-golang.org/x/crypto v0.0.0-20190308221718-c2843e01d9a2/go.mod h1:djNgcEr1/C05ACkg1iLfiJU5Ep61QUkGW8qpdssI0+w=
-golang.org/x/crypto v0.0.0-20190510104115-cbcb75029529/go.mod h1:yigFU9vqHzYiE8UmvKecakEJjdnWj3jj499lnFckfCI=
-golang.org/x/crypto v0.0.0-20190605123033-f99c8df09eb5/go.mod h1:yigFU9vqHzYiE8UmvKecakEJjdnWj3jj499lnFckfCI=
-golang.org/x/crypto v0.0.0-20191011191535-87dc89f01550/go.mod h1:yigFU9vqHzYiE8UmvKecakEJjdnWj3jj499lnFckfCI=
-golang.org/x/crypto v0.0.0-20200622213623-75b288015ac9/go.mod h1:LzIPMQfyMNhhGPhUkYOs5KpL4U8rLKemX1yGLhDgUto=
-golang.org/x/exp v0.0.0-20190121172915-509febef88a4/go.mod h1:CJ0aWSM057203Lf6IL+f9T1iT9GByDxfZKAQTCR3kQA=
-golang.org/x/exp v0.0.0-20190306152737-a1d7652674e8/go.mod h1:CJ0aWSM057203Lf6IL+f9T1iT9GByDxfZKAQTCR3kQA=
-golang.org/x/exp v0.0.0-20190510132918-efd6b22b2522/go.mod h1:ZjyILWgesfNpC6sMxTJOJm9Kp84zZh5NQWvqDGG3Qr8=
-golang.org/x/exp v0.0.0-20190829153037-c13cbed26979/go.mod h1:86+5VVa7VpoJ4kLfm080zCjGlMRFzhUhsZKEZO7MGek=
-golang.org/x/exp v0.0.0-20191030013958-a1ab85dbe136/go.mod h1:JXzH8nQsPlswgeRAPE3MuO9GYsAcnJvJ4vnMwN/5qkY=
-golang.org/x/exp v0.0.0-20191129062945-2f5052295587/go.mod h1:2RIsYlXP63K8oxa1u096TMicItID8zy7Y6sNkU49FU4=
-golang.org/x/exp v0.0.0-20191227195350-da58074b4299/go.mod h1:2RIsYlXP63K8oxa1u096TMicItID8zy7Y6sNkU49FU4=
-golang.org/x/exp v0.0.0-20200119233911-0405dc783f0a/go.mod h1:2RIsYlXP63K8oxa1u096TMicItID8zy7Y6sNkU49FU4=
-golang.org/x/exp v0.0.0-20200207192155-f17229e696bd/go.mod h1:J/WKrq2StrnmMY6+EHIKF9dgMWnmCNThgcyBT1FY9mM=
-golang.org/x/exp v0.0.0-20200224162631-6cc2880d07d6/go.mod h1:3jZMyOhIsHpP37uCMkUooju7aAi5cS1Q23tOzKc+0MU=
-golang.org/x/image v0.0.0-20190227222117-0694c2d4d067/go.mod h1:kZ7UVZpmo3dzQBMxlp+ypCbDeSB+sBbTgSJuh5dn5js=
-golang.org/x/image v0.0.0-20190802002840-cff245a6509b/go.mod h1:FeLwcggjj3mMvU+oOTbSwawSJRM1uh48EjtB4UJZlP0=
-golang.org/x/lint v0.0.0-20181026193005-c67002cb31c3/go.mod h1:UVdnD1Gm6xHRNCYTkRU2/jEulfH38KcIWyp/GAMgvoE=
-golang.org/x/lint v0.0.0-20190227174305-5b3e6a55c961/go.mod h1:wehouNa3lNwaWXcvxsM5YxQ5yQlVC4a0KAMCusXpPoU=
-golang.org/x/lint v0.0.0-20190301231843-5614ed5bae6f/go.mod h1:UVdnD1Gm6xHRNCYTkRU2/jEulfH38KcIWyp/GAMgvoE=
-golang.org/x/lint v0.0.0-20190313153728-d0100b6bd8b3/go.mod h1:6SW0HCj/g11FgYtHlgUYUwCkIfeOF89ocIRzGO/8vkc=
-golang.org/x/lint v0.0.0-20190409202823-959b441ac422/go.mod h1:6SW0HCj/g11FgYtHlgUYUwCkIfeOF89ocIRzGO/8vkc=
-golang.org/x/lint v0.0.0-20190909230951-414d861bb4ac/go.mod h1:6SW0HCj/g11FgYtHlgUYUwCkIfeOF89ocIRzGO/8vkc=
-golang.org/x/lint v0.0.0-20190930215403-16217165b5de/go.mod h1:6SW0HCj/g11FgYtHlgUYUwCkIfeOF89ocIRzGO/8vkc=
-golang.org/x/lint v0.0.0-20191125180803-fdd1cda4f05f/go.mod h1:5qLYkcX4OjUUV8bRuDixDT3tpyyb+LUpUlRWLxfhWrs=
-golang.org/x/lint v0.0.0-20200130185559-910be7a94367/go.mod h1:3xt1FjdF8hUf6vQPIChWIBhFzV8gjjsPE/fR3IyQdNY=
-golang.org/x/lint v0.0.0-20200302205851-738671d3881b/go.mod h1:3xt1FjdF8hUf6vQPIChWIBhFzV8gjjsPE/fR3IyQdNY=
-golang.org/x/mobile v0.0.0-20190312151609-d3739f865fa6/go.mod h1:z+o9i4GpDbdi3rU15maQ/Ox0txvL9dWGYEHz965HBQE=
-golang.org/x/mobile v0.0.0-20190719004257-d2bd2a29d028/go.mod h1:E/iHnbuqvinMTCcRqshq8CkpyQDoeVncDDYHnLhea+o=
-golang.org/x/mod v0.0.0-20190513183733-4bf6d317e70e/go.mod h1:mXi4GBBbnImb6dmsKGUJ2LatrhH/nqhxcFungHvyanc=
-golang.org/x/mod v0.1.0/go.mod h1:0QHyrYULN0/3qlju5TqG8bIK38QM8yzMo5ekMj3DlcY=
-golang.org/x/mod v0.1.1-0.20191105210325-c90efee705ee/go.mod h1:QqPTAvyqsEbceGzBzNggFXnrqF1CaUcvgkdR5Ot7KZg=
-golang.org/x/mod v0.1.1-0.20191107180719-034126e5016b/go.mod h1:QqPTAvyqsEbceGzBzNggFXnrqF1CaUcvgkdR5Ot7KZg=
-golang.org/x/mod v0.2.0/go.mod h1:s0Qsj1ACt9ePp/hMypM3fl4fZqREWJwdYDEqhRiZZUA=
-golang.org/x/mod v0.3.0/go.mod h1:s0Qsj1ACt9ePp/hMypM3fl4fZqREWJwdYDEqhRiZZUA=
-golang.org/x/net v0.0.0-20180724234803-3673e40ba225/go.mod h1:mL1N/T3taQHkDXs73rZJwtUhF3w3ftmwwsq0BUmARs4=
-golang.org/x/net v0.0.0-20180826012351-8a410e7b638d/go.mod h1:mL1N/T3taQHkDXs73rZJwtUhF3w3ftmwwsq0BUmARs4=
-golang.org/x/net v0.0.0-20190108225652-1e06a53dbb7e/go.mod h1:mL1N/T3taQHkDXs73rZJwtUhF3w3ftmwwsq0BUmARs4=
-golang.org/x/net v0.0.0-20190213061140-3a22650c66bd/go.mod h1:mL1N/T3taQHkDXs73rZJwtUhF3w3ftmwwsq0BUmARs4=
-golang.org/x/net v0.0.0-20190311183353-d8887717615a/go.mod h1:t9HGtf8HONx5eT2rtn7q6eTqICYqUVnKs3thJo3Qplg=
-golang.org/x/net v0.0.0-20190404232315-eb5bcb51f2a3/go.mod h1:t9HGtf8HONx5eT2rtn7q6eTqICYqUVnKs3thJo3Qplg=
-golang.org/x/net v0.0.0-20190501004415-9ce7a6920f09/go.mod h1:t9HGtf8HONx5eT2rtn7q6eTqICYqUVnKs3thJo3Qplg=
-golang.org/x/net v0.0.0-20190503192946-f4e77d36d62c/go.mod h1:t9HGtf8HONx5eT2rtn7q6eTqICYqUVnKs3thJo3Qplg=
-golang.org/x/net v0.0.0-20190603091049-60506f45cf65/go.mod h1:HSz+uSET+XFnRR8LxR5pz3Of3rY3CfYBVs4xY44aLks=
-golang.org/x/net v0.0.0-20190620200207-3b0461eec859/go.mod h1:z5CRVTTTmAJ677TzLLGU+0bjPO0LkuOLi4/5GtJWs/s=
-golang.org/x/net v0.0.0-20190628185345-da137c7871d7/go.mod h1:z5CRVTTTmAJ677TzLLGU+0bjPO0LkuOLi4/5GtJWs/s=
-golang.org/x/net v0.0.0-20190724013045-ca1201d0de80/go.mod h1:z5CRVTTTmAJ677TzLLGU+0bjPO0LkuOLi4/5GtJWs/s=
-golang.org/x/net v0.0.0-20191209160850-c0dbc17a3553/go.mod h1:z5CRVTTTmAJ677TzLLGU+0bjPO0LkuOLi4/5GtJWs/s=
-golang.org/x/net v0.0.0-20200114155413-6afb5195e5aa/go.mod h1:z5CRVTTTmAJ677TzLLGU+0bjPO0LkuOLi4/5GtJWs/s=
-golang.org/x/net v0.0.0-20200202094626-16171245cfb2/go.mod h1:z5CRVTTTmAJ677TzLLGU+0bjPO0LkuOLi4/5GtJWs/s=
-golang.org/x/net v0.0.0-20200222125558-5a598a2470a0/go.mod h1:z5CRVTTTmAJ677TzLLGU+0bjPO0LkuOLi4/5GtJWs/s=
-golang.org/x/net v0.0.0-20200226121028-0de0cce0169b/go.mod h1:z5CRVTTTmAJ677TzLLGU+0bjPO0LkuOLi4/5GtJWs/s=
-golang.org/x/net v0.0.0-20200301022130-244492dfa37a/go.mod h1:z5CRVTTTmAJ677TzLLGU+0bjPO0LkuOLi4/5GtJWs/s=
-golang.org/x/net v0.0.0-20200324143707-d3edc9973b7e/go.mod h1:qpuaurCH72eLCgpAm/N6yyVIVM9cpaDIP3A8BGJEC5A=
-golang.org/x/net v0.0.0-20200501053045-e0ff5e5a1de5/go.mod h1:qpuaurCH72eLCgpAm/N6yyVIVM9cpaDIP3A8BGJEC5A=
-golang.org/x/net v0.0.0-20200506145744-7e3656a0809f/go.mod h1:qpuaurCH72eLCgpAm/N6yyVIVM9cpaDIP3A8BGJEC5A=
-golang.org/x/net v0.0.0-20200513185701-a91f0712d120/go.mod h1:qpuaurCH72eLCgpAm/N6yyVIVM9cpaDIP3A8BGJEC5A=
-golang.org/x/net v0.0.0-20200520182314-0ba52f642ac2/go.mod h1:qpuaurCH72eLCgpAm/N6yyVIVM9cpaDIP3A8BGJEC5A=
-golang.org/x/net v0.0.0-20200625001655-4c5254603344/go.mod h1:/O7V0waA8r7cgGh81Ro3o1hOxt32SMVPicZroKQ2sZA=
-golang.org/x/net v0.0.0-20200707034311-ab3426394381/go.mod h1:/O7V0waA8r7cgGh81Ro3o1hOxt32SMVPicZroKQ2sZA=
-golang.org/x/net v0.0.0-20200822124328-c89045814202/go.mod h1:/O7V0waA8r7cgGh81Ro3o1hOxt32SMVPicZroKQ2sZA=
-golang.org/x/net v0.0.0-20201021035429-f5854403a974/go.mod h1:sp8m0HH+o8qH0wwXwYZr8TS3Oi6o0r6Gce1SSxlDquU=
-golang.org/x/net v0.0.0-20220127200216-cd36cc0744dd/go.mod h1:CfG3xpIq0wQ8r1q4Su4UZFWDARRcnwPjda9FqA0JpMk=
-golang.org/x/net v0.7.0 h1:rJrUqqhjsgNp7KqAIc25s9pZnjU7TUcSY7HcVZjdn1g=
-golang.org/x/net v0.7.0/go.mod h1:2Tu9+aMcznHK/AK1HMvgo6xiTLG5rD5rZLDS+rp2Bjs=
-golang.org/x/oauth2 v0.0.0-20180821212333-d2e6202438be/go.mod h1:N/0e6XlmueqKjAGxoOufVs8QHGRruUQn6yWY3a++T0U=
-golang.org/x/oauth2 v0.0.0-20190226205417-e64efc72b421/go.mod h1:gOpvHmFTYa4IltrdGE7lF6nIHvwfUNPOp7c8zoXwtLw=
-golang.org/x/oauth2 v0.0.0-20190604053449-0f29369cfe45/go.mod h1:gOpvHmFTYa4IltrdGE7lF6nIHvwfUNPOp7c8zoXwtLw=
-golang.org/x/oauth2 v0.0.0-20191202225959-858c2ad4c8b6/go.mod h1:gOpvHmFTYa4IltrdGE7lF6nIHvwfUNPOp7c8zoXwtLw=
-golang.org/x/oauth2 v0.0.0-20200107190931-bf48bf16ab8d/go.mod h1:gOpvHmFTYa4IltrdGE7lF6nIHvwfUNPOp7c8zoXwtLw=
-golang.org/x/oauth2 v0.0.0-20220223155221-ee480838109b h1:clP8eMhB30EHdc0bd2Twtq6kgU7yl5ub2cQLSdrv1Dg=
-golang.org/x/oauth2 v0.0.0-20220223155221-ee480838109b/go.mod h1:DAh4E804XQdzx2j+YRIaUnCqCV2RuMz24cGBJ5QYIrc=
-golang.org/x/sync v0.0.0-20180314180146-1d60e4601c6f/go.mod h1:RxMgew5VJxzue5/jJTE5uejpjVlOe/izrB70Jof72aM=
-golang.org/x/sync v0.0.0-20181108010431-42b317875d0f/go.mod h1:RxMgew5VJxzue5/jJTE5uejpjVlOe/izrB70Jof72aM=
-golang.org/x/sync v0.0.0-20181221193216-37e7f081c4d4/go.mod h1:RxMgew5VJxzue5/jJTE5uejpjVlOe/izrB70Jof72aM=
-golang.org/x/sync v0.0.0-20190227155943-e225da77a7e6/go.mod h1:RxMgew5VJxzue5/jJTE5uejpjVlOe/izrB70Jof72aM=
-golang.org/x/sync v0.0.0-20190423024810-112230192c58/go.mod h1:RxMgew5VJxzue5/jJTE5uejpjVlOe/izrB70Jof72aM=
-golang.org/x/sync v0.0.0-20190911185100-cd5d95a43a6e/go.mod h1:RxMgew5VJxzue5/jJTE5uejpjVlOe/izrB70Jof72aM=
-golang.org/x/sync v0.0.0-20200317015054-43a5402ce75a/go.mod h1:RxMgew5VJxzue5/jJTE5uejpjVlOe/izrB70Jof72aM=
-golang.org/x/sync v0.0.0-20200625203802-6e8e738ad208/go.mod h1:RxMgew5VJxzue5/jJTE5uejpjVlOe/izrB70Jof72aM=
-golang.org/x/sync v0.0.0-20201020160332-67f06af15bc9/go.mod h1:RxMgew5VJxzue5/jJTE5uejpjVlOe/izrB70Jof72aM=
-golang.org/x/sys v0.0.0-20180830151530-49385e6e1522/go.mod h1:STP8DvDyc/dI5b8T5hshtkjS+E42TnysNCUPdjciGhY=
-golang.org/x/sys v0.0.0-20190215142949-d0b11bdaac8a/go.mod h1:STP8DvDyc/dI5b8T5hshtkjS+E42TnysNCUPdjciGhY=
-golang.org/x/sys v0.0.0-20190312061237-fead79001313/go.mod h1:h1NjWce9XRLGQEsW7wpKNCjG9DtNlClVuFLEZdDNbEs=
-golang.org/x/sys v0.0.0-20190412213103-97732733099d/go.mod h1:h1NjWce9XRLGQEsW7wpKNCjG9DtNlClVuFLEZdDNbEs=
-golang.org/x/sys v0.0.0-20190502145724-3ef323f4f1fd/go.mod h1:h1NjWce9XRLGQEsW7wpKNCjG9DtNlClVuFLEZdDNbEs=
-golang.org/x/sys v0.0.0-20190507160741-ecd444e8653b/go.mod h1:h1NjWce9XRLGQEsW7wpKNCjG9DtNlClVuFLEZdDNbEs=
-golang.org/x/sys v0.0.0-20190606165138-5da285871e9c/go.mod h1:h1NjWce9XRLGQEsW7wpKNCjG9DtNlClVuFLEZdDNbEs=
-golang.org/x/sys v0.0.0-20190624142023-c5567b49c5d0/go.mod h1:h1NjWce9XRLGQEsW7wpKNCjG9DtNlClVuFLEZdDNbEs=
-golang.org/x/sys v0.0.0-20190726091711-fc99dfbffb4e/go.mod h1:h1NjWce9XRLGQEsW7wpKNCjG9DtNlClVuFLEZdDNbEs=
-golang.org/x/sys v0.0.0-20191001151750-bb3f8db39f24/go.mod h1:h1NjWce9XRLGQEsW7wpKNCjG9DtNlClVuFLEZdDNbEs=
-golang.org/x/sys v0.0.0-20191204072324-ce4227a45e2e/go.mod h1:h1NjWce9XRLGQEsW7wpKNCjG9DtNlClVuFLEZdDNbEs=
-golang.org/x/sys v0.0.0-20191228213918-04cbcbbfeed8/go.mod h1:h1NjWce9XRLGQEsW7wpKNCjG9DtNlClVuFLEZdDNbEs=
-golang.org/x/sys v0.0.0-20200113162924-86b910548bc1/go.mod h1:h1NjWce9XRLGQEsW7wpKNCjG9DtNlClVuFLEZdDNbEs=
-golang.org/x/sys v0.0.0-20200122134326-e047566fdf82/go.mod h1:h1NjWce9XRLGQEsW7wpKNCjG9DtNlClVuFLEZdDNbEs=
-golang.org/x/sys v0.0.0-20200202164722-d101bd2416d5/go.mod h1:h1NjWce9XRLGQEsW7wpKNCjG9DtNlClVuFLEZdDNbEs=
-golang.org/x/sys v0.0.0-20200212091648-12a6c2dcc1e4/go.mod h1:h1NjWce9XRLGQEsW7wpKNCjG9DtNlClVuFLEZdDNbEs=
-golang.org/x/sys v0.0.0-20200223170610-d5e6a3e2c0ae/go.mod h1:h1NjWce9XRLGQEsW7wpKNCjG9DtNlClVuFLEZdDNbEs=
-golang.org/x/sys v0.0.0-20200302150141-5c8b2ff67527/go.mod h1:h1NjWce9XRLGQEsW7wpKNCjG9DtNlClVuFLEZdDNbEs=
-golang.org/x/sys v0.0.0-20200323222414-85ca7c5b95cd/go.mod h1:h1NjWce9XRLGQEsW7wpKNCjG9DtNlClVuFLEZdDNbEs=
-golang.org/x/sys v0.0.0-20200331124033-c3d80250170d/go.mod h1:h1NjWce9XRLGQEsW7wpKNCjG9DtNlClVuFLEZdDNbEs=
-golang.org/x/sys v0.0.0-20200501052902-10377860bb8e/go.mod h1:h1NjWce9XRLGQEsW7wpKNCjG9DtNlClVuFLEZdDNbEs=
-golang.org/x/sys v0.0.0-20200511232937-7e40ca221e25/go.mod h1:h1NjWce9XRLGQEsW7wpKNCjG9DtNlClVuFLEZdDNbEs=
-golang.org/x/sys v0.0.0-20200515095857-1151b9dac4a9/go.mod h1:h1NjWce9XRLGQEsW7wpKNCjG9DtNlClVuFLEZdDNbEs=
-golang.org/x/sys v0.0.0-20200523222454-059865788121/go.mod h1:h1NjWce9XRLGQEsW7wpKNCjG9DtNlClVuFLEZdDNbEs=
-golang.org/x/sys v0.0.0-20200803210538-64077c9b5642/go.mod h1:h1NjWce9XRLGQEsW7wpKNCjG9DtNlClVuFLEZdDNbEs=
-golang.org/x/sys v0.0.0-20200930185726-fdedc70b468f/go.mod h1:h1NjWce9XRLGQEsW7wpKNCjG9DtNlClVuFLEZdDNbEs=
-golang.org/x/sys v0.0.0-20210615035016-665e8c7367d1/go.mod h1:oPkhp1MJrh7nUepCBck5+mAzfO9JrbApNNgaTdGDITg=
-golang.org/x/sys v0.0.0-20211216021012-1d35b9e2eb4e/go.mod h1:oPkhp1MJrh7nUepCBck5+mAzfO9JrbApNNgaTdGDITg=
-golang.org/x/sys v0.0.0-20220715151400-c0bba94af5f8/go.mod h1:oPkhp1MJrh7nUepCBck5+mAzfO9JrbApNNgaTdGDITg=
-golang.org/x/sys v0.5.0 h1:MUK/U/4lj1t1oPg0HfuXDN/Z1wv31ZJ/YcPiGccS4DU=
-golang.org/x/sys v0.5.0/go.mod h1:oPkhp1MJrh7nUepCBck5+mAzfO9JrbApNNgaTdGDITg=
-golang.org/x/term v0.0.0-20210927222741-03fcf44c2211/go.mod h1:jbD1KX2456YbFQfuXm/mYQcufACuNUgVhRMnK/tPxf8=
-golang.org/x/term v0.5.0 h1:n2a8QNdAb0sZNpU9R1ALUXBbY+w51fCQDN+7EdxNBsY=
-golang.org/x/term v0.5.0/go.mod h1:jMB1sMXY+tzblOD4FWmEbocvup2/aLOaQEp7JmGp78k=
-golang.org/x/text v0.0.0-20170915032832-14c0d48ead0c/go.mod h1:NqM8EUOU14njkJ3fqMW+pc6Ldnwhi/IjpwHt7yyuwOQ=
-golang.org/x/text v0.3.0/go.mod h1:NqM8EUOU14njkJ3fqMW+pc6Ldnwhi/IjpwHt7yyuwOQ=
-golang.org/x/text v0.3.1-0.20180807135948-17ff2d5776d2/go.mod h1:NqM8EUOU14njkJ3fqMW+pc6Ldnwhi/IjpwHt7yyuwOQ=
-golang.org/x/text v0.3.2/go.mod h1:bEr9sfX3Q8Zfm5fL9x+3itogRgK3+ptLWKqgva+5dAk=
-golang.org/x/text v0.3.3/go.mod h1:5Zoc/QRtKVWzQhOtBMvqHzDpF6irO9z98xDceosuGiQ=
-golang.org/x/text v0.3.7/go.mod h1:u+2+/6zg+i71rQMx5EYifcz6MCKuco9NR6JIITiCfzQ=
-golang.org/x/text v0.7.0 h1:4BRB4x83lYWy72KwLD/qYDuTu7q9PjSagHvijDw7cLo=
-golang.org/x/text v0.7.0/go.mod h1:mrYo+phRRbMaCq/xk9113O4dZlRixOauAjOtrjsXDZ8=
-golang.org/x/time v0.0.0-20181108054448-85acf8d2951c/go.mod h1:tRJNPiyCQ0inRvYxbN9jk5I+vvW/OXSQhTDSoE431IQ=
-golang.org/x/time v0.0.0-20190308202827-9d24e82272b4/go.mod h1:tRJNPiyCQ0inRvYxbN9jk5I+vvW/OXSQhTDSoE431IQ=
-golang.org/x/time v0.0.0-20191024005414-555d28b269f0/go.mod h1:tRJNPiyCQ0inRvYxbN9jk5I+vvW/OXSQhTDSoE431IQ=
-golang.org/x/time v0.0.0-20220210224613-90d013bbcef8 h1:vVKdlvoWBphwdxWKrFZEuM0kGgGLxUOYcY4U/2Vjg44=
-golang.org/x/time v0.0.0-20220210224613-90d013bbcef8/go.mod h1:tRJNPiyCQ0inRvYxbN9jk5I+vvW/OXSQhTDSoE431IQ=
-golang.org/x/tools v0.0.0-20180917221912-90fa682c2a6e/go.mod h1:n7NCudcB/nEzxVGmLbDWY5pfWTLqBcC2KZ6jyYvM4mQ=
-golang.org/x/tools v0.0.0-20190114222345-bf090417da8b/go.mod h1:n7NCudcB/nEzxVGmLbDWY5pfWTLqBcC2KZ6jyYvM4mQ=
-golang.org/x/tools v0.0.0-20190226205152-f727befe758c/go.mod h1:9Yl7xja0Znq3iFh3HoIrodX9oNMXvdceNzlUR8zjMvY=
-golang.org/x/tools v0.0.0-20190311212946-11955173bddd/go.mod h1:LCzVGOaR6xXOjkQ3onu1FJEFr0SW1gC7cKk1uF8kGRs=
-golang.org/x/tools v0.0.0-20190312151545-0bb0c0a6e846/go.mod h1:LCzVGOaR6xXOjkQ3onu1FJEFr0SW1gC7cKk1uF8kGRs=
-golang.org/x/tools v0.0.0-20190312170243-e65039ee4138/go.mod h1:LCzVGOaR6xXOjkQ3onu1FJEFr0SW1gC7cKk1uF8kGRs=
-golang.org/x/tools v0.0.0-20190425150028-36563e24a262/go.mod h1:RgjU9mgBXZiqYHBnxXauZ1Gv1EHHAz9KjViQ78xBX0Q=
-golang.org/x/tools v0.0.0-20190506145303-2d16b83fe98c/go.mod h1:RgjU9mgBXZiqYHBnxXauZ1Gv1EHHAz9KjViQ78xBX0Q=
-golang.org/x/tools v0.0.0-20190524140312-2c0ae7006135/go.mod h1:RgjU9mgBXZiqYHBnxXauZ1Gv1EHHAz9KjViQ78xBX0Q=
-golang.org/x/tools v0.0.0-20190606124116-d0a3d012864b/go.mod h1:/rFqwRUd4F7ZHNgwSSTFct+R/Kf4OFW1sUzUTQQTgfc=
-golang.org/x/tools v0.0.0-20190621195816-6e04913cbbac/go.mod h1:/rFqwRUd4F7ZHNgwSSTFct+R/Kf4OFW1sUzUTQQTgfc=
-golang.org/x/tools v0.0.0-20190628153133-6cdbf07be9d0/go.mod h1:/rFqwRUd4F7ZHNgwSSTFct+R/Kf4OFW1sUzUTQQTgfc=
-golang.org/x/tools v0.0.0-20190816200558-6889da9d5479/go.mod h1:b+2E5dAYhXwXZwtnZ6UAqBI28+e2cm9otk0dWdXHAEo=
-golang.org/x/tools v0.0.0-20190911174233-4f2ddba30aff/go.mod h1:b+2E5dAYhXwXZwtnZ6UAqBI28+e2cm9otk0dWdXHAEo=
-golang.org/x/tools v0.0.0-20191012152004-8de300cfc20a/go.mod h1:b+2E5dAYhXwXZwtnZ6UAqBI28+e2cm9otk0dWdXHAEo=
-golang.org/x/tools v0.0.0-20191113191852-77e3bb0ad9e7/go.mod h1:b+2E5dAYhXwXZwtnZ6UAqBI28+e2cm9otk0dWdXHAEo=
-golang.org/x/tools v0.0.0-20191115202509-3a792d9c32b2/go.mod h1:b+2E5dAYhXwXZwtnZ6UAqBI28+e2cm9otk0dWdXHAEo=
-golang.org/x/tools v0.0.0-20191119224855-298f0cb1881e/go.mod h1:b+2E5dAYhXwXZwtnZ6UAqBI28+e2cm9otk0dWdXHAEo=
-golang.org/x/tools v0.0.0-20191125144606-a911d9008d1f/go.mod h1:b+2E5dAYhXwXZwtnZ6UAqBI28+e2cm9otk0dWdXHAEo=
-golang.org/x/tools v0.0.0-20191130070609-6e064ea0cf2d/go.mod h1:b+2E5dAYhXwXZwtnZ6UAqBI28+e2cm9otk0dWdXHAEo=
-golang.org/x/tools v0.0.0-20191216173652-a0e659d51361/go.mod h1:TB2adYChydJhpapKDTa4BR/hXlZSLoq2Wpct/0txZ28=
-golang.org/x/tools v0.0.0-20191227053925-7b8e75db28f4/go.mod h1:TB2adYChydJhpapKDTa4BR/hXlZSLoq2Wpct/0txZ28=
-golang.org/x/tools v0.0.0-20200117161641-43d50277825c/go.mod h1:TB2adYChydJhpapKDTa4BR/hXlZSLoq2Wpct/0txZ28=
-golang.org/x/tools v0.0.0-20200122220014-bf1340f18c4a/go.mod h1:TB2adYChydJhpapKDTa4BR/hXlZSLoq2Wpct/0txZ28=
-golang.org/x/tools v0.0.0-20200130002326-2f3ba24bd6e7/go.mod h1:TB2adYChydJhpapKDTa4BR/hXlZSLoq2Wpct/0txZ28=
-golang.org/x/tools v0.0.0-20200204074204-1cc6d1ef6c74/go.mod h1:TB2adYChydJhpapKDTa4BR/hXlZSLoq2Wpct/0txZ28=
-golang.org/x/tools v0.0.0-20200207183749-b753a1ba74fa/go.mod h1:TB2adYChydJhpapKDTa4BR/hXlZSLoq2Wpct/0txZ28=
-golang.org/x/tools v0.0.0-20200212150539-ea181f53ac56/go.mod h1:TB2adYChydJhpapKDTa4BR/hXlZSLoq2Wpct/0txZ28=
-golang.org/x/tools v0.0.0-20200224181240-023911ca70b2/go.mod h1:TB2adYChydJhpapKDTa4BR/hXlZSLoq2Wpct/0txZ28=
-golang.org/x/tools v0.0.0-20200227222343-706bc42d1f0d/go.mod h1:TB2adYChydJhpapKDTa4BR/hXlZSLoq2Wpct/0txZ28=
-golang.org/x/tools v0.0.0-20200304193943-95d2e580d8eb/go.mod h1:o4KQGtdN14AW+yjsvvwRTJJuXz8XRtIHtEnmAXLyFUw=
-golang.org/x/tools v0.0.0-20200312045724-11d5b4c81c7d/go.mod h1:o4KQGtdN14AW+yjsvvwRTJJuXz8XRtIHtEnmAXLyFUw=
-golang.org/x/tools v0.0.0-20200331025713-a30bf2db82d4/go.mod h1:Sl4aGygMT6LrqrWclx+PTx3U+LnKx/seiNR+3G19Ar8=
-golang.org/x/tools v0.0.0-20200501065659-ab2804fb9c9d/go.mod h1:EkVYQZoAsY45+roYkvgYkIh4xh/qjgUK9TdY2XT94GE=
-golang.org/x/tools v0.0.0-20200512131952-2bc93b1c0c88/go.mod h1:EkVYQZoAsY45+roYkvgYkIh4xh/qjgUK9TdY2XT94GE=
-golang.org/x/tools v0.0.0-20200515010526-7d3b6ebf133d/go.mod h1:EkVYQZoAsY45+roYkvgYkIh4xh/qjgUK9TdY2XT94GE=
-golang.org/x/tools v0.0.0-20200618134242-20370b0cb4b2/go.mod h1:EkVYQZoAsY45+roYkvgYkIh4xh/qjgUK9TdY2XT94GE=
-golang.org/x/tools v0.0.0-20200619180055-7c47624df98f/go.mod h1:EkVYQZoAsY45+roYkvgYkIh4xh/qjgUK9TdY2XT94GE=
-golang.org/x/tools v0.0.0-20200729194436-6467de6f59a7/go.mod h1:njjCfa9FT2d7l9Bc6FUM5FLjQPp3cFF28FI3qnDFljA=
-golang.org/x/tools v0.0.0-20200804011535-6c149bb5ef0d/go.mod h1:njjCfa9FT2d7l9Bc6FUM5FLjQPp3cFF28FI3qnDFljA=
-golang.org/x/tools v0.0.0-20200825202427-b303f430e36d/go.mod h1:njjCfa9FT2d7l9Bc6FUM5FLjQPp3cFF28FI3qnDFljA=
-golang.org/x/tools v0.0.0-20210106214847-113979e3529a/go.mod h1:emZCQorbCU4vsT4fOWvOPXz4eW1wZW4PmDk9uLelYpA=
-golang.org/x/xerrors v0.0.0-20190717185122-a985d3407aa7/go.mod h1:I/5z698sn9Ka8TeJc9MKroUUfqBBauWjQqLJ2OPfmY0=
-golang.org/x/xerrors v0.0.0-20191011141410-1b5146add898/go.mod h1:I/5z698sn9Ka8TeJc9MKroUUfqBBauWjQqLJ2OPfmY0=
-golang.org/x/xerrors v0.0.0-20191204190536-9bdfabe68543/go.mod h1:I/5z698sn9Ka8TeJc9MKroUUfqBBauWjQqLJ2OPfmY0=
-golang.org/x/xerrors v0.0.0-20200804184101-5ec99f83aff1/go.mod h1:I/5z698sn9Ka8TeJc9MKroUUfqBBauWjQqLJ2OPfmY0=
-google.golang.org/api v0.4.0/go.mod h1:8k5glujaEP+g9n7WNsDg8QP6cUVNI86fCNMcbazEtwE=
-google.golang.org/api v0.7.0/go.mod h1:WtwebWUNSVBH/HAw79HIFXZNqEvBhG+Ra+ax0hx3E3M=
-google.golang.org/api v0.8.0/go.mod h1:o4eAsZoiT+ibD93RtjEohWalFOjRDx6CVaqeizhEnKg=
-google.golang.org/api v0.9.0/go.mod h1:o4eAsZoiT+ibD93RtjEohWalFOjRDx6CVaqeizhEnKg=
-google.golang.org/api v0.13.0/go.mod h1:iLdEw5Ide6rF15KTC1Kkl0iskquN2gFfn9o9XIsbkAI=
-google.golang.org/api v0.14.0/go.mod h1:iLdEw5Ide6rF15KTC1Kkl0iskquN2gFfn9o9XIsbkAI=
-google.golang.org/api v0.15.0/go.mod h1:iLdEw5Ide6rF15KTC1Kkl0iskquN2gFfn9o9XIsbkAI=
-google.golang.org/api v0.17.0/go.mod h1:BwFmGc8tA3vsd7r/7kR8DY7iEEGSU04BFxCo5jP/sfE=
-google.golang.org/api v0.18.0/go.mod h1:BwFmGc8tA3vsd7r/7kR8DY7iEEGSU04BFxCo5jP/sfE=
-google.golang.org/api v0.19.0/go.mod h1:BwFmGc8tA3vsd7r/7kR8DY7iEEGSU04BFxCo5jP/sfE=
-google.golang.org/api v0.20.0/go.mod h1:BwFmGc8tA3vsd7r/7kR8DY7iEEGSU04BFxCo5jP/sfE=
-google.golang.org/api v0.22.0/go.mod h1:BwFmGc8tA3vsd7r/7kR8DY7iEEGSU04BFxCo5jP/sfE=
-google.golang.org/api v0.24.0/go.mod h1:lIXQywCXRcnZPGlsd8NbLnOjtAoL6em04bJ9+z0MncE=
-google.golang.org/api v0.28.0/go.mod h1:lIXQywCXRcnZPGlsd8NbLnOjtAoL6em04bJ9+z0MncE=
-google.golang.org/api v0.29.0/go.mod h1:Lcubydp8VUV7KeIHD9z2Bys/sm/vGKnG1UHuDBSrHWM=
-google.golang.org/api v0.30.0/go.mod h1:QGmEvQ87FHZNiUVJkT14jQNYJ4ZJjdRF23ZXz5138Fc=
-google.golang.org/appengine v1.1.0/go.mod h1:EbEs0AVv82hx2wNQdGPgUI5lhzA/G0D9YwlJXL52JkM=
-google.golang.org/appengine v1.4.0/go.mod h1:xpcJRLb0r/rnEns0DIKYYv+WjYCduHsrkT7/EB5XEv4=
-google.golang.org/appengine v1.5.0/go.mod h1:xpcJRLb0r/rnEns0DIKYYv+WjYCduHsrkT7/EB5XEv4=
-google.golang.org/appengine v1.6.1/go.mod h1:i06prIuMbXzDqacNJfV5OdTW448YApPu5ww/cMBSeb0=
-google.golang.org/appengine v1.6.5/go.mod h1:8WjMMxjGQR8xUklV/ARdw2HLXBOI7O7uCIDZVag1xfc=
-google.golang.org/appengine v1.6.6/go.mod h1:8WjMMxjGQR8xUklV/ARdw2HLXBOI7O7uCIDZVag1xfc=
-google.golang.org/appengine v1.6.7 h1:FZR1q0exgwxzPzp/aF+VccGrSfxfPpkBqjIIEq3ru6c=
-google.golang.org/appengine v1.6.7/go.mod h1:8WjMMxjGQR8xUklV/ARdw2HLXBOI7O7uCIDZVag1xfc=
-google.golang.org/genproto v0.0.0-20180817151627-c66870c02cf8/go.mod h1:JiN7NxoALGmiZfu7CAH4rXhgtRTLTxftemlI0sWmxmc=
-google.golang.org/genproto v0.0.0-20190307195333-5fe7a883aa19/go.mod h1:VzzqZJRnGkLBvHegQrXjBqPurQTc5/KpmUdxsrq26oE=
-google.golang.org/genproto v0.0.0-20190418145605-e7d98fc518a7/go.mod h1:VzzqZJRnGkLBvHegQrXjBqPurQTc5/KpmUdxsrq26oE=
-google.golang.org/genproto v0.0.0-20190425155659-357c62f0e4bb/go.mod h1:VzzqZJRnGkLBvHegQrXjBqPurQTc5/KpmUdxsrq26oE=
-google.golang.org/genproto v0.0.0-20190502173448-54afdca5d873/go.mod h1:VzzqZJRnGkLBvHegQrXjBqPurQTc5/KpmUdxsrq26oE=
-google.golang.org/genproto v0.0.0-20190801165951-fa694d86fc64/go.mod h1:DMBHOl98Agz4BDEuKkezgsaosCRResVns1a3J2ZsMNc=
-google.golang.org/genproto v0.0.0-20190819201941-24fa4b261c55/go.mod h1:DMBHOl98Agz4BDEuKkezgsaosCRResVns1a3J2ZsMNc=
-google.golang.org/genproto v0.0.0-20190911173649-1774047e7e51/go.mod h1:IbNlFCBrqXvoKpeg0TB2l7cyZUmoaFKYIwrEpbDKLA8=
-google.golang.org/genproto v0.0.0-20191108220845-16a3f7862a1a/go.mod h1:n3cpQtvxv34hfy77yVDNjmbRyujviMdxYliBSkLhpCc=
-google.golang.org/genproto v0.0.0-20191115194625-c23dd37a84c9/go.mod h1:n3cpQtvxv34hfy77yVDNjmbRyujviMdxYliBSkLhpCc=
-google.golang.org/genproto v0.0.0-20191216164720-4f79533eabd1/go.mod h1:n3cpQtvxv34hfy77yVDNjmbRyujviMdxYliBSkLhpCc=
-google.golang.org/genproto v0.0.0-20191230161307-f3c370f40bfb/go.mod h1:n3cpQtvxv34hfy77yVDNjmbRyujviMdxYliBSkLhpCc=
-google.golang.org/genproto v0.0.0-20200115191322-ca5a22157cba/go.mod h1:n3cpQtvxv34hfy77yVDNjmbRyujviMdxYliBSkLhpCc=
-google.golang.org/genproto v0.0.0-20200122232147-0452cf42e150/go.mod h1:n3cpQtvxv34hfy77yVDNjmbRyujviMdxYliBSkLhpCc=
-google.golang.org/genproto v0.0.0-20200204135345-fa8e72b47b90/go.mod h1:GmwEX6Z4W5gMy59cAlVYjN9JhxgbQH6Gn+gFDQe2lzA=
-google.golang.org/genproto v0.0.0-20200212174721-66ed5ce911ce/go.mod h1:55QSHmfGQM9UVYDPBsyGGes0y52j32PQ3BqQfXhyH3c=
-google.golang.org/genproto v0.0.0-20200224152610-e50cd9704f63/go.mod h1:55QSHmfGQM9UVYDPBsyGGes0y52j32PQ3BqQfXhyH3c=
-google.golang.org/genproto v0.0.0-20200228133532-8c2c7df3a383/go.mod h1:55QSHmfGQM9UVYDPBsyGGes0y52j32PQ3BqQfXhyH3c=
-google.golang.org/genproto v0.0.0-20200305110556-506484158171/go.mod h1:55QSHmfGQM9UVYDPBsyGGes0y52j32PQ3BqQfXhyH3c=
-google.golang.org/genproto v0.0.0-20200312145019-da6875a35672/go.mod h1:55QSHmfGQM9UVYDPBsyGGes0y52j32PQ3BqQfXhyH3c=
-google.golang.org/genproto v0.0.0-20200331122359-1ee6d9798940/go.mod h1:55QSHmfGQM9UVYDPBsyGGes0y52j32PQ3BqQfXhyH3c=
-google.golang.org/genproto v0.0.0-20200430143042-b979b6f78d84/go.mod h1:55QSHmfGQM9UVYDPBsyGGes0y52j32PQ3BqQfXhyH3c=
-google.golang.org/genproto v0.0.0-20200511104702-f5ebc3bea380/go.mod h1:55QSHmfGQM9UVYDPBsyGGes0y52j32PQ3BqQfXhyH3c=
-google.golang.org/genproto v0.0.0-20200515170657-fc4c6c6a6587/go.mod h1:YsZOwe1myG/8QRHRsmBRE1LrgQY60beZKjly0O1fX9U=
-google.golang.org/genproto v0.0.0-20200526211855-cb27e3aa2013/go.mod h1:NbSheEEYHJ7i3ixzK3sjbqSGDJWnxyFXZblF3eUsNvo=
-google.golang.org/genproto v0.0.0-20200618031413-b414f8b61790/go.mod h1:jDfRM7FcilCzHH/e9qn6dsT145K34l5v+OpcnNgKAAA=
-google.golang.org/genproto v0.0.0-20200729003335-053ba62fc06f/go.mod h1:FWY/as6DDZQgahTzZj3fqbO1CbirC29ZNUFHwi0/+no=
-google.golang.org/genproto v0.0.0-20200804131852-c06518451d9c/go.mod h1:FWY/as6DDZQgahTzZj3fqbO1CbirC29ZNUFHwi0/+no=
-google.golang.org/genproto v0.0.0-20200825200019-8632dd797987/go.mod h1:FWY/as6DDZQgahTzZj3fqbO1CbirC29ZNUFHwi0/+no=
-google.golang.org/genproto v0.0.0-20201019141844-1ed22bb0c154/go.mod h1:FWY/as6DDZQgahTzZj3fqbO1CbirC29ZNUFHwi0/+no=
-google.golang.org/grpc v1.19.0/go.mod h1:mqu4LbDTu4XGKhr4mRzUsmM4RtVoemTSY81AxZiDr8c=
-google.golang.org/grpc v1.20.1/go.mod h1:10oTOabMzJvdu6/UiuZezV6QK5dSlG84ov/aaiqXj38=
-google.golang.org/grpc v1.21.1/go.mod h1:oYelfM1adQP15Ek0mdvEgi9Df8B9CZIaU1084ijfRaM=
-google.golang.org/grpc v1.23.0/go.mod h1:Y5yQAOtifL1yxbo5wqy6BxZv8vAUGQwXBOALyacEbxg=
-google.golang.org/grpc v1.25.1/go.mod h1:c3i+UQWmh7LiEpx4sFZnkU36qjEYZ0imhYfXVyQciAY=
-google.golang.org/grpc v1.26.0/go.mod h1:qbnxyOmOxrQa7FizSgH+ReBfzJrCY1pSN7KXBS8abTk=
-google.golang.org/grpc v1.27.0/go.mod h1:qbnxyOmOxrQa7FizSgH+ReBfzJrCY1pSN7KXBS8abTk=
-google.golang.org/grpc v1.27.1/go.mod h1:qbnxyOmOxrQa7FizSgH+ReBfzJrCY1pSN7KXBS8abTk=
-google.golang.org/grpc v1.28.0/go.mod h1:rpkK4SK4GF4Ach/+MFLZUBavHOvF2JJB5uozKKal+60=
-google.golang.org/grpc v1.29.1/go.mod h1:itym6AZVZYACWQqET3MqgPpjcuV5QH3BxFS3IjizoKk=
-google.golang.org/grpc v1.30.0/go.mod h1:N36X2cJ7JwdamYAgDz+s+rVMFjt3numwzf/HckM8pak=
-google.golang.org/grpc v1.31.0/go.mod h1:N36X2cJ7JwdamYAgDz+s+rVMFjt3numwzf/HckM8pak=
-google.golang.org/protobuf v0.0.0-20200109180630-ec00e32a8dfd/go.mod h1:DFci5gLYBciE7Vtevhsrf46CRTquxDuWsQurQQe4oz8=
-google.golang.org/protobuf v0.0.0-20200221191635-4d8936d0db64/go.mod h1:kwYJMbMJ01Woi6D6+Kah6886xMZcty6N08ah7+eCXa0=
-google.golang.org/protobuf v0.0.0-20200228230310-ab0ca4ff8a60/go.mod h1:cfTl7dwQJ+fmap5saPgwCLgHXTUD7jkjRqWcaiX5VyM=
-google.golang.org/protobuf v1.20.1-0.20200309200217-e05f789c0967/go.mod h1:A+miEFZTKqfCUM6K7xSMQL9OKL/b6hQv+e19PK+JZNE=
-google.golang.org/protobuf v1.21.0/go.mod h1:47Nbq4nVaFHyn7ilMalzfO3qCViNmqZ2kzikPIcrTAo=
-google.golang.org/protobuf v1.22.0/go.mod h1:EGpADcykh3NcUnDUJcl1+ZksZNG86OlYog2l/sGQquU=
-google.golang.org/protobuf v1.23.0/go.mod h1:EGpADcykh3NcUnDUJcl1+ZksZNG86OlYog2l/sGQquU=
-google.golang.org/protobuf v1.23.1-0.20200526195155-81db48ad09cc/go.mod h1:EGpADcykh3NcUnDUJcl1+ZksZNG86OlYog2l/sGQquU=
-google.golang.org/protobuf v1.24.0/go.mod h1:r/3tXBNzIEhYS9I1OUVjXDlt8tc493IdKGjtUeSXeh4=
-google.golang.org/protobuf v1.25.0/go.mod h1:9JNX74DMeImyA3h4bdi1ymwjUzf21/xIlbajtzgsN7c=
-google.golang.org/protobuf v1.26.0-rc.1/go.mod h1:jlhhOSvTdKEhbULTjvd4ARK9grFBp09yW+WbY/TyQbw=
-google.golang.org/protobuf v1.26.0/go.mod h1:9q0QmTI4eRPtz6boOQmLYwt+qCgq0jsYwAQnmE0givc=
-google.golang.org/protobuf v1.28.1 h1:d0NfwRgPtno5B1Wa6L2DAG+KivqkdutMf1UhdNx175w=
-google.golang.org/protobuf v1.28.1/go.mod h1:HV8QOd/L58Z+nl8r43ehVNZIU/HEI6OcFqwMG9pJV4I=
-gopkg.in/check.v1 v0.0.0-20161208181325-20d25e280405/go.mod h1:Co6ibVJAznAaIkqp8huTwlJQCZ016jof/cbN4VW5Yz0=
-gopkg.in/check.v1 v1.0.0-20180628173108-788fd7840127/go.mod h1:Co6ibVJAznAaIkqp8huTwlJQCZ016jof/cbN4VW5Yz0=
-gopkg.in/check.v1 v1.0.0-20190902080502-41f04d3bba15/go.mod h1:Co6ibVJAznAaIkqp8huTwlJQCZ016jof/cbN4VW5Yz0=
-gopkg.in/check.v1 v1.0.0-20200227125254-8fa46927fb4f h1:BLraFXnmrev5lT+xlilqcH8XK9/i0At2xKjWk4p6zsU=
-gopkg.in/check.v1 v1.0.0-20200227125254-8fa46927fb4f/go.mod h1:Co6ibVJAznAaIkqp8huTwlJQCZ016jof/cbN4VW5Yz0=
-gopkg.in/errgo.v2 v2.1.0/go.mod h1:hNsd1EY+bozCKY1Ytp96fpM3vjJbqLJn88ws8XvfDNI=
-gopkg.in/inf.v0 v0.9.1 h1:73M5CoZyi3ZLMOyDlQh031Cx6N9NDJ2Vvfl76EDAgDc=
-gopkg.in/inf.v0 v0.9.1/go.mod h1:cWUDdTG/fYaXco+Dcufb5Vnc6Gp2YChqWtbxRZE0mXw=
-gopkg.in/yaml.v2 v2.2.2/go.mod h1:hI93XBmqTisBFMUTm0b8Fm+jr3Dg1NNxqwp+5A1VGuI=
-gopkg.in/yaml.v2 v2.2.8/go.mod h1:hI93XBmqTisBFMUTm0b8Fm+jr3Dg1NNxqwp+5A1VGuI=
-gopkg.in/yaml.v2 v2.4.0 h1:D8xgwECY7CYvx+Y2n4sBz93Jn9JRvxdiyyo8CTfuKaY=
-gopkg.in/yaml.v2 v2.4.0/go.mod h1:RDklbk79AGWmwhnvt/jBztapEOGDOx6ZbXqjP6csGnQ=
-gopkg.in/yaml.v3 v3.0.0-20200313102051-9f266ea9e77c/go.mod h1:K4uyk7z7BCEPqu6E+C64Yfv1cQ7kz7rIZviUmN+EgEM=
-gopkg.in/yaml.v3 v3.0.0-20200615113413-eeeca48fe776/go.mod h1:K4uyk7z7BCEPqu6E+C64Yfv1cQ7kz7rIZviUmN+EgEM=
-gopkg.in/yaml.v3 v3.0.1 h1:fxVm/GzAzEWqLHuvctI91KS9hhNmmWOoWu0XTYJS7CA=
-gopkg.in/yaml.v3 v3.0.1/go.mod h1:K4uyk7z7BCEPqu6E+C64Yfv1cQ7kz7rIZviUmN+EgEM=
-honnef.co/go/tools v0.0.0-20190102054323-c2f93a96b099/go.mod h1:rf3lG4BRIbNafJWhAfAdb/ePZxsR/4RtNHQocxwk9r4=
-honnef.co/go/tools v0.0.0-20190106161140-3f1c8253044a/go.mod h1:rf3lG4BRIbNafJWhAfAdb/ePZxsR/4RtNHQocxwk9r4=
-honnef.co/go/tools v0.0.0-20190418001031-e561f6794a2a/go.mod h1:rf3lG4BRIbNafJWhAfAdb/ePZxsR/4RtNHQocxwk9r4=
-honnef.co/go/tools v0.0.0-20190523083050-ea95bdfd59fc/go.mod h1:rf3lG4BRIbNafJWhAfAdb/ePZxsR/4RtNHQocxwk9r4=
-honnef.co/go/tools v0.0.1-2019.2.3/go.mod h1:a3bituU0lyd329TUQxRnasdCoJDkEUEAqEt0JzvZhAg=
-honnef.co/go/tools v0.0.1-2020.1.3/go.mod h1:X/FiERA/W4tHapMX5mGpAtMSVEeEUOyHaw9vFzvIQ3k=
-honnef.co/go/tools v0.0.1-2020.1.4/go.mod h1:X/FiERA/W4tHapMX5mGpAtMSVEeEUOyHaw9vFzvIQ3k=
-k8s.io/api v0.26.1 h1:f+SWYiPd/GsiWwVRz+NbFyCgvv75Pk9NK6dlkZgpCRQ=
-k8s.io/api v0.26.1/go.mod h1:xd/GBNgR0f707+ATNyPmQ1oyKSgndzXij81FzWGsejg=
-k8s.io/apimachinery v0.26.1 h1:8EZ/eGJL+hY/MYCNwhmDzVqq2lPl3N3Bo8rvweJwXUQ=
-k8s.io/apimachinery v0.26.1/go.mod h1:tnPmbONNJ7ByJNz9+n9kMjNP8ON+1qoAIIC70lztu74=
-k8s.io/client-go v0.26.1 h1:87CXzYJnAMGaa/IDDfRdhTzxk/wzGZ+/HUQpqgVSZXU=
-k8s.io/client-go v0.26.1/go.mod h1:IWNSglg+rQ3OcvDkhY6+QLeasV4OYHDjdqeWkDQZwGE=
-k8s.io/klog/v2 v2.80.1 h1:atnLQ121W371wYYFawwYx1aEY2eUfs4l3J72wtgAwV4=
-k8s.io/klog/v2 v2.80.1/go.mod h1:y1WjHnz7Dj687irZUWR/WLkLc5N1YHtjLdmgWjndZn0=
-k8s.io/kube-openapi v0.0.0-20221012153701-172d655c2280 h1:+70TFaan3hfJzs+7VK2o+OGxg8HsuBr/5f6tVAjDu6E=
-k8s.io/kube-openapi v0.0.0-20221012153701-172d655c2280/go.mod h1:+Axhij7bCpeqhklhUTe3xmOn6bWxolyZEeyaFpjGtl4=
-k8s.io/utils v0.0.0-20221107191617-1a15be271d1d h1:0Smp/HP1OH4Rvhe+4B8nWGERtlqAGSftbSbbmm45oFs=
-k8s.io/utils v0.0.0-20221107191617-1a15be271d1d/go.mod h1:OLgZIPagt7ERELqWJFomSt595RzquPNLL48iOWgYOg0=
-rsc.io/binaryregexp v0.2.0/go.mod h1:qTv7/COck+e2FymRvadv62gMdZztPaShugOCi3I+8D8=
-rsc.io/quote/v3 v3.1.0/go.mod h1:yEA65RcK8LyAZtP9Kv3t0HmxON59tX3rD+tICJqUlj0=
-rsc.io/sampler v1.3.0/go.mod h1:T1hPZKmBbMNahiBKFy5HrXp6adAjACjK9JXDnKaTXpA=
-sigs.k8s.io/json v0.0.0-20220713155537-f223a00ba0e2 h1:iXTIw73aPyC+oRdyqqvVJuloN1p0AC/kzH07hu3NE+k=
-sigs.k8s.io/json v0.0.0-20220713155537-f223a00ba0e2/go.mod h1:B8JuhiUyNFVKdsE8h686QcCxMaH6HrOAZj4vswFpcB0=
-sigs.k8s.io/release-utils v0.7.3 h1:6pS8x6c5RmdUgR9qcg1LO6hjUzuE4Yo9TGZ3DemrZdM=
-sigs.k8s.io/release-utils v0.7.3/go.mod h1:n0mVez/1PZYZaZUTJmxewxH3RJ/Lf7JUDh7TG1CASOE=
-sigs.k8s.io/structured-merge-diff/v4 v4.2.3 h1:PRbqxJClWWYMNV1dhaG4NsibJbArud9kFxnAMREiWFE=
-sigs.k8s.io/structured-merge-diff/v4 v4.2.3/go.mod h1:qjx8mGObPmV2aSZepjQjbmb2ihdVs8cGKBraizNC69E=
-sigs.k8s.io/yaml v1.3.0 h1:a2VclLzOGrwOHDiV8EfBGhvjHvP46CtW5j6POvhYGGo=
-sigs.k8s.io/yaml v1.3.0/go.mod h1:GeOyir5tyXNByN85N/dRIT9es5UQNerPYEKK56eTBm8=",accepted_fault,Build Failure,Build Configuration Error
issta2024_bugs_in_pods_understanding_bugs:a4baaf8c7995c0c4,issta2024_bugs_in_pods_understanding_bugs,containerd,https://github.com/containerd/containerd/commit/0f743ce4fffc2fad1bdd866c5810dff3d69916af,vendor: golang.org/x/net v0.0.0-20220906165146-f3363e06e74c,"Update to the latest version that contains a fix for CVE-2022-27664;
https://github.com/golang/net/commit/f3363e06e74cdc304618bf31d898b78590103527

Signed-off-by: Sebastiaan van Stijn <github@gone.nl>",no_comments_in_source,committed,2022-09-06T20:46:21+00:00,"[""go.mod"", ""go.sum"", ""integration/client/go.mod"", ""integration/client/go.sum"", ""vendor/golang.org/x/net/http2/frame.go"", ""vendor/golang.org/x/net/http2/hpack/encode.go"", ""vendor/golang.org/x/net/http2/hpack/hpack.go"", ""vendor/golang.org/x/net/http2/http2.go"", ""vendor/golang.org/x/net/http2/server.go"", ""vendor/golang.org/x/net/http2/transport.go"", ""vendor/modules.txt""]","diff --git a/go.mod b/go.mod
index 8bd705f70152a..c54f45cd46bf8 100644
--- a/go.mod
+++ b/go.mod
@@ -124,7 +124,7 @@ require (
 	go.opentelemetry.io/otel/exporters/otlp/internal/retry v1.7.0 // indirect
 	go.opentelemetry.io/proto/otlp v0.16.0 // indirect
 	golang.org/x/crypto v0.0.0-20220315160706-3147a52a75dd // indirect
-	golang.org/x/net v0.0.0-20220722155237-a158d28d115b // indirect
+	golang.org/x/net v0.0.0-20220906165146-f3363e06e74c // indirect; updated for CVE-2022-27664
 	golang.org/x/oauth2 v0.0.0-20211104180415-d3ed0bb246c8 // indirect
 	golang.org/x/term v0.0.0-20210927222741-03fcf44c2211 // indirect
 	golang.org/x/text v0.3.7 // indirect
diff --git a/go.sum b/go.sum
index 1e5482923d419..03cff952ae9eb 100644
--- a/go.sum
+++ b/go.sum
@@ -1153,8 +1153,8 @@ golang.org/x/net v0.0.0-20211112202133-69e39bad7dc2/go.mod h1:9nx3DQGgdP8bBQD5qx
 golang.org/x/net v0.0.0-20211209124913-491a49abca63/go.mod h1:9nx3DQGgdP8bBQD5qxJ1jj9UTztislL4KSBs9R2vV5Y=
 golang.org/x/net v0.0.0-20211216030914-fe4d6282115f/go.mod h1:9nx3DQGgdP8bBQD5qxJ1jj9UTztislL4KSBs9R2vV5Y=
 golang.org/x/net v0.0.0-20220127200216-cd36cc0744dd/go.mod h1:CfG3xpIq0wQ8r1q4Su4UZFWDARRcnwPjda9FqA0JpMk=
-golang.org/x/net v0.0.0-20220722155237-a158d28d115b h1:PxfKdU9lEEDYjdIzOtC4qFWgkU2rGHdKlKowJSMN9h0=
-golang.org/x/net v0.0.0-20220722155237-a158d28d115b/go.mod h1:XRhObCWvk6IyKnWLug+ECip1KBveYUHfp+8e9klMJ9c=
+golang.org/x/net v0.0.0-20220906165146-f3363e06e74c h1:yKufUcDwucU5urd+50/Opbt4AYpqthk7wHpHok8f1lo=
+golang.org/x/net v0.0.0-20220906165146-f3363e06e74c/go.mod h1:YDH+HFinaLZZlnHAfSS6ZXJJ9M9t4Dl22yv3iI2vPwk=
 golang.org/x/oauth2 v0.0.0-20180821212333-d2e6202438be/go.mod h1:N/0e6XlmueqKjAGxoOufVs8QHGRruUQn6yWY3a++T0U=
 golang.org/x/oauth2 v0.0.0-20190226205417-e64efc72b421/go.mod h1:gOpvHmFTYa4IltrdGE7lF6nIHvwfUNPOp7c8zoXwtLw=
 golang.org/x/oauth2 v0.0.0-20190604053449-0f29369cfe45/go.mod h1:gOpvHmFTYa4IltrdGE7lF6nIHvwfUNPOp7c8zoXwtLw=
diff --git a/integration/client/go.mod b/integration/client/go.mod
index 3701a759db661..982c9e8521254 100644
--- a/integration/client/go.mod
+++ b/integration/client/go.mod
@@ -59,7 +59,7 @@ require (
 	github.com/xeipuuv/gojsonreference v0.0.0-20180127040603-bd5ef7bd5415 // indirect
 	github.com/xeipuuv/gojsonschema v1.2.0 // indirect
 	go.opencensus.io v0.23.0 // indirect
-	golang.org/x/net v0.0.0-20220722155237-a158d28d115b // indirect
+	golang.org/x/net v0.0.0-20220906165146-f3363e06e74c // indirect
 	golang.org/x/sync v0.0.0-20210220032951-036812b2e83c // indirect
 	golang.org/x/text v0.3.7 // indirect
 	google.golang.org/genproto v0.0.0-20220502173005-c8bf987b8c21 // indirect
diff --git a/integration/client/go.sum b/integration/client/go.sum
index f3d911fec8ff9..924330917d763 100644
--- a/integration/client/go.sum
+++ b/integration/client/go.sum
@@ -1100,8 +1100,9 @@ golang.org/x/net v0.0.0-20211015210444-4f30a5c0130f/go.mod h1:9nx3DQGgdP8bBQD5qx
 golang.org/x/net v0.0.0-20211111160137-58aab5ef257a/go.mod h1:9nx3DQGgdP8bBQD5qxJ1jj9UTztislL4KSBs9R2vV5Y=
 golang.org/x/net v0.0.0-20211112202133-69e39bad7dc2/go.mod h1:9nx3DQGgdP8bBQD5qxJ1jj9UTztislL4KSBs9R2vV5Y=
 golang.org/x/net v0.0.0-20220127200216-cd36cc0744dd/go.mod h1:CfG3xpIq0wQ8r1q4Su4UZFWDARRcnwPjda9FqA0JpMk=
-golang.org/x/net v0.0.0-20220722155237-a158d28d115b h1:PxfKdU9lEEDYjdIzOtC4qFWgkU2rGHdKlKowJSMN9h0=
 golang.org/x/net v0.0.0-20220722155237-a158d28d115b/go.mod h1:XRhObCWvk6IyKnWLug+ECip1KBveYUHfp+8e9klMJ9c=
+golang.org/x/net v0.0.0-20220906165146-f3363e06e74c h1:yKufUcDwucU5urd+50/Opbt4AYpqthk7wHpHok8f1lo=
+golang.org/x/net v0.0.0-20220906165146-f3363e06e74c/go.mod h1:YDH+HFinaLZZlnHAfSS6ZXJJ9M9t4Dl22yv3iI2vPwk=
 golang.org/x/oauth2 v0.0.0-20180821212333-d2e6202438be/go.mod h1:N/0e6XlmueqKjAGxoOufVs8QHGRruUQn6yWY3a++T0U=
 golang.org/x/oauth2 v0.0.0-20190226205417-e64efc72b421/go.mod h1:gOpvHmFTYa4IltrdGE7lF6nIHvwfUNPOp7c8zoXwtLw=
 golang.org/x/oauth2 v0.0.0-20190604053449-0f29369cfe45/go.mod h1:gOpvHmFTYa4IltrdGE7lF6nIHvwfUNPOp7c8zoXwtLw=
@@ -1240,6 +1241,7 @@ golang.org/x/sys v0.0.0-20220405210540-1e041c57c461/go.mod h1:oPkhp1MJrh7nUepCBc
 golang.org/x/sys v0.0.0-20220412211240-33da011f77ad/go.mod h1:oPkhp1MJrh7nUepCBck5+mAzfO9JrbApNNgaTdGDITg=
 golang.org/x/sys v0.0.0-20220520151302-bc2c85ada10a/go.mod h1:oPkhp1MJrh7nUepCBck5+mAzfO9JrbApNNgaTdGDITg=
 golang.org/x/sys v0.0.0-20220722155257-8c9f86f7a55f/go.mod h1:oPkhp1MJrh7nUepCBck5+mAzfO9JrbApNNgaTdGDITg=
+golang.org/x/sys v0.0.0-20220728004956-3c1f35247d10/go.mod h1:oPkhp1MJrh7nUepCBck5+mAzfO9JrbApNNgaTdGDITg=
 golang.org/x/sys v0.0.0-20220829200755-d48e67d00261 h1:v6hYoSR9T5oet+pMXwUWkbiVqx/63mlHjefrHmxwfeY=
 golang.org/x/sys v0.0.0-20220829200755-d48e67d00261/go.mod h1:oPkhp1MJrh7nUepCBck5+mAzfO9JrbApNNgaTdGDITg=
 golang.org/x/term v0.0.0-20201126162022-7de9c90e9dd1/go.mod h1:bj7SfCRtBDWHUb9snDiAeCFNEtKQo2Wmx5Cou7ajbmo=
diff --git a/vendor/golang.org/x/net/http2/frame.go b/vendor/golang.org/x/net/http2/frame.go
index 0178647ee0a3f..184ac45feb708 100644
--- a/vendor/golang.org/x/net/http2/frame.go
+++ b/vendor/golang.org/x/net/http2/frame.go
@@ -23,7 +23,7 @@ const frameHeaderLen = 9
 var padZeros = make([]byte, 255) // zeros for padding
 
 // A FrameType is a registered frame type as defined in
-// http://http2.github.io/http2-spec/#rfc.section.11.2
+// https://httpwg.org/specs/rfc7540.html#rfc.section.11.2
 type FrameType uint8
 
 const (
@@ -146,7 +146,7 @@ func typeFrameParser(t FrameType) frameParser {
 
 // A FrameHeader is the 9 byte header of all HTTP/2 frames.
 //
-// See http://http2.github.io/http2-spec/#FrameHeader
+// See https://httpwg.org/specs/rfc7540.html#FrameHeader
 type FrameHeader struct {
 	valid bool // caller can access []byte fields in the Frame
 
@@ -575,7 +575,7 @@ func (fr *Framer) checkFrameOrder(f Frame) error {
 
 // A DataFrame conveys arbitrary, variable-length sequences of octets
 // associated with a stream.
-// See http://http2.github.io/http2-spec/#rfc.section.6.1
+// See https://httpwg.org/specs/rfc7540.html#rfc.section.6.1
 type DataFrame struct {
 	FrameHeader
 	data []byte
@@ -698,7 +698,7 @@ func (f *Framer) WriteDataPadded(streamID uint32, endStream bool, data, pad []by
 // endpoints communicate, such as preferences and constraints on peer
 // behavior.
 //
-// See http://http2.github.io/http2-spec/#SETTINGS
+// See https://httpwg.org/specs/rfc7540.html#SETTINGS
 type SettingsFrame struct {
 	FrameHeader
 	p []byte
@@ -837,7 +837,7 @@ func (f *Framer) WriteSettingsAck() error {
 // A PingFrame is a mechanism for measuring a minimal round trip time
 // from the sender, as well as determining whether an idle connection
 // is still functional.
-// See http://http2.github.io/http2-spec/#rfc.section.6.7
+// See https://httpwg.org/specs/rfc7540.html#rfc.section.6.7
 type PingFrame struct {
 	FrameHeader
 	Data [8]byte
@@ -870,7 +870,7 @@ func (f *Framer) WritePing(ack bool, data [8]byte) error {
 }
 
 // A GoAwayFrame informs the remote peer to stop creating streams on this connection.
-// See http://http2.github.io/http2-spec/#rfc.section.6.8
+// See https://httpwg.org/specs/rfc7540.html#rfc.section.6.8
 type GoAwayFrame struct {
 	FrameHeader
 	LastStreamID uint32
@@ -934,7 +934,7 @@ func parseUnknownFrame(_ *frameCache, fh FrameHeader, countError func(string), p
 }
 
 // A WindowUpdateFrame is used to implement flow control.
-// See http://http2.github.io/http2-spec/#rfc.section.6.9
+// See https://httpwg.org/specs/rfc7540.html#rfc.section.6.9
 type WindowUpdateFrame struct {
 	FrameHeader
 	Increment uint32 // never read with high bit set
@@ -1123,7 +1123,7 @@ func (f *Framer) WriteHeaders(p HeadersFrameParam) error {
 }
 
 // A PriorityFrame specifies the sender-advised priority of a stream.
-// See http://http2.github.io/http2-spec/#rfc.section.6.3
+// See https://httpwg.org/specs/rfc7540.html#rfc.section.6.3
 type PriorityFrame struct {
 	FrameHeader
 	PriorityParam
@@ -1193,7 +1193,7 @@ func (f *Framer) WritePriority(streamID uint32, p PriorityParam) error {
 }
 
 // A RSTStreamFrame allows for abnormal termination of a stream.
-// See http://http2.github.io/http2-spec/#rfc.section.6.4
+// See https://httpwg.org/specs/rfc7540.html#rfc.section.6.4
 type RSTStreamFrame struct {
 	FrameHeader
 	ErrCode ErrCode
@@ -1225,7 +1225,7 @@ func (f *Framer) WriteRSTStream(streamID uint32, code ErrCode) error {
 }
 
 // A ContinuationFrame is used to continue a sequence of header block fragments.
-// See http://http2.github.io/http2-spec/#rfc.section.6.10
+// See https://httpwg.org/specs/rfc7540.html#rfc.section.6.10
 type ContinuationFrame struct {
 	FrameHeader
 	headerFragBuf []byte
@@ -1266,7 +1266,7 @@ func (f *Framer) WriteContinuation(streamID uint32, endHeaders bool, headerBlock
 }
 
 // A PushPromiseFrame is used to initiate a server stream.
-// See http://http2.github.io/http2-spec/#rfc.section.6.6
+// See https://httpwg.org/specs/rfc7540.html#rfc.section.6.6
 type PushPromiseFrame struct {
 	FrameHeader
 	PromiseID     uint32
diff --git a/vendor/golang.org/x/net/http2/hpack/encode.go b/vendor/golang.org/x/net/http2/hpack/encode.go
index 97f17831fc55b..6886dc163cba5 100644
--- a/vendor/golang.org/x/net/http2/hpack/encode.go
+++ b/vendor/golang.org/x/net/http2/hpack/encode.go
@@ -191,7 +191,7 @@ func appendTableSize(dst []byte, v uint32) []byte {
 // bit prefix, to dst and returns the extended buffer.
 //
 // See
-// http://http2.github.io/http2-spec/compression.html#integer.representation
+// https://httpwg.org/specs/rfc7541.html#integer.representation
 func appendVarInt(dst []byte, n byte, i uint64) []byte {
 	k := uint64((1 << n) - 1)
 	if i < k {
diff --git a/vendor/golang.org/x/net/http2/hpack/hpack.go b/vendor/golang.org/x/net/http2/hpack/hpack.go
index 85f18a2b0a861..ebdfbee964ae3 100644
--- a/vendor/golang.org/x/net/http2/hpack/hpack.go
+++ b/vendor/golang.org/x/net/http2/hpack/hpack.go
@@ -59,7 +59,7 @@ func (hf HeaderField) String() string {
 
 // Size returns the size of an entry per RFC 7541 section 4.1.
 func (hf HeaderField) Size() uint32 {
-	// http://http2.github.io/http2-spec/compression.html#rfc.section.4.1
+	// https://httpwg.org/specs/rfc7541.html#rfc.section.4.1
 	// ""The size of the dynamic table is the sum of the size of
 	// its entries. The size of an entry is the sum of its name's
 	// length in octets (as defined in Section 5.2), its value's
@@ -158,7 +158,7 @@ func (d *Decoder) SetAllowedMaxDynamicTableSize(v uint32) {
 }
 
 type dynamicTable struct {
-	// http://http2.github.io/http2-spec/compression.html#rfc.section.2.3.2
+	// https://httpwg.org/specs/rfc7541.html#rfc.section.2.3.2
 	table          headerFieldTable
 	size           uint32 // in bytes
 	maxSize        uint32 // current maxSize
@@ -307,27 +307,27 @@ func (d *Decoder) parseHeaderFieldRepr() error {
 	case b&128 != 0:
 		// Indexed representation.
 		// High bit set?
-		// http://http2.github.io/http2-spec/compression.html#rfc.section.6.1
+		// https://httpwg.org/specs/rfc7541.html#rfc.section.6.1
 		return d.parseFieldIndexed()
 	case b&192 == 64:
 		// 6.2.1 Literal Header Field with Incremental Indexing
 		// 0b10xxxxxx: top two bits are 10
-		// http://http2.github.io/http2-spec/compression.html#rfc.section.6.2.1
+		// https://httpwg.org/specs/rfc7541.html#rfc.section.6.2.1
 		return d.parseFieldLiteral(6, indexedTrue)
 	case b&240 == 0:
 		// 6.2.2 Literal Header Field without Indexing
 		// 0b0000xxxx: top four bits are 0000
-		// http://http2.github.io/http2-spec/compression.html#rfc.section.6.2.2
+		// https://httpwg.org/specs/rfc7541.html#rfc.section.6.2.2
 		return d.parseFieldLiteral(4, indexedFalse)
 	case b&240 == 16:
 		// 6.2.3 Literal Header Field never Indexed
 		// 0b0001xxxx: top four bits are 0001
-		// http://http2.github.io/http2-spec/compression.html#rfc.section.6.2.3
+		// https://httpwg.org/specs/rfc7541.html#rfc.section.6.2.3
 		return d.parseFieldLiteral(4, indexedNever)
 	case b&224 == 32:
 		// 6.3 Dynamic Table Size Update
 		// Top three bits are '001'.
-		// http://http2.github.io/http2-spec/compression.html#rfc.section.6.3
+		// https://httpwg.org/specs/rfc7541.html#rfc.section.6.3
 		return d.parseDynamicTableSizeUpdate()
 	}
 
@@ -420,7 +420,7 @@ var errVarintOverflow = DecodingError{errors.New(""varint integer overflow"")}
 
 // readVarInt reads an unsigned variable length integer off the
 // beginning of p. n is the parameter as described in
-// http://http2.github.io/http2-spec/compression.html#rfc.section.5.1.
+// https://httpwg.org/specs/rfc7541.html#rfc.section.5.1.
 //
 // n must always be between 1 and 8.
 //
diff --git a/vendor/golang.org/x/net/http2/http2.go b/vendor/golang.org/x/net/http2/http2.go
index 479ba4b2b11c9..6f2df281872ed 100644
--- a/vendor/golang.org/x/net/http2/http2.go
+++ b/vendor/golang.org/x/net/http2/http2.go
@@ -55,14 +55,14 @@ const (
 	ClientPreface = ""PRI * HTTP/2.0\r\n\r\nSM\r\n\r\n""
 
 	// SETTINGS_MAX_FRAME_SIZE default
-	// http://http2.github.io/http2-spec/#rfc.section.6.5.2
+	// https://httpwg.org/specs/rfc7540.html#rfc.section.6.5.2
 	initialMaxFrameSize = 16384
 
 	// NextProtoTLS is the NPN/ALPN protocol negotiated during
 	// HTTP/2's TLS setup.
 	NextProtoTLS = ""h2""
 
-	// http://http2.github.io/http2-spec/#SettingValues
+	// https://httpwg.org/specs/rfc7540.html#SettingValues
 	initialHeaderTableSize = 4096
 
 	initialWindowSize = 65535 // 6.9.2 Initial Flow Control Window Size
@@ -111,7 +111,7 @@ func (st streamState) String() string {
 // Setting is a setting parameter: which setting it is, and its value.
 type Setting struct {
 	// ID is which setting is being set.
-	// See http://http2.github.io/http2-spec/#SettingValues
+	// See https://httpwg.org/specs/rfc7540.html#SettingFormat
 	ID SettingID
 
 	// Val is the value.
@@ -143,7 +143,7 @@ func (s Setting) Valid() error {
 }
 
 // A SettingID is an HTTP/2 setting as defined in
-// http://http2.github.io/http2-spec/#iana-settings
+// https://httpwg.org/specs/rfc7540.html#iana-settings
 type SettingID uint16
 
 const (
diff --git a/vendor/golang.org/x/net/http2/server.go b/vendor/golang.org/x/net/http2/server.go
index 47524a61a5d6f..fd873b9afa429 100644
--- a/vendor/golang.org/x/net/http2/server.go
+++ b/vendor/golang.org/x/net/http2/server.go
@@ -1371,6 +1371,9 @@ func (sc *serverConn) startGracefulShutdownInternal() {
 func (sc *serverConn) goAway(code ErrCode) {
 	sc.serveG.check()
 	if sc.inGoAway {
+		if sc.goAwayCode == ErrCodeNo {
+			sc.goAwayCode = code
+		}
 		return
 	}
 	sc.inGoAway = true
@@ -1747,6 +1750,12 @@ func (sc *serverConn) processData(f *DataFrame) error {
 
 	// Sender sending more than they'd declared?
 	if st.declBodyBytes != -1 && st.bodyBytes+int64(len(data)) > st.declBodyBytes {
+		if sc.inflow.available() < int32(f.Length) {
+			return sc.countError(""data_flow"", streamError(id, ErrCodeFlowControl))
+		}
+		sc.inflow.take(int32(f.Length))
+		sc.sendWindowUpdate(nil, int(f.Length)) // conn-level
+
 		st.body.CloseWithError(fmt.Errorf(""sender tried to send more than declared Content-Length of %d bytes"", st.declBodyBytes))
 		// RFC 7540, sec 8.1.2.6: A request or response is also malformed if the
 		// value of a content-length header field does not equal the sum of the
@@ -2223,6 +2232,9 @@ func (sc *serverConn) runHandler(rw *responseWriter, req *http.Request, handler
 	didPanic := true
 	defer func() {
 		rw.rws.stream.cancelCtx()
+		if req.MultipartForm != nil {
+			req.MultipartForm.RemoveAll()
+		}
 		if didPanic {
 			e := recover()
 			sc.writeFrameFromHandler(FrameWriteRequest{
diff --git a/vendor/golang.org/x/net/http2/transport.go b/vendor/golang.org/x/net/http2/transport.go
index 4ded4dfd56c06..90fdc28cf9746 100644
--- a/vendor/golang.org/x/net/http2/transport.go
+++ b/vendor/golang.org/x/net/http2/transport.go
@@ -67,13 +67,23 @@ const (
 // A Transport internally caches connections to servers. It is safe
 // for concurrent use by multiple goroutines.
 type Transport struct {
-	// DialTLS specifies an optional dial function for creating
-	// TLS connections for requests.
+	// DialTLSContext specifies an optional dial function with context for
+	// creating TLS connections for requests.
 	//
-	// If DialTLS is nil, tls.Dial is used.
+	// If DialTLSContext and DialTLS is nil, tls.Dial is used.
 	//
 	// If the returned net.Conn has a ConnectionState method like tls.Conn,
 	// it will be used to set http.Response.TLS.
+	DialTLSContext func(ctx context.Context, network, addr string, cfg *tls.Config) (net.Conn, error)
+
+	// DialTLS specifies an optional dial function for creating
+	// TLS connections for requests.
+	//
+	// If DialTLSContext and DialTLS is nil, tls.Dial is used.
+	//
+	// Deprecated: Use DialTLSContext instead, which allows the transport
+	// to cancel dials as soon as they are no longer needed.
+	// If both are set, DialTLSContext takes priority.
 	DialTLS func(network, addr string, cfg *tls.Config) (net.Conn, error)
 
 	// TLSClientConfig specifies the TLS configuration to use with
@@ -592,7 +602,7 @@ func (t *Transport) dialClientConn(ctx context.Context, addr string, singleUse b
 	if err != nil {
 		return nil, err
 	}
-	tconn, err := t.dialTLS(ctx)(""tcp"", addr, t.newTLSConfig(host))
+	tconn, err := t.dialTLS(ctx, ""tcp"", addr, t.newTLSConfig(host))
 	if err != nil {
 		return nil, err
 	}
@@ -613,24 +623,25 @@ func (t *Transport) newTLSConfig(host string) *tls.Config {
 	return cfg
 }
 
-func (t *Transport) dialTLS(ctx context.Context) func(string, string, *tls.Config) (net.Conn, error) {
-	if t.DialTLS != nil {
-		return t.DialTLS
+func (t *Transport) dialTLS(ctx context.Context, network, addr string, tlsCfg *tls.Config) (net.Conn, error) {
+	if t.DialTLSContext != nil {
+		return t.DialTLSContext(ctx, network, addr, tlsCfg)
+	} else if t.DialTLS != nil {
+		return t.DialTLS(network, addr, tlsCfg)
 	}
-	return func(network, addr string, cfg *tls.Config) (net.Conn, error) {
-		tlsCn, err := t.dialTLSWithContext(ctx, network, addr, cfg)
-		if err != nil {
-			return nil, err
-		}
-		state := tlsCn.ConnectionState()
-		if p := state.NegotiatedProtocol; p != NextProtoTLS {
-			return nil, fmt.Errorf(""http2: unexpected ALPN protocol %q; want %q"", p, NextProtoTLS)
-		}
-		if !state.NegotiatedProtocolIsMutual {
-			return nil, errors.New(""http2: could not negotiate protocol mutually"")
-		}
-		return tlsCn, nil
+
+	tlsCn, err := t.dialTLSWithContext(ctx, network, addr, tlsCfg)
+	if err != nil {
+		return nil, err
+	}
+	state := tlsCn.ConnectionState()
+	if p := state.NegotiatedProtocol; p != NextProtoTLS {
+		return nil, fmt.Errorf(""http2: unexpected ALPN protocol %q; want %q"", p, NextProtoTLS)
+	}
+	if !state.NegotiatedProtocolIsMutual {
+		return nil, errors.New(""http2: could not negotiate protocol mutually"")
 	}
+	return tlsCn, nil
 }
 
 // disableKeepAlives reports whether connections should be closed as
diff --git a/vendor/modules.txt b/vendor/modules.txt
index 44b51ab024968..7935232701443 100644
--- a/vendor/modules.txt
+++ b/vendor/modules.txt
@@ -489,7 +489,7 @@ golang.org/x/crypto/openpgp/errors
 golang.org/x/crypto/openpgp/packet
 golang.org/x/crypto/openpgp/s2k
 golang.org/x/crypto/pbkdf2
-# golang.org/x/net v0.0.0-20220722155237-a158d28d115b
+# golang.org/x/net v0.0.0-20220906165146-f3363e06e74c
 ## explicit; go 1.17
 golang.org/x/net/context
 golang.org/x/net/context/ctxhttp",accepted_fault,Plugin Management Error,Plugin Config Error
issta2024_bugs_in_pods_understanding_bugs:a6ea9f0fae7ed7c8,issta2024_bugs_in_pods_understanding_bugs,gvisor,https://github.com/google/gvisor/commit/a3a57724912c54d4c464c329452ff789471b408f,Fixes to TTOU handling in TIOCSPGRP,"Fixes two issues in TTOU handling while handling TIOCSPGRP on a tty
device.

fixes #7941; see that issue for details of the bugs.

Updates the tests to test the fixed behavior; both tests are verified
to fail without the `thread_group.go` fixes.",no_comments_in_source,committed,2022-09-02T20:34:07+00:00,"[""pkg/sentry/kernel/thread_group.go"", ""test/syscalls/linux/pty.cc""]","diff --git a/pkg/sentry/kernel/thread_group.go b/pkg/sentry/kernel/thread_group.go
index 77953ad415..5475ff66bb 100644
--- a/pkg/sentry/kernel/thread_group.go
+++ b/pkg/sentry/kernel/thread_group.go
@@ -514,9 +514,10 @@ func (tg *ThreadGroup) SetForegroundProcessGroup(tty *TTY, pgid ProcessGroupID)
 	// signal is sent to all members of this background process group.
 	// We need also need to check whether it is ignoring or blocking SIGTTOU.
 	ignored := signalAction.Handler == linux.SIG_IGN
-	blocked := linux.SignalSet(tg.leader.signalMask.RacyLoad()) == linux.SignalSetOf(linux.SIGTTOU)
+	blocked := (linux.SignalSet(tg.leader.signalMask.RacyLoad()) & linux.SignalSetOf(linux.SIGTTOU)) != 0
 	if tg.processGroup.id != tg.processGroup.session.foreground.id && !ignored && !blocked {
 		tg.leader.sendSignalLocked(SignalInfoPriv(linux.SIGTTOU), true)
+		return -1, linuxerr.ERESTARTSYS
 	}
 
 	tg.processGroup.session.foreground.id = pgid
diff --git a/test/syscalls/linux/pty.cc b/test/syscalls/linux/pty.cc
index f93eb7c779..3d8ae1ca35 100644
--- a/test/syscalls/linux/pty.cc
+++ b/test/syscalls/linux/pty.cc
@@ -1656,6 +1656,10 @@ TEST_F(JobControlTest, SetForegroundProcessGroupSIGTTOUBackground) {
     int wstatus;
     TEST_PCHECK(waitpid(grandchild, &wstatus, WSTOPPED) == grandchild);
     TEST_PCHECK(WSTOPSIG(wstatus) == SIGTTOU);
+
+    // The child's `tcsetpgrp` got signalled and so should not have
+    // taken effect. Verify that.
+    TEST_PCHECK(tcgetpgrp(replica_.get()) == getpid());
     EXPECT_THAT(kill(grandchild, SIGKILL), SyscallSucceeds());
   });
   ASSERT_NO_ERRNO(res);
@@ -1703,11 +1707,20 @@ TEST_F(JobControlTest, SetForegroundProcessGroupSIGTTOUBlocked) {
       sigset_t signal_set;
       sigemptyset(&signal_set);
       sigaddset(&signal_set, SIGTTOU);
+      // Block SIGTTIN as well, to make sure that the kernel isn't
+      // checking for ""blocked == [SIGTTOU]"" (see issue 7941 for
+      // context).
+      sigaddset(&signal_set, SIGTTIN);
       sigprocmask(SIG_BLOCK, &signal_set, NULL);
       // Assign a different pgid to the child so it will result as
       // a background process.
       TEST_PCHECK(!setpgid(grandchild, getpid()));
       TEST_PCHECK(!tcsetpgrp(replica_.get(), getpgid(0)));
+      // Unmask the signals to make sure we still don't get
+      // signaled. That would happen if `tcsetpgrp` enqueued the
+      // signal through the mask -- we would not yet have received it,
+      // because of the mask.
+      sigprocmask(SIG_UNBLOCK, &signal_set, NULL);
       _exit(0);
     }
     int wstatus;",accepted_fault,System Communication Error,Incorrect Image or Config Parsing
issta2024_bugs_in_pods_understanding_bugs:ac6c0846a437ddf0,issta2024_bugs_in_pods_understanding_bugs,runc,https://github.com/opencontainers/runc/commit/1b2adcfe5620cac8ce3e52ea066161c72431f74c,libct/cg/v1: workaround CPU quota period set failure,"As reported in issue 3084, sometimes setting CPU quota period fails
when a new period is lower and a parent cgroup has CPU quota limit set.

This happens as in cgroup v1 the quota and the period can not be set
together (this is fixed in v2), and since the period is being set first,
new_limit = old_quota/new_period may be higher than the parent cgroup
limit.

The fix is to retry setting the period after the quota, to cover all
possible scenarios.

Add a test case to cover a regression caused by an earlier version of
this patch (ignoring a failure of setting invalid period when quota is
not set).

Signed-off-by: Kir Kolyshkin <kolyshkin@gmail.com>",no_comments_in_source,committed,2021-07-28T17:34:26+00:00,"[""libcontainer/cgroups/fs/cpu.go"", ""tests/integration/update.bats""]","diff --git a/libcontainer/cgroups/fs/cpu.go b/libcontainer/cgroups/fs/cpu.go
index 04bd5bc9fb9..657570a279f 100644
--- a/libcontainer/cgroups/fs/cpu.go
+++ b/libcontainer/cgroups/fs/cpu.go
@@ -4,6 +4,7 @@ package fs
 
 import (
 	""bufio""
+	""errors""
 	""fmt""
 	""os""
 	""strconv""
@@ -11,6 +12,7 @@ import (
 	""github.com/opencontainers/runc/libcontainer/cgroups""
 	""github.com/opencontainers/runc/libcontainer/cgroups/fscommon""
 	""github.com/opencontainers/runc/libcontainer/configs""
+	""golang.org/x/sys/unix""
 )
 
 type CpuGroup struct{}
@@ -71,15 +73,33 @@ func (s *CpuGroup) Set(path string, r *configs.Resources) error {
 			return fmt.Errorf(""the minimum allowed cpu-shares is %d"", sharesRead)
 		}
 	}
+
+	var period string
 	if r.CpuPeriod != 0 {
-		if err := cgroups.WriteFile(path, ""cpu.cfs_period_us"", strconv.FormatUint(r.CpuPeriod, 10)); err != nil {
-			return err
+		period = strconv.FormatUint(r.CpuPeriod, 10)
+		if err := cgroups.WriteFile(path, ""cpu.cfs_period_us"", period); err != nil {
+			// Sometimes when the period to be set is smaller
+			// than the current one, it is rejected by the kernel
+			// (EINVAL) as old_quota/new_period exceeds the parent
+			// cgroup quota limit. If this happens and the quota is
+			// going to be set, ignore the error for now and retry
+			// after setting the quota.
+			if !errors.Is(err, unix.EINVAL) || r.CpuQuota == 0 {
+				return err
+			}
+		} else {
+			period = """"
 		}
 	}
 	if r.CpuQuota != 0 {
 		if err := cgroups.WriteFile(path, ""cpu.cfs_quota_us"", strconv.FormatInt(r.CpuQuota, 10)); err != nil {
 			return err
 		}
+		if period != """" {
+			if err := cgroups.WriteFile(path, ""cpu.cfs_period_us"", period); err != nil {
+				return err
+			}
+		}
 	}
 	return s.SetRtSched(path, r)
 }
diff --git a/tests/integration/update.bats b/tests/integration/update.bats
index 2004d9efc2e..b9a5b602cb8 100644
--- a/tests/integration/update.bats
+++ b/tests/integration/update.bats
@@ -345,6 +345,15 @@ EOF
 	check_cpu_quota -1 1000000 ""infinity""
 }
 
+@test ""set cpu period with no quota (invalid period)"" {
+	[[ ""$ROOTLESS"" -ne 0 ]] && requires rootless_cgroup
+
+	update_config '.linux.resources.cpu |= { ""period"": 100 }'
+
+	runc run -d --console-socket ""$CONSOLE_SOCKET"" test_update
+	[ ""$status"" -eq 1 ]
+}
+
 @test ""set cpu quota with no period"" {
 	[[ ""$ROOTLESS"" -ne 0 ]] && requires rootless_cgroup",accepted_fault,Incorrect Configuration Effect,Wrong Code Logic
issta2024_bugs_in_pods_understanding_bugs:ae38ebde42b6f3f7,issta2024_bugs_in_pods_understanding_bugs,runc,https://github.com/opencontainers/runc/commit/b2d28c5df2c34c987b4c4c3025aa7657a2dcd3b4,libct/cg/sd: fix dbus error handling,"This fixes isDbusError function, introduced by commit bacfc2c. Due to a
type error it was not working at all.

This also fixes the whole ""retry on dbus disconnect"" logic.

This also fixes a regression in startUnit (and cgroupManager.Apply()),
which should never return ""unit already exists"" error but it did.

Fixes: bacfc2c
Signed-off-by: Kir Kolyshkin <kolyshkin@gmail.com>",no_comments_in_source,committed,2021-06-03T19:40:41+00:00,"[""libcontainer/cgroups/systemd/common.go"", ""libcontainer/cgroups/systemd/systemd_test.go""]","diff --git a/libcontainer/cgroups/systemd/common.go b/libcontainer/cgroups/systemd/common.go
index 1f4d8aa21eb..67c612780f7 100644
--- a/libcontainer/cgroups/systemd/common.go
+++ b/libcontainer/cgroups/systemd/common.go
@@ -313,7 +313,7 @@ func getUnitName(c *configs.Cgroup) string {
 // isDbusError returns true if the error is a specific dbus error.
 func isDbusError(err error, name string) bool {
 	if err != nil {
-		var derr *dbus.Error
+		var derr dbus.Error
 		if errors.As(err, &derr) {
 			return strings.Contains(derr.Name, name)
 		}
diff --git a/libcontainer/cgroups/systemd/systemd_test.go b/libcontainer/cgroups/systemd/systemd_test.go
index e4190fa5d97..cee176579f0 100644
--- a/libcontainer/cgroups/systemd/systemd_test.go
+++ b/libcontainer/cgroups/systemd/systemd_test.go
@@ -168,3 +168,28 @@ func TestSkipDevicesFalse(t *testing.T) {
 		""cat: /dev/null: Operation not permitted"",
 	})
 }
+
+func TestUnitExistsIgnored(t *testing.T) {
+	if !IsRunningSystemd() {
+		t.Skip(""Test requires systemd."")
+	}
+	if os.Geteuid() != 0 {
+		t.Skip(""Test requires root."")
+	}
+
+	podConfig := &configs.Cgroup{
+		Parent:    ""system.slice"",
+		Name:      ""system-runc_test_exists.slice"",
+		Resources: &configs.Resources{},
+	}
+	// Create ""pods"" cgroup (a systemd slice to hold containers).
+	pm := newManager(podConfig)
+	defer pm.Destroy() //nolint:errcheck
+
+	// create twice to make sure ""UnitExists"" error is ignored.
+	for i := 0; i < 2; i++ {
+		if err := pm.Apply(-1); err != nil {
+			t.Fatal(err)
+		}
+	}
+}",accepted_fault,Wrong Container Behavior,Incorrect Image or Config Parsing
issta2024_bugs_in_pods_understanding_bugs:aea7933c2c0d4001,issta2024_bugs_in_pods_understanding_bugs,cri-o,https://github.com/cri-o/cri-o/commit/bcf069b123d4480d8e5c6eb5532d091bf7244171,server: fix race with kubelet,"previously, CRI-O assumed that the kubelet wouldn't bump the attempt number
if it returned an error after a series of retries.

in reality, the kubelet *is* doing that, which means situations where we have lots of load on a node
means the issue is made worse by this workaround, not better.

Mitigate this by waiting until the timeout is completed before returning the fact that the resource is ready.
This will cause the kubelet to continue to believe the timing out has happened, and retry with the same attempt number.

Signed-off-by: Peter Hunt <pehunt@redhat.com>",no_comments_in_source,committed,2022-02-01T21:02:28+00:00,"[""server/utils.go""]","diff --git a/server/utils.go b/server/utils.go
index 6ef5972c2ce..6fa00363fa4 100644
--- a/server/utils.go
+++ b/server/utils.go
@@ -177,7 +177,9 @@ func isContextError(err error) bool {
 }
 
 func (s *Server) getResourceOrWait(ctx context.Context, name, resourceType string) (string, error) {
-	const resourceCreationWaitTime = time.Minute * 4
+	// In 99% of cases, we shouldn't hit this timeout. Instead, the context should be cancelled.
+	// This is really to catch an unlikely case where the kubelet doesn't cancel the context.
+	const resourceCreationWaitTime = time.Minute * 6
 
 	if cachedID := s.resourceStore.Get(name); cachedID != """" {
 		log.Infof(ctx, ""Found %s %s with ID %s in resource cache; using it"", resourceType, name, cachedID)
@@ -204,6 +206,14 @@ func (s *Server) getResourceOrWait(ctx context.Context, name, resourceType strin
 	// after we stop paying attention. This would cause CRI-O to attempt to send back a resource that the kubelet
 	// will not receive, causing a resource leak.
 	case <-watcher:
+		// We need to wait again here. If we error out to the Kubelet before it times out
+		// it will bump the attempt number, nulllifying all of the work we've done so far.
+		// Just the same as above, use resourceCreationWaitTime to make sure we catch cases where the context
+		// is never done.
+		select {
+		case <-time.After(resourceCreationWaitTime):
+		case <-ctx.Done():
+		}
 		err = errors.Errorf(""the requested %s %s is now ready and will be provided to the kubelet on next retry"", resourceType, name)
 	}",accepted_fault,Wrong Container Behavior,Plugin Config Error
issta2024_bugs_in_pods_understanding_bugs:b1fd7e926e225ed6,issta2024_bugs_in_pods_understanding_bugs,gvisor,https://github.com/google/gvisor/commit/024d75d26394d5da7991682e74e9b2c5f23a20ac,Set tg.exiting on group exit via exit(2),"Setting t.tg.exiting during PrepareGroupExit prevents a SIGKILL that
arrives while the task is zombied from changing the exit status (see
ThreadGroup.applySignalSideEffectsLocked).

However, PrepareExit does not set t.tg.exiting, meaning that if the last
task exits via exit(2), then a SIGKILL _can_ change the exit status.
This does not match Linux.

Fix this by detecting that we are the last task in PrepareExit and, if
so, going through the PrepareGroupExit path.

My initial version of this CL had Task.exitThreadGroup set t.tg.exiting
if it wasn't already set. This leaves a small window between return from
exit(2) and the start of the runExit state where a SIGKILL could still
change the exit status. While this window likely doesn't matter much in
practice, I suspect it is observable via ptrace, which could see exit(2)
return and assume that the exit status is fixed. I didn't test this
case, but figured it would be cleaner to just close the race window.

Fixes #7930.",no_comments_in_source,committed,2022-08-30T19:39:58+00:00,"[""pkg/sentry/kernel/task_exit.go"", ""test/syscalls/linux/exit.cc""]","diff --git a/pkg/sentry/kernel/task_exit.go b/pkg/sentry/kernel/task_exit.go
index 684f67f12e..bd2276e6fb 100644
--- a/pkg/sentry/kernel/task_exit.go
+++ b/pkg/sentry/kernel/task_exit.go
@@ -117,8 +117,17 @@ func (t *Task) killedLocked() bool {
 //
 // Preconditions: The caller must be running on the task goroutine.
 func (t *Task) PrepareExit(ws linux.WaitStatus) {
+	t.tg.pidns.owner.mu.RLock()
+	defer t.tg.pidns.owner.mu.RUnlock()
 	t.tg.signalHandlers.mu.Lock()
 	defer t.tg.signalHandlers.mu.Unlock()
+
+	last := t.tg.activeTasks == 1
+	if last {
+		t.prepareGroupExitLocked(ws)
+		return
+	}
+
 	t.exitStatus = ws
 }
 
@@ -133,6 +142,13 @@ func (t *Task) PrepareExit(ws linux.WaitStatus) {
 func (t *Task) PrepareGroupExit(ws linux.WaitStatus) {
 	t.tg.signalHandlers.mu.Lock()
 	defer t.tg.signalHandlers.mu.Unlock()
+	t.prepareGroupExitLocked(ws)
+}
+
+// Preconditions:
+//   - The caller must be running on the task goroutine.
+//   - The signal mutex must be locked.
+func (t *Task) prepareGroupExitLocked(ws linux.WaitStatus) {
 	if t.tg.exiting || t.tg.execing != nil {
 		// Note that if t.tg.exiting is false but t.tg.execing is not nil, i.e.
 		// this ""group exit"" is being executed by the killed sibling of an
diff --git a/test/syscalls/linux/exit.cc b/test/syscalls/linux/exit.cc
index 37b927cfd3..0d3011f53a 100644
--- a/test/syscalls/linux/exit.cc
+++ b/test/syscalls/linux/exit.cc
@@ -99,6 +99,68 @@ void RunChild() {
   abort();
 }
 
+// SIGKILL of zombied thread group does not change exit status.
+TEST(ExitTest, SigkillZombieGroup) {
+  int pipe_fds[2];
+  ASSERT_THAT(pipe(pipe_fds), SyscallSucceeds());
+
+  FileDescriptor read_fd(pipe_fds[0]);
+  FileDescriptor write_fd(pipe_fds[1]);
+
+  pid_t pid = fork();
+  if (pid == 0) {
+    read_fd.reset();
+
+    _exit(0);
+  }
+
+  EXPECT_THAT(pid, SyscallSucceeds());
+  write_fd.reset();
+
+  // Wait for pipe to automatically close to indicate that the child is zombied.
+  char buf[10];
+  EXPECT_THAT(ReadFd(read_fd.get(), buf, sizeof(buf)),
+              SyscallSucceedsWithValue(0));
+
+  EXPECT_THAT(kill(pid, SIGKILL), SyscallSucceeds());
+
+  // SIGKILL did not change exit status.
+  int status;
+  EXPECT_THAT(RetryEINTR(waitpid)(pid, &status, 0), SyscallSucceeds());
+  EXPECT_TRUE(WIFEXITED(status) && WEXITSTATUS(status) == 0) << status;
+}
+
+// Variant of SigkillZombieGroup using exit(2) instead of exit_group(2).
+TEST(ExitTest, SigkillZombieThread) {
+  int pipe_fds[2];
+  ASSERT_THAT(pipe(pipe_fds), SyscallSucceeds());
+
+  FileDescriptor read_fd(pipe_fds[0]);
+  FileDescriptor write_fd(pipe_fds[1]);
+
+  pid_t pid = fork();
+  if (pid == 0) {
+    read_fd.reset();
+
+    syscall(SYS_exit, 0);
+  }
+
+  EXPECT_THAT(pid, SyscallSucceeds());
+  write_fd.reset();
+
+  // Wait for pipe to automatically close to indicate that the child is zombied.
+  char buf[10];
+  EXPECT_THAT(ReadFd(read_fd.get(), buf, sizeof(buf)),
+              SyscallSucceedsWithValue(0));
+
+  EXPECT_THAT(kill(pid, SIGKILL), SyscallSucceeds());
+
+  // SIGKILL did not change exit status.
+  int status;
+  EXPECT_THAT(RetryEINTR(waitpid)(pid, &status, 0), SyscallSucceeds());
+  EXPECT_TRUE(WIFEXITED(status) && WEXITSTATUS(status) == 0) << status;
+}
+
 }  // namespace
 
 }  // namespace testing",accepted_fault,Preset Exit Code,Incorrect System Config
issta2024_bugs_in_pods_understanding_bugs:b35dd68d6bc42751,issta2024_bugs_in_pods_understanding_bugs,cri-o,https://github.com/cri-o/cri-o/commit/35c02b56ea307d90c5375e35888bf12174ea5148,server: fix a potential NULL-pointer dereference.,"Fix a potential NULL-pointer dereference in logging.
A (cri-o) client could crash the daemon by sending
a CreateContainer request with a NULL Config.

Signed-off-by: Krisztian Litkey <krisztian.litkey@intel.com>",no_comments_in_source,committed,2022-01-26T18:12:26+00:00,"[""server/container_create.go"", ""server/container_create_test.go""]","diff --git a/server/container_create.go b/server/container_create.go
index 45757c33b86..520efc704e3 100644
--- a/server/container_create.go
+++ b/server/container_create.go
@@ -401,7 +401,7 @@ func setupCapabilities(specgen *generate.Generator, caps *types.Capability, defa
 
 // CreateContainer creates a new container in specified PodSandbox
 func (s *Server) CreateContainer(ctx context.Context, req *types.CreateContainerRequest) (res *types.CreateContainerResponse, retErr error) {
-	log.Infof(ctx, ""Creating container: %s"", translateLabelsToDescription(req.Config.Labels))
+	log.Infof(ctx, ""Creating container: %s"", translateLabelsToDescription(req.GetConfig().GetLabels()))
 
 	sb, err := s.getPodSandboxFromRequest(req.PodSandboxId)
 	if err != nil {
diff --git a/server/container_create_test.go b/server/container_create_test.go
index fce2374361c..68f3137f117 100644
--- a/server/container_create_test.go
+++ b/server/container_create_test.go
@@ -114,7 +114,6 @@ var _ = t.Describe(""ContainerCreate"", func() {
 			response, err := sut.CreateContainer(context.Background(),
 				&types.CreateContainerRequest{
 					PodSandboxId:  testSandbox.ID(),
-					Config:        newContainerConfig(),
 					SandboxConfig: newPodSandboxConfig(),
 				})",accepted_fault,Logging Error,Inaccurate Permission Assignment
issta2024_bugs_in_pods_understanding_bugs:c498170f45e2d1e4,issta2024_bugs_in_pods_understanding_bugs,containerd,https://github.com/containerd/containerd/commit/551516a18d0a60c4afbc85e7588af356191eaead,Merge pull request from GHSA-c9cp-9c75-9v8c,Fix the Inheritable capability defaults.,no_comments_in_source,committed,2022-03-23T17:50:56+00:00,"[""oci/spec.go"", ""oci/spec_opts.go"", ""oci/spec_opts_linux_test.go"", ""oci/spec_test.go"", ""pkg/cri/server/container_create_linux_test.go""]","diff --git a/oci/spec.go b/oci/spec.go
index 34d7662309f26..a1c98ddcbd062 100644
--- a/oci/spec.go
+++ b/oci/spec.go
@@ -148,10 +148,9 @@ func populateDefaultUnixSpec(ctx context.Context, s *Spec, id string) error {
 				GID: 0,
 			},
 			Capabilities: &specs.LinuxCapabilities{
-				Bounding:    defaultUnixCaps(),
-				Permitted:   defaultUnixCaps(),
-				Inheritable: defaultUnixCaps(),
-				Effective:   defaultUnixCaps(),
+				Bounding:  defaultUnixCaps(),
+				Permitted: defaultUnixCaps(),
+				Effective: defaultUnixCaps(),
 			},
 			Rlimits: []specs.POSIXRlimit{
 				{
diff --git a/oci/spec_opts.go b/oci/spec_opts.go
index 7dfee7227fb3d..9911e62999899 100644
--- a/oci/spec_opts.go
+++ b/oci/spec_opts.go
@@ -873,7 +873,6 @@ func WithCapabilities(caps []string) SpecOpts {
 		s.Process.Capabilities.Bounding = caps
 		s.Process.Capabilities.Effective = caps
 		s.Process.Capabilities.Permitted = caps
-		s.Process.Capabilities.Inheritable = caps
 
 		return nil
 	}
@@ -908,7 +907,6 @@ func WithAddedCapabilities(caps []string) SpecOpts {
 				&s.Process.Capabilities.Bounding,
 				&s.Process.Capabilities.Effective,
 				&s.Process.Capabilities.Permitted,
-				&s.Process.Capabilities.Inheritable,
 			} {
 				if !capsContain(*cl, c) {
 					*cl = append(*cl, c)
@@ -928,7 +926,6 @@ func WithDroppedCapabilities(caps []string) SpecOpts {
 				&s.Process.Capabilities.Bounding,
 				&s.Process.Capabilities.Effective,
 				&s.Process.Capabilities.Permitted,
-				&s.Process.Capabilities.Inheritable,
 			} {
 				removeCap(cl, c)
 			}
@@ -943,7 +940,7 @@ func WithDroppedCapabilities(caps []string) SpecOpts {
 func WithAmbientCapabilities(caps []string) SpecOpts {
 	return func(_ context.Context, _ Client, _ *containers.Container, s *Spec) error {
 		setCapabilities(s)
-
+		s.Process.Capabilities.Inheritable = caps
 		s.Process.Capabilities.Ambient = caps
 		return nil
 	}
diff --git a/oci/spec_opts_linux_test.go b/oci/spec_opts_linux_test.go
index 71f010906c417..28dfd786454bb 100644
--- a/oci/spec_opts_linux_test.go
+++ b/oci/spec_opts_linux_test.go
@@ -39,7 +39,6 @@ func TestAddCaps(t *testing.T) {
 		s.Process.Capabilities.Bounding,
 		s.Process.Capabilities.Effective,
 		s.Process.Capabilities.Permitted,
-		s.Process.Capabilities.Inheritable,
 	} {
 		if !capsContain(cl, ""CAP_CHOWN"") {
 			t.Errorf(""cap list %d does not contain added cap"", i)
@@ -63,7 +62,6 @@ func TestDropCaps(t *testing.T) {
 		s.Process.Capabilities.Bounding,
 		s.Process.Capabilities.Effective,
 		s.Process.Capabilities.Permitted,
-		s.Process.Capabilities.Inheritable,
 	} {
 		if capsContain(cl, ""CAP_CHOWN"") {
 			t.Errorf(""cap list %d contains dropped cap"", i)
@@ -82,7 +80,6 @@ func TestDropCaps(t *testing.T) {
 		s.Process.Capabilities.Bounding,
 		s.Process.Capabilities.Effective,
 		s.Process.Capabilities.Permitted,
-		s.Process.Capabilities.Inheritable,
 	} {
 		if capsContain(cl, ""CAP_FOWNER"") {
 			t.Errorf(""cap list %d contains dropped cap"", i)
@@ -103,7 +100,6 @@ func TestDropCaps(t *testing.T) {
 		s.Process.Capabilities.Bounding,
 		s.Process.Capabilities.Effective,
 		s.Process.Capabilities.Permitted,
-		s.Process.Capabilities.Inheritable,
 	} {
 		if len(cl) != 0 {
 			t.Errorf(""cap list %d is not empty"", i)
diff --git a/oci/spec_test.go b/oci/spec_test.go
index 9e9f98134e50f..7078ed9a3a05c 100644
--- a/oci/spec_test.go
+++ b/oci/spec_test.go
@@ -45,7 +45,6 @@ func TestGenerateSpec(t *testing.T) {
 		for _, cl := range [][]string{
 			s.Process.Capabilities.Bounding,
 			s.Process.Capabilities.Permitted,
-			s.Process.Capabilities.Inheritable,
 			s.Process.Capabilities.Effective,
 		} {
 			for i := 0; i < len(defaults); i++ {
@@ -193,8 +192,8 @@ func TestWithCapabilities(t *testing.T) {
 	if len(s.Process.Capabilities.Permitted) != 1 || s.Process.Capabilities.Permitted[0] != ""CAP_SYS_ADMIN"" {
 		t.Error(""Unexpected capabilities set"")
 	}
-	if len(s.Process.Capabilities.Inheritable) != 1 || s.Process.Capabilities.Inheritable[0] != ""CAP_SYS_ADMIN"" {
-		t.Error(""Unexpected capabilities set"")
+	if len(s.Process.Capabilities.Inheritable) != 0 {
+		t.Errorf(""Unexpected capabilities set: length is non zero (%d)"", len(s.Process.Capabilities.Inheritable))
 	}
 }
 
diff --git a/pkg/cri/server/container_create_linux_test.go b/pkg/cri/server/container_create_linux_test.go
index 95f2aa6de7aad..b000616ad5e51 100644
--- a/pkg/cri/server/container_create_linux_test.go
+++ b/pkg/cri/server/container_create_linux_test.go
@@ -255,15 +255,14 @@ func TestContainerCapabilities(t *testing.T) {
 		for _, include := range test.includes {
 			assert.Contains(t, spec.Process.Capabilities.Bounding, include)
 			assert.Contains(t, spec.Process.Capabilities.Effective, include)
-			assert.Contains(t, spec.Process.Capabilities.Inheritable, include)
 			assert.Contains(t, spec.Process.Capabilities.Permitted, include)
 		}
 		for _, exclude := range test.excludes {
 			assert.NotContains(t, spec.Process.Capabilities.Bounding, exclude)
 			assert.NotContains(t, spec.Process.Capabilities.Effective, exclude)
-			assert.NotContains(t, spec.Process.Capabilities.Inheritable, exclude)
 			assert.NotContains(t, spec.Process.Capabilities.Permitted, exclude)
 		}
+		assert.Empty(t, spec.Process.Capabilities.Inheritable)
 		assert.Empty(t, spec.Process.Capabilities.Ambient)
 	}
 }",accepted_fault,Escalized Privilege,Inappropriate Lifecycle Organization
issta2024_bugs_in_pods_understanding_bugs:c82958dfeb9b997b,issta2024_bugs_in_pods_understanding_bugs,cri-o,https://github.com/cri-o/cri-o/commit/cbfab09d5801bf94f6e2ec3d85cf30f33f59c3b0,server: fix segfault when using cgroupv2,Signed-off-by: Peter Hunt <pehunt@redhat.com>,no_comments_in_source,committed,2021-11-08T20:59:54+00:00,"[""server/container_create_linux.go""]","diff --git a/server/container_create_linux.go b/server/container_create_linux.go
index 95126ef2518..1ba25b75011 100644
--- a/server/container_create_linux.go
+++ b/server/container_create_linux.go
@@ -395,7 +395,10 @@ func (s *Server) createSandboxContainer(ctx context.Context, ctr ctrIface.Contai
 				}
 			}
 
-			if node.CgroupIsV2() {
+			if node.CgroupIsV2() && len(resources.Unified) != 0 {
+				if specgen.Config.Linux.Resources.Unified == nil {
+					specgen.Config.Linux.Resources.Unified = make(map[string]string, len(resources.Unified))
+				}
 				for key, value := range resources.Unified {
 					specgen.Config.Linux.Resources.Unified[key] = value
 				}",accepted_fault,Out of Memory,Incorrect Image or Config Parsing
issta2024_bugs_in_pods_understanding_bugs:cc0b52e2c4cfca1b,issta2024_bugs_in_pods_understanding_bugs,cri-o,https://github.com/cri-o/cri-o/commit/14d742672f0ed8fe151b14c5036416b27268b4d0,Deny empty `localhost/` AppArmor profiles,"Specifying a `localhost/` profile for AppArmor would run containers as
unconfined and not the selected default profile. This means we now check
that case explicitly and error if so.

Signed-off-by: Sascha Grunert <sgrunert@redhat.com>",no_comments_in_source,committed,2022-02-16T11:11:17+00:00,"[""internal/config/apparmor/apparmor.go"", ""test/apparmor.bats""]","diff --git a/internal/config/apparmor/apparmor.go b/internal/config/apparmor/apparmor.go
index 970e5069da6..a99332a9a97 100644
--- a/internal/config/apparmor/apparmor.go
+++ b/internal/config/apparmor/apparmor.go
@@ -99,6 +99,10 @@ func (c *Config) Apply(profile string) (string, error) {
 	}
 	profile = strings.TrimPrefix(profile, v1.AppArmorBetaProfileNamePrefix)
 
+	if profile == """" {
+		return """", errors.New(""empty localhost AppArmor profile is forbidden"")
+	}
+
 	// reload the profile if default
 	if profile == DefaultProfile {
 		if err := reloadDefaultProfile(); err != nil {
diff --git a/test/apparmor.bats b/test/apparmor.bats
index ca363b4ed37..cdec8bcdc17 100644
--- a/test/apparmor.bats
+++ b/test/apparmor.bats
@@ -17,6 +17,7 @@ function teardown() {
 	load_default_apparmor_profile_and_run_a_container_with_another_apparmor_profile
 	run_a_container_with_wrong_apparmor_profile_name
 	run_a_container_after_unloading_default_apparmor_profile
+	run_a_container_with_invalid_localhost_apparmor_profile_name
 }
 
 # 1. test running with loading the default apparmor profile.
@@ -129,3 +130,23 @@ run_a_container_after_unloading_default_apparmor_profile() {
 
 	cleanup_test
 }
+
+# 6. test running with empty localhost profile name.
+run_a_container_with_invalid_localhost_apparmor_profile_name() {
+	local output status
+
+	setup_test
+	start_crio
+
+	jq '.linux.security_context.apparmor_profile = ""localhost/""' \
+		""$TESTDATA""/sandbox_config.json > ""$TESTDIR""/apparmor4.json
+
+	jq '.linux.security_context.apparmor_profile = ""localhost/""' \
+		""$TESTDATA""/container_redis.json > ""$TESTDIR""/apparmor_container4.json
+
+	pod_id=$(crictl runp ""$TESTDIR""/apparmor4.json)
+
+	! crictl create ""$pod_id"" ""$TESTDIR""/apparmor_container4.json ""$TESTDIR""/apparmor4.json
+
+	cleanup_test
+}",accepted_fault,Incorrect Configuration Effect,Plugin Config Error
issta2024_bugs_in_pods_understanding_bugs:ccd5e09a1f8aaa2b,issta2024_bugs_in_pods_understanding_bugs,runc,https://github.com/opencontainers/runc/commit/343951a22b58c38feb044a5cea501dae92f8540e,cgroups: systemd: skip adding device paths that don't exist,"systemd emits very loud warnings when the path specified doesn't exist
(which can be the case for some of our default rules). We don't need the
ruleset we give systemd to be completely accurate (we discard some kinds
of wildcard rules anyway) so we can safely skip adding these.

Signed-off-by: Aleksa Sarai <cyphar@cyphar.com>",no_comments_in_source,committed,2022-06-02T02:07:00+00:00,"[""libcontainer/cgroups/devices/systemd.go""]","diff --git a/libcontainer/cgroups/devices/systemd.go b/libcontainer/cgroups/devices/systemd.go
index 7e3c6fda8ce..19f643ec9b3 100644
--- a/libcontainer/cgroups/devices/systemd.go
+++ b/libcontainer/cgroups/devices/systemd.go
@@ -129,7 +129,13 @@ func systemdProperties(r *configs.Resources) ([]systemdDbus.Property, error) {
 				entry.Path = fmt.Sprintf(""/dev/char/%d:%d"", rule.Major, rule.Minor)
 			}
 		}
-		deviceAllowList = append(deviceAllowList, entry)
+		// systemd will issue a warning if the path we give here doesn't exist.
+		// Since all of this logic is best-effort anyway (we manually set these
+		// rules separately to systemd) we can safely skip entries that don't
+		// have a corresponding path.
+		if _, err := os.Stat(entry.Path); err == nil {
+			deviceAllowList = append(deviceAllowList, entry)
+		}
 	}
 
 	properties = append(properties, newProp(""DeviceAllow"", deviceAllowList))",accepted_fault,Wrong Container Behavior,Improper Exception Handling
issta2024_bugs_in_pods_understanding_bugs:d76f90ba29ad0377,issta2024_bugs_in_pods_understanding_bugs,containerd,https://github.com/containerd/containerd/commit/63a7d8a7ff291066b0684e8a62ff598684b8056e,fix pusher concurrent close channel,Signed-off-by: rongfu.leng <rongfu.leng@daocloud.io>,no_comments_in_source,committed,2022-10-04T14:11:15+00:00,"[""remotes/docker/pusher.go"", ""remotes/docker/pusher_test.go""]","diff --git a/remotes/docker/pusher.go b/remotes/docker/pusher.go
index f674be718c367..a509cfe3c0dd0 100644
--- a/remotes/docker/pusher.go
+++ b/remotes/docker/pusher.go
@@ -24,6 +24,7 @@ import (
 	""net/http""
 	""net/url""
 	""strings""
+	""sync""
 	""time""
 
 	""github.com/containerd/containerd/content""
@@ -320,9 +321,10 @@ type pushWriter struct {
 
 	pipe *io.PipeWriter
 
-	pipeC chan *io.PipeWriter
-	respC chan *http.Response
-	errC  chan error
+	pipeC     chan *io.PipeWriter
+	respC     chan *http.Response
+	closeOnce sync.Once
+	errC      chan error
 
 	isManifest bool
 
@@ -398,14 +400,9 @@ func (pw *pushWriter) Write(p []byte) (n int, err error) {
 func (pw *pushWriter) Close() error {
 	// Ensure pipeC is closed but handle `Close()` being
 	// called multiple times without panicking
-	select {
-	case _, ok := <-pw.pipeC:
-		if ok {
-			close(pw.pipeC)
-		}
-	default:
+	pw.closeOnce.Do(func() {
 		close(pw.pipeC)
-	}
+	})
 	if pw.pipe != nil {
 		status, err := pw.tracker.GetStatus(pw.ref)
 		if err == nil && !status.Committed {
diff --git a/remotes/docker/pusher_test.go b/remotes/docker/pusher_test.go
index bed661da0df3f..e74f5c4d77dfa 100644
--- a/remotes/docker/pusher_test.go
+++ b/remotes/docker/pusher_test.go
@@ -293,7 +293,7 @@ func Test_dockerPusher_push(t *testing.T) {
 		dp               dockerPusher
 		dockerBaseObject string
 		args             args
-		checkerFunc      func(writer pushWriter) bool
+		checkerFunc      func(writer *pushWriter) bool
 		wantErr          error
 	}{
 		{
@@ -306,7 +306,7 @@ func Test_dockerPusher_push(t *testing.T) {
 				ref:               fmt.Sprintf(""manifest-%s"", manifestContentDigest.String()),
 				unavailableOnFail: false,
 			},
-			checkerFunc: func(writer pushWriter) bool {
+			checkerFunc: func(writer *pushWriter) bool {
 				select {
 				case resp := <-writer.respC:
 					// 201 should be the response code when uploading a new manifest
@@ -340,7 +340,7 @@ func Test_dockerPusher_push(t *testing.T) {
 				ref:               fmt.Sprintf(""layer-%s"", layerContentDigest.String()),
 				unavailableOnFail: false,
 			},
-			checkerFunc: func(writer pushWriter) bool {
+			checkerFunc: func(writer *pushWriter) bool {
 				select {
 				case resp := <-writer.respC:
 					// 201 should be the response code when uploading a new blob
@@ -379,7 +379,7 @@ func Test_dockerPusher_push(t *testing.T) {
 			}
 
 			// test whether a proper response has been received after the push operation
-			assert.True(t, test.checkerFunc(*pw))
+			assert.True(t, test.checkerFunc(pw))
 
 		})
 	}",accepted_fault,Wrong Container Behavior,Wrong Code Logic
issta2024_bugs_in_pods_understanding_bugs:dbd2f83b7d3063d8,issta2024_bugs_in_pods_understanding_bugs,gvisor,https://github.com/google/gvisor/commit/0417b99c166efc139427b9b6de2ecc631e5d97ac,Replace StubMarshallable with go_marshal's marshal dynamic generator.,"FUSE introduced StubMarshallable to avoid boilerplate around types
that were either marshalled in one direction, or were dynamically
sized. The marshal dynamic generator can deal with these cases with a
small bit of stubbing per type.

This also allows FUSE types to be treated as full marshal.Marshallable
types, addressing gVisor.dev/issue/3698.

Closes #3698.

PiperOrigin-RevId: 410335216",no_comments_in_source,committed,2021-11-16T21:28:18+00:00,"[""pkg/abi/linux/fuse.go"", ""pkg/marshal/BUILD""]","diff --git a/pkg/abi/linux/fuse.go b/pkg/abi/linux/fuse.go
index 0147077a35..71a6f95e66 100644
--- a/pkg/abi/linux/fuse.go
+++ b/pkg/abi/linux/fuse.go
@@ -15,7 +15,6 @@
 package linux
 
 import (
-	""gvisor.dev/gvisor/pkg/marshal""
 	""gvisor.dev/gvisor/pkg/marshal/primitive""
 )
 
@@ -353,6 +352,8 @@ type FUSEEntryOut struct {
 }
 
 // CString represents a null terminated string which can be marshalled.
+//
+// +marshal dynamic
 type CString string
 
 // MarshalBytes implements marshal.Marshallable.MarshalBytes.
@@ -362,6 +363,11 @@ func (s *CString) MarshalBytes(buf []byte) []byte {
 	return buf[s.SizeBytes():]
 }
 
+// UnmarshalBytes implements marshal.Marshallable.UnmarshalBytes.
+func (s *CString) UnmarshalBytes(buf []byte) []byte {
+	panic(""Unimplemented, CString is never unmarshalled"")
+}
+
 // SizeBytes implements marshal.Marshallable.SizeBytes.
 func (s *CString) SizeBytes() int {
 	// 1 extra byte for null-terminated string.
@@ -371,20 +377,23 @@ func (s *CString) SizeBytes() int {
 // FUSELookupIn is the request sent by the kernel to the daemon
 // to look up a file name.
 //
-// Dynamically-sized objects cannot be marshalled.
+// +marshal dynamic
 type FUSELookupIn struct {
-	marshal.StubMarshallable
-
 	// Name is a file name to be looked up.
 	Name CString
 }
 
-// MarshalBytes serializes r.name to the dst buffer.
+// UnmarshalBytes implements marshal.Marshallable.UnmarshalBytes.
+func (r *FUSELookupIn) UnmarshalBytes(buf []byte) []byte {
+	panic(""Unimplemented, FUSELookupIn is never unmarshalled"")
+}
+
+// MarshalBytes implements marshal.Marshallable.MarshalBytes.
 func (r *FUSELookupIn) MarshalBytes(buf []byte) []byte {
 	return r.Name.MarshalBytes(buf)
 }
 
-// SizeBytes is the size of the memory representation of FUSELookupIn.
+// SizeBytes implements marshal.Marshallable.SizeBytes.
 func (r *FUSELookupIn) SizeBytes() int {
 	return r.Name.SizeBytes()
 }
@@ -537,10 +546,8 @@ type FUSECreateMeta struct {
 // FUSECreateIn contains all the arguments sent by the kernel to the daemon, to
 // atomically create and open a new regular file.
 //
-// Dynamically-sized objects cannot be marshalled.
+// +marshal dynamic
 type FUSECreateIn struct {
-	marshal.StubMarshallable
-
 	// CreateMeta contains mode, rdev and umash field for FUSE_MKNODS.
 	CreateMeta FUSECreateMeta
 
@@ -548,13 +555,18 @@ type FUSECreateIn struct {
 	Name CString
 }
 
-// MarshalBytes serializes r.CreateMeta and r.Name to the dst buffer.
+// MarshalBytes implements marshal.Marshallable.MarshalBytes.
 func (r *FUSECreateIn) MarshalBytes(buf []byte) []byte {
 	buf = r.CreateMeta.MarshalBytes(buf)
 	return r.Name.MarshalBytes(buf)
 }
 
-// SizeBytes is the size of the memory representation of FUSECreateIn.
+// UnmarshalBytes implements marshal.Marshallable.UnmarshalBytes.
+func (r *FUSECreateIn) UnmarshalBytes(buf []byte) []byte {
+	panic(""Unimplemented, FUSECreateIn is never unmarshalled"")
+}
+
+// SizeBytes implements marshal.Marshallable.SizeBytes.
 func (r *FUSECreateIn) SizeBytes() int {
 	return r.CreateMeta.SizeBytes() + r.Name.SizeBytes()
 }
@@ -579,35 +591,35 @@ type FUSEMknodMeta struct {
 // FUSEMknodIn contains all the arguments sent by the kernel
 // to the daemon, to create a new file node.
 //
-// Dynamically-sized objects cannot be marshalled.
+// +marshal dynamic
 type FUSEMknodIn struct {
-	marshal.StubMarshallable
-
 	// MknodMeta contains mode, rdev and umash field for FUSE_MKNODS.
 	MknodMeta FUSEMknodMeta
-
 	// Name is the name of the node to create.
 	Name CString
 }
 
-// MarshalBytes serializes r.MknodMeta and r.Name to the dst buffer.
+// MarshalBytes implements marshal.Marshallable.MarshalBytes.
 func (r *FUSEMknodIn) MarshalBytes(buf []byte) []byte {
 	buf = r.MknodMeta.MarshalBytes(buf)
 	return r.Name.MarshalBytes(buf)
 }
 
-// SizeBytes is the size of the memory representation of FUSEMknodIn.
+// UnmarshalBytes implements marshal.Marshallable.UnmarshalBytes.
+func (r *FUSEMknodIn) UnmarshalBytes(buf []byte) []byte {
+	panic(""Unimplemented, FUSEMknodIn is never unmarshalled"")
+}
+
+// SizeBytes implements marshal.Marshallable.SizeBytes.
 func (r *FUSEMknodIn) SizeBytes() int {
 	return r.MknodMeta.SizeBytes() + r.Name.SizeBytes()
 }
 
-// FUSESymLinkIn is the request sent by the kernel to the daemon,
+// FUSESymlinkIn is the request sent by the kernel to the daemon,
 // to create a symbolic link.
 //
-// Dynamically-sized objects cannot be marshalled.
-type FUSESymLinkIn struct {
-	marshal.StubMarshallable
-
+// +marshal dynamic
+type FUSESymlinkIn struct {
 	// Name of symlink to create.
 	Name CString
 
@@ -615,26 +627,38 @@ type FUSESymLinkIn struct {
 	Target CString
 }
 
-// MarshalBytes serializes r.Name and r.Target to the dst buffer.
-func (r *FUSESymLinkIn) MarshalBytes(buf []byte) []byte {
+// MarshalBytes implements marshal.Marshallable.MarshalBytes.
+func (r *FUSESymlinkIn) MarshalBytes(buf []byte) []byte {
 	buf = r.Name.MarshalBytes(buf)
 	return r.Target.MarshalBytes(buf)
 }
 
-// SizeBytes is the size of the memory representation of FUSESymLinkIn.
-func (r *FUSESymLinkIn) SizeBytes() int {
+// UnmarshalBytes implements marshal.Marshallable.UnmarshalBytes.
+func (r *FUSESymlinkIn) UnmarshalBytes(buf []byte) []byte {
+	panic(""Unimplemented, FUSEMknodIn is never unmarshalled"")
+}
+
+// SizeBytes implements marshal.Marshallable.SizeBytes.
+func (r *FUSESymlinkIn) SizeBytes() int {
 	return r.Name.SizeBytes() + r.Target.SizeBytes()
 }
 
 // FUSEEmptyIn is used by operations without request body.
-type FUSEEmptyIn struct{ marshal.StubMarshallable }
+//
+// +marshal dynamic
+type FUSEEmptyIn struct{}
 
-// MarshalBytes do nothing for marshal.
+// MarshalBytes implements marshal.Marshallable.MarshalBytes.
 func (r *FUSEEmptyIn) MarshalBytes(buf []byte) []byte {
 	return buf
 }
 
-// SizeBytes is 0 for empty request.
+// UnmarshalBytes implements marshal.Marshallable.UnmarshalBytes.
+func (r *FUSEEmptyIn) UnmarshalBytes(buf []byte) []byte {
+	panic(""Unimplemented, FUSEEmptyIn is never unmarshalled"")
+}
+
+// SizeBytes implements marshal.Marshallable.SizeBytes.
 func (r *FUSEEmptyIn) SizeBytes() int {
 	return 0
 }
@@ -646,7 +670,6 @@ func (r *FUSEEmptyIn) SizeBytes() int {
 type FUSEMkdirMeta struct {
 	// Mode of the directory of create.
 	Mode uint32
-
 	// Umask is the user file creation mask.
 	Umask uint32
 }
@@ -654,24 +677,26 @@ type FUSEMkdirMeta struct {
 // FUSEMkdirIn contains all the arguments sent by the kernel
 // to the daemon, to create a new directory.
 //
-// Dynamically-sized objects cannot be marshalled.
+// +marshal dynamic
 type FUSEMkdirIn struct {
-	marshal.StubMarshallable
-
 	// MkdirMeta contains Mode and Umask of the directory to create.
 	MkdirMeta FUSEMkdirMeta
-
 	// Name of the directory to create.
 	Name CString
 }
 
-// MarshalBytes serializes r.MkdirMeta and r.Name to the dst buffer.
+// MarshalBytes implements marshal.Marshallable.MarshalBytes.
 func (r *FUSEMkdirIn) MarshalBytes(buf []byte) []byte {
 	buf = r.MkdirMeta.MarshalBytes(buf)
 	return r.Name.MarshalBytes(buf)
 }
 
-// SizeBytes is the size of the memory representation of FUSEMkdirIn.
+// UnmarshalBytes implements marshal.Marshallable.UnmarshalBytes.
+func (r *FUSEMkdirIn) UnmarshalBytes(buf []byte) []byte {
+	panic(""Unimplemented, FUSEMkdirIn is never unmarshalled"")
+}
+
+// SizeBytes implements marshal.Marshallable.SizeBytes.
 func (r *FUSEMkdirIn) SizeBytes() int {
 	return r.MkdirMeta.SizeBytes() + r.Name.SizeBytes()
 }
@@ -679,20 +704,23 @@ func (r *FUSEMkdirIn) SizeBytes() int {
 // FUSERmDirIn is the request sent by the kernel to the daemon
 // when trying to remove a directory.
 //
-// Dynamically-sized objects cannot be marshalled.
+// +marshal dynamic
 type FUSERmDirIn struct {
-	marshal.StubMarshallable
-
 	// Name is a directory name to be removed.
 	Name CString
 }
 
-// MarshalBytes serializes r.name to the dst buffer.
+// MarshalBytes implements marshal.Marshallable.MarshalBytes.
 func (r *FUSERmDirIn) MarshalBytes(buf []byte) []byte {
 	return r.Name.MarshalBytes(buf)
 }
 
-// SizeBytes is the size of the memory representation of FUSERmDirIn.
+// UnmarshalBytes implements marshal.Marshallable.UnmarshalBytes.
+func (r *FUSERmDirIn) UnmarshalBytes(buf []byte) []byte {
+	panic(""Unimplemented, FUSERmDirIn is never unmarshalled"")
+}
+
+// SizeBytes implements marshal.Marshallable.SizeBytes.
 func (r *FUSERmDirIn) SizeBytes() int {
 	return r.Name.SizeBytes()
 }
@@ -700,23 +728,18 @@ func (r *FUSERmDirIn) SizeBytes() int {
 // FUSEDirents is a list of Dirents received from the FUSE daemon server.
 // It is used for FUSE_READDIR.
 //
-// Dynamically-sized objects cannot be marshalled.
+// +marshal dynamic
 type FUSEDirents struct {
-	marshal.StubMarshallable
-
 	Dirents []*FUSEDirent
 }
 
 // FUSEDirent is a Dirent received from the FUSE daemon server.
 // It is used for FUSE_READDIR.
 //
-// Dynamically-sized objects cannot be marshalled.
+// +marshal dynamic
 type FUSEDirent struct {
-	marshal.StubMarshallable
-
 	// Meta contains all the static fields of FUSEDirent.
 	Meta FUSEDirentMeta
-
 	// Name is the filename of the dirent.
 	Name string
 }
@@ -728,18 +751,15 @@ type FUSEDirent struct {
 type FUSEDirentMeta struct {
 	// Inode of the dirent.
 	Ino uint64
-
 	// Offset of the dirent.
 	Off uint64
-
 	// NameLen is the length of the dirent name.
 	NameLen uint32
-
 	// Type of the dirent.
 	Type uint32
 }
 
-// SizeBytes is the size of the memory representation of FUSEDirents.
+// SizeBytes implements marshal.Marshallable.SizeBytes.
 func (r *FUSEDirents) SizeBytes() int {
 	var sizeBytes int
 	for _, dirent := range r.Dirents {
@@ -749,6 +769,11 @@ func (r *FUSEDirents) SizeBytes() int {
 	return sizeBytes
 }
 
+// MarshalBytes implements marshal.Marshallable.MarshalBytes.
+func (r *FUSEDirents) MarshalBytes(buf []byte) []byte {
+	panic(""Unimplemented, FUSEDirents is never marshalled"")
+}
+
 // UnmarshalBytes deserializes FUSEDirents from the src buffer.
 func (r *FUSEDirents) UnmarshalBytes(src []byte) []byte {
 	for {
@@ -772,7 +797,7 @@ func (r *FUSEDirents) UnmarshalBytes(src []byte) []byte {
 	return src
 }
 
-// SizeBytes is the size of the memory representation of FUSEDirent.
+// SizeBytes implements marshal.Marshallable.SizeBytes.
 func (r *FUSEDirent) SizeBytes() int {
 	dataSize := r.Meta.SizeBytes() + len(r.Name)
 
@@ -782,6 +807,11 @@ func (r *FUSEDirent) SizeBytes() int {
 	return (dataSize + (FUSE_DIRENT_ALIGN - 1)) & ^(FUSE_DIRENT_ALIGN - 1)
 }
 
+// MarshalBytes implements marshal.Marshallable.MarshalBytes.
+func (r *FUSEDirent) MarshalBytes(buf []byte) []byte {
+	panic(""Unimplemented, FUSEDirent is never marshalled"")
+}
+
 // shiftNextDirent advances buf to the start of the next dirent, per
 // FUSE ABI. buf should begin at the start of a dirent.
 func (r *FUSEDirent) shiftNextDirent(buf []byte) []byte {
@@ -792,7 +822,7 @@ func (r *FUSEDirent) shiftNextDirent(buf []byte) []byte {
 	return buf[nextOff:]
 }
 
-// UnmarshalBytes deserializes FUSEDirent from the src buffer.
+// UnmarshalBytes implements marshal.Marshallable.UnmarshalBytes.
 func (r *FUSEDirent) UnmarshalBytes(src []byte) []byte {
 	srcP := r.Meta.UnmarshalBytes(src)
 
@@ -879,20 +909,23 @@ type FUSESetAttrIn struct {
 // FUSEUnlinkIn is the request sent by the kernel to the daemon
 // when trying to unlink a node.
 //
-// Dynamically-sized objects cannot be marshalled.
+// +marshal dynamic
 type FUSEUnlinkIn struct {
-	marshal.StubMarshallable
-
 	// Name of the node to unlink.
 	Name CString
 }
 
-// MarshalBytes serializes r.name to the dst buffer.
+// MarshalBytes implements marshal.Marshallable.MarshalBytes.
 func (r *FUSEUnlinkIn) MarshalBytes(buf []byte) []byte {
 	return r.Name.MarshalBytes(buf)
 }
 
-// SizeBytes is the size of the memory representation of FUSEUnlinkIn.
+// UnmarshalBytes implements marshal.Marshallable.UnmarshalBytes.
+func (r *FUSEUnlinkIn) UnmarshalBytes(buf []byte) []byte {
+	panic(""Unimplemented, FUSEUnlinkIn is never unmarshalled"")
+}
+
+// SizeBytes implements marshal.Marshallable.SizeBytes.
 func (r *FUSEUnlinkIn) SizeBytes() int {
 	return r.Name.SizeBytes()
 }
diff --git a/pkg/marshal/BUILD b/pkg/marshal/BUILD
index 7a50021760..9ef4532836 100644
--- a/pkg/marshal/BUILD
+++ b/pkg/marshal/BUILD
@@ -6,7 +6,6 @@ go_library(
     name = ""marshal"",
     srcs = [
         ""marshal.go"",
-        ""marshal_impl_util.go"",
         ""util.go"",
     ],
     visibility = [
diff --git a/pkg/marshal/marshal_impl_util.go b/pkg/marshal/marshal_impl_util.go
deleted file mode 100644
index 6c1cf7a4c6..0000000000
--- a/pkg/marshal/marshal_impl_util.go
+++ /dev/null
@@ -1,78 +0,0 @@
-// Copyright 2020 The gVisor Authors.
-//
-// Licensed under the Apache License, Version 2.0 (the ""License"");
-// you may not use this file except in compliance with the License.
-// You may obtain a copy of the License at
-//
-//     http://www.apache.org/licenses/LICENSE-2.0
-//
-// Unless required by applicable law or agreed to in writing, software
-// distributed under the License is distributed on an ""AS IS"" BASIS,
-// WITHOUT WARRANTIES OR CONDITIONS OF ANY KIND, either express or implied.
-// See the License for the specific language governing permissions and
-// limitations under the License.
-
-package marshal
-
-import (
-	""io""
-
-	""gvisor.dev/gvisor/pkg/hostarch""
-)
-
-// StubMarshallable implements the Marshallable interface.
-// StubMarshallable is a convenient embeddable type for satisfying the
-// marshallable interface, but provides no actual implementation. It is
-// useful when the marshallable interface needs to be implemented manually,
-// but the caller doesn't require the full marshallable interface.
-type StubMarshallable struct{}
-
-// WriteTo implements Marshallable.WriteTo.
-func (StubMarshallable) WriteTo(w io.Writer) (n int64, err error) {
-	panic(""Please implement your own WriteTo function"")
-}
-
-// SizeBytes implements Marshallable.SizeBytes.
-func (StubMarshallable) SizeBytes() int {
-	panic(""Please implement your own SizeBytes function"")
-}
-
-// MarshalBytes implements Marshallable.MarshalBytes.
-func (StubMarshallable) MarshalBytes(dst []byte) []byte {
-	panic(""Please implement your own MarshalBytes function"")
-}
-
-// UnmarshalBytes implements Marshallable.UnmarshalBytes.
-func (StubMarshallable) UnmarshalBytes(src []byte) []byte {
-	panic(""Please implement your own UnmarshalBytes function"")
-}
-
-// Packed implements Marshallable.Packed.
-func (StubMarshallable) Packed() bool {
-	panic(""Please implement your own Packed function"")
-}
-
-// MarshalUnsafe implements Marshallable.MarshalUnsafe.
-func (StubMarshallable) MarshalUnsafe(dst []byte) []byte {
-	panic(""Please implement your own MarshalUnsafe function"")
-}
-
-// UnmarshalUnsafe implements Marshallable.UnmarshalUnsafe.
-func (StubMarshallable) UnmarshalUnsafe(src []byte) []byte {
-	panic(""Please implement your own UnmarshalUnsafe function"")
-}
-
-// CopyIn implements Marshallable.CopyIn.
-func (StubMarshallable) CopyIn(cc CopyContext, addr hostarch.Addr) (int, error) {
-	panic(""Please implement your own CopyIn function"")
-}
-
-// CopyOut implements Marshallable.CopyOut.
-func (StubMarshallable) CopyOut(cc CopyContext, addr hostarch.Addr) (int, error) {
-	panic(""Please implement your own CopyOut function"")
-}
-
-// CopyOutN implements Marshallable.CopyOutN.
-func (StubMarshallable) CopyOutN(cc CopyContext, addr hostarch.Addr, limit int) (int, error) {
-	panic(""Please implement your own CopyOutN function"")
-}
diff --git a/pkg/sentry/fsimpl/fuse/BUILD b/pkg/sentry/fsimpl/fuse/BUILD
index 18497a8805..07400d2732 100644
--- a/pkg/sentry/fsimpl/fuse/BUILD
+++ b/pkg/sentry/fsimpl/fuse/BUILD
@@ -42,6 +42,7 @@ go_library(
         ""request_list.go"",
         ""request_response.go"",
     ],
+    marshal = True,
     visibility = [""//pkg/sentry:internal""],
     deps = [
         ""//pkg/abi/linux"",
diff --git a/pkg/sentry/fsimpl/fuse/fusefs.go b/pkg/sentry/fsimpl/fuse/fusefs.go
index 00b520c31c..039dc69967 100644
--- a/pkg/sentry/fsimpl/fuse/fusefs.go
+++ b/pkg/sentry/fsimpl/fuse/fusefs.go
@@ -540,7 +540,7 @@ func (i *inode) NewNode(ctx context.Context, name string, opts vfs.MknodOptions)
 
 // NewSymlink implements kernfs.Inode.NewSymlink.
 func (i *inode) NewSymlink(ctx context.Context, name, target string) (kernfs.Inode, error) {
-	in := linux.FUSESymLinkIn{
+	in := linux.FUSESymlinkIn{
 		Name:   linux.CString(name),
 		Target: linux.CString(target),
 	}
diff --git a/pkg/sentry/fsimpl/fuse/request_response.go b/pkg/sentry/fsimpl/fuse/request_response.go
index ec76ec2a4e..fa774f67a9 100644
--- a/pkg/sentry/fsimpl/fuse/request_response.go
+++ b/pkg/sentry/fsimpl/fuse/request_response.go
@@ -29,10 +29,8 @@ import (
 // server may implement an older version of FUSE protocol, which contains a
 // linux.FUSEInitOut with less attributes.
 //
-// Dynamically-sized objects cannot be marshalled.
+// +marshal dynamic
 type fuseInitRes struct {
-	marshal.StubMarshallable
-
 	// initOut contains the response from the FUSE server.
 	initOut linux.FUSEInitOut
 
@@ -40,6 +38,10 @@ type fuseInitRes struct {
 	initLen uint32
 }
 
+func (r *fuseInitRes) MarshalBytes(src []byte) []byte {
+	panic(""Unimplemented, fuseInitRes should never be marshalled"")
+}
+
 // UnmarshalBytes deserializes src to the initOut attribute in a fuseInitRes.
 func (r *fuseInitRes) UnmarshalBytes(src []byte) []byte {
 	out := &r.initOut
@@ -123,9 +125,8 @@ func (conn *connection) NewRequest(creds *auth.Credentials, pid uint32, ino uint
 
 	buf := make([]byte, hdr.Len)
 
-	// TODO(gVisor.dev/issue/3698): Use the unsafe version once go_marshal is safe to use again.
-	hdr.MarshalBytes(buf[:hdrLen])
-	payload.MarshalBytes(buf[hdrLen:])
+	hdr.MarshalUnsafe(buf[:hdrLen])
+	payload.MarshalUnsafe(buf[hdrLen:])
 
 	return &Request{
 		id:   hdr.Unique,
@@ -224,7 +225,6 @@ func (r *Response) UnmarshalPayload(m marshal.Marshallable) error {
 		return nil
 	}
 
-	// TODO(gVisor.dev/issue/3698): Use the unsafe version once go_marshal is safe to use again.
-	m.UnmarshalBytes(r.data[hdrLen:])
+	m.UnmarshalUnsafe(r.data[hdrLen:])
 	return nil
 }",accepted_fault,Out of Memory,Unsafe API Usage
issta2024_bugs_in_pods_understanding_bugs:ddfb0dfe92157e05,issta2024_bugs_in_pods_understanding_bugs,containerd,https://github.com/containerd/containerd/commit/933ddaa6f870e10b1164d7a4a442c0e026ba7975,fix: wrong flag type,Signed-off-by: jonyhy <yun.hao@daocloud.io>,no_comments_in_source,committed,2021-09-29T08:22:51+00:00,"[""cmd/ctr/commands/images/import.go""]","diff --git a/cmd/ctr/commands/images/import.go b/cmd/ctr/commands/images/import.go
index 26d0eecce95c5..bb5f2bee3abf8 100644
--- a/cmd/ctr/commands/images/import.go
+++ b/cmd/ctr/commands/images/import.go
@@ -73,7 +73,7 @@ If foobar.tar contains an OCI ref named ""latest"" and anonymous ref ""sha256:deadb
 			Name:  ""all-platforms"",
 			Usage: ""imports content for all platforms, false by default"",
 		},
-		cli.BoolFlag{
+		cli.StringFlag{
 			Name:  ""platform"",
 			Usage: ""imports content for specific platform"",
 		},",accepted_fault,Incorrect Return Value,Others
issta2024_bugs_in_pods_understanding_bugs:e4938a75670aeb04,issta2024_bugs_in_pods_understanding_bugs,runc,https://github.com/opencontainers/runc/commit/bd8e070109cd893f4d9a858c97f4b18a6b8d703b,"libct/cg/sd: fix ""SkipDevices"" handling","1. The meaning of SkipDevices is what it is -- do not set any
   device-related options.

2. Reverts the part of commit 108ee85b8271e1 which skipped the freeze
   when the SkipDevices is set. Apparently, the freeze is needed on
   update even if no Device* properties are being set.

3. Add ""runc update"" to ""runc run [device cgroup deny]"" test.

Fixes: 752e7a824946a
Fixes: 108ee85b8271e
Signed-off-by: Kir Kolyshkin <kolyshkin@gmail.com>",no_comments_in_source,committed,2021-06-10T15:16:01+00:00,"[""libcontainer/cgroups/systemd/common.go"", ""libcontainer/cgroups/systemd/v1.go"", ""libcontainer/cgroups/systemd/v2.go"", ""tests/integration/dev.bats""]","diff --git a/libcontainer/cgroups/systemd/common.go b/libcontainer/cgroups/systemd/common.go
index 67c612780f7..c9995bfe6c4 100644
--- a/libcontainer/cgroups/systemd/common.go
+++ b/libcontainer/cgroups/systemd/common.go
@@ -178,7 +178,7 @@ func allowAllDevices() []systemdDbus.Property {
 // corresponding set of systemd properties to configure the devices correctly.
 func generateDeviceProperties(r *configs.Resources) ([]systemdDbus.Property, error) {
 	if r.SkipDevices {
-		return allowAllDevices(), nil
+		return nil, nil
 	}
 
 	properties := []systemdDbus.Property{
diff --git a/libcontainer/cgroups/systemd/v1.go b/libcontainer/cgroups/systemd/v1.go
index 06526c54cf3..1f533c81747 100644
--- a/libcontainer/cgroups/systemd/v1.go
+++ b/libcontainer/cgroups/systemd/v1.go
@@ -339,27 +339,24 @@ func (m *legacyManager) Set(r *configs.Resources) error {
 		return err
 	}
 
+	// Figure out the current freezer state, so we can revert to it after we
+	// temporarily freeze the container.
+	targetFreezerState, err := m.GetFreezerState()
+	if err != nil {
+		return err
+	}
+	if targetFreezerState == configs.Undefined {
+		targetFreezerState = configs.Thawed
+	}
+
 	// We have to freeze the container while systemd sets the cgroup settings.
 	// The reason for this is that systemd's application of DeviceAllow rules
 	// is done disruptively, resulting in spurrious errors to common devices
 	// (unlike our fs driver, they will happily write deny-all rules to running
 	// containers). So we freeze the container to avoid them hitting the cgroup
 	// error. But if the freezer cgroup isn't supported, we just warn about it.
-	targetFreezerState := configs.Undefined
-	if !m.cgroups.SkipDevices {
-		// Figure out the current freezer state, so we can revert to it after we
-		// temporarily freeze the container.
-		targetFreezerState, err = m.GetFreezerState()
-		if err != nil {
-			return err
-		}
-		if targetFreezerState == configs.Undefined {
-			targetFreezerState = configs.Thawed
-		}
-
-		if err := m.Freeze(configs.Frozen); err != nil {
-			logrus.Infof(""freeze container before SetUnitProperties failed: %v"", err)
-		}
+	if err := m.Freeze(configs.Frozen); err != nil {
+		logrus.Infof(""freeze container before SetUnitProperties failed: %v"", err)
 	}
 
 	if err := setUnitProperties(m.dbus, getUnitName(m.cgroups), properties...); err != nil {
diff --git a/libcontainer/cgroups/systemd/v2.go b/libcontainer/cgroups/systemd/v2.go
index cbd3a308e86..262aaca8524 100644
--- a/libcontainer/cgroups/systemd/v2.go
+++ b/libcontainer/cgroups/systemd/v2.go
@@ -418,27 +418,24 @@ func (m *unifiedManager) Set(r *configs.Resources) error {
 		return err
 	}
 
+	// Figure out the current freezer state, so we can revert to it after we
+	// temporarily freeze the container.
+	targetFreezerState, err := m.GetFreezerState()
+	if err != nil {
+		return err
+	}
+	if targetFreezerState == configs.Undefined {
+		targetFreezerState = configs.Thawed
+	}
+
 	// We have to freeze the container while systemd sets the cgroup settings.
 	// The reason for this is that systemd's application of DeviceAllow rules
 	// is done disruptively, resulting in spurrious errors to common devices
 	// (unlike our fs driver, they will happily write deny-all rules to running
 	// containers). So we freeze the container to avoid them hitting the cgroup
 	// error. But if the freezer cgroup isn't supported, we just warn about it.
-	targetFreezerState := configs.Undefined
-	if !m.cgroups.SkipDevices {
-		// Figure out the current freezer state, so we can revert to it after we
-		// temporarily freeze the container.
-		targetFreezerState, err = m.GetFreezerState()
-		if err != nil {
-			return err
-		}
-		if targetFreezerState == configs.Undefined {
-			targetFreezerState = configs.Thawed
-		}
-
-		if err := m.Freeze(configs.Frozen); err != nil {
-			logrus.Infof(""freeze container before SetUnitProperties failed: %v"", err)
-		}
+	if err := m.Freeze(configs.Frozen); err != nil {
+		logrus.Infof(""freeze container before SetUnitProperties failed: %v"", err)
 	}
 
 	if err := setUnitProperties(m.dbus, getUnitName(m.cgroups), properties...); err != nil {
diff --git a/tests/integration/dev.bats b/tests/integration/dev.bats
index 80ceb0a34bc..35a9ac0655f 100644
--- a/tests/integration/dev.bats
+++ b/tests/integration/dev.bats
@@ -33,7 +33,7 @@ function teardown() {
 	[[ ""${lines[0]}"" =~ ""crw-rw-rw"".+""1"".+""0"".+""0"".+""5,"".+""2"".+""/dev/ptmx"" ]]
 }
 
-@test ""runc run [device cgroup deny]"" {
+@test ""runc run/update [device cgroup deny]"" {
 	requires root
 
 	update_config ' .linux.resources.devices = [{""allow"": false, ""access"": ""rwm""}]
@@ -52,6 +52,18 @@ function teardown() {
 	runc exec test_deny sh -c 'head -n 1 /dev/kmsg'
 	[ ""$status"" -eq 1 ]
 	[[ ""${output}"" == *'Operation not permitted'* ]]
+
+	runc update test_deny --pids-limit 42
+
+	# test write
+	runc exec test_deny sh -c 'hostname | tee /dev/kmsg'
+	[ ""$status"" -eq 1 ]
+	[[ ""${output}"" == *'Operation not permitted'* ]]
+
+	# test read
+	runc exec test_deny sh -c 'head -n 1 /dev/kmsg'
+	[ ""$status"" -eq 1 ]
+	[[ ""${output}"" == *'Operation not permitted'* ]]
 }
 
 @test ""runc run [device cgroup allow rw char device]"" {",accepted_fault,Wrong Container Behavior,Wrong Code Logic
issta2024_bugs_in_pods_understanding_bugs:e90c8dc7d144712e,issta2024_bugs_in_pods_understanding_bugs,runc,https://github.com/opencontainers/runc/commit/fe278b9caae21e048ae83b96815a985826b4c464,libct: fix a race with systemd removal,"For a previous attempt to fix that (and added test cases), see commit
9087f2e827d971.

Alas, it's not always working because of cgroup directory TOCTOU.

To solve this and avoid the race, add an error _after_ the operation.
Implement it as a method that ignores the error that should be ignored.
Instead of currentStatus(), use faster runType(), since we are not
interested in Paused status here.

For Processes(), remove the pre-op check, and only use it after getting
an error, making the non-error path more straightforward.

For Signal(), add a second check after getting an error. The first check
is left as is because signalAllProcesses might print a warning if the
cgroup does not exist, and we'd like to avoid that.

This should fix an occasional failure like this one:

	not ok 84 kill detached busybox
	# (in test file tests/integration/kill.bats, line 27)
	#   `[ ""$status"" -eq 0 ]' failed
	....
	# runc kill test_busybox KILL (status=0):
	# runc kill -a test_busybox 0 (status=1):
	# time=""2023-04-04T18:24:27Z"" level=error msg=""lstat /sys/fs/cgroup/devices/system.slice/runc-test_busybox.scope: no such file or directory""

Signed-off-by: Kir Kolyshkin <kolyshkin@gmail.com>",no_comments_in_source,committed,2023-04-04T23:59:43+00:00,"[""libcontainer/container_linux.go""]","diff --git a/libcontainer/container_linux.go b/libcontainer/container_linux.go
index b498e33bce2..67232dfa11f 100644
--- a/libcontainer/container_linux.go
+++ b/libcontainer/container_linux.go
@@ -112,6 +112,18 @@ func (c *Container) OCIState() (*specs.State, error) {
 	return c.currentOCIState()
 }
 
+// ignoreCgroupError filters out cgroup-related errors that can be ignored,
+// because the container is stopped and its cgroup is gone.
+func (c *Container) ignoreCgroupError(err error) error {
+	if err == nil {
+		return nil
+	}
+	if errors.Is(err, os.ErrNotExist) && c.runType() == Stopped && !c.cgroupManager.Exists() {
+		return nil
+	}
+	return err
+}
+
 // Processes returns the PIDs inside this container. The PIDs are in the
 // namespace of the calling process.
 //
@@ -119,18 +131,8 @@ func (c *Container) OCIState() (*specs.State, error) {
 // unless the container state is PAUSED in which case every PID in the slice is
 // valid.
 func (c *Container) Processes() ([]int, error) {
-	var pids []int
-	status, err := c.currentStatus()
-	if err != nil {
-		return pids, err
-	}
-	// for systemd cgroup, the unit's cgroup path will be auto removed if container's all processes exited
-	if status == Stopped && !c.cgroupManager.Exists() {
-		return pids, nil
-	}
-
-	pids, err = c.cgroupManager.GetAllPids()
-	if err != nil {
+	pids, err := c.cgroupManager.GetAllPids()
+	if err = c.ignoreCgroupError(err); err != nil {
 		return nil, fmt.Errorf(""unable to get all container pids: %w"", err)
 	}
 	return pids, nil
@@ -363,11 +365,12 @@ func (c *Container) Signal(s os.Signal, all bool) error {
 		return err
 	}
 	if all {
-		// for systemd cgroup, the unit's cgroup path will be auto removed if container's all processes exited
 		if status == Stopped && !c.cgroupManager.Exists() {
+			// Avoid calling signalAllProcesses which may print
+			// a warning trying to freeze a non-existing cgroup.
 			return nil
 		}
-		return signalAllProcesses(c.cgroupManager, s)
+		return c.ignoreCgroupError(signalAllProcesses(c.cgroupManager, s))
 	}
 	// to avoid a PID reuse attack
 	if status == Running || status == Created || status == Paused {",accepted_fault,Excessive Execution Time,Wrong Code Logic
issta2024_bugs_in_pods_understanding_bugs:ed8cd44244318489,issta2024_bugs_in_pods_understanding_bugs,gvisor,https://github.com/google/gvisor/commit/82793c5e9056547c20ddbfa1190a65585a420d1e,netstack: fix Mac build error,"- Stub out sighandling functions with panics on Darwin
- Put Linux-specific errors into their own syserr file

Not sure how best to get automated tests running, so I'll leave that for a later
change.

Fixes #6839.
Related to #1270.

PiperOrigin-RevId: 409516969",no_comments_in_source,committed,2021-11-12T23:21:47+00:00,"[""pkg/sighandling/BUILD"", ""pkg/sighandling/sighandling_darwin.go"", ""pkg/sighandling/sighandling_unsafe.go → pkg/sighandling/sighandling_linux_unsafe.go"", ""pkg/syserr/BUILD"", ""pkg/syserr/host_darwin.go"", ""pkg/syserr/host_linux.go"", ""pkg/syserr/syserr.go""]","diff --git a/pkg/sighandling/BUILD b/pkg/sighandling/BUILD
index 72f10f9822..b0a6c8a9e1 100644
--- a/pkg/sighandling/BUILD
+++ b/pkg/sighandling/BUILD
@@ -6,7 +6,8 @@ go_library(
     name = ""sighandling"",
     srcs = [
         ""sighandling.go"",
-        ""sighandling_unsafe.go"",
+        ""sighandling_darwin.go"",
+        ""sighandling_linux_unsafe.go"",
     ],
     visibility = [""//:sandbox""],
     deps = [
diff --git a/pkg/sighandling/sighandling_darwin.go b/pkg/sighandling/sighandling_darwin.go
new file mode 100644
index 0000000000..e7f5ce54c2
--- /dev/null
+++ b/pkg/sighandling/sighandling_darwin.go
@@ -0,0 +1,40 @@
+// Copyright 2021 The gVisor Authors.
+//
+// Licensed under the Apache License, Version 2.0 (the ""License"");
+// you may not use this file except in compliance with the License.
+// You may obtain a copy of the License at
+//
+//     http://www.apache.org/licenses/LICENSE-2.0
+//
+// Unless required by applicable law or agreed to in writing, software
+// distributed under the License is distributed on an ""AS IS"" BASIS,
+// WITHOUT WARRANTIES OR CONDITIONS OF ANY KIND, either express or implied.
+// See the License for the specific language governing permissions and
+// limitations under the License.
+
+//go:build darwin
+// +build darwin
+
+package sighandling
+
+import (
+	""errors""
+
+	""golang.org/x/sys/unix""
+)
+
+// IgnoreChildStop sets the SA_NOCLDSTOP flag, causing child processes to not
+// generate SIGCHLD when they stop.
+func IgnoreChildStop() error {
+	return errors.New(""IgnoreChildStop not supported on Darwin"")
+}
+
+// ReplaceSignalHandler replaces the existing signal handler for the provided
+// signal with the function pointer at `handler`. This bypasses the Go runtime
+// signal handlers, and should only be used for low-level signal handlers where
+// use of signal.Notify is not appropriate.
+//
+// It stores the value of the previously set handler in previous.
+func ReplaceSignalHandler(sig unix.Signal, handler uintptr, previous *uintptr) error {
+	return errors.New(""ReplaceSignalHandler not supported on Darwin"")
+}
diff --git a/pkg/sighandling/sighandling_unsafe.go b/pkg/sighandling/sighandling_linux_unsafe.go
similarity index 98%
rename from pkg/sighandling/sighandling_unsafe.go
rename to pkg/sighandling/sighandling_linux_unsafe.go
index 7deeda0428..68bdfac167 100644
--- a/pkg/sighandling/sighandling_unsafe.go
+++ b/pkg/sighandling/sighandling_linux_unsafe.go
@@ -12,6 +12,9 @@
 // See the License for the specific language governing permissions and
 // limitations under the License.
 
+//go:build linux
+// +build linux
+
 package sighandling
 
 import (
diff --git a/pkg/syserr/BUILD b/pkg/syserr/BUILD
index 551fbb70fe..e12193785d 100644
--- a/pkg/syserr/BUILD
+++ b/pkg/syserr/BUILD
@@ -5,6 +5,7 @@ package(licenses = [""notice""])
 go_library(
     name = ""syserr"",
     srcs = [
+        ""host_darwin.go"",
         ""host_linux.go"",
         ""syserr.go"",
     ],
diff --git a/pkg/syserr/host_darwin.go b/pkg/syserr/host_darwin.go
new file mode 100644
index 0000000000..f68728cde4
--- /dev/null
+++ b/pkg/syserr/host_darwin.go
@@ -0,0 +1,50 @@
+// Copyright 2021 The gVisor Authors.
+//
+// Licensed under the Apache License, Version 2.0 (the ""License"");
+// you may not use this file except in compliance with the License.
+// You may obtain a copy of the License at
+//
+//     http://www.apache.org/licenses/LICENSE-2.0
+//
+// Unless required by applicable law or agreed to in writing, software
+// distributed under the License is distributed on an ""AS IS"" BASIS,
+// WITHOUT WARRANTIES OR CONDITIONS OF ANY KIND, either express or implied.
+// See the License for the specific language governing permissions and
+// limitations under the License.
+
+//go:build darwin
+// +build darwin
+
+package syserr
+
+import (
+	""fmt""
+
+	""golang.org/x/sys/unix""
+)
+
+const maxErrno = 107
+
+type darwinHostTranslation struct {
+	err *Error
+	ok  bool
+}
+
+var darwinHostTranslations [maxErrno]darwinHostTranslation
+
+// FromHost translates a unix.Errno to a corresponding Error value.
+func FromHost(err unix.Errno) *Error {
+	if int(err) >= len(darwinHostTranslations) || !darwinHostTranslations[err].ok {
+		panic(fmt.Sprintf(""unknown host errno %q (%d)"", err.Error(), err))
+	}
+	return darwinHostTranslations[err].err
+}
+
+// TODO(gvisor.dev/issue/1270): We currently only add translations for errors
+// that exist both on Darwin and Linux.
+func addHostTranslation(host unix.Errno, trans *Error) {
+	if darwinHostTranslations[host].ok {
+		panic(fmt.Sprintf(""duplicate translation for host errno %q (%d)"", host.Error(), host))
+	}
+	darwinHostTranslations[host] = darwinHostTranslation{err: trans, ok: true}
+}
diff --git a/pkg/syserr/host_linux.go b/pkg/syserr/host_linux.go
index fb92738af6..2792e31013 100644
--- a/pkg/syserr/host_linux.go
+++ b/pkg/syserr/host_linux.go
@@ -21,6 +21,7 @@ import (
 	""fmt""
 
 	""golang.org/x/sys/unix""
+	""gvisor.dev/gvisor/pkg/abi/linux/errno""
 )
 
 const maxErrno = 134
@@ -40,9 +41,57 @@ func FromHost(err unix.Errno) *Error {
 	return linuxHostTranslations[err].err
 }
 
-func addLinuxHostTranslation(host unix.Errno, trans *Error) {
+func addHostTranslation(host unix.Errno, trans *Error) {
 	if linuxHostTranslations[host].ok {
 		panic(fmt.Sprintf(""duplicate translation for host errno %q (%d)"", host.Error(), host))
 	}
 	linuxHostTranslations[host] = linuxHostTranslation{err: trans, ok: true}
 }
+
+// TODO(b/34162363): Remove or replace most of these errors.
+//
+// Some of the errors should be replaced with package specific errors and
+// others should be removed entirely.
+var (
+	ErrDeadlock                  = newWithHost(""resource deadlock would occur"", errno.EDEADLOCK, unix.EDEADLOCK)
+	ErrChannelOutOfRange         = newWithHost(""channel number out of range"", errno.ECHRNG, unix.ECHRNG)
+	ErrLevelTwoNotSynced         = newWithHost(""level 2 not synchronized"", errno.EL2NSYNC, unix.EL2NSYNC)
+	ErrLevelThreeHalted          = newWithHost(""level 3 halted"", errno.EL3HLT, unix.EL3HLT)
+	ErrLevelThreeReset           = newWithHost(""level 3 reset"", errno.EL3RST, unix.EL3RST)
+	ErrLinkNumberOutOfRange      = newWithHost(""link number out of range"", errno.ELNRNG, unix.ELNRNG)
+	ErrProtocolDriverNotAttached = newWithHost(""protocol driver not attached"", errno.EUNATCH, unix.EUNATCH)
+	ErrNoCSIAvailable            = newWithHost(""no CSI structure available"", errno.ENOCSI, unix.ENOCSI)
+	ErrLevelTwoHalted            = newWithHost(""level 2 halted"", errno.EL2HLT, unix.EL2HLT)
+	ErrInvalidExchange           = newWithHost(""invalid exchange"", errno.EBADE, unix.EBADE)
+	ErrInvalidRequestDescriptor  = newWithHost(""invalid request descriptor"", errno.EBADR, unix.EBADR)
+	ErrExchangeFull              = newWithHost(""exchange full"", errno.EXFULL, unix.EXFULL)
+	ErrNoAnode                   = newWithHost(""no anode"", errno.ENOANO, unix.ENOANO)
+	ErrInvalidRequestCode        = newWithHost(""invalid request code"", errno.EBADRQC, unix.EBADRQC)
+	ErrInvalidSlot               = newWithHost(""invalid slot"", errno.EBADSLT, unix.EBADSLT)
+	ErrBadFontFile               = newWithHost(""bad font file format"", errno.EBFONT, unix.EBFONT)
+	ErrMachineNotOnNetwork       = newWithHost(""machine is not on the network"", errno.ENONET, unix.ENONET)
+	ErrPackageNotInstalled       = newWithHost(""package not installed"", errno.ENOPKG, unix.ENOPKG)
+	ErrAdvertise                 = newWithHost(""advertise error"", errno.EADV, unix.EADV)
+	ErrSRMount                   = newWithHost(""srmount error"", errno.ESRMNT, unix.ESRMNT)
+	ErrSendCommunication         = newWithHost(""communication error on send"", errno.ECOMM, unix.ECOMM)
+	ErrRFS                       = newWithHost(""RFS specific error"", errno.EDOTDOT, unix.EDOTDOT)
+	ErrNetworkNameNotUnique      = newWithHost(""name not unique on network"", errno.ENOTUNIQ, unix.ENOTUNIQ)
+	ErrFDInBadState              = newWithHost(""file descriptor in bad state"", errno.EBADFD, unix.EBADFD)
+	ErrRemoteAddressChanged      = newWithHost(""remote address changed"", errno.EREMCHG, unix.EREMCHG)
+	ErrSharedLibraryInaccessible = newWithHost(""can not access a needed shared library"", errno.ELIBACC, unix.ELIBACC)
+	ErrCorruptedSharedLibrary    = newWithHost(""accessing a corrupted shared library"", errno.ELIBBAD, unix.ELIBBAD)
+	ErrLibSectionCorrupted       = newWithHost("".lib section in a.out corrupted"", errno.ELIBSCN, unix.ELIBSCN)
+	ErrTooManySharedLibraries    = newWithHost(""attempting to link in too many shared libraries"", errno.ELIBMAX, unix.ELIBMAX)
+	ErrSharedLibraryExeced       = newWithHost(""cannot exec a shared library directly"", errno.ELIBEXEC, unix.ELIBEXEC)
+	ErrShouldRestart             = newWithHost(""interrupted system call should be restarted"", errno.ERESTART, unix.ERESTART)
+	ErrStreamPipe                = newWithHost(""streams pipe error"", errno.ESTRPIPE, unix.ESTRPIPE)
+	ErrStructureNeedsCleaning    = newWithHost(""structure needs cleaning"", errno.EUCLEAN, unix.EUCLEAN)
+	ErrIsNamedFile               = newWithHost(""is a named type file"", errno.ENOTNAM, unix.ENOTNAM)
+	ErrRemoteIO                  = newWithHost(""remote I/O error"", errno.EREMOTEIO, unix.EREMOTEIO)
+	ErrNoMedium                  = newWithHost(""no medium found"", errno.ENOMEDIUM, unix.ENOMEDIUM)
+	ErrWrongMediumType           = newWithHost(""wrong medium type"", errno.EMEDIUMTYPE, unix.EMEDIUMTYPE)
+	ErrNoKey                     = newWithHost(""required key not available"", errno.ENOKEY, unix.ENOKEY)
+	ErrKeyExpired                = newWithHost(""key has expired"", errno.EKEYEXPIRED, unix.EKEYEXPIRED)
+	ErrKeyRevoked                = newWithHost(""key has been revoked"", errno.EKEYREVOKED, unix.EKEYREVOKED)
+	ErrKeyRejected               = newWithHost(""key was rejected by service"", errno.EKEYREJECTED, unix.EKEYREJECTED)
+)
diff --git a/pkg/syserr/syserr.go b/pkg/syserr/syserr.go
index 17d0b3e1a1..ca50f12392 100644
--- a/pkg/syserr/syserr.go
+++ b/pkg/syserr/syserr.go
@@ -76,7 +76,7 @@ func NewDynamic(message string, linuxTranslation errno.Errno) *Error {
 
 func newWithHost(message string, linuxTranslation errno.Errno, hostErrno unix.Errno) *Error {
 	e := New(message, linuxTranslation)
-	addLinuxHostTranslation(hostErrno, e)
+	addHostTranslation(hostErrno, e)
 	return e
 }
 
@@ -129,6 +129,8 @@ func (e *Error) ToLinux() errno.Errno {
 //
 // Some of the errors should be replaced with package specific errors and
 // others should be removed entirely.
+//
+// Note that some errors are declared in platform-specific files.
 var (
 	ErrNotPermitted               = newWithHost(""operation not permitted"", errno.EPERM, unix.EPERM)
 	ErrNoFileOrDir                = newWithHost(""no such file or directory"", errno.ENOENT, unix.ENOENT)
@@ -164,7 +166,6 @@ var (
 	ErrBrokenPipe                 = newWithHost(""broken pipe"", errno.EPIPE, unix.EPIPE)
 	ErrDomain                     = newWithHost(""math argument out of domain of func"", errno.EDOM, unix.EDOM)
 	ErrRange                      = newWithHost(""math result not representable"", errno.ERANGE, unix.ERANGE)
-	ErrDeadlock                   = newWithHost(""resource deadlock would occur"", errno.EDEADLOCK, unix.EDEADLOCK)
 	ErrNameTooLong                = newWithHost(""file name too long"", errno.ENAMETOOLONG, unix.ENAMETOOLONG)
 	ErrNoLocksAvailable           = newWithHost(""no record locks available"", errno.ENOLCK, unix.ENOLCK)
 	ErrInvalidSyscall             = newWithHost(""invalid system call number"", errno.ENOSYS, unix.ENOSYS)
@@ -172,48 +173,17 @@ var (
 	ErrLinkLoop                   = newWithHost(""too many symbolic links encountered"", errno.ELOOP, unix.ELOOP)
 	ErrNoMessage                  = newWithHost(""no message of desired type"", errno.ENOMSG, unix.ENOMSG)
 	ErrIdentifierRemoved          = newWithHost(""identifier removed"", errno.EIDRM, unix.EIDRM)
-	ErrChannelOutOfRange          = newWithHost(""channel number out of range"", errno.ECHRNG, unix.ECHRNG)
-	ErrLevelTwoNotSynced          = newWithHost(""level 2 not synchronized"", errno.EL2NSYNC, unix.EL2NSYNC)
-	ErrLevelThreeHalted           = newWithHost(""level 3 halted"", errno.EL3HLT, unix.EL3HLT)
-	ErrLevelThreeReset            = newWithHost(""level 3 reset"", errno.EL3RST, unix.EL3RST)
-	ErrLinkNumberOutOfRange       = newWithHost(""link number out of range"", errno.ELNRNG, unix.ELNRNG)
-	ErrProtocolDriverNotAttached  = newWithHost(""protocol driver not attached"", errno.EUNATCH, unix.EUNATCH)
-	ErrNoCSIAvailable             = newWithHost(""no CSI structure available"", errno.ENOCSI, unix.ENOCSI)
-	ErrLevelTwoHalted             = newWithHost(""level 2 halted"", errno.EL2HLT, unix.EL2HLT)
-	ErrInvalidExchange            = newWithHost(""invalid exchange"", errno.EBADE, unix.EBADE)
-	ErrInvalidRequestDescriptor   = newWithHost(""invalid request descriptor"", errno.EBADR, unix.EBADR)
-	ErrExchangeFull               = newWithHost(""exchange full"", errno.EXFULL, unix.EXFULL)
-	ErrNoAnode                    = newWithHost(""no anode"", errno.ENOANO, unix.ENOANO)
-	ErrInvalidRequestCode         = newWithHost(""invalid request code"", errno.EBADRQC, unix.EBADRQC)
-	ErrInvalidSlot                = newWithHost(""invalid slot"", errno.EBADSLT, unix.EBADSLT)
-	ErrBadFontFile                = newWithHost(""bad font file format"", errno.EBFONT, unix.EBFONT)
 	ErrNotStream                  = newWithHost(""device not a stream"", errno.ENOSTR, unix.ENOSTR)
 	ErrNoDataAvailable            = newWithHost(""no data available"", errno.ENODATA, unix.ENODATA)
 	ErrTimerExpired               = newWithHost(""timer expired"", errno.ETIME, unix.ETIME)
 	ErrStreamsResourceDepleted    = newWithHost(""out of streams resources"", errno.ENOSR, unix.ENOSR)
-	ErrMachineNotOnNetwork        = newWithHost(""machine is not on the network"", errno.ENONET, unix.ENONET)
-	ErrPackageNotInstalled        = newWithHost(""package not installed"", errno.ENOPKG, unix.ENOPKG)
 	ErrIsRemote                   = newWithHost(""object is remote"", errno.EREMOTE, unix.EREMOTE)
 	ErrNoLink                     = newWithHost(""link has been severed"", errno.ENOLINK, unix.ENOLINK)
-	ErrAdvertise                  = newWithHost(""advertise error"", errno.EADV, unix.EADV)
-	ErrSRMount                    = newWithHost(""srmount error"", errno.ESRMNT, unix.ESRMNT)
-	ErrSendCommunication          = newWithHost(""communication error on send"", errno.ECOMM, unix.ECOMM)
 	ErrProtocol                   = newWithHost(""protocol error"", errno.EPROTO, unix.EPROTO)
 	ErrMultihopAttempted          = newWithHost(""multihop attempted"", errno.EMULTIHOP, unix.EMULTIHOP)
-	ErrRFS                        = newWithHost(""RFS specific error"", errno.EDOTDOT, unix.EDOTDOT)
 	ErrInvalidDataMessage         = newWithHost(""not a data message"", errno.EBADMSG, unix.EBADMSG)
 	ErrOverflow                   = newWithHost(""value too large for defined data type"", errno.EOVERFLOW, unix.EOVERFLOW)
-	ErrNetworkNameNotUnique       = newWithHost(""name not unique on network"", errno.ENOTUNIQ, unix.ENOTUNIQ)
-	ErrFDInBadState               = newWithHost(""file descriptor in bad state"", errno.EBADFD, unix.EBADFD)
-	ErrRemoteAddressChanged       = newWithHost(""remote address changed"", errno.EREMCHG, unix.EREMCHG)
-	ErrSharedLibraryInaccessible  = newWithHost(""can not access a needed shared library"", errno.ELIBACC, unix.ELIBACC)
-	ErrCorruptedSharedLibrary     = newWithHost(""accessing a corrupted shared library"", errno.ELIBBAD, unix.ELIBBAD)
-	ErrLibSectionCorrupted        = newWithHost("".lib section in a.out corrupted"", errno.ELIBSCN, unix.ELIBSCN)
-	ErrTooManySharedLibraries     = newWithHost(""attempting to link in too many shared libraries"", errno.ELIBMAX, unix.ELIBMAX)
-	ErrSharedLibraryExeced        = newWithHost(""cannot exec a shared library directly"", errno.ELIBEXEC, unix.ELIBEXEC)
 	ErrIllegalByteSequence        = newWithHost(""illegal byte sequence"", errno.EILSEQ, unix.EILSEQ)
-	ErrShouldRestart              = newWithHost(""interrupted system call should be restarted"", errno.ERESTART, unix.ERESTART)
-	ErrStreamPipe                 = newWithHost(""streams pipe error"", errno.ESTRPIPE, unix.ESTRPIPE)
 	ErrTooManyUsers               = newWithHost(""too many users"", errno.EUSERS, unix.EUSERS)
 	ErrNotASocket                 = newWithHost(""socket operation on non-socket"", errno.ENOTSOCK, unix.ENOTSOCK)
 	ErrDestinationAddressRequired = newWithHost(""destination address required"", errno.EDESTADDRREQ, unix.EDESTADDRREQ)
@@ -244,17 +214,8 @@ var (
 	ErrAlreadyInProgress          = newWithHost(""operation already in progress"", errno.EALREADY, unix.EALREADY)
 	ErrInProgress                 = newWithHost(""operation now in progress"", errno.EINPROGRESS, unix.EINPROGRESS)
 	ErrStaleFileHandle            = newWithHost(""stale file handle"", errno.ESTALE, unix.ESTALE)
-	ErrStructureNeedsCleaning     = newWithHost(""structure needs cleaning"", errno.EUCLEAN, unix.EUCLEAN)
-	ErrIsNamedFile                = newWithHost(""is a named type file"", errno.ENOTNAM, unix.ENOTNAM)
-	ErrRemoteIO                   = newWithHost(""remote I/O error"", errno.EREMOTEIO, unix.EREMOTEIO)
 	ErrQuotaExceeded              = newWithHost(""quota exceeded"", errno.EDQUOT, unix.EDQUOT)
-	ErrNoMedium                   = newWithHost(""no medium found"", errno.ENOMEDIUM, unix.ENOMEDIUM)
-	ErrWrongMediumType            = newWithHost(""wrong medium type"", errno.EMEDIUMTYPE, unix.EMEDIUMTYPE)
 	ErrCanceled                   = newWithHost(""operation canceled"", errno.ECANCELED, unix.ECANCELED)
-	ErrNoKey                      = newWithHost(""required key not available"", errno.ENOKEY, unix.ENOKEY)
-	ErrKeyExpired                 = newWithHost(""key has expired"", errno.EKEYEXPIRED, unix.EKEYEXPIRED)
-	ErrKeyRevoked                 = newWithHost(""key has been revoked"", errno.EKEYREVOKED, unix.EKEYREVOKED)
-	ErrKeyRejected                = newWithHost(""key was rejected by service"", errno.EKEYREJECTED, unix.EKEYREJECTED)
 	ErrOwnerDied                  = newWithHost(""owner died"", errno.EOWNERDEAD, unix.EOWNERDEAD)
 	ErrNotRecoverable             = newWithHost(""state not recoverable"", errno.ENOTRECOVERABLE, unix.ENOTRECOVERABLE)",accepted_fault,Build Failure,Build Configuration Error
issta2024_bugs_in_pods_understanding_bugs:ee29e25acc96f928,issta2024_bugs_in_pods_understanding_bugs,cri-o,https://github.com/cri-o/cri-o/commit/f59c1f72a837c2235010813b8f361bb57c8c551b,sandbox: Handle PodLinuxOverhead and PodLinuxResources CRI fields,"The CRI PodLinuxOverhead and PodLinuxResources fields were not saved
which meant that NRI plugins would need to cache the data if
cri-o is restarted. These two fields are already passed to NRI plugins
by containerd. Solve this issue by caching those two fields
and restoring them if cri-o is restarted.

Signed-off-by: Jukka Rissanen <jukka.rissanen@linux.intel.com>",no_comments_in_source,committed,2023-05-10T13:21:59+00:00,"[""internal/factory/container/container_test.go"", ""internal/lib/container_server.go"", ""internal/lib/container_server_test.go"", ""internal/lib/sandbox/history_test.go"", ""internal/lib/sandbox/sandbox.go"", ""internal/lib/sandbox/sandbox_test.go"", ""internal/lib/sandbox/suite_test.go"", ""internal/lib/suite_test.go"", ""pkg/annotations/annotations.go"", ""server/nri-api.go"", ""server/sandbox_run_linux.go"", ""server/suite_test.go""]","diff --git a/internal/factory/container/container_test.go b/internal/factory/container/container_test.go
index 0e4fbc31891..7e2634b09cc 100644
--- a/internal/factory/container/container_test.go
+++ b/internal/factory/container/container_test.go
@@ -93,7 +93,7 @@ var _ = t.Describe(""Container"", func() {
 			sb, err := sandbox.New(""sandboxID"", """", """", """", ""test"",
 				make(map[string]string), make(map[string]string), """", """",
 				&types.PodSandboxMetadata{}, """", """", false, """", """", """",
-				[]*hostport.PortMapping{}, false, currentTime, """")
+				[]*hostport.PortMapping{}, false, currentTime, """", nil, nil)
 			Expect(err).To(BeNil())
 
 			image, err := sut.Image()
diff --git a/internal/lib/container_server.go b/internal/lib/container_server.go
index bb0b88b1525..b96aefdb1d7 100644
--- a/internal/lib/container_server.go
+++ b/internal/lib/container_server.go
@@ -200,7 +200,21 @@ func (c *ContainerServer) LoadSandbox(ctx context.Context, id string) (sb *sandb
 		return nil, fmt.Errorf(""parsing created timestamp annotation: %w"", err)
 	}
 
-	sb, err = sandbox.New(id, m.Annotations[annotations.Namespace], name, m.Annotations[annotations.KubeName], filepath.Dir(m.Annotations[annotations.LogPath]), labels, kubeAnnotations, processLabel, mountLabel, &metadata, m.Annotations[annotations.ShmPath], m.Annotations[annotations.CgroupParent], privileged, m.Annotations[annotations.RuntimeHandler], m.Annotations[annotations.ResolvPath], m.Annotations[annotations.HostName], portMappings, hostNetwork, created, m.Annotations[crioann.UsernsModeAnnotation])
+	podLinuxOverhead := types.LinuxContainerResources{}
+	if v, found := m.Annotations[crioann.PodLinuxOverhead]; found {
+		if err := json.Unmarshal([]byte(v), &podLinuxOverhead); err != nil {
+			return nil, fmt.Errorf(""error unmarshalling %s annotation: %w"", crioann.PodLinuxOverhead, err)
+		}
+	}
+
+	podLinuxResources := types.LinuxContainerResources{}
+	if v, found := m.Annotations[crioann.PodLinuxResources]; found {
+		if err := json.Unmarshal([]byte(v), &podLinuxResources); err != nil {
+			return nil, fmt.Errorf(""error unmarshalling %s annotation: %w"", crioann.PodLinuxResources, err)
+		}
+	}
+
+	sb, err = sandbox.New(id, m.Annotations[annotations.Namespace], name, m.Annotations[annotations.KubeName], filepath.Dir(m.Annotations[annotations.LogPath]), labels, kubeAnnotations, processLabel, mountLabel, &metadata, m.Annotations[annotations.ShmPath], m.Annotations[annotations.CgroupParent], privileged, m.Annotations[annotations.RuntimeHandler], m.Annotations[annotations.ResolvPath], m.Annotations[annotations.HostName], portMappings, hostNetwork, created, m.Annotations[crioann.UsernsModeAnnotation], &podLinuxOverhead, &podLinuxResources)
 	if err != nil {
 		return nil, err
 	}
diff --git a/internal/lib/container_server_test.go b/internal/lib/container_server_test.go
index 2134bbc5887..838dd9e2df9 100644
--- a/internal/lib/container_server_test.go
+++ b/internal/lib/container_server_test.go
@@ -408,6 +408,46 @@ var _ = t.Describe(""ContainerServer"", func() {
 			Expect(sb).To(BeNil())
 			Expect(err).NotTo(BeNil())
 		})
+
+		It(""should fail with wrong PodLinuxOverhead"", func() {
+			// Given
+			manifest := bytes.Replace(testManifest,
+				[]byte(`""io.kubernetes.cri-o.PodLinuxOverhead"": ""{}"",`),
+				[]byte(`""io.kubernetes.cri-o.PodLinuxOverhead"": ""wrong"",`), 1,
+			)
+			gomock.InOrder(
+				storeMock.EXPECT().
+					FromContainerDirectory(gomock.Any(), gomock.Any()).
+					Return(manifest, nil),
+			)
+
+			// When
+			sb, err := sut.LoadSandbox(context.Background(), ""id"")
+
+			// Then
+			Expect(sb).To(BeNil())
+			Expect(err).NotTo(BeNil())
+		})
+
+		It(""should fail with wrong PodLinuxResources"", func() {
+			// Given
+			manifest := bytes.Replace(testManifest,
+				[]byte(`""io.kubernetes.cri-o.PodLinuxResources"": ""{}"",`),
+				[]byte(`""io.kubernetes.cri-o.PodLinuxResources"": ""wrong"",`), 1,
+			)
+			gomock.InOrder(
+				storeMock.EXPECT().
+					FromContainerDirectory(gomock.Any(), gomock.Any()).
+					Return(manifest, nil),
+			)
+
+			// When
+			sb, err := sut.LoadSandbox(context.Background(), ""id"")
+
+			// Then
+			Expect(sb).To(BeNil())
+			Expect(err).NotTo(BeNil())
+		})
 	})
 
 	t.Describe(""LoadContainer"", func() {
diff --git a/internal/lib/sandbox/history_test.go b/internal/lib/sandbox/history_test.go
index e460c3f4588..649f66447bb 100644
--- a/internal/lib/sandbox/history_test.go
+++ b/internal/lib/sandbox/history_test.go
@@ -20,7 +20,7 @@ var _ = t.Describe(""History"", func() {
 		otherTestSandbox, err := sandbox.New(""sandboxID"", """", """", """", """",
 			make(map[string]string), make(map[string]string), """", """",
 			&types.PodSandboxMetadata{}, """", """", false, """", """", """",
-			[]*hostport.PortMapping{}, false, time.Now(), """")
+			[]*hostport.PortMapping{}, false, time.Now(), """", nil, nil)
 		Expect(err).To(BeNil())
 		Expect(testSandbox).NotTo(BeNil())
 		sut = &sandbox.History{testSandbox, otherTestSandbox}
diff --git a/internal/lib/sandbox/sandbox.go b/internal/lib/sandbox/sandbox.go
index f7eb7d7aa66..6ce7327dd89 100644
--- a/internal/lib/sandbox/sandbox.go
+++ b/internal/lib/sandbox/sandbox.go
@@ -64,6 +64,8 @@ type Sandbox struct {
 	hostNetwork        bool
 	usernsMode         string
 	containerEnvPath   string
+	podLinuxOverhead   *types.LinuxContainerResources
+	podLinuxResources  *types.LinuxContainerResources
 }
 
 // DefaultShmSize is the default shm size
@@ -75,7 +77,7 @@ var ErrIDEmpty = errors.New(""PodSandboxId should not be empty"")
 // New creates and populates a new pod sandbox
 // New sandboxes have no containers, no infra container, and no network namespaces associated with them
 // An infra container must be attached before the sandbox is added to the state
-func New(id, namespace, name, kubeName, logDir string, labels, annotations map[string]string, processLabel, mountLabel string, metadata *types.PodSandboxMetadata, shmPath, cgroupParent string, privileged bool, runtimeHandler, resolvPath, hostname string, portMappings []*hostport.PortMapping, hostNetwork bool, createdAt time.Time, usernsMode string) (*Sandbox, error) {
+func New(id, namespace, name, kubeName, logDir string, labels, annotations map[string]string, processLabel, mountLabel string, metadata *types.PodSandboxMetadata, shmPath, cgroupParent string, privileged bool, runtimeHandler, resolvPath, hostname string, portMappings []*hostport.PortMapping, hostNetwork bool, createdAt time.Time, usernsMode string, overhead, resources *types.LinuxContainerResources) (*Sandbox, error) {
 	sb := new(Sandbox)
 
 	sb.criSandbox = &types.PodSandbox{
@@ -101,6 +103,8 @@ func New(id, namespace, name, kubeName, logDir string, labels, annotations map[s
 	sb.portMappings = portMappings
 	sb.hostNetwork = hostNetwork
 	sb.usernsMode = usernsMode
+	sb.podLinuxOverhead = overhead
+	sb.podLinuxResources = resources
 
 	return sb, nil
 }
@@ -286,6 +290,16 @@ func (s *Sandbox) PortMappings() []*hostport.PortMapping {
 	return s.portMappings
 }
 
+// PodLinuxOverhead returns the overheads associated with this sandbox
+func (s *Sandbox) PodLinuxOverhead() *types.LinuxContainerResources {
+	return s.podLinuxOverhead
+}
+
+// PodLinuxResources returns the sum of container resources for this sandbox
+func (s *Sandbox) PodLinuxResources() *types.LinuxContainerResources {
+	return s.podLinuxResources
+}
+
 // AddContainer adds a container to the sandbox
 func (s *Sandbox) AddContainer(ctx context.Context, c *oci.Container) {
 	_, span := log.StartSpan(ctx)
diff --git a/internal/lib/sandbox/sandbox_test.go b/internal/lib/sandbox/sandbox_test.go
index a706340a4df..0fe32fd8f38 100644
--- a/internal/lib/sandbox/sandbox_test.go
+++ b/internal/lib/sandbox/sandbox_test.go
@@ -44,7 +44,7 @@ var _ = t.Describe(""Sandbox"", func() {
 			sandbox, err := sandbox.New(id, namespace, name, kubeName, logDir,
 				labels, annotations, processLabel, mountLabel, &metadata,
 				shmPath, cgroupParent, privileged, runtimeHandler,
-				resolvPath, hostname, portMappings, hostNetwork, createdAt, """")
+				resolvPath, hostname, portMappings, hostNetwork, createdAt, """", nil, nil)
 
 			// Then
 			Expect(err).To(BeNil())
diff --git a/internal/lib/sandbox/suite_test.go b/internal/lib/sandbox/suite_test.go
index 6278e77e783..f88b0e8d88b 100644
--- a/internal/lib/sandbox/suite_test.go
+++ b/internal/lib/sandbox/suite_test.go
@@ -41,7 +41,7 @@ func beforeEach() {
 	testSandbox, err = sandbox.New(""sandboxID"", """", """", """", """",
 		make(map[string]string), make(map[string]string), """", """",
 		&types.PodSandboxMetadata{}, """", """", false, """", """", """",
-		[]*hostport.PortMapping{}, false, time.Now(), """")
+		[]*hostport.PortMapping{}, false, time.Now(), """", nil, nil)
 	Expect(err).To(BeNil())
 	Expect(testSandbox).NotTo(BeNil())
 }
diff --git a/internal/lib/suite_test.go b/internal/lib/suite_test.go
index 23f087d0143..7776f9a79fb 100644
--- a/internal/lib/suite_test.go
+++ b/internal/lib/suite_test.go
@@ -86,6 +86,8 @@ var _ = BeforeSuite(func() {
 			""io.kubernetes.cri-o.StdinOnce"": ""{}"",
 			""io.kubernetes.cri-o.Volumes"": ""[{}]"",
 			""io.kubernetes.cri-o.HostNetwork"": ""{}"",
+			""io.kubernetes.cri-o.PodLinuxOverhead"": ""{}"",
+			""io.kubernetes.cri-o.PodLinuxResources"": ""{}"",
 			""io.kubernetes.cri-o.CNIResult"": ""{}""
 		},
 		""linux"": {
@@ -153,7 +155,7 @@ func beforeEach() {
 	mySandbox, err = sandbox.New(sandboxID, """", """", """", """",
 		make(map[string]string), make(map[string]string), """", """",
 		&types.PodSandboxMetadata{}, """", """", false, """", """", """",
-		[]*hostport.PortMapping{}, false, time.Now(), """")
+		[]*hostport.PortMapping{}, false, time.Now(), """", nil, nil)
 	Expect(err).To(BeNil())
 
 	myContainer, err = oci.NewContainer(containerID, """", """", """",
diff --git a/pkg/annotations/annotations.go b/pkg/annotations/annotations.go
index a3913c2a482..9ce8ed58ff9 100644
--- a/pkg/annotations/annotations.go
+++ b/pkg/annotations/annotations.go
@@ -53,6 +53,12 @@ const (
 
 	// SeccompNotifierActionStop indicates that a container should be stopped if used via the SeccompNotifierActionAnnotation key.
 	SeccompNotifierActionStop = ""stop""
+
+	// PodLinuxOverhead indicates the overheads associated with the pod
+	PodLinuxOverhead = ""io.kubernetes.cri-o.PodLinuxOverhead""
+
+	// PodLinuxResources indicates the sum of container resources for this pod
+	PodLinuxResources = ""io.kubernetes.cri-o.PodLinuxResources""
 )
 
 var AllAllowedAnnotations = []string{
@@ -71,4 +77,6 @@ var AllAllowedAnnotations = []string{
 	CPUFreqGovernorAnnotation,
 	SeccompNotifierActionAnnotation,
 	UmaskAnnotation,
+	PodLinuxOverhead,
+	PodLinuxResources,
 }
diff --git a/server/nri-api.go b/server/nri-api.go
index ca06522b487..71379300d80 100644
--- a/server/nri-api.go
+++ b/server/nri-api.go
@@ -529,20 +529,16 @@ func (p *criPodSandbox) GetPodLinuxOverhead() *api.LinuxResources {
 	if p.Sandbox == nil {
 		return nil
 	}
-	// TODO(klihub): AFAICT, CRI PodSandboxConfig is not stored, so we can only
-	// get our hands on it during RunPodSandbox() request processing...
-	// return api.FromCRILinuxResources(p.Sandbox.GetConfig().GetLinux().GetOverhead())
-	return nil
+
+	return api.FromCRILinuxResources(p.Sandbox.PodLinuxOverhead())
 }
 
 func (p *criPodSandbox) GetPodLinuxResources() *api.LinuxResources {
 	if p.Sandbox == nil {
 		return nil
 	}
-	// TODO(klihub): AFAICT, CRI PodSandboxConfig is not stored, so we can only
-	// get our hands on it during RunPodSandbox() request processing...
-	// return api.FromCRILinuxResources(p.Sandbox.GetConfig().GetLinux().GetResources())
-	return nil
+
+	return api.FromCRILinuxResources(p.Sandbox.PodLinuxResources())
 }
 
 func (p *criPodSandbox) GetLinuxResources() *api.LinuxResources {
diff --git a/server/sandbox_run_linux.go b/server/sandbox_run_linux.go
index 63b6bbe6470..769bfdfafcf 100644
--- a/server/sandbox_run_linux.go
+++ b/server/sandbox_run_linux.go
@@ -674,7 +674,21 @@ func (s *Server) runPodSandbox(ctx context.Context, req *types.RunPodSandboxRequ
 		}
 	}
 
-	sb, err := libsandbox.New(sbox.ID(), namespace, sbox.Name(), kubeName, logDir, labels, kubeAnnotations, processLabel, mountLabel, metadata, shmPath, cgroupParent, privileged, runtimeHandler, sbox.ResolvPath(), hostname, portMappings, hostNetwork, created, usernsMode)
+	overhead := sbox.Config().GetLinux().GetOverhead()
+	overheadJSON, err := json.Marshal(overhead)
+	if err != nil {
+		return nil, err
+	}
+	g.AddAnnotation(ann.PodLinuxOverhead, string(overheadJSON))
+
+	resources := sbox.Config().GetLinux().GetResources()
+	resourcesJSON, err := json.Marshal(resources)
+	if err != nil {
+		return nil, err
+	}
+	g.AddAnnotation(ann.PodLinuxResources, string(resourcesJSON))
+
+	sb, err := libsandbox.New(sbox.ID(), namespace, sbox.Name(), kubeName, logDir, labels, kubeAnnotations, processLabel, mountLabel, metadata, shmPath, cgroupParent, privileged, runtimeHandler, sbox.ResolvPath(), hostname, portMappings, hostNetwork, created, usernsMode, overhead, resources)
 	if err != nil {
 		return nil, err
 	}
diff --git a/server/suite_test.go b/server/suite_test.go
index fb93f85039a..cd0568cc5ea 100644
--- a/server/suite_test.go
+++ b/server/suite_test.go
@@ -156,7 +156,7 @@ var beforeEach = func() {
 	testSandbox, err = sandbox.New(sandboxID, """", """", """", ""."",
 		make(map[string]string), make(map[string]string), """", """",
 		&types.PodSandboxMetadata{}, """", """", false, """", """", """",
-		[]*hostport.PortMapping{}, false, time.Now(), """")
+		[]*hostport.PortMapping{}, false, time.Now(), """", nil, nil)
 	Expect(err).To(BeNil())
 
 	testContainer, err = oci.NewContainer(containerID, """", """", """",",accepted_fault,Wrong Container Behavior,Wrong Code Logic
issta2024_bugs_in_pods_understanding_bugs:ee3cf0dde1f2e1f9,issta2024_bugs_in_pods_understanding_bugs,cri-o,https://github.com/cri-o/cri-o/commit/1e277b8364eb8ece18a0c6d1fe1d7f4a5933d6d8,utils/RunUnderSystemdScope: fix wrt channel deadlock,"As seen in [1], sometimes coreos/go-systemd/dbus package deadlocks: the
jobCompete is stuck trying to send job result string to the channel
while holding the jobListener lock, while startJob (called by
StartTransientUnit) waits for the same lock.

Alas, it is not clear why the channel is not being read, nor was I able
to reproduce it locally.

Make the job result channel buffered, so jobJistener won't block on
channel send and thus StartTransientUnit won't be stuck either.

While at it,

 - move the error wrapping out of mgr.RetryOnDisconnect function,
   and use fmt.Errorf with %w instead of obsoleted errors.Wrap;

 - improve error messages, printing the systemd unit name (so we can
   check it in systemd log);

 - do check the job result string -- in case it is not ""done"",
   return an error back to the caller, which should help avoid other
   issues down the line.

[1] https://bugzilla.redhat.com/show_bug.cgi?id=2082344

Signed-off-by: Kir Kolyshkin <kolyshkin@gmail.com>",no_comments_in_source,committed,2022-05-27T01:42:34+00:00,"[""utils/utils.go""]","diff --git a/utils/utils.go b/utils/utils.go
index 66084d08b3f..fb6a0e72f43 100644
--- a/utils/utils.go
+++ b/utils/utils.go
@@ -70,16 +70,24 @@ func RunUnderSystemdScope(mgr *dbusmgr.DbusConnManager, pid int, slice, unitName
 	if slice != """" {
 		properties = append(properties, systemdDbus.PropSlice(slice))
 	}
-	ch := make(chan string)
+	// Make a buffered channel so that the sender (go-systemd's jobComplete)
+	// won't be blocked on channel send while holding the jobListener lock
+	// (RHBZ#2082344).
+	ch := make(chan string, 1)
 	if err := mgr.RetryOnDisconnect(func(c *systemdDbus.Conn) error {
 		_, err = c.StartTransientUnitContext(ctx, unitName, ""replace"", properties, ch)
-		return errors.Wrap(err, ""start transient unit"")
-	}); err != nil {
 		return err
+	}); err != nil {
+		return fmt.Errorf(""start transient unit %q: %w"", unitName, err)
 	}
 
-	// Block until job is started
+	// Wait for the job status.
 	select {
+	case s := <-ch:
+		close(ch)
+		if s != ""done"" {
+			return fmt.Errorf(""error moving conmon with pid %d to systemd unit %s: got %s"", pid, unitName, s)
+		}
 	case <-ch:
 		close(ch)
 	case <-time.After(time.Minute * 6):
@@ -89,7 +97,7 @@ func RunUnderSystemdScope(mgr *dbusmgr.DbusConnManager, pid int, slice, unitName
 		// We also don't use the native context cancelling behavior of the dbus library,
 		// because experience has shown that it does not help.
 		// TODO: Find cause of the request being dropped in the dbus library and fix it.
-		return errors.Errorf(""timed out moving conmon with pid %d to cgroup"", pid)
+		return errors.Errorf(""timed out moving conmon with pid %d to systemd unit %s"", pid, unitName)
 	}
 
 	return nil",accepted_fault,Excessive Execution Time,Wrong Code Logic
issta2024_bugs_in_pods_understanding_bugs:f2aa09614b938852,issta2024_bugs_in_pods_understanding_bugs,containerd,https://github.com/containerd/containerd/commit/a62a95789c14cc09727bd18a3ceb987b9f438868,CRI: remove default /dev/shm mount in Sandbox.,"This's an optimization to get rid of redundant `/dev/shm"" mounts for pause container.
In `oci.defaultMounts`, there is a default `/dev/shm` mount which is redundant for
pause container.

Fixes: #6911

Signed-off-by: Jiang Liu <gerry@linux.alibaba.com>
Signed-off-by: Lei Wang  <wllenyj@linux.alibaba.com>",no_comments_in_source,committed,2022-05-09T17:09:32+00:00,"[""pkg/cri/server/sandbox_run_linux.go""]","diff --git a/pkg/cri/server/sandbox_run_linux.go b/pkg/cri/server/sandbox_run_linux.go
index c4485e2fa04ea..e18b20c8b3a54 100644
--- a/pkg/cri/server/sandbox_run_linux.go
+++ b/pkg/cri/server/sandbox_run_linux.go
@@ -101,6 +101,8 @@ func (c *criService) sandboxContainerSpec(id string, config *runtime.PodSandboxC
 	if nsOptions.GetIpc() == runtime.NamespaceMode_NODE {
 		sandboxDevShm = devShm
 	}
+	// Remove the default /dev/shm mount from defaultMounts, it is added in oci/mounts.go.
+	specOpts = append(specOpts, oci.WithoutMounts(devShm))
 	specOpts = append(specOpts, oci.WithMounts([]runtimespec.Mount{
 		{
 			Source:      sandboxDevShm,",accepted_fault,Incorrect Configuration Effect,Incorrect Mount Options
issta2024_bugs_in_pods_understanding_bugs:f5498c2dddfa6a8f,issta2024_bugs_in_pods_understanding_bugs,runc,https://github.com/opencontainers/runc/commit/c6e8cb79260cdfc435ceecc797efb92cc5977632,libct/cg/sd: refactor startUnit,"Move error handling earlier, removing ""if err == nil"" block.

No change of logic.

Signed-off-by: Kir Kolyshkin <kolyshkin@gmail.com>",no_comments_in_source,committed,2023-03-23T17:56:20+00:00,"[""libcontainer/cgroups/systemd/common.go""]","diff --git a/libcontainer/cgroups/systemd/common.go b/libcontainer/cgroups/systemd/common.go
index 2f0767b2fd8..c0a058012ce 100644
--- a/libcontainer/cgroups/systemd/common.go
+++ b/libcontainer/cgroups/systemd/common.go
@@ -130,24 +130,27 @@ func startUnit(cm *dbusConnManager, unitName string, properties []systemdDbus.Pr
 		_, err := c.StartTransientUnitContext(context.TODO(), unitName, ""replace"", properties, statusChan)
 		return err
 	})
-	if err == nil {
-		timeout := time.NewTimer(30 * time.Second)
-		defer timeout.Stop()
+	if err != nil {
+		if !isUnitExists(err) {
+			return err
+		}
+		return nil
+	}
 
-		select {
-		case s := <-statusChan:
-			close(statusChan)
-			// Please refer to https://pkg.go.dev/github.com/coreos/go-systemd/v22/dbus#Conn.StartUnit
-			if s != ""done"" {
-				resetFailedUnit(cm, unitName)
-				return fmt.Errorf(""error creating systemd unit `%s`: got `%s`"", unitName, s)
-			}
-		case <-timeout.C:
+	timeout := time.NewTimer(30 * time.Second)
+	defer timeout.Stop()
+
+	select {
+	case s := <-statusChan:
+		close(statusChan)
+		// Please refer to https://pkg.go.dev/github.com/coreos/go-systemd/v22/dbus#Conn.StartUnit
+		if s != ""done"" {
 			resetFailedUnit(cm, unitName)
-			return errors.New(""Timeout waiting for systemd to create "" + unitName)
+			return fmt.Errorf(""error creating systemd unit `%s`: got `%s`"", unitName, s)
 		}
-	} else if !isUnitExists(err) {
-		return err
+	case <-timeout.C:
+		resetFailedUnit(cm, unitName)
+		return errors.New(""Timeout waiting for systemd to create "" + unitName)
 	}
 
 	return nil",accepted_fault,Excessive Execution Time,Improper Exception Handling
