record_id,paper_id,source_project,issue_url,title,body,comments,state,created_at,changed_files,code_diff,decision,symptom,root_cause
issta2024_bugs_in_pods_understanding_bugs:0786d0583aff3838,issta2024_bugs_in_pods_understanding_bugs,gvisor,https://github.com/google/gvisor/commit/8c9dc0babfd64d5f053039c898401f94c6be6d0d,Update PacketBuffer to hold a Buffer struct instead of a Buffer pointer.,"The extra pointer indirection is not necessary and allows for a nil buffer.
This change bumps the PacketBuffer struct size from 296 to 792 bytes.

PiperOrigin-RevId: 422669812",no_comments_in_source,committed,2022-01-19T00:03:26+00:00,"[""pkg/buffer/view.go"", ""pkg/tcpip/network/internal/fragmentation/fragmentation_test.go"", ""pkg/tcpip/stack/packet_buffer.go""]","diff --git a/pkg/buffer/view.go b/pkg/buffer/view.go
index a4610f9771..53167c28a3 100644
--- a/pkg/buffer/view.go
+++ b/pkg/buffer/view.go
@@ -380,8 +380,8 @@ func (v *View) Copy() (other View) {
 
 // Clone makes a more shallow copy compared to Copy. The underlying payload
 // slice (buffer.data) is shared but the buffers themselves are copied.
-func (v *View) Clone() *View {
-	other := &View{
+func (v *View) Clone() View {
+	other := View{
 		size: v.size,
 	}
 	for buf := v.data.Front(); buf != nil; buf = buf.Next() {
diff --git a/pkg/tcpip/network/internal/fragmentation/fragmentation_test.go b/pkg/tcpip/network/internal/fragmentation/fragmentation_test.go
index e3e373e458..6f79abccfc 100644
--- a/pkg/tcpip/network/internal/fragmentation/fragmentation_test.go
+++ b/pkg/tcpip/network/internal/fragmentation/fragmentation_test.go
@@ -107,7 +107,7 @@ func TestFragmentationProcess(t *testing.T) {
 	}
 	for _, c := range processTestCases {
 		t.Run(c.comment, func(t *testing.T) {
-			f := NewFragmentation(minBlockSize, 1024, 512, reassembleTimeout, &faketime.NullClock{}, nil)
+			f := NewFragmentation(minBlockSize, 2048, 512, reassembleTimeout, &faketime.NullClock{}, nil)
 			firstFragmentProto := c.in[0].proto
 			for i, in := range c.in {
 				defer in.pkt.DecRef()
diff --git a/pkg/tcpip/stack/packet_buffer.go b/pkg/tcpip/stack/packet_buffer.go
index 112a462ec2..52fb187595 100644
--- a/pkg/tcpip/stack/packet_buffer.go
+++ b/pkg/tcpip/stack/packet_buffer.go
@@ -106,7 +106,7 @@ type PacketBuffer struct {
 
 	// buf is the underlying buffer for the packet. See struct level docs for
 	// details.
-	buf      *buffer.Buffer
+	buf      buffer.Buffer
 	reserved int
 	pushed   int
 	consumed int
@@ -169,7 +169,6 @@ type PacketBuffer struct {
 func NewPacketBuffer(opts PacketBufferOptions) *PacketBuffer {
 	pk := pkPool.Get().(*PacketBuffer)
 	pk.reset()
-	pk.buf = &buffer.Buffer{}
 	if opts.ReserveHeaderBytes != 0 {
 		pk.buf.AppendOwned(make([]byte, opts.ReserveHeaderBytes))
 		pk.reserved = opts.ReserveHeaderBytes
@@ -558,7 +557,7 @@ func (d PacketData) AppendView(v tcpipbuffer.View) {
 // frag and frag should not be used again.
 func MergeFragment(dst, frag *PacketBuffer) {
 	frag.buf.TrimFront(int64(frag.dataOffset()))
-	dst.buf.Merge(frag.buf)
+	dst.buf.Merge(&frag.buf)
 }
 
 // ReadFromVV moves at most count bytes from the beginning of srcVV to the end",rejected_candidate,,
issta2024_bugs_in_pods_understanding_bugs:0980eba1a198cdb4,issta2024_bugs_in_pods_understanding_bugs,cri-o,https://github.com/cri-o/cri-o/commit/08173481a01f5bb8dfd66935373e7e3af105f991,Merge pull request #6164 from littlejawa/add_annotations_for_image_offload,Adding annotations for image and sandbox name.,no_comments_in_source,committed,2022-08-24T00:50:29+00:00,"[""server/sandbox_run_linux.go""]","diff --git a/server/sandbox_run_linux.go b/server/sandbox_run_linux.go
index d1ec6b2d6f5..61031600820 100644
--- a/server/sandbox_run_linux.go
+++ b/server/sandbox_run_linux.go
@@ -605,10 +605,12 @@ func (s *Server) runPodSandbox(ctx context.Context, req *types.RunPodSandboxRequ
 	g.AddAnnotation(annotations.Annotations, string(kubeAnnotationsJSON))
 	g.AddAnnotation(annotations.LogPath, logPath)
 	g.AddAnnotation(annotations.Name, sbox.Name())
+	g.AddAnnotation(annotations.SandboxName, sbox.Name())
 	g.AddAnnotation(annotations.Namespace, namespace)
 	g.AddAnnotation(annotations.ContainerType, annotations.ContainerTypeSandbox)
 	g.AddAnnotation(annotations.SandboxID, sbox.ID())
 	g.AddAnnotation(annotations.Image, s.config.PauseImage)
+	g.AddAnnotation(annotations.ImageName, s.config.PauseImage)
 	g.AddAnnotation(annotations.ContainerName, containerName)
 	g.AddAnnotation(annotations.ContainerID, sbox.ID())
 	g.AddAnnotation(annotations.ShmPath, shmPath)",rejected_candidate,,
issta2024_bugs_in_pods_understanding_bugs:0d315dc3b48325c7,issta2024_bugs_in_pods_understanding_bugs,gvisor,https://github.com/google/gvisor/commit/d62190f8b521fa1b4cc7fc26b24b3f821f198bf7,Fix lisafs bug which tramples dentry UID on remote revalidation.,PiperOrigin-RevId: 414483232,no_comments_in_source,committed,2021-12-06T18:33:02+00:00,"[""pkg/sentry/fsimpl/gofer/gofer.go"", ""runsc/fsgofer/lisafs.go""]","diff --git a/pkg/sentry/fsimpl/gofer/gofer.go b/pkg/sentry/fsimpl/gofer/gofer.go
index b98825e267..5ef3cf4454 100644
--- a/pkg/sentry/fsimpl/gofer/gofer.go
+++ b/pkg/sentry/fsimpl/gofer/gofer.go
@@ -1173,7 +1173,7 @@ func (d *dentry) updateFromLisaStatLocked(stat *linux.Statx) {
 		atomic.StoreUint32(&d.uid, dentryUIDFromLisaUID(lisafs.UID(stat.UID)))
 	}
 	if stat.Mask&linux.STATX_GID != 0 {
-		atomic.StoreUint32(&d.uid, dentryGIDFromLisaGID(lisafs.GID(stat.GID)))
+		atomic.StoreUint32(&d.gid, dentryGIDFromLisaGID(lisafs.GID(stat.GID)))
 	}
 	if stat.Blksize != 0 {
 		atomic.StoreUint32(&d.blockSize, stat.Blksize)
diff --git a/runsc/fsgofer/lisafs.go b/runsc/fsgofer/lisafs.go
index 0db44ff6a8..9e2d6aefc9 100644
--- a/runsc/fsgofer/lisafs.go
+++ b/runsc/fsgofer/lisafs.go
@@ -476,14 +476,12 @@ func (fd *controlFDLisa) OpenCreate(c *lisafs.Connection, comm lisafs.Communicat
 
 		// Set the owners as requested by the client.
 		if err := unix.Fchownat(childFD.hostFD, """", int(uid), int(gid), unix.AT_EMPTY_PATH|unix.AT_SYMLINK_NOFOLLOW); err != nil {
-			log.Infof(""ayush: Fchownat %v"", err)
 			return err
 		}
 
 		// Do not use the stat result from tryOpen because the owners might have
 		// changed. initInode() will stat the FD again and use fresh results.
 		if err := childFD.initInode(&resp.Child); err != nil {
-			log.Infof(""ayush: initInode %v"", err)
 			return err
 		}
 
@@ -491,7 +489,6 @@ func (fd *controlFDLisa) OpenCreate(c *lisafs.Connection, comm lisafs.Communicat
 		flags |= openFlags
 		newHostFD, err := unix.Openat(int(procSelfFD.FD()), strconv.Itoa(childFD.hostFD), int(flags)&^unix.O_NOFOLLOW, 0)
 		if err != nil {
-			log.Infof(""ayush: Openat %v"", err)
 			return err
 		}
 		cu.Release()",accepted_fault,Incorrect Return Value,Others
issta2024_bugs_in_pods_understanding_bugs:1455ed8716cd1356,issta2024_bugs_in_pods_understanding_bugs,gvisor,https://github.com/google/gvisor/commit/cd45d7b6c893aa763cdc3ef2f4ac86444b622927,netstack: support SO_RCVBUFFORCE,"TCP is fully supported. As with SO_RCVBUF, other transport protocols perform
no-ops per DefaultSocketOptionsHandler.OnSetReceiveBufferSize.

PiperOrigin-RevId: 385023239",no_comments_in_source,committed,2021-07-15T22:32:22+00:00,"[""pkg/sentry/socket/netstack/netstack.go"", ""pkg/sentry/socket/socket.go"", ""pkg/tcpip/socketops.go"", ""test/syscalls/linux/BUILD"", ""test/syscalls/linux/socket_generic_test_cases.cc"", ""test/util/capability_util.cc"", ""test/util/capability_util.h""]","diff --git a/pkg/sentry/socket/netstack/netstack.go b/pkg/sentry/socket/netstack/netstack.go
index ea736e4469..0f8cbe7e25 100644
--- a/pkg/sentry/socket/netstack/netstack.go
+++ b/pkg/sentry/socket/netstack/netstack.go
@@ -49,6 +49,7 @@ import (
 	""gvisor.dev/gvisor/pkg/sentry/fs/fsutil""
 	""gvisor.dev/gvisor/pkg/sentry/inet""
 	""gvisor.dev/gvisor/pkg/sentry/kernel""
+	""gvisor.dev/gvisor/pkg/sentry/kernel/auth""
 	ktime ""gvisor.dev/gvisor/pkg/sentry/kernel/time""
 	""gvisor.dev/gvisor/pkg/sentry/socket""
 	""gvisor.dev/gvisor/pkg/sentry/socket/netfilter""
@@ -1682,12 +1683,12 @@ func SetSockOpt(t *kernel.Task, s socket.SocketOps, ep commonEndpoint, level int
 	return nil
 }
 
-func clampBufSize(newSz, min, max int64) int64 {
+func clampBufSize(newSz, min, max int64, ignoreMax bool) int64 {
 	// packetOverheadFactor is used to multiply the value provided by the user on
 	// a setsockopt(2) for setting the send/receive buffer sizes sockets.
 	const packetOverheadFactor = 2
 
-	if newSz > max {
+	if !ignoreMax && newSz > max {
 		newSz = max
 	}
 
@@ -1712,7 +1713,7 @@ func setSockOptSocket(t *kernel.Task, s socket.SocketOps, ep commonEndpoint, nam
 
 		v := hostarch.ByteOrder.Uint32(optVal)
 		min, max := ep.SocketOptions().SendBufferLimits()
-		clamped := clampBufSize(int64(v), min, max)
+		clamped := clampBufSize(int64(v), min, max, false /* ignoreMax */)
 		ep.SocketOptions().SetSendBufferSize(clamped, true /* notify */)
 		return nil
 
@@ -1723,7 +1724,22 @@ func setSockOptSocket(t *kernel.Task, s socket.SocketOps, ep commonEndpoint, nam
 
 		v := hostarch.ByteOrder.Uint32(optVal)
 		min, max := ep.SocketOptions().ReceiveBufferLimits()
-		clamped := clampBufSize(int64(v), min, max)
+		clamped := clampBufSize(int64(v), min, max, false /* ignoreMax */)
+		ep.SocketOptions().SetReceiveBufferSize(clamped, true /* notify */)
+		return nil
+
+	case linux.SO_RCVBUFFORCE:
+		if len(optVal) < sizeOfInt32 {
+			return syserr.ErrInvalidArgument
+		}
+
+		if creds := auth.CredentialsFromContext(t); !creds.HasCapability(linux.CAP_NET_ADMIN) {
+			return syserr.ErrNotPermitted
+		}
+
+		v := hostarch.ByteOrder.Uint32(optVal)
+		min, max := ep.SocketOptions().ReceiveBufferLimits()
+		clamped := clampBufSize(int64(v), min, max, true /* ignoreMax */)
 		ep.SocketOptions().SetReceiveBufferSize(clamped, true /* notify */)
 		return nil
 
diff --git a/pkg/sentry/socket/socket.go b/pkg/sentry/socket/socket.go
index f5da3c5097..658e90bb94 100644
--- a/pkg/sentry/socket/socket.go
+++ b/pkg/sentry/socket/socket.go
@@ -509,7 +509,6 @@ func SetSockOptEmitUnimplementedEvent(t *kernel.Task, name int) {
 		linux.SO_ATTACH_REUSEPORT_EBPF,
 		linux.SO_CNX_ADVICE,
 		linux.SO_DETACH_FILTER,
-		linux.SO_RCVBUFFORCE,
 		linux.SO_SNDBUFFORCE:
 
 		t.Kernel().EmitUnimplementedEvent(t)
diff --git a/pkg/tcpip/socketops.go b/pkg/tcpip/socketops.go
index 042326a3a0..5642c86f84 100644
--- a/pkg/tcpip/socketops.go
+++ b/pkg/tcpip/socketops.go
@@ -54,7 +54,7 @@ type SocketOptionsHandler interface {
 	// buffer size. It also returns the newly set value.
 	OnSetSendBufferSize(v int64) (newSz int64)
 
-	// OnSetReceiveBufferSize is invoked to set the SO_RCVBUFSIZE.
+	// OnSetReceiveBufferSize is invoked by SO_RCVBUF and SO_RCVBUFFORCE.
 	OnSetReceiveBufferSize(v, oldSz int64) (newSz int64)
 }
 
diff --git a/test/syscalls/linux/BUILD b/test/syscalls/linux/BUILD
index 984122bb56..fa2a080f1e 100644
--- a/test/syscalls/linux/BUILD
+++ b/test/syscalls/linux/BUILD
@@ -2395,6 +2395,7 @@ cc_library(
         ""@com_google_absl//absl/strings"",
         ""@com_google_absl//absl/strings:str_format"",
         gtest,
+        ""//test/util:capability_util"",
         ""//test/util:test_util"",
     ],
     alwayslink = 1,
diff --git a/test/syscalls/linux/socket_generic_test_cases.cc b/test/syscalls/linux/socket_generic_test_cases.cc
index 5c4cb6c35d..fe5171bc80 100644
--- a/test/syscalls/linux/socket_generic_test_cases.cc
+++ b/test/syscalls/linux/socket_generic_test_cases.cc
@@ -14,6 +14,9 @@
 
 #include ""test/syscalls/linux/socket_generic.h""
 
+#ifdef __linux__
+#include <linux/capability.h>
+#endif  // __linux__
 #include <stdio.h>
 #include <sys/ioctl.h>
 #include <sys/socket.h>
@@ -24,6 +27,7 @@
 #include ""absl/strings/string_view.h""
 #include ""test/syscalls/linux/socket_test_util.h""
 #include ""test/syscalls/linux/unix_domain_socket_test_util.h""
+#include ""test/util/capability_util.h""
 #include ""test/util/test_util.h""
 
 // This file is a generic socket test file. It must be built with another file
@@ -400,6 +404,46 @@ TEST_P(AllSocketPairTest, RcvBufSucceeds) {
   EXPECT_GT(size, 0);
 }
 
+#ifdef __linux__
+
+// Check that setting SO_RCVBUFFORCE above max is not clamped to the maximum
+// receive buffer size.
+TEST_P(AllSocketPairTest, SetSocketRecvBufForceAboveMax) {
+  std::unique_ptr<SocketPair> sockets =
+      ASSERT_NO_ERRNO_AND_VALUE(NewSocketPair());
+
+  // Discover maxmimum buffer size by setting to a really large value.
+  constexpr int kRcvBufSz = 0xffffffff;
+  ASSERT_THAT(setsockopt(sockets->first_fd(), SOL_SOCKET, SO_RCVBUF, &kRcvBufSz,
+                         sizeof(kRcvBufSz)),
+              SyscallSucceeds());
+
+  int max = 0;
+  socklen_t max_len = sizeof(max);
+  ASSERT_THAT(
+      getsockopt(sockets->first_fd(), SOL_SOCKET, SO_RCVBUF, &max, &max_len),
+      SyscallSucceeds());
+
+  int above_max = max + 1;
+  int sso = setsockopt(sockets->first_fd(), SOL_SOCKET, SO_RCVBUFFORCE,
+                       &above_max, sizeof(above_max));
+  if (!ASSERT_NO_ERRNO_AND_VALUE(HaveCapability(CAP_NET_ADMIN))) {
+    ASSERT_THAT(sso, SyscallFailsWithErrno(EPERM));
+    return;
+  }
+  ASSERT_THAT(sso, SyscallSucceeds());
+
+  int val = 0;
+  socklen_t val_len = sizeof(val);
+  ASSERT_THAT(
+      getsockopt(sockets->first_fd(), SOL_SOCKET, SO_RCVBUF, &val, &val_len),
+      SyscallSucceeds());
+  // The system doubles the passed-in maximum.
+  ASSERT_EQ(above_max * 2, val);
+}
+
+#endif  // __linux__
+
 TEST_P(AllSocketPairTest, GetSndBufSucceeds) {
   auto sockets = ASSERT_NO_ERRNO_AND_VALUE(NewSocketPair());
   int size = 0;
diff --git a/test/util/capability_util.cc b/test/util/capability_util.cc
index a1b994c459..3bf218128b 100644
--- a/test/util/capability_util.cc
+++ b/test/util/capability_util.cc
@@ -12,6 +12,8 @@
 // See the License for the specific language governing permissions and
 // limitations under the License.
 
+#ifdef __linux__
+
 #include ""test/util/capability_util.h""
 
 #include <linux/capability.h>
@@ -79,3 +81,5 @@ PosixErrorOr<bool> CanCreateUserNamespace() {
 
 }  // namespace testing
 }  // namespace gvisor
+
+#endif  // __linux__
diff --git a/test/util/capability_util.h b/test/util/capability_util.h
index f2c3701256..c4b0feade6 100644
--- a/test/util/capability_util.h
+++ b/test/util/capability_util.h
@@ -17,6 +17,8 @@
 #ifndef GVISOR_TEST_UTIL_CAPABILITY_UTIL_H_
 #define GVISOR_TEST_UTIL_CAPABILITY_UTIL_H_
 
+#ifdef __linux__
+
 #include <errno.h>
 #include <linux/capability.h>
 #include <sys/syscall.h>
@@ -120,4 +122,7 @@ class AutoCapability {
 
 }  // namespace testing
 }  // namespace gvisor
+
+#endif  // __linux__
+
 #endif  // GVISOR_TEST_UTIL_CAPABILITY_UTIL_H_",rejected_candidate,,
issta2024_bugs_in_pods_understanding_bugs:15016a3fc05335ca,issta2024_bugs_in_pods_understanding_bugs,runc,https://github.com/opencontainers/runc/commit/8af2f48d9f6846e5e37c2560b51aaf1867e3112f,Merge pull request #3357 from kolyshkin/more-bytes-less-strings,libct/cg/sd: optimize and test findDeviceGroup,no_comments_in_source,committed,2023-04-27T16:36:47+00:00,"[""libcontainer/cgroups/devices/systemd.go"", ""libcontainer/cgroups/devices/systemd_test.go""]","diff --git a/libcontainer/cgroups/devices/systemd.go b/libcontainer/cgroups/devices/systemd.go
index b78d90eafb0..70768f9dbbb 100644
--- a/libcontainer/cgroups/devices/systemd.go
+++ b/libcontainer/cgroups/devices/systemd.go
@@ -2,9 +2,9 @@ package devices
 
 import (
 	""bufio""
-	""errors""
 	""fmt""
 	""os""
+	""strconv""
 	""strings""
 
 	systemdDbus ""github.com/coreos/go-systemd/v22/dbus""
@@ -181,6 +181,7 @@ func findDeviceGroup(ruleType devices.Type, ruleMajor int64) (string, error) {
 	if err != nil {
 		return """", err
 	}
+	ruleMajorStr := strconv.FormatInt(ruleMajor, 10) + "" ""
 
 	scanner := bufio.NewScanner(fh)
 	var currentType devices.Type
@@ -205,20 +206,9 @@ func findDeviceGroup(ruleType devices.Type, ruleMajor int64) (string, error) {
 			continue
 		}
 
-		// Parse out the (major, name).
-		var (
-			currMajor int64
-			currName  string
-		)
-		if n, err := fmt.Sscanf(line, ""%d %s"", &currMajor, &currName); err != nil || n != 2 {
-			if err == nil {
-				err = errors.New(""wrong number of fields"")
-			}
-			return """", fmt.Errorf(""scan /proc/devices line %q: %w"", line, err)
-		}
-
-		if currMajor == ruleMajor {
-			return prefix + currName, nil
+		group := strings.TrimPrefix(line, ruleMajorStr)
+		if len(group) < len(line) { // got it
+			return prefix + group, nil
 		}
 	}
 	if err := scanner.Err(); err != nil {
diff --git a/libcontainer/cgroups/devices/systemd_test.go b/libcontainer/cgroups/devices/systemd_test.go
index 050fdd2d268..b6e81dcd827 100644
--- a/libcontainer/cgroups/devices/systemd_test.go
+++ b/libcontainer/cgroups/devices/systemd_test.go
@@ -2,6 +2,7 @@ package devices
 
 import (
 	""bytes""
+	""fmt""
 	""os""
 	""os/exec""
 	""strings""
@@ -240,6 +241,32 @@ func TestSkipDevicesFalse(t *testing.T) {
 	})
 }
 
+func testFindDeviceGroup() error {
+	const (
+		major = 136
+		group = ""char-pts""
+	)
+	res, err := findDeviceGroup(devices.CharDevice, major)
+	if res != group || err != nil {
+		return fmt.Errorf(""expected %v, nil, got %v, %w"", group, res, err)
+	}
+	return nil
+}
+
+func TestFindDeviceGroup(t *testing.T) {
+	if err := testFindDeviceGroup(); err != nil {
+		t.Fatal(err)
+	}
+}
+
+func BenchmarkFindDeviceGroup(b *testing.B) {
+	for i := 0; i < b.N; i++ {
+		if err := testFindDeviceGroup(); err != nil {
+			b.Fatal(err)
+		}
+	}
+}
+
 func newManager(t *testing.T, config *configs.Cgroup) (m cgroups.Manager) {
 	t.Helper()
 	var err error",rejected_candidate,,
issta2024_bugs_in_pods_understanding_bugs:15a91c7e61345763,issta2024_bugs_in_pods_understanding_bugs,cri-o,https://github.com/cri-o/cri-o/commit/0833f62f3de76af17ec5d3ab3d421aa4de5c10c1,build(deps): bump k8s.io/client-go from 0.22.1 to 0.22.2,"Bumps [k8s.io/client-go](https://github.com/kubernetes/client-go) from 0.22.1 to 0.22.2.
- [Release notes](https://github.com/kubernetes/client-go/releases)
- [Changelog](https://github.com/kubernetes/client-go/blob/master/CHANGELOG.md)
- [Commits](https://github.com/kubernetes/client-go/compare/v0.22.1...v0.22.2)

---
updated-dependencies:
- dependency-name: k8s.io/client-go
  dependency-type: direct:production
  update-type: version-update:semver-patch
...

Signed-off-by: dependabot[bot] <support@github.com>",no_comments_in_source,committed,2021-09-17T17:26:03+00:00,"[""go.mod"", ""vendor/modules.txt""]","diff --git a/go.mod b/go.mod
index 88df65f4430..fd07457e84c 100644
--- a/go.mod
+++ b/go.mod
@@ -62,7 +62,7 @@ require (
 	google.golang.org/grpc v1.40.0
 	k8s.io/api v0.22.1
 	k8s.io/apimachinery v0.22.1
-	k8s.io/client-go v0.22.1
+	k8s.io/client-go v0.22.2
 	k8s.io/cri-api v0.22.1
 	k8s.io/klog/v2 v2.20.0
 	k8s.io/kubernetes v1.22.1
diff --git a/vendor/modules.txt b/vendor/modules.txt
index 1b351615f92..cc3dc154a7f 100644
--- a/vendor/modules.txt
+++ b/vendor/modules.txt
@@ -1274,7 +1274,7 @@ k8s.io/apiserver/pkg/features
 k8s.io/apiserver/pkg/server/httplog
 k8s.io/apiserver/pkg/util/feature
 k8s.io/apiserver/pkg/util/wsstream
-# k8s.io/client-go v0.22.1 => k8s.io/kubernetes/staging/src/k8s.io/client-go v0.0.0-20210804175619-c2b5237ccd9c
+# k8s.io/client-go v0.22.2 => k8s.io/kubernetes/staging/src/k8s.io/client-go v0.0.0-20210804175619-c2b5237ccd9c
 ## explicit
 k8s.io/client-go/applyconfigurations/admissionregistration/v1
 k8s.io/client-go/applyconfigurations/admissionregistration/v1beta1",rejected_candidate,,
issta2024_bugs_in_pods_understanding_bugs:15d137996684250f,issta2024_bugs_in_pods_understanding_bugs,cri-o,https://github.com/cri-o/cri-o/commit/29ce5a7b2a8b74de8ee511866cac411cd8d9c06d,get script: fix conflist path,Signed-off-by: Peter Hunt~ <pehunt@redhat.com>,no_comments_in_source,committed,2022-12-22T15:26:32+00:00,"[""contrib/bundle/install"", ""scripts/get""]","diff --git a/contrib/bundle/install b/contrib/bundle/install
index 2757a9d77be..63d177eb020 100644
--- a/contrib/bundle/install
+++ b/contrib/bundle/install
@@ -1,7 +1,7 @@
 set -x
 install $SELINUX -d -m 755 ""$DESTDIR$CNIDIR""
 install $SELINUX -D -m 755 -t ""$DESTDIR$OPT_CNI_BIN_DIR"" cni-plugins/*
-install $SELINUX -D -m 644 -t ""$DESTDIR$CNIDIR"" /contrib/cni/10-crio-bridge.conflist
+install $SELINUX -D -m 644 -t ""$DESTDIR$CNIDIR"" contrib/10-crio-bridge.conflist
 install $SELINUX -D -m 755 -t ""$DESTDIR$BINDIR"" bin/conmon
 install $SELINUX -D -m 755 -t ""$DESTDIR$BINDIR"" bin/crictl
 install $SELINUX -d -m 755 ""$DESTDIR$BASHINSTALLDIR""
diff --git a/scripts/get b/scripts/get
index 8edaecb2ecb..c34e8caf4e6 100755
--- a/scripts/get
+++ b/scripts/get
@@ -212,7 +212,7 @@ ARCH=${ARCH:-amd64}
 set -x
 install $SELINUX -d -m 755 ""$DESTDIR$CNIDIR""
 install $SELINUX -D -m 755 -t ""$DESTDIR$OPT_CNI_BIN_DIR"" cni-plugins/*
-install $SELINUX -D -m 644 -t ""$DESTDIR$CNIDIR"" /contrib/cni/10-crio-bridge.conflist
+install $SELINUX -D -m 644 -t ""$DESTDIR$CNIDIR"" contrib/10-crio-bridge.conflist
 install $SELINUX -D -m 755 -t ""$DESTDIR$BINDIR"" bin/conmon
 install $SELINUX -D -m 755 -t ""$DESTDIR$BINDIR"" bin/crictl
 install $SELINUX -d -m 755 ""$DESTDIR$BASHINSTALLDIR""",accepted_fault,Build Failure,Build Configuration Error
issta2024_bugs_in_pods_understanding_bugs:17d40dffef663ded,issta2024_bugs_in_pods_understanding_bugs,containerd,https://github.com/containerd/containerd/commit/241563be06a3de8b6a849414c4e805b68d3bb295,Merge pull request from GHSA-2qjp-425j-52j9,CRI stream server: Fix goroutine leak in Exec,no_comments_in_source,committed,2022-12-07T21:50:26+00:00,"[""pkg/cri/streaming/remotecommand/httpstream.go""]","diff --git a/pkg/cri/streaming/remotecommand/httpstream.go b/pkg/cri/streaming/remotecommand/httpstream.go
index 0417a1a9e6692..9177fa794d2e6 100644
--- a/pkg/cri/streaming/remotecommand/httpstream.go
+++ b/pkg/cri/streaming/remotecommand/httpstream.go
@@ -33,6 +33,7 @@ limitations under the License.
 package remotecommand
 
 import (
+	gocontext ""context""
 	""encoding/json""
 	""errors""
 	""fmt""
@@ -132,7 +133,7 @@ func createStreams(req *http.Request, w http.ResponseWriter, opts *Options, supp
 
 	if ctx.resizeStream != nil {
 		ctx.resizeChan = make(chan remotecommand.TerminalSize)
-		go handleResizeEvents(ctx.resizeStream, ctx.resizeChan)
+		go handleResizeEvents(req.Context(), ctx.resizeStream, ctx.resizeChan)
 	}
 
 	return ctx, true
@@ -425,7 +426,7 @@ WaitForStreams:
 // supportsTerminalResizing returns false because v1ProtocolHandler doesn't support it.
 func (*v1ProtocolHandler) supportsTerminalResizing() bool { return false }
 
-func handleResizeEvents(stream io.Reader, channel chan<- remotecommand.TerminalSize) {
+func handleResizeEvents(ctx gocontext.Context, stream io.Reader, channel chan<- remotecommand.TerminalSize) {
 	defer runtime.HandleCrash()
 	defer close(channel)
 
@@ -435,7 +436,15 @@ func handleResizeEvents(stream io.Reader, channel chan<- remotecommand.TerminalS
 		if err := decoder.Decode(&size); err != nil {
 			break
 		}
-		channel <- size
+
+		select {
+		case channel <- size:
+		case <-ctx.Done():
+			// To avoid leaking this routine, exit if the http request finishes. This path
+			// would generally be hit if starting the process fails and nothing is started to
+			// ingest these resize events.
+			return
+		}
 	}
 }",accepted_fault,Host Memory Leak,Wrong Code Logic
issta2024_bugs_in_pods_understanding_bugs:1d335283f7af956c,issta2024_bugs_in_pods_understanding_bugs,gvisor,https://github.com/google/gvisor/commit/8ebc4d767a432c7a4a97e25e048a1380b2a2e442,Accept no buffer space errors when forwarding,"The outgoing device queue may be full when forwarding packets and those
errors should not result in a panic.

PiperOrigin-RevId: 499946528",no_comments_in_source,committed,2023-01-05T19:13:51+00:00,"[""pkg/tcpip/network/internal/ip/errors.go"", ""pkg/tcpip/network/internal/ip/stats.go"", ""pkg/tcpip/network/ipv4/ipv4.go"", ""pkg/tcpip/network/ipv6/ipv6.go"", ""pkg/tcpip/tcpip.go"", ""pkg/tcpip/tests/integration/forward_test.go""]","diff --git a/pkg/tcpip/network/internal/ip/errors.go b/pkg/tcpip/network/internal/ip/errors.go
index 5ff59fd598..0624996f3c 100644
--- a/pkg/tcpip/network/internal/ip/errors.go
+++ b/pkg/tcpip/network/internal/ip/errors.go
@@ -34,6 +34,14 @@ func (*ErrTTLExceeded) isForwardingError() {}
 
 func (*ErrTTLExceeded) String() string { return ""ttl exceeded"" }
 
+// ErrOutgoingDeviceNoBufferSpace indicates that the outgoing device does not
+// have enough space to hold a buffer.
+type ErrOutgoingDeviceNoBufferSpace struct{}
+
+func (*ErrOutgoingDeviceNoBufferSpace) isForwardingError() {}
+
+func (*ErrOutgoingDeviceNoBufferSpace) String() string { return ""no device buffer space"" }
+
 // ErrParameterProblem indicates the received packet had a problem with an IP
 // parameter.
 type ErrParameterProblem struct{}
diff --git a/pkg/tcpip/network/internal/ip/stats.go b/pkg/tcpip/network/internal/ip/stats.go
index 83b0b63fbc..9861bce0d2 100644
--- a/pkg/tcpip/network/internal/ip/stats.go
+++ b/pkg/tcpip/network/internal/ip/stats.go
@@ -64,6 +64,10 @@ type MultiCounterIPForwardingStats struct {
 	// were dropped due to insufficent buffer space in the pending packet queue.
 	NoMulticastPendingQueueBufferSpace tcpip.MultiCounterStat
 
+	// OutgoingDeviceNoBufferSpace is the number of packets that were dropped due
+	// to insufficient space in the outgoing device.
+	OutgoingDeviceNoBufferSpace tcpip.MultiCounterStat
+
 	// Errors is the number of IP packets received which could not be
 	// successfully forwarded.
 	Errors tcpip.MultiCounterStat
@@ -82,6 +86,7 @@ func (m *MultiCounterIPForwardingStats) Init(a, b *tcpip.IPForwardingStats) {
 	m.UnexpectedMulticastInputInterface.Init(a.UnexpectedMulticastInputInterface, b.UnexpectedMulticastInputInterface)
 	m.UnknownOutputEndpoint.Init(a.UnknownOutputEndpoint, b.UnknownOutputEndpoint)
 	m.NoMulticastPendingQueueBufferSpace.Init(a.NoMulticastPendingQueueBufferSpace, b.NoMulticastPendingQueueBufferSpace)
+	m.OutgoingDeviceNoBufferSpace.Init(a.OutgoingDeviceNoBufferSpace, b.OutgoingDeviceNoBufferSpace)
 }
 
 // LINT.ThenChange(:MultiCounterIPForwardingStats, ../../../tcpip.go:IPForwardingStats)
diff --git a/pkg/tcpip/network/ipv4/ipv4.go b/pkg/tcpip/network/ipv4/ipv4.go
index c669b888d2..b70e3bc9d5 100644
--- a/pkg/tcpip/network/ipv4/ipv4.go
+++ b/pkg/tcpip/network/ipv4/ipv4.go
@@ -691,6 +691,8 @@ func (e *endpoint) forwardPacketWithRoute(route *stack.Route, pkt stack.PacketBu
 		// necessary and the bit is also set.
 		_ = e.protocol.returnError(&icmpReasonFragmentationNeeded{}, pkt, false /* deliveredLocally */)
 		return &ip.ErrMessageTooLong{}
+	case *tcpip.ErrNoBufferSpace:
+		return &ip.ErrOutgoingDeviceNoBufferSpace{}
 	default:
 		return &ip.ErrOther{Err: err}
 	}
@@ -1105,7 +1107,7 @@ func (e *endpoint) handleValidatedPacket(h header.IPv4, pkt stack.PacketBufferPt
 // counters.
 func (e *endpoint) handleForwardingError(err ip.ForwardingError) {
 	stats := e.stats.ip
-	switch err.(type) {
+	switch err := err.(type) {
 	case nil:
 		return
 	case *ip.ErrLinkLocalSourceAddress:
@@ -1126,6 +1128,8 @@ func (e *endpoint) handleForwardingError(err ip.ForwardingError) {
 		stats.Forwarding.UnexpectedMulticastInputInterface.Increment()
 	case *ip.ErrUnknownOutputEndpoint:
 		stats.Forwarding.UnknownOutputEndpoint.Increment()
+	case *ip.ErrOutgoingDeviceNoBufferSpace:
+		stats.Forwarding.OutgoingDeviceNoBufferSpace.Increment()
 	default:
 		panic(fmt.Sprintf(""unrecognized forwarding error: %s"", err))
 	}
diff --git a/pkg/tcpip/network/ipv6/ipv6.go b/pkg/tcpip/network/ipv6/ipv6.go
index 9bdd30b647..31f48b37fd 100644
--- a/pkg/tcpip/network/ipv6/ipv6.go
+++ b/pkg/tcpip/network/ipv6/ipv6.go
@@ -1029,6 +1029,8 @@ func (e *endpoint) forwardPacketWithRoute(route *stack.Route, pkt stack.PacketBu
 		//   outgoing link.
 		_ = e.protocol.returnError(&icmpReasonPacketTooBig{}, pkt, false /* deliveredLocally */)
 		return &ip.ErrMessageTooLong{}
+	case *tcpip.ErrNoBufferSpace:
+		return &ip.ErrOutgoingDeviceNoBufferSpace{}
 	default:
 		return &ip.ErrOther{Err: err}
 	}
@@ -1227,7 +1229,7 @@ func (e *endpoint) forwardMulticastPacketForOutgoingInterface(pkt stack.PacketBu
 // counters.
 func (e *endpoint) handleForwardingError(err ip.ForwardingError) {
 	stats := e.stats.ip
-	switch err.(type) {
+	switch err := err.(type) {
 	case nil:
 		return
 	case *ip.ErrLinkLocalSourceAddress:
@@ -1248,6 +1250,8 @@ func (e *endpoint) handleForwardingError(err ip.ForwardingError) {
 		stats.Forwarding.UnexpectedMulticastInputInterface.Increment()
 	case *ip.ErrUnknownOutputEndpoint:
 		stats.Forwarding.UnknownOutputEndpoint.Increment()
+	case *ip.ErrOutgoingDeviceNoBufferSpace:
+		stats.Forwarding.OutgoingDeviceNoBufferSpace.Increment()
 	default:
 		panic(fmt.Sprintf(""unrecognized forwarding error: %s"", err))
 	}
diff --git a/pkg/tcpip/tcpip.go b/pkg/tcpip/tcpip.go
index a439709013..e4c8d666b0 100644
--- a/pkg/tcpip/tcpip.go
+++ b/pkg/tcpip/tcpip.go
@@ -1739,6 +1739,10 @@ type IPForwardingStats struct {
 	// were dropped due to insufficent buffer space in the pending packet queue.
 	NoMulticastPendingQueueBufferSpace *StatCounter
 
+	// OutgoingDeviceNoBufferSpace is the number of packets that were dropped due
+	// to insufficient space in the outgoing device.
+	OutgoingDeviceNoBufferSpace *StatCounter
+
 	// Errors is the number of IP packets received which could not be
 	// successfully forwarded.
 	Errors *StatCounter
diff --git a/pkg/tcpip/tests/integration/forward_test.go b/pkg/tcpip/tests/integration/forward_test.go
index 82702bf4a4..ad0818e97d 100644
--- a/pkg/tcpip/tests/integration/forward_test.go
+++ b/pkg/tcpip/tests/integration/forward_test.go
@@ -349,6 +349,19 @@ func TestForwarding(t *testing.T) {
 	}
 }
 
+type fillableLinkEndpoint struct {
+	*channel.Endpoint
+	full bool
+}
+
+func (e *fillableLinkEndpoint) WritePackets(pkts stack.PacketBufferList) (int, tcpip.Error) {
+	if e.full {
+		return 0, &tcpip.ErrNoBufferSpace{}
+	}
+
+	return e.Endpoint.WritePackets(pkts)
+}
+
 func TestUnicastForwarding(t *testing.T) {
 	const (
 		nicID1 = 1
@@ -362,6 +375,7 @@ func TestUnicastForwarding(t *testing.T) {
 
 	tests := []struct {
 		name             string
+		netProto         tcpip.NetworkProtocolNumber
 		srcAddr, dstAddr tcpip.Address
 		rx               func(*channel.Endpoint, tcpip.Address, tcpip.Address)
 		expectForward    bool
@@ -369,6 +383,7 @@ func TestUnicastForwarding(t *testing.T) {
 	}{
 		{
 			name:          ""IPv4 link-local source"",
+			netProto:      ipv4.ProtocolNumber,
 			srcAddr:       ipv4LinkLocalUnicastAddr,
 			dstAddr:       utils.RemoteIPv4Addr,
 			rx:            rxICMPv4EchoRequest,
@@ -376,6 +391,7 @@ func TestUnicastForwarding(t *testing.T) {
 		},
 		{
 			name:          ""IPv4 link-local destination"",
+			netProto:      ipv4.ProtocolNumber,
 			srcAddr:       utils.RemoteIPv4Addr,
 			dstAddr:       ipv4LinkLocalUnicastAddr,
 			rx:            rxICMPv4EchoRequest,
@@ -383,6 +399,7 @@ func TestUnicastForwarding(t *testing.T) {
 		},
 		{
 			name:          ""IPv4 non-link-local unicast"",
+			netProto:      ipv4.ProtocolNumber,
 			srcAddr:       utils.RemoteIPv4Addr,
 			dstAddr:       utils.Ipv4Addr2.AddressWithPrefix.Address,
 			rx:            rxICMPv4EchoRequest,
@@ -393,6 +410,7 @@ func TestUnicastForwarding(t *testing.T) {
 		},
 		{
 			name:          ""IPv6 link-local source"",
+			netProto:      ipv6.ProtocolNumber,
 			srcAddr:       ipv6LinkLocalUnicastAddr,
 			dstAddr:       utils.RemoteIPv6Addr,
 			rx:            rxICMPv6EchoRequest,
@@ -400,6 +418,7 @@ func TestUnicastForwarding(t *testing.T) {
 		},
 		{
 			name:          ""IPv6 link-local destination"",
+			netProto:      ipv6.ProtocolNumber,
 			srcAddr:       utils.RemoteIPv6Addr,
 			dstAddr:       ipv6LinkLocalUnicastAddr,
 			rx:            rxICMPv6EchoRequest,
@@ -407,6 +426,7 @@ func TestUnicastForwarding(t *testing.T) {
 		},
 		{
 			name:          ""IPv6 non-link-local unicast"",
+			netProto:      ipv6.ProtocolNumber,
 			srcAddr:       utils.RemoteIPv6Addr,
 			dstAddr:       utils.Ipv6Addr2.AddressWithPrefix.Address,
 			rx:            rxICMPv6EchoRequest,
@@ -419,68 +439,99 @@ func TestUnicastForwarding(t *testing.T) {
 
 	for _, test := range tests {
 		t.Run(test.name, func(t *testing.T) {
-			s := stack.New(stack.Options{
-				NetworkProtocols:   []stack.NetworkProtocolFactory{ipv4.NewProtocol, ipv6.NewProtocol},
-				TransportProtocols: []stack.TransportProtocolFactory{udp.NewProtocol},
-			})
+			for _, full := range []bool{true, false} {
+				t.Run(fmt.Sprintf(""Full=%t"", full), func(t *testing.T) {
+					s := stack.New(stack.Options{
+						NetworkProtocols:   []stack.NetworkProtocolFactory{ipv4.NewProtocol, ipv6.NewProtocol},
+						TransportProtocols: []stack.TransportProtocolFactory{udp.NewProtocol},
+					})
 
-			e1 := channel.New(1, header.IPv6MinimumMTU, """")
-			defer e1.Close()
-			if err := s.CreateNIC(nicID1, e1); err != nil {
-				t.Fatalf(""s.CreateNIC(%d, _): %s"", nicID1, err)
-			}
+					e1 := channel.New(1, header.IPv6MinimumMTU, """")
+					defer e1.Close()
+					if err := s.CreateNIC(nicID1, e1); err != nil {
+						t.Fatalf(""s.CreateNIC(%d, _): %s"", nicID1, err)
+					}
 
-			e2 := channel.New(1, header.IPv6MinimumMTU, """")
-			defer e2.Close()
-			if err := s.CreateNIC(nicID2, e2); err != nil {
-				t.Fatalf(""s.CreateNIC(%d, _): %s"", nicID2, err)
-			}
+					e2 := fillableLinkEndpoint{Endpoint: channel.New(1, header.IPv6MinimumMTU, """"), full: full}
+					defer e2.Close()
+					if err := s.CreateNIC(nicID2, &e2); err != nil {
+						t.Fatalf(""s.CreateNIC(%d, _): %s"", nicID2, err)
+					}
 
-			protocolAddrV4 := tcpip.ProtocolAddress{
-				Protocol:          ipv4.ProtocolNumber,
-				AddressWithPrefix: utils.Ipv4Addr,
-			}
-			if err := s.AddProtocolAddress(nicID2, protocolAddrV4, stack.AddressProperties{}); err != nil {
-				t.Fatalf(""AddProtocolAddress(%d, %+v, {}): %s"", nicID2, protocolAddrV4, err)
-			}
-			protocolAddrV6 := tcpip.ProtocolAddress{
-				Protocol:          ipv6.ProtocolNumber,
-				AddressWithPrefix: utils.Ipv6Addr,
-			}
-			if err := s.AddProtocolAddress(nicID2, protocolAddrV6, stack.AddressProperties{}); err != nil {
-				t.Fatalf(""AddProtocolAddress(%d, %+v, {}): %s"", nicID2, protocolAddrV6, err)
-			}
+					protocolAddrV4 := tcpip.ProtocolAddress{
+						Protocol:          ipv4.ProtocolNumber,
+						AddressWithPrefix: utils.Ipv4Addr,
+					}
+					if err := s.AddProtocolAddress(nicID2, protocolAddrV4, stack.AddressProperties{}); err != nil {
+						t.Fatalf(""AddProtocolAddress(%d, %+v, {}): %s"", nicID2, protocolAddrV4, err)
+					}
+					protocolAddrV6 := tcpip.ProtocolAddress{
+						Protocol:          ipv6.ProtocolNumber,
+						AddressWithPrefix: utils.Ipv6Addr,
+					}
+					if err := s.AddProtocolAddress(nicID2, protocolAddrV6, stack.AddressProperties{}); err != nil {
+						t.Fatalf(""AddProtocolAddress(%d, %+v, {}): %s"", nicID2, protocolAddrV6, err)
+					}
 
-			if err := s.SetForwardingDefaultAndAllNICs(ipv4.ProtocolNumber, true); err != nil {
-				t.Fatalf(""s.SetForwardingDefaultAndAllNICs(%d, true): %s"", ipv4.ProtocolNumber, err)
-			}
-			if err := s.SetForwardingDefaultAndAllNICs(ipv6.ProtocolNumber, true); err != nil {
-				t.Fatalf(""s.SetForwardingDefaultAndAllNICs(%d, true): %s"", ipv6.ProtocolNumber, err)
-			}
+					if err := s.SetForwardingDefaultAndAllNICs(ipv4.ProtocolNumber, true); err != nil {
+						t.Fatalf(""s.SetForwardingDefaultAndAllNICs(%d, true): %s"", ipv4.ProtocolNumber, err)
+					}
+					if err := s.SetForwardingDefaultAndAllNICs(ipv6.ProtocolNumber, true); err != nil {
+						t.Fatalf(""s.SetForwardingDefaultAndAllNICs(%d, true): %s"", ipv6.ProtocolNumber, err)
+					}
 
-			s.SetRouteTable([]tcpip.Route{
-				{
-					Destination: header.IPv4EmptySubnet,
-					NIC:         nicID2,
-				},
-				{
-					Destination: header.IPv6EmptySubnet,
-					NIC:         nicID2,
-				},
-			})
+					s.SetRouteTable([]tcpip.Route{
+						{
+							Destination: header.IPv4EmptySubnet,
+							NIC:         nicID2,
+						},
+						{
+							Destination: header.IPv6EmptySubnet,
+							NIC:         nicID2,
+						},
+					})
 
-			test.rx(e1, test.srcAddr, test.dstAddr)
+					test.rx(e1, test.srcAddr, test.dstAddr)
 
-			p := e2.Read()
-			if (!p.IsNil()) != test.expectForward {
-				t.Fatalf(""got e2.Read() = %#v, want = (_ == nil) = %t"", p, test.expectForward)
-			}
+					expectForward := test.expectForward && !full
+					p := e2.Read()
+					if (!p.IsNil()) != expectForward {
+						t.Fatalf(""got e2.Read() = %#v, want = (_ == nil) = %t"", p, expectForward)
+					}
 
-			if test.expectForward {
-				payload := stack.PayloadSince(p.NetworkHeader())
-				defer payload.Release()
-				test.checker(t, payload)
-				p.DecRef()
+					if expectForward {
+						payload := stack.PayloadSince(p.NetworkHeader())
+						defer payload.Release()
+						test.checker(t, payload)
+						p.DecRef()
+					}
+
+					checkOutgoingDeviceNoBufferSpaceCounter := func(nicID tcpip.NICID, expectErr bool) {
+						t.Helper()
+
+						expectCounter := uint64(0)
+						if expectErr {
+							expectCounter = 1
+						}
+
+						netEP, err := s.GetNetworkEndpoint(nicID, test.netProto)
+						if err != nil {
+							t.Fatalf(""s.GetNetworkEndpoint(%d, %d): %s"", nicID, test.netProto, err)
+						}
+
+						stats := netEP.Stats()
+						ipStats, ok := stats.(stack.IPNetworkEndpointStats)
+						if !ok {
+							t.Fatalf(""%#v is not a %T"", stats, ipStats)
+						}
+
+						if got := ipStats.IPStats().Forwarding.OutgoingDeviceNoBufferSpace.Value(); got != expectCounter {
+							t.Errorf(""got ipStats.IPStats().Forwarding.OutgoingDeviceNoBufferSpace.Value() = %d, want = %d"", got, expectCounter)
+						}
+					}
+					checkOutgoingDeviceNoBufferSpaceCounter(nicID1, test.expectForward && full)
+					checkOutgoingDeviceNoBufferSpaceCounter(nicID2, false)
+				})
 			}
 		})
 	}",accepted_fault,Runtime Daemon Crash,Improper Exception Handling
issta2024_bugs_in_pods_understanding_bugs:1d856ba83f6f5c84,issta2024_bugs_in_pods_understanding_bugs,cri-o,https://github.com/cri-o/cri-o/commit/d27faf8c92da705a764f565fbe04408e7285c713,Merge pull request #6181 from adrianreber/checkpoint-restore-support-oci,support checkpointing to oci image,no_comments_in_source,committed,2022-10-11T06:57:02+00:00,"[""internal/lib/restore.go"", ""internal/lib/restore_test.go"", ""internal/oci/container.go"", ""internal/oci/container_test.go"", ""internal/oci/oci_test.go"", ""internal/storage/image.go"", ""internal/storage/image_test.go"", ""pkg/annotations/checkpoint.go""]","diff --git a/internal/lib/restore.go b/internal/lib/restore.go
index 0fea0247687..f3323f93442 100644
--- a/internal/lib/restore.go
+++ b/internal/lib/restore.go
@@ -9,6 +9,7 @@ import (
 	metadata ""github.com/checkpoint-restore/checkpointctl/lib""
 	""github.com/checkpoint-restore/go-criu/v5/stats""
 	""github.com/containers/podman/v4/pkg/checkpoint/crutils""
+	""github.com/containers/storage/pkg/archive""
 	""github.com/cri-o/cri-o/internal/oci""
 	""github.com/opencontainers/runtime-tools/generate""
 	""github.com/sirupsen/logrus""
@@ -63,8 +64,43 @@ func (c *ContainerServer) ContainerRestore(ctx context.Context, opts *ContainerC
 	}
 
 	if ctr.RestoreArchive() != """" {
-		if err := crutils.CRImportCheckpointWithoutConfig(ctr.Dir(), ctr.RestoreArchive()); err != nil {
-			return """", err
+		if ctr.RestoreIsOCIImage() {
+			logrus.Debugf(""Restoring from %v"", ctr.RestoreArchive())
+			imageMountPoint, err := c.StorageImageServer().GetStore().MountImage(ctr.RestoreArchive(), nil, """")
+			if err != nil {
+				return """", err
+			}
+			logrus.Debugf(""Checkpoint image mounted at %v"", imageMountPoint)
+			defer func() {
+				_, err := c.StorageImageServer().GetStore().UnmountImage(ctr.RestoreArchive(), true)
+				if err != nil {
+					logrus.Errorf(""Failed to unmount checkpoint image: %q"", err)
+				}
+			}()
+
+			// Import all checkpoint files except ConfigDumpFile and SpecDumpFile. We
+			// generate new container config files to enable to specifying a new
+			// container name.
+			checkpoint := []string{
+				""artifacts"",
+				metadata.CheckpointDirectory,
+				metadata.DevShmCheckpointTar,
+				metadata.RootFsDiffTar,
+				metadata.DeletedFilesFile,
+				metadata.PodOptionsFile,
+				metadata.PodDumpFile,
+			}
+			for _, name := range checkpoint {
+				src := filepath.Join(imageMountPoint, name)
+				dst := filepath.Join(ctr.Dir(), name)
+				if err := archive.NewDefaultArchiver().CopyWithTar(src, dst); err != nil {
+					logrus.Debugf(""Can't import '%s' from checkpoint image"", name)
+				}
+			}
+		} else {
+			if err := crutils.CRImportCheckpointWithoutConfig(ctr.Dir(), ctr.RestoreArchive()); err != nil {
+				return """", err
+			}
 		}
 		if err := c.restoreFileSystemChanges(ctr, mountPoint); err != nil {
 			return """", err
diff --git a/internal/lib/restore_test.go b/internal/lib/restore_test.go
index d1f6fa0aa5d..839774c588d 100644
--- a/internal/lib/restore_test.go
+++ b/internal/lib/restore_test.go
@@ -2,7 +2,6 @@ package lib_test
 
 import (
 	""context""
-	""fmt""
 	""io""
 	""os""
 	""path/filepath""
@@ -131,14 +130,14 @@ var _ = t.Describe(""ContainerRestore"", func() {
 			Expect(err.Error()).To(ContainSubstring(`failed to restore container containerID`))
 		})
 	})
-	t.Describe(""ContainerRestore"", func() {
+	t.Describe(""ContainerRestore from archive"", func() {
 		It(""should fail with failed to restore"", func() {
 			// Given
 			var opts lib.ContainerCheckpointRestoreOptions
 
 			opts.Container = containerID
 
-			createDummyConfig()
+			Expect(os.WriteFile(""config.json"", []byte(`{""linux"":{},""process"":{},""mounts"":[{""type"":""not-bind""},{""type"":""bind"",""source"":""/""}]}`), 0o644)).To(BeNil())
 			addContainerAndSandbox()
 
 			myContainer.SetStateAndSpoofPid(&oci.ContainerState{
@@ -174,7 +173,7 @@ var _ = t.Describe(""ContainerRestore"", func() {
 			defer os.RemoveAll(""rootfs-diff.tar"")
 			rootfs.Close()
 
-			err = os.WriteFile(""deleted.files"", []byte(`{}`), 0o644)
+			err = os.WriteFile(""deleted.files"", []byte(`[]`), 0o644)
 			Expect(err).To(BeNil())
 			defer os.RemoveAll(""deleted.files"")
 
@@ -191,7 +190,75 @@ var _ = t.Describe(""ContainerRestore"", func() {
 			_, err = io.Copy(outFile, input)
 			Expect(err).To(BeNil())
 
-			opts.TargetFile = ""archive.tar""
+			myContainer.SetRestoreArchive(""archive.tar"")
+			err = os.Mkdir(""bundle"", 0o700)
+			Expect(err).To(BeNil())
+			setupInfraContainerWithPid(42, ""bundle"")
+			defer os.RemoveAll(""bundle"")
+
+			// When
+			res, err := sut.ContainerRestore(context.Background(), &opts)
+
+			// Then
+			Expect(err).NotTo(BeNil())
+			Expect(res).To(Equal(""""))
+			Expect(err.Error()).To(ContainSubstring(`failed to restore container containerID: failed to`))
+		})
+	})
+	t.Describe(""ContainerRestore from OCI images"", func() {
+		It(""should fail with failed to restore"", func() {
+			// Given
+			var opts lib.ContainerCheckpointRestoreOptions
+
+			opts.Container = containerID
+
+			createDummyConfig()
+			addContainerAndSandbox()
+
+			myContainer.SetStateAndSpoofPid(&oci.ContainerState{
+				State: specs.State{Status: oci.ContainerStateStopped},
+			})
+
+			myContainer.SetSpec(&specs.Spec{
+				Version: ""1.0.0"",
+				Process: &specs.Process{},
+				Linux:   &specs.Linux{},
+			})
+
+			myContainer.SetRestoreIsOCIImage(true)
+
+			gomock.InOrder(
+				storeMock.EXPECT().Mount(gomock.Any(), gomock.Any()).Return(""/tmp/"", nil),
+				storeMock.EXPECT().MountImage(gomock.Any(), gomock.Any(), gomock.Any()).
+					Return("""", nil),
+				storeMock.EXPECT().UnmountImage(gomock.Any(), true).
+					Return(false, nil),
+			)
+
+			err := os.WriteFile(""spec.dump"", []byte(`{""annotations"":{""io.kubernetes.cri-o.Metadata"":""{\""name\"":\""container-to-restore\""}""}}`), 0o644)
+			Expect(err).To(BeNil())
+			defer os.RemoveAll(""spec.dump"")
+			err = os.WriteFile(""config.dump"", []byte(`{""rootfsImageName"": ""image""}`), 0o644)
+			Expect(err).To(BeNil())
+			defer os.RemoveAll(""config.dump"")
+
+			err = os.Mkdir(""checkpoint"", 0o700)
+			Expect(err).To(BeNil())
+			defer os.RemoveAll(""checkpoint"")
+			inventory, err := os.OpenFile(""checkpoint/inventory.img"", os.O_RDONLY|os.O_CREATE, 0o644)
+			Expect(err).To(BeNil())
+			inventory.Close()
+
+			rootfs, err := os.OpenFile(""rootfs-diff.tar"", os.O_RDONLY|os.O_CREATE, 0o644)
+			Expect(err).To(BeNil())
+			defer os.RemoveAll(""rootfs-diff.tar"")
+			rootfs.Close()
+
+			err = os.WriteFile(""deleted.files"", []byte(`[]`), 0o644)
+			Expect(err).To(BeNil())
+			defer os.RemoveAll(""deleted.files"")
+
+			myContainer.SetRestoreArchive(""localhost/checkpoint-image:tag1"")
 			err = os.Mkdir(""bundle"", 0o700)
 			Expect(err).To(BeNil())
 			setupInfraContainerWithPid(42, ""bundle"")
@@ -203,7 +270,6 @@ var _ = t.Describe(""ContainerRestore"", func() {
 			// Then
 			Expect(err).NotTo(BeNil())
 			Expect(res).To(Equal(""""))
-			fmt.Printf(""%#v\n"", config.Runtimes)
 			Expect(err.Error()).To(ContainSubstring(`failed to restore container containerID: failed to`))
 		})
 	})
diff --git a/internal/oci/container.go b/internal/oci/container.go
index a6a2f47728a..a711ba4d30f 100644
--- a/internal/oci/container.go
+++ b/internal/oci/container.go
@@ -76,6 +76,7 @@ type Container struct {
 	pidns              nsmgr.Namespace
 	restore            bool
 	restoreArchive     string
+	restoreIsOCIImage  bool
 }
 
 func (c *Container) CRIAttributes() *types.ContainerAttributes {
@@ -681,3 +682,11 @@ func (c *Container) RestoreArchive() string {
 func (c *Container) SetRestoreArchive(restoreArchive string) {
 	c.restoreArchive = restoreArchive
 }
+
+func (c *Container) RestoreIsOCIImage() bool {
+	return c.restoreIsOCIImage
+}
+
+func (c *Container) SetRestoreIsOCIImage(restoreIsOCIImage bool) {
+	c.restoreIsOCIImage = restoreIsOCIImage
+}
diff --git a/internal/oci/container_test.go b/internal/oci/container_test.go
index 891c7a42603..317e2cbcf4d 100644
--- a/internal/oci/container_test.go
+++ b/internal/oci/container_test.go
@@ -55,6 +55,9 @@ var _ = t.Describe(""Container"", func() {
 		Expect(sut.CreatedAt().UnixNano()).
 			To(BeNumerically(""<"", time.Now().UnixNano()))
 		Expect(sut.Spoofed()).To(Equal(false))
+		Expect(sut.Restore()).To(Equal(false))
+		Expect(sut.RestoreArchive()).To(Equal(""""))
+		Expect(sut.RestoreIsOCIImage()).To(Equal(false))
 	})
 
 	It(""should succeed to set the spec"", func() {
@@ -135,6 +138,39 @@ var _ = t.Describe(""Container"", func() {
 		Expect(sut.State().Error).To(Equal(err.Error()))
 	})
 
+	It(""should succeed to set restore"", func() {
+		// Given
+		restore := true
+
+		// When
+		sut.SetRestore(restore)
+
+		// Then
+		Expect(sut.Restore()).To(Equal(restore))
+	})
+
+	It(""should succeed to set restore is oci image"", func() {
+		// Given
+		restore := true
+
+		// When
+		sut.SetRestoreIsOCIImage(restore)
+
+		// Then
+		Expect(sut.RestoreIsOCIImage()).To(Equal(restore))
+	})
+
+	It(""should succeed to set restore archive"", func() {
+		// Given
+		restoreArchive := ""image-name""
+
+		// When
+		sut.SetRestoreArchive(restoreArchive)
+
+		// Then
+		Expect(sut.RestoreArchive()).To(Equal(restoreArchive))
+	})
+
 	It(""should succeed to set start failed with nil error"", func() {
 		// Given
 		// When
diff --git a/internal/oci/oci_test.go b/internal/oci/oci_test.go
index b622daee0b4..f4451281e7d 100644
--- a/internal/oci/oci_test.go
+++ b/internal/oci/oci_test.go
@@ -330,7 +330,7 @@ var _ = t.Describe(""Oci"", func() {
 
 			// Then
 			Expect(err).NotTo(BeNil())
-			Expect(err.Error()).To(ContainSubstring(""failed to wait""))
+			Expect(err.Error()).To(ContainSubstring(""failed""))
 		})
 		It(""RestoreContainer should fail with missing inventory"", func() {
 			if !criu.CheckForCriu(criu.PodCriuVersion) {
diff --git a/internal/storage/image.go b/internal/storage/image.go
index 7485bd604c4..3821e948d39 100644
--- a/internal/storage/image.go
+++ b/internal/storage/image.go
@@ -61,6 +61,7 @@ type ImageResult struct {
 	PreviousName string
 	Labels       map[string]string
 	OCIConfig    *specs.Image
+	Annotations  map[string]string
 }
 
 type indexInfo struct {
@@ -78,6 +79,7 @@ type imageCacheItem struct {
 	size         *uint64
 	configDigest digest.Digest
 	info         *types.ImageInspectInfo
+	annotations  map[string]string
 }
 
 type imageCache map[string]imageCacheItem
@@ -231,11 +233,29 @@ func (svc *imageService) buildImageCacheItem(systemContext *types.SystemContext,
 		return imageCacheItem{}, fmt.Errorf(""inspecting image: %w"", err)
 	}
 
+	rawSource, err := ref.NewImageSource(svc.ctx, systemContext)
+	if err != nil {
+		return imageCacheItem{}, err
+	}
+	defer rawSource.Close()
+
+	topManifestBlob, manifestType, err := rawSource.GetManifest(svc.ctx, nil)
+	if err != nil {
+		return imageCacheItem{}, err
+	}
+	var ociManifest specs.Manifest
+	if manifestType == specs.MediaTypeImageManifest {
+		if err := json.Unmarshal(topManifestBlob, &ociManifest); err != nil {
+			return imageCacheItem{}, err
+		}
+	}
+
 	return imageCacheItem{
 		config:       imageConfig,
 		size:         size,
 		configDigest: configDigest,
 		info:         info,
+		annotations:  ociManifest.Annotations,
 	}, nil
 }
 
@@ -265,6 +285,7 @@ func (svc *imageService) buildImageResult(image *storage.Image, cacheItem imageC
 		PreviousName: previousName,
 		Labels:       cacheItem.info.Labels,
 		OCIConfig:    cacheItem.config,
+		Annotations:  cacheItem.annotations,
 	}
 }
 
diff --git a/internal/storage/image_test.go b/internal/storage/image_test.go
index 57726b547b5..f2ec42d53dd 100644
--- a/internal/storage/image_test.go
+++ b/internal/storage/image_test.go
@@ -414,6 +414,18 @@ var _ = t.Describe(""Image"", func() {
 					}, nil),
 				// buildImageCacheItem
 				mockNewImage(storeMock, testNormalizedImageName, testSHA256),
+				storeMock.EXPECT().Image(testNormalizedImageName).
+					Return(&cs.Image{
+						ID: testSHA256,
+						Names: []string{
+							testNormalizedImageName,
+							""localhost/a@sha256:"" + testSHA256,
+							""localhost/b@sha256:"" + testSHA256,
+							""localhost/c:latest"",
+						},
+					}, nil),
+				storeMock.EXPECT().ImageBigData(testSHA256, gomock.Any()).
+					Return(nil, nil),
 				// makeRepoDigests
 				storeMock.EXPECT().ImageBigDataDigest(testSHA256, gomock.Any()).
 					Return(digest.Digest(""a:""+testSHA256), nil),
@@ -493,6 +505,15 @@ var _ = t.Describe(""Image"", func() {
 				return inOrder(
 					// buildImageCacheItem:
 					mockNewImage(storeMock, testSHA256, testSHA256),
+					storeMock.EXPECT().Image(gomock.Any()).
+						Return(&cs.Image{
+							ID: testSHA256,
+							Names: []string{
+								""localhost/c:latest"",
+							},
+						}, nil),
+					storeMock.EXPECT().ImageBigData(testSHA256, gomock.Any()).
+						Return(nil, nil),
 					// makeRepoDigests:
 					storeMock.EXPECT().ImageBigDataDigest(testSHA256, gomock.Any()).
 						Return(digest.Digest(""""), nil),
@@ -526,6 +547,17 @@ var _ = t.Describe(""Image"", func() {
 				mockGetStoreImage(storeMock, testNormalizedImageName, testSHA256),
 				// buildImageCacheItem:
 				mockNewImage(storeMock, testNormalizedImageName, testSHA256),
+
+				storeMock.EXPECT().Image(gomock.Any()).
+					Return(&cs.Image{
+						ID: testSHA256,
+						Names: []string{
+							testNormalizedImageName,
+						},
+					}, nil),
+				storeMock.EXPECT().ImageBigData(testSHA256, gomock.Any()).
+					Return(nil, nil),
+
 				// makeRepoDigests:
 				storeMock.EXPECT().ImageBigDataDigest(testSHA256, gomock.Any()).
 					Return(digest.Digest(""""), nil),
diff --git a/pkg/annotations/checkpoint.go b/pkg/annotations/checkpoint.go
new file mode 100644
index 00000000000..2d78bb51d8a
--- /dev/null
+++ b/pkg/annotations/checkpoint.go
@@ -0,0 +1,32 @@
+package annotations
+
+const (
+	// CheckpointAnnotationName is used by Container Checkpoint when creating a checkpoint image to specify the
+	// original human-readable name for the container.
+	CheckpointAnnotationName = ""io.kubernetes.cri-o.annotations.checkpoint.name""
+
+	// CheckpointAnnotationRawImageName is used by Container Checkpoint when
+	// creating a checkpoint image to specify the original unprocessed name of
+	// the image used to create the container (as specified by the user).
+	CheckpointAnnotationRawImageName = ""io.kubernetes.cri-o.annotations.checkpoint.rawImageName""
+
+	// CheckpointAnnotationRootfsImageID is used by Container Checkpoint when
+	// creating a checkpoint image to specify the original ID of the image used
+	// to create the container.
+	CheckpointAnnotationRootfsImageID = ""io.kubernetes.cri-o.annotations.checkpoint.rootfsImageID""
+
+	// CheckpointAnnotationRootfsImageName is used by Container Checkpoint when
+	// creating a checkpoint image to specify the original image name used to
+	// create the container.
+	CheckpointAnnotationRootfsImageName = ""io.kubernetes.cri-o.annotations.checkpoint.rootfsImageName""
+
+	// CheckpointAnnotationCRIOVersion is used by Container Checkpoint when
+	// creating a checkpoint image to specify the version of CRI-O used on the
+	// host where the checkpoint was created.
+	CheckpointAnnotationCRIOVersion = ""io.kubernetes.cri-o.annotations.checkpoint.cri-o.version""
+
+	// CheckpointAnnotationCriuVersion is used by Container Checkpoint when
+	// creating a checkpoint image to specify the version of CRIU used on the
+	// host where the checkpoint was created.
+	CheckpointAnnotationCriuVersion = ""io.kubernetes.cri-o.annotations.checkpoint.criu.version""
+)
diff --git a/scripts/github-actions-setup b/scripts/github-actions-setup
index 2c49895626a..d7af0b2f60f 100755
--- a/scripts/github-actions-setup
+++ b/scripts/github-actions-setup
@@ -17,6 +17,7 @@ main() {
     install_ginkgo
     install_cni_plugins
     install_files
+    install_buildah
 }
 
 prepare_system() {
@@ -129,4 +130,17 @@ install_files() {
     sudo rm -rf /etc/containers/storage.conf
 }
 
+install_buildah() {
+    URL=https://github.com/containers/buildah.git
+
+    git clone $URL
+    pushd buildah
+    git checkout ""${VERSIONS[""buildah""]}""
+    make
+    sudo -E PATH=""$PATH"" make BINDIR=/usr/bin install
+    popd
+    sudo rm -rf buildah
+    sudo buildah --version
+}
+
 main ""$@""
diff --git a/scripts/versions b/scripts/versions
index af2f6bb04f7..403759039f5 100755
--- a/scripts/versions
+++ b/scripts/versions
@@ -9,5 +9,6 @@ declare -A VERSIONS=(
     [""runc""]=v1.1.4
     [""crun""]=1.5
     [""bats""]=v1.6.0
+    [""buildah""]=v1.28.0
 )
 export VERSIONS
diff --git a/server/container_create.go b/server/container_create.go
index 75f9e75d37d..05b149fa43e 100644
--- a/server/container_create.go
+++ b/server/container_create.go
@@ -291,12 +291,12 @@ func (s *Server) CreateContainer(ctx context.Context, req *types.CreateContainer
 	log.Infof(ctx, ""Creating container: %s"", translateLabelsToDescription(req.GetConfig().GetLabels()))
 
 	// Check if image is a file. If it is a file it might be a checkpoint archive.
-	checkpointImage := func() bool {
+	checkpointImage, err := func() (bool, error) {
 		if req.Config == nil ||
 			req.Config.Image == nil ||
 			req.SandboxConfig == nil ||
 			req.SandboxConfig.Metadata == nil {
-			return false
+			return false, nil
 		}
 		if _, err := os.Stat(req.Config.Image.Image); err == nil {
 			log.Debugf(
@@ -304,10 +304,20 @@ func (s *Server) CreateContainer(ctx context.Context, req *types.CreateContainer
 				""%q is a file. Assuming it is a checkpoint archive"",
 				req.Config.Image.Image,
 			)
-			return true
+			return true, nil
+		}
+		// Check if this is an OCI checkpoint image
+		ok, err := s.checkIfCheckpointOCIImage(ctx, req.Config.Image.Image)
+		if err != nil {
+			return false, fmt.Errorf(""failed to check if this is a checkpoint image: %w"", err)
 		}
-		return false
+
+		return ok, nil
 	}()
+	if err != nil {
+		return nil, err
+	}
+
 	if checkpointImage {
 		// This might be a checkpoint image. Let's pass
 		// it to the checkpoint code.
diff --git a/server/container_create_test.go b/server/container_create_test.go
index a0dd98e0031..449673f556f 100644
--- a/server/container_create_test.go
+++ b/server/container_create_test.go
@@ -2,6 +2,7 @@ package server_test
 
 import (
 	""context""
+	""os""
 
 	. ""github.com/onsi/ginkgo/v2""
 	. ""github.com/onsi/gomega""
@@ -140,6 +141,36 @@ var _ = t.Describe(""ContainerCreate"", func() {
 			Expect(response).To(BeNil())
 		})
 
+		It(""should fail when container checkpoint archive is empty"", func() {
+			// Given
+			addContainerAndSandbox()
+			testSandbox.SetStopped(false)
+
+			request := &types.CreateContainerRequest{
+				PodSandboxId:  testSandbox.ID(),
+				Config:        newContainerConfig(),
+				SandboxConfig: newPodSandboxConfig(),
+			}
+
+			emptyTar := ""empty.tar""
+			archive, err := os.OpenFile(emptyTar, os.O_RDONLY|os.O_CREATE, 0o644)
+			Expect(err).To(BeNil())
+			archive.Close()
+			defer os.RemoveAll(emptyTar)
+
+			request.Config.Image.Image = emptyTar
+
+			// When
+			response, err := sut.CreateContainer(
+				context.Background(),
+				request,
+			)
+
+			// Then
+			Expect(err).NotTo(BeNil())
+			Expect(response).To(BeNil())
+		})
+
 		It(""should fail when sandbox not found"", func() {
 			// Given
 			Expect(sut.PodIDIndex().Add(testSandbox.ID())).To(BeNil())
diff --git a/server/container_restore.go b/server/container_restore.go
index 6db796823b8..7c580539c42 100644
--- a/server/container_restore.go
+++ b/server/container_restore.go
@@ -6,6 +6,7 @@ import (
 	""os""
 
 	metadata ""github.com/checkpoint-restore/checkpointctl/lib""
+	istorage ""github.com/containers/image/v5/storage""
 	""github.com/containers/podman/v4/pkg/annotations""
 	""github.com/containers/podman/v4/pkg/errorhandling""
 	""github.com/containers/storage/pkg/archive""
@@ -13,6 +14,7 @@ import (
 	""github.com/cri-o/cri-o/internal/lib""
 	""github.com/cri-o/cri-o/internal/lib/sandbox""
 	""github.com/cri-o/cri-o/internal/log""
+	crioann ""github.com/cri-o/cri-o/pkg/annotations""
 	spec ""github.com/opencontainers/runtime-spec/specs-go""
 	""github.com/sirupsen/logrus""
 	""golang.org/x/net/context""
@@ -20,6 +22,39 @@ import (
 	kubetypes ""k8s.io/kubernetes/pkg/kubelet/types""
 )
 
+func (s *Server) checkIfCheckpointOCIImage(ctx context.Context, input string) (bool, error) {
+	if _, err := os.Stat(input); err == nil {
+		return false, nil
+	}
+	imageStatusRespone, err := s.ImageStatus(
+		ctx,
+		&types.ImageStatusRequest{
+			Image: &types.ImageSpec{
+				Image: input,
+			},
+		},
+	)
+	if err != nil {
+		return false, err
+	}
+
+	if imageStatusRespone == nil ||
+		imageStatusRespone.Image == nil ||
+		imageStatusRespone.Image.Spec == nil ||
+		imageStatusRespone.Image.Spec.Annotations == nil {
+		return false, nil
+	}
+
+	ann, ok := imageStatusRespone.Image.Spec.Annotations[crioann.CheckpointAnnotationName]
+	if !ok {
+		return false, nil
+	}
+
+	logrus.Debugf(""Found checkpoint of container %v in %v"", ann, input)
+
+	return true, nil
+}
+
 // taken from Podman
 func (s *Server) CRImportCheckpoint(
 	ctx context.Context,
@@ -27,48 +62,81 @@ func (s *Server) CRImportCheckpoint(
 	createMounts []*types.Mount,
 	createAnnotations map[string]string,
 ) (ctrID string, retErr error) {
-	// First get the container definition from the
-	// tarball to a temporary directory
-	archiveFile, err := os.Open(input)
-	if err != nil {
-		return """", fmt.Errorf(""failed to open checkpoint archive %s for import: %w"", input, err)
-	}
-	defer errorhandling.CloseQuiet(archiveFile)
-	options := &archive.TarOptions{
-		// Here we only need the files config.dump and spec.dump
-		ExcludePatterns: []string{
-			""artifacts"",
-			""ctr.log"",
-			metadata.RootFsDiffTar,
-			metadata.NetworkStatusFile,
-			metadata.DeletedFilesFile,
-			metadata.CheckpointDirectory,
-		},
-	}
-	dir, err := os.MkdirTemp("""", ""checkpoint"")
+	var mountPoint string
+
+	checkpointIsOCIImage, err := s.checkIfCheckpointOCIImage(ctx, input)
 	if err != nil {
 		return """", err
 	}
-	defer func() {
-		if err := os.RemoveAll(dir); err != nil {
-			logrus.Errorf(""Could not recursively remove %s: %q"", dir, err)
+
+	if checkpointIsOCIImage {
+		logrus.Debugf(""Restoring from oci image %s\n"", input)
+
+		imageRef, err := istorage.Transport.ParseStoreReference(s.ContainerServer.StorageImageServer().GetStore(), input)
+		if err != nil {
+			return """", fmt.Errorf(""failed to parse image name: %s: %w"", input, err)
 		}
-	}()
-	err = archive.Untar(archiveFile, dir, options)
-	if err != nil {
-		return """", fmt.Errorf(""unpacking of checkpoint archive %s failed: %w"", input, err)
+		img, err := istorage.Transport.GetStoreImage(s.ContainerServer.StorageImageServer().GetStore(), imageRef)
+		if err != nil {
+			return """", err
+		}
+		mountPoint, err = s.ContainerServer.StorageImageServer().GetStore().MountImage(img.ID, nil, """")
+		if err != nil {
+			return """", err
+		}
+		input = img.ID
+
+		logrus.Debugf(""Checkpoint image %s mounted at %v\n"", input, mountPoint)
+
+		defer func() {
+			if _, err := s.ContainerServer.StorageImageServer().GetStore().UnmountImage(input, true); err != nil {
+				logrus.Errorf(""Could not unmount checkpoint image %s: %q"", input, err)
+			}
+		}()
+	} else {
+		// First get the container definition from the
+		// tarball to a temporary directory
+		archiveFile, err := os.Open(input)
+		if err != nil {
+			return """", fmt.Errorf(""failed to open checkpoint archive %s for import: %w"", input, err)
+		}
+		defer errorhandling.CloseQuiet(archiveFile)
+		options := &archive.TarOptions{
+			// Here we only need the files config.dump and spec.dump
+			ExcludePatterns: []string{
+				""artifacts"",
+				""ctr.log"",
+				metadata.RootFsDiffTar,
+				metadata.NetworkStatusFile,
+				metadata.DeletedFilesFile,
+				metadata.CheckpointDirectory,
+			},
+		}
+		mountPoint, err = os.MkdirTemp("""", ""checkpoint"")
+		if err != nil {
+			return """", err
+		}
+		defer func() {
+			if err := os.RemoveAll(mountPoint); err != nil {
+				logrus.Errorf(""Could not recursively remove %s: %q"", mountPoint, err)
+			}
+		}()
+		err = archive.Untar(archiveFile, mountPoint, options)
+		if err != nil {
+			return """", fmt.Errorf(""unpacking of checkpoint archive %s failed: %w"", mountPoint, err)
+		}
+		logrus.Debugf(""Unpacked checkpoint in %s"", mountPoint)
 	}
-	logrus.Debugf(""Unpacked checkpoint in %s"", dir)
 
 	// Load spec.dump from temporary directory
 	dumpSpec := new(spec.Spec)
-	if _, err := metadata.ReadJSONFile(dumpSpec, dir, metadata.SpecDumpFile); err != nil {
+	if _, err := metadata.ReadJSONFile(dumpSpec, mountPoint, metadata.SpecDumpFile); err != nil {
 		return """", fmt.Errorf(""failed to read %q: %w"", metadata.SpecDumpFile, err)
 	}
 
 	// Load config.dump from temporary directory
 	config := new(lib.ContainerConfig)
-	if _, err := metadata.ReadJSONFile(config, dir, metadata.ConfigDumpFile); err != nil {
+	if _, err := metadata.ReadJSONFile(config, mountPoint, metadata.ConfigDumpFile); err != nil {
 		return """", fmt.Errorf(""failed to read %q: %w"", metadata.ConfigDumpFile, err)
 	}
 
@@ -270,6 +338,7 @@ func (s *Server) CRImportCheckpoint(
 	newContainer.SetCreated()
 	newContainer.SetRestore(true)
 	newContainer.SetRestoreArchive(input)
+	newContainer.SetRestoreIsOCIImage(checkpointIsOCIImage)
 
 	if ctx.Err() == context.Canceled || ctx.Err() == context.DeadlineExceeded {
 		log.Infof(ctx, ""RestoreCtr: context was either canceled or the deadline was exceeded: %v"", ctx.Err())
diff --git a/server/container_restore_test.go b/server/container_restore_test.go
index 4bb96d85609..31110d248a4 100644
--- a/server/container_restore_test.go
+++ b/server/container_restore_test.go
@@ -6,8 +6,12 @@ import (
 	""os""
 
 	""github.com/containers/podman/v4/pkg/criu""
+	cs ""github.com/containers/storage""
 	""github.com/containers/storage/pkg/archive""
 	""github.com/cri-o/cri-o/internal/oci""
+	""github.com/cri-o/cri-o/internal/storage""
+	crioann ""github.com/cri-o/cri-o/pkg/annotations""
+	""github.com/golang/mock/gomock""
 	. ""github.com/onsi/ginkgo/v2""
 	. ""github.com/onsi/gomega""
 	specs ""github.com/opencontainers/runtime-spec/specs-go""
@@ -37,6 +41,18 @@ var _ = t.Describe(""ContainerRestore"", func() {
 	t.Describe(""ContainerRestore from archive into new pod"", func() {
 		It(""should fail because archive does not exist"", func() {
 			// Given
+			size := uint64(100)
+			gomock.InOrder(
+				imageServerMock.EXPECT().ResolveNames(
+					gomock.Any(), gomock.Any()).
+					Return([]string{""image""}, nil),
+				imageServerMock.EXPECT().ImageStatus(
+					gomock.Any(), gomock.Any()).
+					Return(&storage.ImageResult{
+						ID:   ""image"",
+						User: ""10"", Size: &size,
+					}, nil),
+			)
 			// When
 			_, err := sut.CRImportCheckpoint(
 				context.Background(),
@@ -80,14 +96,14 @@ var _ = t.Describe(""ContainerRestore"", func() {
 			// When
 			_, err = sut.CRImportCheckpoint(
 				context.Background(),
-				""empty.tar"",
+				""no.tar"",
 				"""",
 				"""",
 				nil,
 				nil,
 			)
 			// Then
-			Expect(err.Error()).To(Equal(`failed to open checkpoint archive empty.tar for import: open empty.tar: no such file or directory`))
+			Expect(err.Error()).To(ContainSubstring(`unpacking of checkpoint archive`))
 		})
 	})
 	t.Describe(""ContainerRestore from archive into new pod"", func() {
@@ -279,4 +295,55 @@ var _ = t.Describe(""ContainerRestore"", func() {
 			Expect(err.Error()).To(Equal(`failed to read ""io.kubernetes.cri-o.Annotations"": unexpected end of JSON input`))
 		})
 	})
+	t.Describe(""ContainerRestore from OCI archive"", func() {
+		It(""should fail because archive does not exist"", func() {
+			// Given
+			size := uint64(100)
+			gomock.InOrder(
+				imageServerMock.EXPECT().ResolveNames(
+					gomock.Any(), gomock.Any()).
+					Return([]string{""image""}, nil),
+				imageServerMock.EXPECT().ImageStatus(
+					gomock.Any(), gomock.Any()).
+					Return(&storage.ImageResult{
+						ID:   ""image"",
+						User: ""10"", Size: &size,
+						Annotations: map[string]string{
+							crioann.CheckpointAnnotationName: ""foo"",
+						},
+					}, nil),
+				imageServerMock.EXPECT().GetStore().Return(storeMock),
+				storeMock.EXPECT().GraphOptions().Return([]string{}),
+				storeMock.EXPECT().GraphDriverName().Return(""""),
+				storeMock.EXPECT().GraphRoot().Return(""""),
+				storeMock.EXPECT().RunRoot().Return(""""),
+				imageServerMock.EXPECT().GetStore().Return(storeMock),
+				storeMock.EXPECT().Image(gomock.Any()).
+					Return(&cs.Image{
+						ID: ""abcdef"",
+						Names: []string{
+							""localhost/checkpoint-image:tag1"",
+						},
+					}, nil),
+				imageServerMock.EXPECT().GetStore().Return(storeMock),
+				storeMock.EXPECT().MountImage(gomock.Any(), gomock.Any(), gomock.Any()).
+					Return("""", nil),
+				imageServerMock.EXPECT().GetStore().Return(storeMock),
+				storeMock.EXPECT().UnmountImage(gomock.Any(), true).
+					Return(false, nil),
+			)
+			// When
+			_, err := sut.CRImportCheckpoint(
+				context.Background(),
+				""localhost/checkpoint-image:tag1"",
+				"""",
+				"""",
+				nil,
+				nil,
+			)
+
+			// Then
+			Expect(err.Error()).To(ContainSubstring(`failed to read spec.dump: open spec.dump: no such file or directory`))
+		})
+	})
 })
diff --git a/server/image_status.go b/server/image_status.go
index e531ec77aa1..d07dc38ea43 100644
--- a/server/image_status.go
+++ b/server/image_status.go
@@ -67,6 +67,9 @@ func (s *Server) ImageStatus(ctx context.Context, req *types.ImageStatusRequest)
 				RepoTags:    status.RepoTags,
 				RepoDigests: status.RepoDigests,
 				Size_:       size,
+				Spec: &types.ImageSpec{
+					Annotations: status.Annotations,
+				},
 			},
 		}
 		if req.Verbose {
diff --git a/test/checkpoint.bats b/test/checkpoint.bats
index 6ff94c3a7bd..7d8ffd03e11 100644
--- a/test/checkpoint.bats
+++ b/test/checkpoint.bats
@@ -29,3 +29,49 @@ function teardown() {
 	crictl start ""$ctr_id""
 	crictl rmp -f ""$pod_id""
 }
+
+@test ""checkpoint and restore one container into a new pod using --export to OCI image"" {
+	has_buildah
+	CONTAINER_DROP_INFRA_CTR=false CONTAINER_ENABLE_CRIU_SUPPORT=true start_crio
+	pod_id=$(crictl runp ""$TESTDATA""/sandbox_config.json)
+	ctr_id=$(crictl create ""$pod_id"" ""$TESTDATA""/container_sleep.json ""$TESTDATA""/sandbox_config.json)
+	crictl start ""$ctr_id""
+	crictl checkpoint --export=""$TESTDIR""/cp.tar ""$ctr_id""
+	crictl rm -f ""$ctr_id""
+	crictl rmp -f ""$pod_id""
+	newimage=$(run_buildah from scratch)
+	run_buildah add ""$newimage"" ""$TESTDIR""/cp.tar /
+	run_buildah config --annotation io.kubernetes.cri-o.annotations.checkpoint.name=sleeper ""$newimage""
+	run_buildah commit ""$newimage"" ""checkpoint-image:tag1""
+	pod_id=$(crictl runp ""$TESTDATA""/sandbox_config.json)
+	# Replace original container with checkpoint image
+	jq "".image.image=\""localhost/checkpoint-image:tag1\"""" ""$TESTDATA""/container_sleep.json > ""$TESTDATA""/restore.json
+	ctr_id=$(crictl create ""$pod_id"" ""$TESTDATA""/restore.json ""$TESTDATA""/sandbox_config.json)
+	rm -f ""$TESTDATA""/restore.json
+	crictl start ""$ctr_id""
+	crictl rmp -f ""$pod_id""
+}
+
+@test ""checkpoint and restore one container into a new pod using --export to OCI image using repoDigest"" {
+	has_buildah
+	CONTAINER_DROP_INFRA_CTR=false CONTAINER_ENABLE_CRIU_SUPPORT=true start_crio
+	pod_id=$(crictl runp ""$TESTDATA""/sandbox_config.json)
+	ctr_id=$(crictl create ""$pod_id"" ""$TESTDATA""/container_sleep.json ""$TESTDATA""/sandbox_config.json)
+	crictl start ""$ctr_id""
+	crictl checkpoint --export=""$TESTDIR""/cp.tar ""$ctr_id""
+	crictl rm -f ""$ctr_id""
+	crictl rmp -f ""$pod_id""
+	newimage=$(run_buildah from scratch)
+	run_buildah add ""$newimage"" ""$TESTDIR""/cp.tar /
+	run_buildah config --annotation io.kubernetes.cri-o.annotations.checkpoint.name=sleeper ""$newimage""
+	run_buildah commit ""$newimage"" ""checkpoint-image:tag1""
+	# Kubernetes uses the repoDigest to references images.
+	repo_digest=$(crictl inspecti --output go-template --template ""{{(index .status.repoDigests 0)}}"" ""localhost/checkpoint-image:tag1"")
+	pod_id=$(crictl runp ""$TESTDATA""/sandbox_config.json)
+	# Replace original container with checkpoint image
+	jq "".image.image=\""$repo_digest\"""" ""$TESTDATA""/container_sleep.json > ""$TESTDATA""/restore.json
+	ctr_id=$(crictl create ""$pod_id"" ""$TESTDATA""/restore.json ""$TESTDATA""/sandbox_config.json)
+	rm -f ""$TESTDATA""/restore.json
+	crictl start ""$ctr_id""
+	crictl rmp -f ""$pod_id""
+}
diff --git a/test/helpers.bash b/test/helpers.bash
index 028ff35310e..f2b42c99125 100644
--- a/test/helpers.bash
+++ b/test/helpers.bash
@@ -688,3 +688,14 @@ function has_criu() {
         skip ""CRIU too old. At least 3.16 needed.""
     fi
 }
+
+function has_buildah() {
+    if [ ! -e ""$(command -v buildah)"" ]; then
+        skip ""buildah binary not found""
+    fi
+}
+
+# Run buildah with the specified root directory (same as CRI-O)
+function run_buildah() {
+    buildah --log-level debug --root ""$TESTDIR/crio"" ""$@""
+}",rejected_candidate,,
issta2024_bugs_in_pods_understanding_bugs:241c9fd963c3a73e,issta2024_bugs_in_pods_understanding_bugs,containerd,https://github.com/containerd/containerd/commit/46773c341796748a7057e4f03826e738bc6778ec,Cleanup leaked shim process,"If containerd crashes while creating a container the shim process stays alive and is never
cleaned up. Details are discussed in issue containerd/containerd#6860. This fixes the code
to cleanup such shim processes on containerd restart.

Signed-off-by: Amit Barve <ambarve@microsoft.com>",no_comments_in_source,committed,2022-04-27T18:43:23+00:00,"[""runtime/v2/manager.go"", ""runtime/v2/shim_load.go""]","diff --git a/runtime/v2/manager.go b/runtime/v2/manager.go
index 99ee7d16d7426..17f39fbfc0c51 100644
--- a/runtime/v2/manager.go
+++ b/runtime/v2/manager.go
@@ -38,6 +38,7 @@ import (
 	""github.com/containerd/containerd/protobuf""
 	""github.com/containerd/containerd/runtime""
 	shimbinary ""github.com/containerd/containerd/runtime/v2/shim""
+	""github.com/containerd/containerd/sandbox""
 	ocispec ""github.com/opencontainers/image-spec/specs-go/v1""
 )
 
@@ -78,6 +79,7 @@ func init() {
 				return nil, err
 			}
 			cs := metadata.NewContainerStore(m.(*metadata.DB))
+			ss := metadata.NewSandboxStore(m.(*metadata.DB))
 			events := ep.(*exchange.Exchange)
 
 			shimManager, err := NewShimManager(ic.Context, &ManagerConfig{
@@ -88,6 +90,7 @@ func init() {
 				Events:       events,
 				Store:        cs,
 				SchedCore:    config.SchedCore,
+				SandboxStore: ss,
 			})
 			if err != nil {
 				return nil, err
@@ -124,6 +127,7 @@ type ManagerConfig struct {
 	Address      string
 	TTRPCAddress string
 	SchedCore    bool
+	SandboxStore sandbox.Store
 }
 
 // NewShimManager creates a manager for v2 shims
@@ -143,6 +147,7 @@ func NewShimManager(ctx context.Context, config *ManagerConfig) (*ShimManager, e
 		events:                 config.Events,
 		containers:             config.Store,
 		schedCore:              config.SchedCore,
+		sandboxStore:           config.SandboxStore,
 	}
 
 	if err := m.loadExistingTasks(ctx); err != nil {
@@ -167,6 +172,7 @@ type ShimManager struct {
 	containers             containers.Store
 	// runtimePaths is a cache of `runtime names` -> `resolved fs path`
 	runtimePaths sync.Map
+	sandboxStore sandbox.Store
 }
 
 // ID of the shim manager
diff --git a/runtime/v2/shim_load.go b/runtime/v2/shim_load.go
index afd2dfb4fcf67..760a6a7f2223f 100644
--- a/runtime/v2/shim_load.go
+++ b/runtime/v2/shim_load.go
@@ -18,9 +18,11 @@ package v2
 
 import (
 	""context""
+	""errors""
 	""os""
 	""path/filepath""
 
+	""github.com/containerd/containerd/errdefs""
 	""github.com/containerd/containerd/log""
 	""github.com/containerd/containerd/mount""
 	""github.com/containerd/containerd/namespaces""
@@ -139,7 +141,26 @@ func (m *ShimManager) loadShims(ctx context.Context) error {
 			cleanupAfterDeadShim(ctx, id, ns, m.shims, m.events, binaryCall)
 			continue
 		}
-		m.shims.Add(ctx, shim)
+
+		// There are 3 possibilities for the loaded shim here:
+		// 1. It could be a shim that is running a task.
+		// 2. It could be a sandbox shim.
+		// 3. Or it could be a shim that was created for running a task but
+		// something happened (probably a containerd crash) and the task was never
+		// created. This shim process should be cleaned up here. Look at
+		// containerd/containerd#6860 for further details.
+
+		_, sgetErr := m.sandboxStore.Get(ctx, id)
+		pInfo, pidErr := shim.Pids(ctx)
+		if sgetErr != nil && errors.Is(sgetErr, errdefs.ErrNotFound) && (len(pInfo) == 0 || errors.Is(pidErr, errdefs.ErrNotFound)) {
+			log.G(ctx).WithField(""id"", id).Info(""cleaning leaked shim process"")
+			// We are unable to get Pids from the shim and it's not a sandbox
+			// shim. We should clean it up her.
+			// No need to do anything for removeTask since we never added this shim.
+			shim.delete(ctx, false, func(ctx context.Context, id string) {})
+		} else {
+			m.shims.Add(ctx, shim)
+		}
 	}
 	return nil
 }",accepted_fault,Host Memory Leak,Inappropriate Lifecycle Organization
issta2024_bugs_in_pods_understanding_bugs:25371cda0e42a96a,issta2024_bugs_in_pods_understanding_bugs,gvisor,https://github.com/google/gvisor/commit/0479a63023e04ba8452cc94bd51bc5a9a747de45,Use a different host FD to back lisafs.ControlFD for a bound socket.,"Earlier we were using the socket(2) FD as the socket file's
lisafs.ControlFD. However, the same socket(2) FD is used to back the
lisafs.BoundSocketFD. These are two separate FDIDs on the lisafs
connection. Closing one, should not make the other unusable.

PiperOrigin-RevId: 476470242",no_comments_in_source,committed,2022-09-23T22:01:39+00:00,"[""pkg/lisafs/client_file.go"", ""runsc/fsgofer/lisafs.go""]","diff --git a/pkg/lisafs/client_file.go b/pkg/lisafs/client_file.go
index 226a223907..73f8a56841 100644
--- a/pkg/lisafs/client_file.go
+++ b/pkg/lisafs/client_file.go
@@ -591,6 +591,8 @@ type ClientBoundSocketFD struct {
 // Close implements transport.BoundSocketFD.Close.
 func (f *ClientBoundSocketFD) Close(ctx context.Context) {
 	_ = unix.Close(int(f.notificationFD))
+	// flush is true because the socket FD must be closed immediately on the
+	// server. close(2) on socket FD impacts application behavior.
 	f.client.CloseFD(ctx, f.fd, true /* flush */)
 }
 
diff --git a/runsc/fsgofer/lisafs.go b/runsc/fsgofer/lisafs.go
index 42c749836e..f52c1c4f6d 100644
--- a/runsc/fsgofer/lisafs.go
+++ b/runsc/fsgofer/lisafs.go
@@ -689,32 +689,44 @@ func (fd *controlFDLisa) BindAt(name string, sockType uint32) (*lisafs.ControlFD
 	if err != nil {
 		return nil, linux.Statx{}, nil, -1, err
 	}
-	if err := unix.Bind(sockFD, &unix.SockaddrUnix{Name: socketPath}); err != nil {
+	cu := cleanup.Make(func() {
 		_ = unix.Close(sockFD)
+	})
+	defer cu.Clean()
+
+	if err := unix.Bind(sockFD, &unix.SockaddrUnix{Name: socketPath}); err != nil {
 		return nil, linux.Statx{}, nil, -1, err
 	}
+	cu.Add(func() {
+		_ = unix.Unlink(socketPath)
+	})
 
-	// Stat the socket.
-	sockStat, err := fstatTo(sockFD)
+	sockFileFD, err := tryOpen(func(flags int) (int, error) {
+		return unix.Openat(fd.hostFD, name, flags, 0)
+	})
 	if err != nil {
-		_ = unix.Close(sockFD)
-		_ = unix.Unlink(socketPath)
 		return nil, linux.Statx{}, nil, -1, err
 	}
+	cu.Add(func() {
+		_ = unix.Close(sockFileFD)
+	})
 
-	// Get an os.File that will back future socket calls.
-	sockFile := os.NewFile(uintptr(sockFD), socketPath)
+	// Stat the socket.
+	sockStat, err := fstatTo(sockFileFD)
+	if err != nil {
+		return nil, linux.Statx{}, nil, -1, err
+	}
 
 	// Create an FD that will be donated to the sandbox.
-	sockFDToDonate, err := unix.Dup(int(sockFile.Fd()))
+	sockFDToDonate, err := unix.Dup(sockFD)
 	if err != nil {
-		_ = unix.Unlink(socketPath)
 		return nil, linux.Statx{}, nil, -1, err
 	}
+	cu.Release()
 
 	socketControlFD := newControlFDLisa(sockFD, fd, socketPath, linux.ModeSocket)
 	boundSocketFD := &boundSocketFDLisa{
-		sock: sockFile,
+		sock: os.NewFile(uintptr(sockFD), socketPath),
 	}
 	boundSocketFD.Init(socketControlFD.FD(), boundSocketFD)",rejected_candidate,,
issta2024_bugs_in_pods_understanding_bugs:2e8c202346d8475a,issta2024_bugs_in_pods_understanding_bugs,containerd,https://github.com/containerd/containerd/commit/112497bc36dbf21b8d127d964d735b40cb6587d1,Make oss_fuzz_build.sh quiet,Signed-off-by: Kazuyoshi Kato <katokazu@amazon.com>,no_comments_in_source,committed,2022-06-15T16:43:26+00:00,"[""contrib/fuzz/oss_fuzz_build.sh""]","diff --git a/contrib/fuzz/oss_fuzz_build.sh b/contrib/fuzz/oss_fuzz_build.sh
index 8010b132ccd35..a65e523762a05 100755
--- a/contrib/fuzz/oss_fuzz_build.sh
+++ b/contrib/fuzz/oss_fuzz_build.sh
@@ -16,11 +16,10 @@
 set -o nounset
 set -o pipefail
 set -o errexit
-set -x
 
 apt-get update && apt-get install -y wget
 cd $SRC
-wget https://go.dev/dl/go1.18.3.linux-amd64.tar.gz
+wget --quiet https://go.dev/dl/go1.18.3.linux-amd64.tar.gz
 
 mkdir temp-go
 rm -rf /root/.go/*
@@ -87,7 +86,7 @@ compile_go_fuzzer github.com/containerd/containerd/contrib/fuzz FuzzContentStore
 
 # The below fuzzers require more setup than the fuzzers above.
 # We need the binaries from ""make"".
-wget -c https://github.com/protocolbuffers/protobuf/releases/download/v3.11.4/protoc-3.11.4-linux-x86_64.zip
+wget --quiet https://github.com/protocolbuffers/protobuf/releases/download/v3.11.4/protoc-3.11.4-linux-x86_64.zip
 unzip protoc-3.11.4-linux-x86_64.zip -d /usr/local
 
 export CGO_ENABLED=1
@@ -102,10 +101,7 @@ make install
 
 # Build static containerd
 cd $SRC/containerd
-make EXTRA_FLAGS=""-buildmode pie"" \
-	EXTRA_LDFLAGS='-linkmode external -extldflags ""-fno-PIC -static""' \
-	BUILDTAGS=""netgo osusergo static_build""
-
+make STATIC=1
 
 mkdir $OUT/containerd-binaries || true
 cd $SRC/containerd/bin && cp * $OUT/containerd-binaries/ && cd -",rejected_candidate,,
issta2024_bugs_in_pods_understanding_bugs:2ebacd54126e095e,issta2024_bugs_in_pods_understanding_bugs,cri-o,https://github.com/cri-o/cri-o/commit/62d77513b8bc0412ba0b3e1c56670eb7a7abfd46,Track type of all bind mounts during checkpointing,"This change is especially helpful to restore containers checkpointed in
Kubernetes.

During restore CRIU remounts all bind mounts which have been mounted in
the container during checkpointing. If the source of the bind mount is
missing, because the restore is on another system or if the restore
happens outside of Kubernetes and Kubernetes specific mount points are
missing, CRIU will fail during restore.

Interestingly CRI-O creates all missing bind mount sources during
container start automatically. During container restore this is
disabled, as CRI-O creates all missing bind mounts as directories.

One very prominent case where this produces an error during restore, is
/etc/resolv.conf. CRI-O would create the source of this bind mount as a
directory and CRIU will try to mount the just created directory as on
the container internal file /etc/resolv.conf. This will fail as the
kernel does not bind mount a directory on a file.

If the container is restored as part of Kubernetes, then Kubernetes will
create all the usual bind mount sources and tell CRI-O to create/restore
the container with those new mount points. CRI-O will adapt the
checkpointed container to mount the bind mounts from the new location.

If the container is restored outside of Kubernetes this information is
missing. CRI-O will tell CRIU to restore the container, CRIU will try to
remount the bind mount and fail if it is missing. The user will get an
error message and needs to create the missing external bind mount source
and then try the restore again. To avoid situations like this, CRI-O
will now track all external bind mount sources and the type and recreate
the external bind mount sources to make the restore successful.

Also reduces the time required for the checkpoint/restore tests from 30
seconds per test case to 10 seconds.

Signed-off-by: Adrian Reber <areber@redhat.com>",no_comments_in_source,committed,2022-09-05T13:01:51+00:00,"[""internal/lib/checkpoint.go"", ""internal/lib/checkpoint_test.go"", ""internal/lib/restore.go"", ""internal/lib/restore_test.go"", ""test/checkpoint.bats""]","diff --git a/internal/lib/checkpoint.go b/internal/lib/checkpoint.go
index b0b0621282e..a25dc90b1f5 100644
--- a/internal/lib/checkpoint.go
+++ b/internal/lib/checkpoint.go
@@ -86,9 +86,7 @@ func (c *ContainerServer) ContainerCheckpoint(ctx context.Context, opts *Contain
 // Copied from libpod/diff.go
 var containerMounts = map[string]bool{
 	""/dev"":               true,
-	""/etc/hostname"":      true,
-	""/etc/hosts"":         true,
-	""/etc/resolv.conf"":   true,
+	""/dev/shm"":           true,
 	""/proc"":              true,
 	""/run"":               true,
 	""/run/.containerenv"": true,
@@ -96,9 +94,24 @@ var containerMounts = map[string]bool{
 	""/sys"":               true,
 }
 
+const bindMount = ""bind""
+
+func skipBindMount(mountPath string, specgen *rspec.Spec) bool {
+	for _, m := range specgen.Mounts {
+		if m.Type != bindMount {
+			continue
+		}
+		if m.Destination == mountPath {
+			return true
+		}
+	}
+
+	return false
+}
+
 // getDiff returns the file system differences
 // Copied from libpod/diff.go and simplified for the checkpoint use case
-func (c *ContainerServer) getDiff(id string) (rchanges []archive.Change, err error) {
+func (c *ContainerServer) getDiff(id string, specgen *rspec.Spec) (rchanges []archive.Change, err error) {
 	layerID, err := c.GetContainerTopLayerID(id)
 	if err != nil {
 		return nil, err
@@ -106,6 +119,9 @@ func (c *ContainerServer) getDiff(id string) (rchanges []archive.Change, err err
 	changes, err := c.store.Changes("""", layerID)
 	if err == nil {
 		for _, c := range changes {
+			if skipBindMount(c.Path, specgen) {
+				continue
+			}
 			if containerMounts[c.Path] {
 				continue
 			}
@@ -122,6 +138,13 @@ type ContainerConfig struct {
 	RootfsImageName string `json:""rootfsImageName,omitempty""`
 }
 
+type ExternalBindMount struct {
+	Source      string `json:""source""`
+	Destination string `json:""destination""`
+	FileType    string `json:""file_type""`
+	Permissions uint32 `json:""permissions""`
+}
+
 // prepareCheckpointExport writes the config and spec to
 // JSON files for later export
 // Podman: libpod/container_internal.go
@@ -146,6 +169,50 @@ func (c *ContainerServer) prepareCheckpointExport(ctr *oci.Container) error {
 		return fmt.Errorf(""generating spec for container %q failed: %w"", ctr.ID(), err)
 	}
 
+	// During container creation CRI-O creates all missing bind mount sources as
+	// directories. This is disabled during restore as CRIU requires the bind mount
+	// source to be of the same type. Directories need to be directories and regular
+	// files need to be regular files. CRIU will fail to bind mount a directory on
+	// a file. Especiallay when restoring a Kubernetes container outside of Kubernetes
+	// a couple of bind mounts are files (e.g. /etc/resolv.conf). To solve this
+	// CRI-O is now tracking all bind mount types in the checkpoint archive. This
+	// way it is possible to know if a missing bind mount needs to be a file or a
+	// directory.
+	var externalBindMounts []ExternalBindMount //nolint:prealloc
+	for _, m := range g.Config.Mounts {
+		if containerMounts[m.Destination] {
+			continue
+		}
+		if m.Type != bindMount {
+			continue
+		}
+		fileInfo, err := os.Stat(m.Source)
+		if err != nil {
+			return fmt.Errorf(""unable to stat() %q: %w"", m.Source, err)
+		}
+
+		externalBindMounts = append(
+			externalBindMounts,
+			ExternalBindMount{
+				Source:      m.Source,
+				Destination: m.Destination,
+				FileType: func() string {
+					if fileInfo.Mode().IsDir() {
+						return ""directory""
+					}
+					return ""file""
+				}(),
+				Permissions: uint32(fileInfo.Mode().Perm()),
+			},
+		)
+	}
+
+	if len(externalBindMounts) > 0 {
+		if _, err := metadata.WriteJSONFile(externalBindMounts, ctr.Dir(), ""bind.mounts""); err != nil {
+			return fmt.Errorf(""error writing 'bind.mounts' for %q: %w"", ctr.ID(), err)
+		}
+	}
+
 	return nil
 }
 
@@ -159,10 +226,11 @@ func (c *ContainerServer) exportCheckpoint(ctr *oci.Container, specgen *rspec.Sp
 		metadata.CheckpointDirectory,
 		metadata.ConfigDumpFile,
 		metadata.SpecDumpFile,
+		""bind.mounts"",
 	}
 
 	// To correctly track deleted files, let's go through the output of 'podman diff'
-	rootFsChanges, err := c.getDiff(id)
+	rootFsChanges, err := c.getDiff(id, specgen)
 	if err != nil {
 		return fmt.Errorf(""error exporting root file-system diff for %q: %w"", id, err)
 	}
diff --git a/internal/lib/checkpoint_test.go b/internal/lib/checkpoint_test.go
index cbf1a1f169e..956c63fbe7a 100644
--- a/internal/lib/checkpoint_test.go
+++ b/internal/lib/checkpoint_test.go
@@ -2,6 +2,7 @@ package lib_test
 
 import (
 	""context""
+	""fmt""
 	""os""
 
 	""github.com/containers/podman/v4/pkg/criu""
@@ -102,6 +103,40 @@ var _ = t.Describe(""ContainerCheckpoint"", func() {
 			// Given
 			var opts lib.ContainerCheckpointRestoreOptions
 
+			// Overwrite container config to add external bind mounts
+			tmpFile, err := os.CreateTemp("""", ""restore-test-file"")
+			Expect(err).To(BeNil())
+			tmpDir, err := os.MkdirTemp("""", ""restore-test-directory"")
+			Expect(err).To(BeNil())
+			defer os.RemoveAll(tmpFile.Name())
+			defer os.RemoveAll(tmpDir)
+
+			containerConfig := fmt.Sprintf( //nolint:gocritic
+				`{""linux"":{},""process"":{},""mounts"":[{""source"":""%s"",""destination"":""/dir"",""type"":""bind""},`,
+				tmpDir,
+			)
+			containerConfig = fmt.Sprintf( //nolint:gocritic
+				`%s{""source"":""%s"",""destination"":""/file"",""type"":""bind""},`,
+				containerConfig,
+				tmpFile.Name(),
+			)
+			containerConfig = fmt.Sprintf(
+				`%s{""source"":""/tmp"",""destination"":""/tmp"",""type"":""no-bind""},`,
+				containerConfig,
+			)
+			containerConfig = fmt.Sprintf(
+				`%s{""source"":""/proc"",""destination"":""/proc"",""type"":""bind""}]}`,
+				containerConfig,
+			)
+			containerConfig = fmt.Sprintf(
+				`%s]}`,
+				containerConfig,
+			)
+
+			fmt.Printf(""json:%s\n"", containerConfig)
+
+			Expect(os.WriteFile(""config.json"", []byte(containerConfig), 0o644)).To(BeNil())
+
 			addContainerAndSandbox()
 			opts.Container = containerID
 			opts.TargetFile = ""cp.tar""
diff --git a/internal/lib/restore.go b/internal/lib/restore.go
index f3323f93442..4e81d4123c0 100644
--- a/internal/lib/restore.go
+++ b/internal/lib/restore.go
@@ -89,6 +89,7 @@ func (c *ContainerServer) ContainerRestore(ctx context.Context, opts *ContainerC
 				metadata.DeletedFilesFile,
 				metadata.PodOptionsFile,
 				metadata.PodDumpFile,
+				""bind.mounts"",
 			}
 			for _, name := range checkpoint {
 				src := filepath.Join(imageMountPoint, name)
@@ -105,6 +106,78 @@ func (c *ContainerServer) ContainerRestore(ctx context.Context, opts *ContainerC
 		if err := c.restoreFileSystemChanges(ctr, mountPoint); err != nil {
 			return """", err
 		}
+
+		_, err = os.Stat(filepath.Join(ctr.Dir(), ""bind.mounts""))
+		if err == nil {
+			// If the file does not exist we assume it is an older checkpoint archive
+			// without this type of file and we just ignore it. Possible failures are
+			// caught in the next block.
+			var externalBindMounts []ExternalBindMount
+			_, err := metadata.ReadJSONFile(&externalBindMounts, ctr.Dir(), ""bind.mounts"")
+			if err != nil {
+				return """", err
+			}
+			for _, e := range externalBindMounts {
+				if func() bool {
+					for _, m := range ctrSpec.Config.Mounts {
+						if (m.Destination == e.Destination) && (m.Source != e.Source) {
+							// If the source differs this means that the external mount
+							// source has already been fixed up earlier by the restore
+							// code and no need to deal with it here.
+							// Good example is the /etc/resolv.conf bind mount is now
+							// pointing to the new /etc/resolv.conf of the new pod.
+							return true
+						}
+					}
+					return false
+				}() {
+					continue
+				}
+				_, err = os.Lstat(e.Source)
+				if err != nil {
+					// Even if this looks suspicious it is was CRI-O does during
+					// container create. For each missing bind mount source CRI-O
+					// creates a directory. For restore that is problematic as
+					// CRIU will fail to bind mount a directory on a file.
+					// Therefore during restore CRI-O does not create a directory
+					// for each missing bind mount source. We track external bind
+					// mounts in the checkpoint archive and can now recreate missing
+					// files or directories.
+					// This is especially useful if restoring a Kubernetes container
+					// outside of Kubernetes.
+					if e.FileType == ""directory"" {
+						if err := os.MkdirAll(e.Source, os.FileMode(e.Permissions)); err != nil {
+							return """", fmt.Errorf(
+								""failed to recreate directory %q for container %s: %w"",
+								e.Source,
+								ctr.ID(),
+								err,
+							)
+						}
+					} else {
+						if err := os.MkdirAll(filepath.Dir(e.Source), 0o700); err != nil {
+							return """", err
+						}
+						source, err := os.OpenFile(
+							e.Source,
+							os.O_RDONLY|os.O_CREATE,
+							os.FileMode(e.Permissions),
+						)
+						if err != nil {
+							return """", fmt.Errorf(
+								""failed to recreate file %q for container %s: %w"",
+								e.Source,
+								ctr.ID(),
+								err,
+							)
+						}
+						source.Close()
+					}
+					logrus.Debugf(""Created missing external bind mount %q %q\n"", e.FileType, e.Source)
+				}
+			}
+		}
+
 		for _, m := range ctrSpec.Config.Mounts {
 			// This checks if all bind mount sources exist.
 			// We cannot create missing bind mount sources automatically
@@ -116,7 +189,11 @@ func (c *ContainerServer) ContainerRestore(ctx context.Context, opts *ContainerC
 			// cannot figure out the file type of the destination.
 			// At this point we will fail and tell the user to create
 			// the missing bind mount source file/directory.
-			if m.Type != ""bind"" {
+
+			// With the code to create directories or files as necessary
+			// this should not happen anymore. Still keeping the code
+			// for backwards compatibility.
+			if m.Type != bindMount {
 				continue
 			}
 			_, err := os.Lstat(m.Source)
diff --git a/internal/lib/restore_test.go b/internal/lib/restore_test.go
index 839774c588d..fdd6fea052d 100644
--- a/internal/lib/restore_test.go
+++ b/internal/lib/restore_test.go
@@ -2,6 +2,7 @@ package lib_test
 
 import (
 	""context""
+	""fmt""
 	""io""
 	""os""
 	""path/filepath""
@@ -258,6 +259,30 @@ var _ = t.Describe(""ContainerRestore"", func() {
 			Expect(err).To(BeNil())
 			defer os.RemoveAll(""deleted.files"")
 
+			tmpFile, err := os.CreateTemp("""", ""restore-test-file"")
+			Expect(err).To(BeNil())
+			tmpDir, err := os.MkdirTemp("""", ""restore-test-directory"")
+			Expect(err).To(BeNil())
+			// Remove it now and later as during restore it should be recreated
+			os.RemoveAll(tmpFile.Name())
+			defer os.RemoveAll(tmpFile.Name())
+			os.RemoveAll(tmpDir)
+			defer os.RemoveAll(tmpDir)
+
+			bindMounts := fmt.Sprintf( //nolint:gocritic
+				`[{""source"": ""%s"",""destination"": ""/data"",""file_type"": ""directory"",""permissions"": 493},`,
+				tmpDir,
+			)
+			bindMounts = fmt.Sprintf( //nolint:gocritic
+				`%s{""source"": ""%s"",""destination"": ""/file"",""file_type"": ""file"",""permissions"": 384}]`,
+				bindMounts,
+				tmpFile.Name(),
+			)
+
+			err = os.WriteFile(""bind.mounts"", []byte(bindMounts), 0o644)
+			Expect(err).To(BeNil())
+			defer os.RemoveAll(""bind.mounts"")
+
 			myContainer.SetRestoreArchive(""localhost/checkpoint-image:tag1"")
 			err = os.Mkdir(""bundle"", 0o700)
 			Expect(err).To(BeNil())
diff --git a/test/checkpoint.bats b/test/checkpoint.bats
index 7d8ffd03e11..38df6a5d81d 100644
--- a/test/checkpoint.bats
+++ b/test/checkpoint.bats
@@ -17,17 +17,25 @@ function teardown() {
 @test ""checkpoint and restore one container into a new pod using --export"" {
 	CONTAINER_DROP_INFRA_CTR=false CONTAINER_ENABLE_CRIU_SUPPORT=true start_crio
 	pod_id=$(crictl runp ""$TESTDATA""/sandbox_config.json)
-	ctr_id=$(crictl create ""$pod_id"" ""$TESTDATA""/container_sleep.json ""$TESTDATA""/sandbox_config.json)
+	BIND_MOUNT_FILE=$(mktemp)
+	BIND_MOUNT_DIR=$(mktemp -d)
+	jq "". +{mounts:[{\""container_path\"":\""/etc/issue\"",\""host_path\"":\""$BIND_MOUNT_FILE\""},{\""container_path\"":\""/data\"",\""host_path\"":\""$BIND_MOUNT_DIR\""}]}"" ""$TESTDATA""/container_sleep.json > ""$TESTDATA""/checkpoint.json
+	ctr_id=$(crictl create ""$pod_id"" ""$TESTDATA""/checkpoint.json ""$TESTDATA""/sandbox_config.json)
 	crictl start ""$ctr_id""
 	crictl checkpoint --export=""$TESTDIR""/cp.tar ""$ctr_id""
+	crictl rm -f ""$ctr_id""
 	crictl rmp -f ""$pod_id""
+	rm -f ""$BIND_MOUNT_FILE""
+	rmdir ""$BIND_MOUNT_DIR""
 	pod_id=$(crictl runp ""$TESTDATA""/sandbox_config.json)
 	# Replace original container with checkpoint image
 	jq "".image.image=\""$TESTDIR/cp.tar\"""" ""$TESTDATA""/container_sleep.json > ""$TESTDATA""/restore.json
 	ctr_id=$(crictl create ""$pod_id"" ""$TESTDATA""/restore.json ""$TESTDATA""/sandbox_config.json)
 	rm -f ""$TESTDATA""/restore.json
+	rm -f ""$TESTDATA""/checkpoint.json
 	crictl start ""$ctr_id""
-	crictl rmp -f ""$pod_id""
+	rm -f ""$BIND_MOUNT_FILE""
+	rmdir ""$BIND_MOUNT_DIR""
 }
 
 @test ""checkpoint and restore one container into a new pod using --export to OCI image"" {
@@ -49,7 +57,6 @@ function teardown() {
 	ctr_id=$(crictl create ""$pod_id"" ""$TESTDATA""/restore.json ""$TESTDATA""/sandbox_config.json)
 	rm -f ""$TESTDATA""/restore.json
 	crictl start ""$ctr_id""
-	crictl rmp -f ""$pod_id""
 }
 
 @test ""checkpoint and restore one container into a new pod using --export to OCI image using repoDigest"" {
@@ -73,5 +80,4 @@ function teardown() {
 	ctr_id=$(crictl create ""$pod_id"" ""$TESTDATA""/restore.json ""$TESTDATA""/sandbox_config.json)
 	rm -f ""$TESTDATA""/restore.json
 	crictl start ""$ctr_id""
-	crictl rmp -f ""$pod_id""
 }",accepted_fault,System Communication Error,Incorrect Mount Options
issta2024_bugs_in_pods_understanding_bugs:33330b9d071635e1,issta2024_bugs_in_pods_understanding_bugs,runc,https://github.com/opencontainers/runc/commit/67cfd3d400b5602ae04689882c4b7231db369363,libct/cg/sd/v1: Set: don't overwrite r.Freezer,"m.Freeze method changes m.cgroups.Resources.Freezer field, which should
not be done while we're temporarily freezing the cgroup in Set. If this
field is changed, and r == m.cgroups.Resources (as it often happens),
this results in inability to freeze the container using Set().

To fix, add and use a method which does not change r.Freezer field.

A test case for the bug will be added separately.

Signed-off-by: Kir Kolyshkin <kolyshkin@gmail.com>",no_comments_in_source,committed,2021-07-11T18:57:26+00:00,"[""libcontainer/cgroups/systemd/v1.go""]","diff --git a/libcontainer/cgroups/systemd/v1.go b/libcontainer/cgroups/systemd/v1.go
index 0d795ad4cfd..936ec4bc57e 100644
--- a/libcontainer/cgroups/systemd/v1.go
+++ b/libcontainer/cgroups/systemd/v1.go
@@ -279,18 +279,23 @@ func getSubsystemPath(c *configs.Cgroup, subsystem string) (string, error) {
 }
 
 func (m *legacyManager) Freeze(state configs.FreezerState) error {
+	err := m.doFreeze(state)
+	if err == nil {
+		m.cgroups.Resources.Freezer = state
+	}
+	return err
+}
+
+// doFreeze is the same as Freeze but without
+// changing the m.cgroups.Resources.Frozen field.
+func (m *legacyManager) doFreeze(state configs.FreezerState) error {
 	path, ok := m.paths[""freezer""]
 	if !ok {
 		return errSubsystemDoesNotExist
 	}
-	prevState := m.cgroups.Resources.Freezer
-	m.cgroups.Resources.Freezer = state
 	freezer := &fs.FreezerGroup{}
-	if err := freezer.Set(path, m.cgroups.Resources); err != nil {
-		m.cgroups.Resources.Freezer = prevState
-		return err
-	}
-	return nil
+	resources := &configs.Resources{Freezer: state}
+	return freezer.Set(path, resources)
 }
 
 func (m *legacyManager) GetPids() ([]int, error) {
@@ -356,18 +361,16 @@ func (m *legacyManager) Set(r *configs.Resources) error {
 	// (unlike our fs driver, they will happily write deny-all rules to running
 	// containers). So we freeze the container to avoid them hitting the cgroup
 	// error. But if the freezer cgroup isn't supported, we just warn about it.
-	if err := m.Freeze(configs.Frozen); err != nil {
+	if err := m.doFreeze(configs.Frozen); err != nil {
 		logrus.Infof(""freeze container before SetUnitProperties failed: %v"", err)
 	}
 
-	if err := setUnitProperties(m.dbus, getUnitName(m.cgroups), properties...); err != nil {
-		_ = m.Freeze(targetFreezerState)
-		return err
-	}
+	setErr := setUnitProperties(m.dbus, getUnitName(m.cgroups), properties...)
 
-	// Reset freezer state before we apply the configuration, to avoid clashing
-	// with the freezer setting in the configuration.
-	_ = m.Freeze(targetFreezerState)
+	_ = m.doFreeze(targetFreezerState)
+	if setErr != nil {
+		return setErr
+	}
 
 	for _, sys := range legacySubsystems {
 		// Get the subsystem path, but don't error out for not found cgroups.",accepted_fault,Excessive Execution Time,Inappropriate Lifecycle Organization
issta2024_bugs_in_pods_understanding_bugs:33b44b7a9f0be7f1,issta2024_bugs_in_pods_understanding_bugs,runc,https://github.com/opencontainers/runc/commit/c0e300f10911e03abf339bc2a916824ac86ae70a,Refuse to build runc without nsenter,"Commit 4d1d6185abda6a5d43eac75f77242488b81f8937 added this
nsenter_unsupported.go file in order for nsenter to be a valid (but
empty, non-functional) Go package on unsupported platforms.

As a result, runc can be build successfully without CGO, which results
in a non-working and hard-to-debug binary (see issue 3330).

As the functionality of being able to compile a package which is
definitely not working is questionable, and I can't think of any use
cases, let's remove the file.

With this, runc can no longer be build without CGO:

	[kir@kir-rhat runc]$ CGO_ENABLED=0 make runc
	go build -trimpath ""-buildmode=pie""  -tags ""seccomp"" -ldflags ""-X main.gitCommit=v1.0.0-452-g00f56786-dirty -X main.version=1.1.0-rc.1+dev "" -o runc .
	go build github.com/opencontainers/runc/libcontainer/nsenter: build constraints exclude all Go files in /home/kir/go/src/github.com/opencontainers/runc/libcontainer/nsenter

Signed-off-by: Kir Kolyshkin <kolyshkin@gmail.com>",no_comments_in_source,committed,2022-01-04T23:43:14+00:00,"[""libcontainer/nsenter/nsenter_unsupported.go""]","diff --git a/libcontainer/nsenter/nsenter_unsupported.go b/libcontainer/nsenter/nsenter_unsupported.go
deleted file mode 100644
index a7e049c6163..00000000000
--- a/libcontainer/nsenter/nsenter_unsupported.go
+++ /dev/null
@@ -1,4 +0,0 @@
-//go:build !linux || !cgo
-// +build !linux !cgo
-
-package nsenter",rejected_candidate,,
issta2024_bugs_in_pods_understanding_bugs:357e0a36ea7e2474,issta2024_bugs_in_pods_understanding_bugs,cri-o,https://github.com/cri-o/cri-o/commit/986caeb7892174dbc311da4dfb1aebee444c67e3,Merge pull request #5884 from cri-o/dependabot/go_modules/google.golang.org/grpc-1.46.2,build(deps): bump google.golang.org/grpc from 1.43.0 to 1.46.2,no_comments_in_source,committed,2022-05-17T19:47:08+00:00,"[""go.mod"", ""go.sum"", ""vendor/google.golang.org/grpc/CONTRIBUTING.md"", ""vendor/google.golang.org/grpc/attributes/attributes.go"", ""vendor/google.golang.org/grpc/balancer/balancer.go""]","diff --git a/go.mod b/go.mod
index 9d3c5b3bdc0..cb48a7aceed 100644
--- a/go.mod
+++ b/go.mod
@@ -66,7 +66,7 @@ require (
 	golang.org/x/net v0.0.0-20220225172249-27dd8689420f
 	golang.org/x/sync v0.0.0-20210220032951-036812b2e83c
 	golang.org/x/sys v0.0.0-20220412211240-33da011f77ad
-	google.golang.org/grpc v1.43.0
+	google.golang.org/grpc v1.46.2
 	k8s.io/api v0.22.2
 	k8s.io/apimachinery v0.22.2
 	k8s.io/client-go v0.22.2
diff --git a/go.sum b/go.sum
index 02a002ac983..443d7281e4b 100644
--- a/go.sum
+++ b/go.sum
@@ -242,6 +242,7 @@ github.com/cncf/udpa/go v0.0.0-20210930031921-04548b0d99d4/go.mod h1:6pvJx4me5XP
 github.com/cncf/xds/go v0.0.0-20210312221358-fbca930ec8ed/go.mod h1:eXthEFrGJvWHgFFCl3hGmgk+/aYT6PnTQLykKQRLhEs=
 github.com/cncf/xds/go v0.0.0-20210805033703-aa0b78936158/go.mod h1:eXthEFrGJvWHgFFCl3hGmgk+/aYT6PnTQLykKQRLhEs=
 github.com/cncf/xds/go v0.0.0-20210922020428-25de7278fc84/go.mod h1:eXthEFrGJvWHgFFCl3hGmgk+/aYT6PnTQLykKQRLhEs=
+github.com/cncf/xds/go v0.0.0-20211001041855-01bcc9b48dfe/go.mod h1:eXthEFrGJvWHgFFCl3hGmgk+/aYT6PnTQLykKQRLhEs=
 github.com/cncf/xds/go v0.0.0-20211011173535-cb28da3451f1/go.mod h1:eXthEFrGJvWHgFFCl3hGmgk+/aYT6PnTQLykKQRLhEs=
 github.com/cockroachdb/datadriven v0.0.0-20200714090401-bf6692d28da5/go.mod h1:h6jFvWxBdQXxjopDMZyH2UVceIRfR84bdzbkoKrsWNo=
 github.com/cockroachdb/errors v1.2.4/go.mod h1:rQD95gz6FARkaKkQXUksEje/d9a6wBJoCr5oaCLELYA=
@@ -496,6 +497,7 @@ github.com/envoyproxy/go-control-plane v0.9.9-0.20201210154907-fd9021fe5dad/go.m
 github.com/envoyproxy/go-control-plane v0.9.9-0.20210217033140-668b12f5399d/go.mod h1:cXg6YxExXjJnVBQHBLXeUAgxn2UodCpnH306RInaBQk=
 github.com/envoyproxy/go-control-plane v0.9.9-0.20210512163311-63b5d3c536b0/go.mod h1:hliV/p42l8fGbc6Y9bQ70uLwIvmJyVE5k4iMKlh8wCQ=
 github.com/envoyproxy/go-control-plane v0.9.10-0.20210907150352-cf90f659a021/go.mod h1:AFq3mo9L8Lqqiid3OhADV3RfLJnjiw63cSpi+fDTRC0=
+github.com/envoyproxy/go-control-plane v0.10.2-0.20220325020618-49ff273808a1/go.mod h1:KJwIaB5Mv44NWtYuAOFCVOjcI94vtpEz2JU/D2v6IjE=
 github.com/envoyproxy/protoc-gen-validate v0.1.0/go.mod h1:iSmxcyjqTsJpI2R4NaDN7+kN2VEUnK/pcBlmesArF7c=
 github.com/euank/go-kmsg-parser v2.0.0+incompatible/go.mod h1:MhmAMZ8V4CYH4ybgdRwPr2TU5ThnS43puaKEMpja1uw=
 github.com/evanphx/json-patch v4.11.0+incompatible/go.mod h1:50XU6AFN0ol/bzJsmQLiYLvXMP4fmwYFNcr97nuDLSk=
@@ -1974,8 +1976,8 @@ google.golang.org/grpc v1.38.0/go.mod h1:NREThFqKR1f3iQ6oBuvc5LadQuXVGo9rkm5ZGrQ
 google.golang.org/grpc v1.40.0/go.mod h1:ogyxbiOoUXAkP+4+xa6PZSE9DZgIHtSpzjDTB9KAK34=
 google.golang.org/grpc v1.41.0/go.mod h1:U3l9uK9J0sini8mHphKoXyaqDA/8VyGnDee1zzIUK6k=
 google.golang.org/grpc v1.42.0/go.mod h1:k+4IHHFw41K8+bbowsex27ge2rCb65oeWqe4jJ590SU=
-google.golang.org/grpc v1.43.0 h1:Eeu7bZtDZ2DpRCsLhUlcrLnvYaMK1Gz86a+hMVvELmM=
-google.golang.org/grpc v1.43.0/go.mod h1:k+4IHHFw41K8+bbowsex27ge2rCb65oeWqe4jJ590SU=
+google.golang.org/grpc v1.46.2 h1:u+MLGgVf7vRdjEYZ8wDFhAVNmhkbJ5hmrA1LMWK1CAQ=
+google.golang.org/grpc v1.46.2/go.mod h1:vN9eftEi1UMyUsIF80+uQXhHjbXYbm0uXoFCACuMGWk=
 google.golang.org/protobuf v0.0.0-20200109180630-ec00e32a8dfd/go.mod h1:DFci5gLYBciE7Vtevhsrf46CRTquxDuWsQurQQe4oz8=
 google.golang.org/protobuf v0.0.0-20200221191635-4d8936d0db64/go.mod h1:kwYJMbMJ01Woi6D6+Kah6886xMZcty6N08ah7+eCXa0=
 google.golang.org/protobuf v0.0.0-20200228230310-ab0ca4ff8a60/go.mod h1:cfTl7dwQJ+fmap5saPgwCLgHXTUD7jkjRqWcaiX5VyM=
diff --git a/vendor/google.golang.org/grpc/CONTRIBUTING.md b/vendor/google.golang.org/grpc/CONTRIBUTING.md
index cd03f8c7688..52338d004ce 100644
--- a/vendor/google.golang.org/grpc/CONTRIBUTING.md
+++ b/vendor/google.golang.org/grpc/CONTRIBUTING.md
@@ -53,9 +53,8 @@ How to get your contributions merged smoothly and quickly.
 - **All tests need to be passing** before your change can be merged. We
   recommend you **run tests locally** before creating your PR to catch breakages
   early on.
-  - `make all` to test everything, OR
-  - `make vet` to catch vet errors
-  - `make test` to run the tests
-  - `make testrace` to run tests in race mode
+  - `VET_SKIP_PROTO=1 ./vet.sh` to catch vet errors
+  - `go test -cpu 1,4 -timeout 7m ./...` to run the tests
+  - `go test -race -cpu 1,4 -timeout 7m ./...` to run tests in race mode
 
 - Exceptions to the rules can be made if there's a compelling reason for doing so.
diff --git a/vendor/google.golang.org/grpc/attributes/attributes.go b/vendor/google.golang.org/grpc/attributes/attributes.go
index 6ff2792ee4f..ae13ddac14e 100644
--- a/vendor/google.golang.org/grpc/attributes/attributes.go
+++ b/vendor/google.golang.org/grpc/attributes/attributes.go
@@ -69,7 +69,9 @@ func (a *Attributes) Value(key interface{}) interface{} {
 // bool' is implemented for a value in the attributes, it is called to
 // determine if the value matches the one stored in the other attributes.  If
 // Equal is not implemented, standard equality is used to determine if the two
-// values are equal.
+// values are equal. Note that some types (e.g. maps) aren't comparable by
+// default, so they must be wrapped in a struct, or in an alias type, with Equal
+// defined.
 func (a *Attributes) Equal(o *Attributes) bool {
 	if a == nil && o == nil {
 		return true
diff --git a/vendor/google.golang.org/grpc/balancer/balancer.go b/vendor/google.golang.org/grpc/balancer/balancer.go
index bcc6f5451c9..f7a7697cad0 100644
--- a/vendor/google.golang.org/grpc/balancer/balancer.go
+++ b/vendor/google.golang.org/grpc/balancer/balancer.go
@@ -27,6 +27,7 @@ import (
 	""net""
 	""strings""
 
+	""google.golang.org/grpc/channelz""
 	""google.golang.org/grpc/connectivity""
 	""google.golang.org/grpc/credentials""
 	""google.golang.org/grpc/internal""
@@ -192,7 +193,7 @@ type BuildOptions struct {
 	// server can ignore this field.
 	Authority string
 	// ChannelzParentID is the parent ClientConn's channelz ID.
-	ChannelzParentID int64
+	ChannelzParentID *channelz.Identifier
 	// CustomUserAgent is the custom user agent set on the parent ClientConn.
 	// The balancer should set the same custom user agent if it creates a
 	// ClientConn.
diff --git a/vendor/google.golang.org/grpc/balancer_conn_wrappers.go b/vendor/google.golang.org/grpc/balancer_conn_wrappers.go
index f4ea6174682..b1c23eaae0d 100644
--- a/vendor/google.golang.org/grpc/balancer_conn_wrappers.go
+++ b/vendor/google.golang.org/grpc/balancer_conn_wrappers.go
@@ -20,130 +20,178 @@ package grpc
 
 import (
 	""fmt""
+	""strings""
 	""sync""
 
 	""google.golang.org/grpc/balancer""
 	""google.golang.org/grpc/connectivity""
+	""google.golang.org/grpc/internal/balancer/gracefulswitch""
 	""google.golang.org/grpc/internal/buffer""
 	""google.golang.org/grpc/internal/channelz""
 	""google.golang.org/grpc/internal/grpcsync""
 	""google.golang.org/grpc/resolver""
 )
 
-// scStateUpdate contains the subConn and the new state it changed to.
-type scStateUpdate struct {
-	sc    balancer.SubConn
-	state connectivity.State
-	err   error
-}
+// ccBalancerWrapper sits between the ClientConn and the Balancer.
+//
+// ccBalancerWrapper implements methods corresponding to the ones on the
+// balancer.Balancer interface. The ClientConn is free to call these methods
+// concurrently and the ccBalancerWrapper ensures that calls from the ClientConn
+// to the Balancer happen synchronously and in order.
+//
+// ccBalancerWrapper also implements the balancer.ClientConn interface and is
+// passed to the Balancer implementations. It invokes unexported methods on the
+// ClientConn to handle these calls from the Balancer.
+//
+// It uses the gracefulswitch.Balancer internally to ensure that balancer
+// switches happen in a graceful manner.
+type ccBalancerWrapper struct {
+	cc *ClientConn
 
-// exitIdle contains no data and is just a signal sent on the updateCh in
-// ccBalancerWrapper to instruct the balancer to exit idle.
-type exitIdle struct{}
+	// Since these fields are accessed only from handleXxx() methods which are
+	// synchronized by the watcher goroutine, we do not need a mutex to protect
+	// these fields.
+	balancer        *gracefulswitch.Balancer
+	curBalancerName string
 
-// ccBalancerWrapper is a wrapper on top of cc for balancers.
-// It implements balancer.ClientConn interface.
-type ccBalancerWrapper struct {
-	cc          *ClientConn
-	balancerMu  sync.Mutex // synchronizes calls to the balancer
-	balancer    balancer.Balancer
-	hasExitIdle bool
-	updateCh    *buffer.Unbounded
-	closed      *grpcsync.Event
-	done        *grpcsync.Event
-
-	mu       sync.Mutex
-	subConns map[*acBalancerWrapper]struct{}
+	updateCh *buffer.Unbounded // Updates written on this channel are processed by watcher().
+	resultCh *buffer.Unbounded // Results of calls to UpdateClientConnState() are pushed here.
+	closed   *grpcsync.Event   // Indicates if close has been called.
+	done     *grpcsync.Event   // Indicates if close has completed its work.
 }
 
-func newCCBalancerWrapper(cc *ClientConn, b balancer.Builder, bopts balancer.BuildOptions) *ccBalancerWrapper {
+// newCCBalancerWrapper creates a new balancer wrapper. The underlying balancer
+// is not created until the switchTo() method is invoked.
+func newCCBalancerWrapper(cc *ClientConn, bopts balancer.BuildOptions) *ccBalancerWrapper {
 	ccb := &ccBalancerWrapper{
 		cc:       cc,
 		updateCh: buffer.NewUnbounded(),
+		resultCh: buffer.NewUnbounded(),
 		closed:   grpcsync.NewEvent(),
 		done:     grpcsync.NewEvent(),
-		subConns: make(map[*acBalancerWrapper]struct{}),
 	}
 	go ccb.watcher()
-	ccb.balancer = b.Build(ccb, bopts)
-	_, ccb.hasExitIdle = ccb.balancer.(balancer.ExitIdler)
+	ccb.balancer = gracefulswitch.NewBalancer(ccb, bopts)
 	return ccb
 }
 
-// watcher balancer functions sequentially, so the balancer can be implemented
-// lock-free.
+// The following xxxUpdate structs wrap the arguments received as part of the
+// corresponding update. The watcher goroutine uses the 'type' of the update to
+// invoke the appropriate handler routine to handle the update.
+
+type ccStateUpdate struct {
+	ccs *balancer.ClientConnState
+}
+
+type scStateUpdate struct {
+	sc    balancer.SubConn
+	state connectivity.State
+	err   error
+}
+
+type exitIdleUpdate struct{}
+
+type resolverErrorUpdate struct {
+	err error
+}
+
+type switchToUpdate struct {
+	name string
+}
+
+type subConnUpdate struct {
+	acbw *acBalancerWrapper
+}
+
+// watcher is a long-running goroutine which reads updates from a channel and
+// invokes corresponding methods on the underlying balancer. It ensures that
+// these methods are invoked in a synchronous fashion. It also ensures that
+// these methods are invoked in the order in which the updates were received.
 func (ccb *ccBalancerWrapper) watcher() {
 	for {
 		select {
-		case t := <-ccb.updateCh.Get():
+		case u := <-ccb.updateCh.Get():
 			ccb.updateCh.Load()
 			if ccb.closed.HasFired() {
 				break
 			}
-			switch u := t.(type) {
+			switch update := u.(type) {
+			case *ccStateUpdate:
+				ccb.handleClientConnStateChange(update.ccs)
 			case *scStateUpdate:
-				ccb.balancerMu.Lock()
-				ccb.balancer.UpdateSubConnState(u.sc, balancer.SubConnState{ConnectivityState: u.state, ConnectionError: u.err})
-				ccb.balancerMu.Unlock()
-			case *acBalancerWrapper:
-				ccb.mu.Lock()
-				if ccb.subConns != nil {
-					delete(ccb.subConns, u)
-					ccb.cc.removeAddrConn(u.getAddrConn(), errConnDrain)
-				}
-				ccb.mu.Unlock()
-			case exitIdle:
-				if ccb.cc.GetState() == connectivity.Idle {
-					if ei, ok := ccb.balancer.(balancer.ExitIdler); ok {
-						// We already checked that the balancer implements
-						// ExitIdle before pushing the event to updateCh, but
-						// check conditionally again as defensive programming.
-						ccb.balancerMu.Lock()
-						ei.ExitIdle()
-						ccb.balancerMu.Unlock()
-					}
-				}
+				ccb.handleSubConnStateChange(update)
+			case *exitIdleUpdate:
+				ccb.handleExitIdle()
+			case *resolverErrorUpdate:
+				ccb.handleResolverError(update.err)
+			case *switchToUpdate:
+				ccb.handleSwitchTo(update.name)
+			case *subConnUpdate:
+				ccb.handleRemoveSubConn(update.acbw)
 			default:
-				logger.Errorf(""ccBalancerWrapper.watcher: unknown update %+v, type %T"", t, t)
+				logger.Errorf(""ccBalancerWrapper.watcher: unknown update %+v, type %T"", update, update)
 			}
 		case <-ccb.closed.Done():
 		}
 
 		if ccb.closed.HasFired() {
-			ccb.balancerMu.Lock()
-			ccb.balancer.Close()
-			ccb.balancerMu.Unlock()
-			ccb.mu.Lock()
-			scs := ccb.subConns
-			ccb.subConns = nil
-			ccb.mu.Unlock()
-			ccb.UpdateState(balancer.State{ConnectivityState: connectivity.Connecting, Picker: nil})
-			ccb.done.Fire()
-			// Fire done before removing the addr conns.  We can safely unblock
-			// ccb.close and allow the removeAddrConns to happen
-			// asynchronously.
-			for acbw := range scs {
-				ccb.cc.removeAddrConn(acbw.getAddrConn(), errConnDrain)
-			}
+			ccb.handleClose()
 			return
 		}
 	}
 }
 
-func (ccb *ccBalancerWrapper) close() {
-	ccb.closed.Fire()
-	<-ccb.done.Done()
+// updateClientConnState is invoked by grpc to push a ClientConnState update to
+// the underlying balancer.
+//
+// Unlike other methods invoked by grpc to push updates to the underlying
+// balancer, this method cannot simply push the update onto the update channel
+// and return. It needs to return the error returned by the underlying balancer
+// back to grpc which propagates that to the resolver.
+func (ccb *ccBalancerWrapper) updateClientConnState(ccs *balancer.ClientConnState) error {
+	ccb.updateCh.Put(&ccStateUpdate{ccs: ccs})
+
+	var res interface{}
+	select {
+	case res = <-ccb.resultCh.Get():
+		ccb.resultCh.Load()
+	case <-ccb.closed.Done():
+		// Return early if the balancer wrapper is closed while we are waiting for
+		// the underlying balancer to process a ClientConnState update.
+		return nil
+	}
+	// If the returned error is nil, attempting to type assert to error leads to
+	// panic. So, this needs to handled separately.
+	if res == nil {
+		return nil
+	}
+	return res.(error)
 }
 
-func (ccb *ccBalancerWrapper) exitIdle() bool {
-	if !ccb.hasExitIdle {
-		return false
+// handleClientConnStateChange handles a ClientConnState update from the update
+// channel and invokes the appropriate method on the underlying balancer.
+//
+// If the addresses specified in the update contain addresses of type ""grpclb""
+// and the selected LB policy is not ""grpclb"", these addresses will be filtered
+// out and ccs will be modified with the updated address list.
+func (ccb *ccBalancerWrapper) handleClientConnStateChange(ccs *balancer.ClientConnState) {
+	if ccb.curBalancerName != grpclbName {
+		// Filter any grpclb addresses since we don't have the grpclb balancer.
+		var addrs []resolver.Address
+		for _, addr := range ccs.ResolverState.Addresses {
+			if addr.Type == resolver.GRPCLB {
+				continue
+			}
+			addrs = append(addrs, addr)
+		}
+		ccs.ResolverState.Addresses = addrs
 	}
-	ccb.updateCh.Put(exitIdle{})
-	return true
+	ccb.resultCh.Put(ccb.balancer.UpdateClientConnState(*ccs))
 }
 
-func (ccb *ccBalancerWrapper) handleSubConnStateChange(sc balancer.SubConn, s connectivity.State, err error) {
+// updateSubConnState is invoked by grpc to push a subConn state update to the
+// underlying balancer.
+func (ccb *ccBalancerWrapper) updateSubConnState(sc balancer.SubConn, s connectivity.State, err error) {
 	// When updating addresses for a SubConn, if the address in use is not in
 	// the new addresses, the old ac will be tearDown() and a new ac will be
 	// created. tearDown() generates a state change with Shutdown state, we
@@ -161,44 +209,125 @@ func (ccb *ccBalancerWrapper) handleSubConnStateChange(sc balancer.SubConn, s co
 	})
 }
 
-func (ccb *ccBalancerWrapper) updateClientConnState(ccs *balancer.ClientConnState) error {
-	ccb.balancerMu.Lock()
-	defer ccb.balancerMu.Unlock()
-	return ccb.balancer.UpdateClientConnState(*ccs)
+// handleSubConnStateChange handles a SubConnState update from the update
+// channel and invokes the appropriate method on the underlying balancer.
+func (ccb *ccBalancerWrapper) handleSubConnStateChange(update *scStateUpdate) {
+	ccb.balancer.UpdateSubConnState(update.sc, balancer.SubConnState{ConnectivityState: update.state, ConnectionError: update.err})
+}
+
+func (ccb *ccBalancerWrapper) exitIdle() {
+	ccb.updateCh.Put(&exitIdleUpdate{})
+}
+
+func (ccb *ccBalancerWrapper) handleExitIdle() {
+	if ccb.cc.GetState() != connectivity.Idle {
+		return
+	}
+	ccb.balancer.ExitIdle()
 }
 
 func (ccb *ccBalancerWrapper) resolverError(err error) {
-	ccb.balancerMu.Lock()
-	defer ccb.balancerMu.Unlock()
+	ccb.updateCh.Put(&resolverErrorUpdate{err: err})
+}
+
+func (ccb *ccBalancerWrapper) handleResolverError(err error) {
 	ccb.balancer.ResolverError(err)
 }
 
+// switchTo is invoked by grpc to instruct the balancer wrapper to switch to the
+// LB policy identified by name.
+//
+// ClientConn calls newCCBalancerWrapper() at creation time. Upon receipt of the
+// first good update from the name resolver, it determines the LB policy to use
+// and invokes the switchTo() method. Upon receipt of every subsequent update
+// from the name resolver, it invokes this method.
+//
+// the ccBalancerWrapper keeps track of the current LB policy name, and skips
+// the graceful balancer switching process if the name does not change.
+func (ccb *ccBalancerWrapper) switchTo(name string) {
+	ccb.updateCh.Put(&switchToUpdate{name: name})
+}
+
+// handleSwitchTo handles a balancer switch update from the update channel. It
+// calls the SwitchTo() method on the gracefulswitch.Balancer with a
+// balancer.Builder corresponding to name. If no balancer.Builder is registered
+// for the given name, it uses the default LB policy which is ""pick_first"".
+func (ccb *ccBalancerWrapper) handleSwitchTo(name string) {
+	// TODO: Other languages use case-insensitive balancer registries. We should
+	// switch as well. See: https://github.com/grpc/grpc-go/issues/5288.
+	if strings.EqualFold(ccb.curBalancerName, name) {
+		return
+	}
+
+	// TODO: Ensure that name is a registered LB policy when we get here.
+	// We currently only validate the `loadBalancingConfig` field. We need to do
+	// the same for the `loadBalancingPolicy` field and reject the service config
+	// if the specified policy is not registered.
+	builder := balancer.Get(name)
+	if builder == nil {
+		channelz.Warningf(logger, ccb.cc.channelzID, ""Channel switches to new LB policy %q, since the specified LB policy %q was not registered"", PickFirstBalancerName, name)
+		builder = newPickfirstBuilder()
+	} else {
+		channelz.Infof(logger, ccb.cc.channelzID, ""Channel switches to new LB policy %q"", name)
+	}
+
+	if err := ccb.balancer.SwitchTo(builder); err != nil {
+		channelz.Errorf(logger, ccb.cc.channelzID, ""Channel failed to build new LB policy %q: %v"", name, err)
+		return
+	}
+	ccb.curBalancerName = builder.Name()
+}
+
+// handleRemoveSucConn handles a request from the underlying balancer to remove
+// a subConn.
+//
+// See comments in RemoveSubConn() for more details.
+func (ccb *ccBalancerWrapper) handleRemoveSubConn(acbw *acBalancerWrapper) {
+	ccb.cc.removeAddrConn(acbw.getAddrConn(), errConnDrain)
+}
+
+func (ccb *ccBalancerWrapper) close() {
+	ccb.closed.Fire()
+	<-ccb.done.Done()
+}
+
+func (ccb *ccBalancerWrapper) handleClose() {
+	ccb.balancer.Close()
+	ccb.done.Fire()
+}
+
 func (ccb *ccBalancerWrapper) NewSubConn(addrs []resolver.Address, opts balancer.NewSubConnOptions) (balancer.SubConn, error) {
 	if len(addrs) <= 0 {
 		return nil, fmt.Errorf(""grpc: cannot create SubConn with empty address list"")
 	}
-	ccb.mu.Lock()
-	defer ccb.mu.Unlock()
-	if ccb.subConns == nil {
-		return nil, fmt.Errorf(""grpc: ClientConn balancer wrapper was closed"")
-	}
 	ac, err := ccb.cc.newAddrConn(addrs, opts)
 	if err != nil {
+		channelz.Warningf(logger, ccb.cc.channelzID, ""acBalancerWrapper: NewSubConn: failed to newAddrConn: %v"", err)
 		return nil, err
 	}
 	acbw := &acBalancerWrapper{ac: ac}
 	acbw.ac.mu.Lock()
 	ac.acbw = acbw
 	acbw.ac.mu.Unlock()
-	ccb.subConns[acbw] = struct{}{}
 	return acbw, nil
 }
 
 func (ccb *ccBalancerWrapper) RemoveSubConn(sc balancer.SubConn) {
-	// The RemoveSubConn() is handled in the run() goroutine, to avoid deadlock
-	// during switchBalancer() if the old balancer calls RemoveSubConn() in its
-	// Close().
-	ccb.updateCh.Put(sc)
+	// Before we switched the ccBalancerWrapper to use gracefulswitch.Balancer, it
+	// was required to handle the RemoveSubConn() method asynchronously by pushing
+	// the update onto the update channel. This was done to avoid a deadlock as
+	// switchBalancer() was holding cc.mu when calling Close() on the old
+	// balancer, which would in turn call RemoveSubConn().
+	//
+	// With the use of gracefulswitch.Balancer in ccBalancerWrapper, handling this
+	// asynchronously is probably not required anymore since the switchTo() method
+	// handles the balancer switch by pushing the update onto the channel.
+	// TODO(easwars): Handle this inline.
+	acbw, ok := sc.(*acBalancerWrapper)
+	if !ok {
+		return
+	}
+	ccb.updateCh.Put(&subConnUpdate{acbw: acbw})
 }
 
 func (ccb *ccBalancerWrapper) UpdateAddresses(sc balancer.SubConn, addrs []resolver.Address) {
@@ -210,11 +339,6 @@ func (ccb *ccBalancerWrapper) UpdateAddresses(sc balancer.SubConn, addrs []resol
 }
 
 func (ccb *ccBalancerWrapper) UpdateState(s balancer.State) {
-	ccb.mu.Lock()
-	defer ccb.mu.Unlock()
-	if ccb.subConns == nil {
-		return
-	}
 	// Update picker before updating state.  Even though the ordering here does
 	// not matter, it can lead to multiple calls of Pick in the common start-up
 	// case where we wait for ready and then perform an RPC.  If the picker is
diff --git a/vendor/google.golang.org/grpc/channelz/channelz.go b/vendor/google.golang.org/grpc/channelz/channelz.go
new file mode 100644
index 00000000000..a220c47c59a
--- /dev/null
+++ b/vendor/google.golang.org/grpc/channelz/channelz.go
@@ -0,0 +1,36 @@
+/*
+ *
+ * Copyright 2020 gRPC authors.
+ *
+ * Licensed under the Apache License, Version 2.0 (the ""License"");
+ * you may not use this file except in compliance with the License.
+ * You may obtain a copy of the License at
+ *
+ *     http://www.apache.org/licenses/LICENSE-2.0
+ *
+ * Unless required by applicable law or agreed to in writing, software
+ * distributed under the License is distributed on an ""AS IS"" BASIS,
+ * WITHOUT WARRANTIES OR CONDITIONS OF ANY KIND, either express or implied.
+ * See the License for the specific language governing permissions and
+ * limitations under the License.
+ *
+ */
+
+// Package channelz exports internals of the channelz implementation as required
+// by other gRPC packages.
+//
+// The implementation of the channelz spec as defined in
+// https://github.com/grpc/proposal/blob/master/A14-channelz.md, is provided by
+// the `internal/channelz` package.
+//
+// Experimental
+//
+// Notice: All APIs in this package are experimental and may be removed in a
+// later release.
+package channelz
+
+import ""google.golang.org/grpc/internal/channelz""
+
+// Identifier is an opaque identifier which uniquely identifies an entity in the
+// channelz database.
+type Identifier = channelz.Identifier
diff --git a/vendor/google.golang.org/grpc/clientconn.go b/vendor/google.golang.org/grpc/clientconn.go
index 28f09dc8707..ea9836d28b3 100644
--- a/vendor/google.golang.org/grpc/clientconn.go
+++ b/vendor/google.golang.org/grpc/clientconn.go
@@ -79,7 +79,7 @@ var (
 	// errNoTransportSecurity indicates that there is no transport security
 	// being set for ClientConn. Users should either set one or explicitly
 	// call WithInsecure DialOption to disable security.
-	errNoTransportSecurity = errors.New(""grpc: no transport security set (use grpc.WithInsecure() explicitly or set credentials)"")
+	errNoTransportSecurity = errors.New(""grpc: no transport security set (use grpc.WithTransportCredentials(insecure.NewCredentials()) explicitly or set credentials)"")
 	// errTransportCredsAndBundle indicates that creds bundle is used together
 	// with other individual Transport Credentials.
 	errTransportCredsAndBundle = errors.New(""grpc: credentials.Bundle may not be used with individual TransportCredentials"")
@@ -159,23 +159,20 @@ func DialContext(ctx context.Context, target string, opts ...DialOption) (conn *
 		}
 	}()
 
-	if channelz.IsOn() {
-		if cc.dopts.channelzParentID != 0 {
-			cc.channelzID = channelz.RegisterChannel(&channelzChannel{cc}, cc.dopts.channelzParentID, target)
-			channelz.AddTraceEvent(logger, cc.channelzID, 0, &channelz.TraceEventDesc{
-				Desc:     ""Channel Created"",
-				Severity: channelz.CtInfo,
-				Parent: &channelz.TraceEventDesc{
-					Desc:     fmt.Sprintf(""Nested Channel(id:%d) created"", cc.channelzID),
-					Severity: channelz.CtInfo,
-				},
-			})
-		} else {
-			cc.channelzID = channelz.RegisterChannel(&channelzChannel{cc}, 0, target)
-			channelz.Info(logger, cc.channelzID, ""Channel Created"")
+	pid := cc.dopts.channelzParentID
+	cc.channelzID = channelz.RegisterChannel(&channelzChannel{cc}, pid, target)
+	ted := &channelz.TraceEventDesc{
+		Desc:     ""Channel created"",
+		Severity: channelz.CtInfo,
+	}
+	if cc.dopts.channelzParentID != nil {
+		ted.Parent = &channelz.TraceEventDesc{
+			Desc:     fmt.Sprintf(""Nested Channel(id:%d) created"", cc.channelzID.Int()),
+			Severity: channelz.CtInfo,
 		}
-		cc.csMgr.channelzID = cc.channelzID
 	}
+	channelz.AddTraceEvent(logger, cc.channelzID, 1, ted)
+	cc.csMgr.channelzID = cc.channelzID
 
 	if cc.dopts.copts.TransportCredentials == nil && cc.dopts.copts.CredsBundle == nil {
 		return nil, errNoTransportSecurity
@@ -281,7 +278,7 @@ func DialContext(ctx context.Context, target string, opts ...DialOption) (conn *
 	if creds := cc.dopts.copts.TransportCredentials; creds != nil {
 		credsClone = creds.Clone()
 	}
-	cc.balancerBuildOpts = balancer.BuildOptions{
+	cc.balancerWrapper = newCCBalancerWrapper(cc, balancer.BuildOptions{
 		DialCreds:        credsClone,
 		CredsBundle:      cc.dopts.copts.CredsBundle,
 		Dialer:           cc.dopts.copts.Dialer,
@@ -289,7 +286,7 @@ func DialContext(ctx context.Context, target string, opts ...DialOption) (conn *
 		CustomUserAgent:  cc.dopts.copts.UserAgent,
 		ChannelzParentID: cc.channelzID,
 		Target:           cc.parsedTarget,
-	}
+	})
 
 	// Build the resolver.
 	rWrapper, err := newCCResolverWrapper(cc, resolverBuilder)
@@ -398,7 +395,7 @@ type connectivityStateManager struct {
 	mu         sync.Mutex
 	state      connectivity.State
 	notifyChan chan struct{}
-	channelzID int64
+	channelzID *channelz.Identifier
 }
 
 // updateState updates the connectivity.State of ClientConn.
@@ -464,34 +461,36 @@ var _ ClientConnInterface = (*ClientConn)(nil)
 // handshakes. It also handles errors on established connections by
 // re-resolving the name and reconnecting.
 type ClientConn struct {
-	ctx    context.Context
-	cancel context.CancelFunc
-
-	target       string
-	parsedTarget resolver.Target
-	authority    string
-	dopts        dialOptions
-	csMgr        *connectivityStateManager
-
-	balancerBuildOpts balancer.BuildOptions
-	blockingpicker    *pickerWrapper
-
+	ctx    context.Context    // Initialized using the background context at dial time.
+	cancel context.CancelFunc // Cancelled on close.
+
+	// The following are initialized at dial time, and are read-only after that.
+	target          string               // User's dial target.
+	parsedTarget    resolver.Target      // See parseTargetAndFindResolver().
+	authority       string               // See determineAuthority().
+	dopts           dialOptions          // Default and user specified dial options.
+	channelzID      *channelz.Identifier // Channelz identifier for the channel.
+	balancerWrapper *ccBalancerWrapper   // Uses gracefulswitch.balancer underneath.
+
+	// The following provide their own synchronization, and therefore don't
+	// require cc.mu to be held to access them.
+	csMgr              *connectivityStateManager
+	blockingpicker     *pickerWrapper
 	safeConfigSelector iresolver.SafeConfigSelector
+	czData             *channelzData
+	retryThrottler     atomic.Value // Updated from service config.
 
-	mu              sync.RWMutex
-	resolverWrapper *ccResolverWrapper
-	sc              *ServiceConfig
-	conns           map[*addrConn]struct{}
-	// Keepalive parameter can be updated if a GoAway is received.
-	mkp             keepalive.ClientParameters
-	curBalancerName string
-	balancerWrapper *ccBalancerWrapper
-	retryThrottler  atomic.Value
-
+	// firstResolveEvent is used to track whether the name resolver sent us at
+	// least one update. RPCs block on this event.
 	firstResolveEvent *grpcsync.Event
 
-	channelzID int64 // channelz unique identification number
-	czData     *channelzData
+	// mu protects the following fields.
+	// TODO: split mu so the same mutex isn't used for everything.
+	mu              sync.RWMutex
+	resolverWrapper *ccResolverWrapper         // Initialized in Dial; cleared in Close.
+	sc              *ServiceConfig             // Latest service config received from the resolver.
+	conns           map[*addrConn]struct{}     // Set to nil on close.
+	mkp             keepalive.ClientParameters // May be updated upon receipt of a GoAway.
 
 	lceMu               sync.Mutex // protects lastConnectionError
 	lastConnectionError error
@@ -536,14 +535,7 @@ func (cc *ClientConn) GetState() connectivity.State {
 // Notice: This API is EXPERIMENTAL and may be changed or removed in a later
 // release.
 func (cc *ClientConn) Connect() {
-	cc.mu.Lock()
-	defer cc.mu.Unlock()
-	if cc.balancerWrapper != nil && cc.balancerWrapper.exitIdle() {
-		return
-	}
-	for ac := range cc.conns {
-		go ac.connect()
-	}
+	cc.balancerWrapper.exitIdle()
 }
 
 func (cc *ClientConn) scWatcher() {
@@ -623,9 +615,7 @@ func (cc *ClientConn) updateResolverState(s resolver.State, err error) error {
 		// with the new addresses.
 		cc.maybeApplyDefaultServiceConfig(nil)
 
-		if cc.balancerWrapper != nil {
-			cc.balancerWrapper.resolverError(err)
-		}
+		cc.balancerWrapper.resolverError(err)
 
 		// No addresses are valid with err set; return early.
 		cc.mu.Unlock()
@@ -653,16 +643,10 @@ func (cc *ClientConn) updateResolverState(s resolver.State, err error) error {
 			cc.applyServiceConfigAndBalancer(sc, configSelector, s.Addresses)
 		} else {
 			ret = balancer.ErrBadResolverState
-			if cc.balancerWrapper == nil {
-				var err error
-				if s.ServiceConfig.Err != nil {
-					err = status.Errorf(codes.Unavailable, ""error parsing service config: %v"", s.ServiceConfig.Err)
-				} else {
-					err = status.Errorf(codes.Unavailable, ""illegal service config type: %T"", s.ServiceConfig.Config)
-				}
-				cc.safeConfigSelector.UpdateConfigSelector(&defaultConfigSelector{cc.sc})
-				cc.blockingpicker.updatePicker(base.NewErrPicker(err))
-				cc.csMgr.updateState(connectivity.TransientFailure)
+			if cc.sc == nil {
+				// Apply the failing LB only if we haven't received valid service config
+				// from the name resolver in the past.
+				cc.applyFailingLB(s.ServiceConfig)
 				cc.mu.Unlock()
 				return ret
 			}
@@ -670,24 +654,12 @@ func (cc *ClientConn) updateResolverState(s resolver.State, err error) error {
 	}
 
 	var balCfg serviceconfig.LoadBalancingConfig
-	if cc.dopts.balancerBuilder == nil && cc.sc != nil && cc.sc.lbConfig != nil {
+	if cc.sc != nil && cc.sc.lbConfig != nil {
 		balCfg = cc.sc.lbConfig.cfg
 	}
-
-	cbn := cc.curBalancerName
 	bw := cc.balancerWrapper
 	cc.mu.Unlock()
-	if cbn != grpclbName {
-		// Filter any grpclb addresses since we don't have the grpclb balancer.
-		for i := 0; i < len(s.Addresses); {
-			if s.Addresses[i].Type == resolver.GRPCLB {
-				copy(s.Addresses[i:], s.Addresses[i+1:])
-				s.Addresses = s.Addresses[:len(s.Addresses)-1]
-				continue
-			}
-			i++
-		}
-	}
+
 	uccsErr := bw.updateClientConnState(&balancer.ClientConnState{ResolverState: s, BalancerConfig: balCfg})
 	if ret == nil {
 		ret = uccsErr // prefer ErrBadResolver state since any other error is
@@ -696,56 +668,28 @@ func (cc *ClientConn) updateResolverState(s resolver.State, err error) error {
 	return ret
 }
 
-// switchBalancer starts the switching from current balancer to the balancer
-// with the given name.
-//
-// It will NOT send the current address list to the new balancer. If needed,
-// caller of this function should send address list to the new balancer after
-// this function returns.
+// applyFailingLB is akin to configuring an LB policy on the channel which
+// always fails RPCs. Here, an actual LB policy is not configured, but an always
+// erroring picker is configured, which returns errors with information about
+// what was invalid in the received service config. A config selector with no
+// service config is configured, and the connectivity state of the channel is
+// set to TransientFailure.
 //
 // Caller must hold cc.mu.
-func (cc *ClientConn) switchBalancer(name string) {
-	if strings.EqualFold(cc.curBalancerName, name) {
-		return
-	}
-
-	channelz.Infof(logger, cc.channelzID, ""ClientConn switching balancer to %q"", name)
-	if cc.dopts.balancerBuilder != nil {
-		channelz.Info(logger, cc.channelzID, ""ignoring balancer switching: Balancer DialOption used instead"")
-		return
-	}
-	if cc.balancerWrapper != nil {
-		// Don't hold cc.mu while closing the balancers. The balancers may call
-		// methods that require cc.mu (e.g. cc.NewSubConn()). Holding the mutex
-		// would cause a deadlock in that case.
-		cc.mu.Unlock()
-		cc.balancerWrapper.close()
-		cc.mu.Lock()
-	}
-
-	builder := balancer.Get(name)
-	if builder == nil {
-		channelz.Warningf(logger, cc.channelzID, ""Channel switches to new LB policy %q due to fallback from invalid balancer name"", PickFirstBalancerName)
-		channelz.Infof(logger, cc.channelzID, ""failed to get balancer builder for: %v, using pick_first instead"", name)
-		builder = newPickfirstBuilder()
+func (cc *ClientConn) applyFailingLB(sc *serviceconfig.ParseResult) {
+	var err error
+	if sc.Err != nil {
+		err = status.Errorf(codes.Unavailable, ""error parsing service config: %v"", sc.Err)
 	} else {
-		channelz.Infof(logger, cc.channelzID, ""Channel switches to new LB policy %q"", name)
+		err = status.Errorf(codes.Unavailable, ""illegal service config type: %T"", sc.Config)
 	}
-
-	cc.curBalancerName = builder.Name()
-	cc.balancerWrapper = newCCBalancerWrapper(cc, builder, cc.balancerBuildOpts)
+	cc.safeConfigSelector.UpdateConfigSelector(&defaultConfigSelector{nil})
+	cc.blockingpicker.updatePicker(base.NewErrPicker(err))
+	cc.csMgr.updateState(connectivity.TransientFailure)
 }
 
 func (cc *ClientConn) handleSubConnStateChange(sc balancer.SubConn, s connectivity.State, err error) {
-	cc.mu.Lock()
-	if cc.conns == nil {
-		cc.mu.Unlock()
-		return
-	}
-	// TODO(bar switching) send updates to all balancer wrappers when balancer
-	// gracefully switching is supported.
-	cc.balancerWrapper.handleSubConnStateChange(sc, s, err)
-	cc.mu.Unlock()
+	cc.balancerWrapper.updateSubConnState(sc, s, err)
 }
 
 // newAddrConn creates an addrConn for addrs and adds it to cc.conns.
@@ -768,17 +712,21 @@ func (cc *ClientConn) newAddrConn(addrs []resolver.Address, opts balancer.NewSub
 		cc.mu.Unlock()
 		return nil, ErrClientConnClosing
 	}
-	if channelz.IsOn() {
-		ac.channelzID = channelz.RegisterSubChannel(ac, cc.channelzID, """")
-		channelz.AddTraceEvent(logger, ac.channelzID, 0, &channelz.TraceEventDesc{
-			Desc:     ""Subchannel Created"",
-			Severity: channelz.CtInfo,
-			Parent: &channelz.TraceEventDesc{
-				Desc:     fmt.Sprintf(""Subchannel(id:%d) created"", ac.channelzID),
-				Severity: channelz.CtInfo,
-			},
-		})
+
+	var err error
+	ac.channelzID, err = channelz.RegisterSubChannel(ac, cc.channelzID, """")
+	if err != nil {
+		return nil, err
 	}
+	channelz.AddTraceEvent(logger, ac.channelzID, 0, &channelz.TraceEventDesc{
+		Desc:     ""Subchannel created"",
+		Severity: channelz.CtInfo,
+		Parent: &channelz.TraceEventDesc{
+			Desc:     fmt.Sprintf(""Subchannel(id:%d) created"", ac.channelzID.Int()),
+			Severity: channelz.CtInfo,
+		},
+	})
+
 	cc.conns[ac] = struct{}{}
 	cc.mu.Unlock()
 	return ac, nil
@@ -959,14 +907,10 @@ func (cc *ClientConn) healthCheckConfig() *healthCheckConfig {
 }
 
 func (cc *ClientConn) getTransport(ctx context.Context, failfast bool, method string) (transport.ClientTransport, func(balancer.DoneInfo), error) {
-	t, done, err := cc.blockingpicker.pick(ctx, failfast, balancer.PickInfo{
+	return cc.blockingpicker.pick(ctx, failfast, balancer.PickInfo{
 		Ctx:            ctx,
 		FullMethodName: method,
 	})
-	if err != nil {
-		return nil, nil, toRPCErr(err)
-	}
-	return t, done, nil
 }
 
 func (cc *ClientConn) applyServiceConfigAndBalancer(sc *ServiceConfig, configSelector iresolver.ConfigSelector, addrs []resolver.Address) {
@@ -991,35 +935,26 @@ func (cc *ClientConn) applyServiceConfigAndBalancer(sc *ServiceConfig, configSel
 		cc.retryThrottler.Store((*retryThrottler)(nil))
 	}
 
-	if cc.dopts.balancerBuilder == nil {
-		// Only look at balancer types and switch balancer if balancer dial
-		// option is not set.
-		var newBalancerName string
-		if cc.sc != nil && cc.sc.lbConfig != nil {
-			newBalancerName = cc.sc.lbConfig.name
-		} else {
-			var isGRPCLB bool
-			for _, a := range addrs {
-				if a.Type == resolver.GRPCLB {
-					isGRPCLB = true
-					break
-				}
-			}
-			if isGRPCLB {
-				newBalancerName = grpclbName
-			} else if cc.sc != nil && cc.sc.LB != nil {
-				newBalancerName = *cc.sc.LB
-			} else {
-				newBalancerName = PickFirstBalancerName
+	var newBalancerName string
+	if cc.sc != nil && cc.sc.lbConfig != nil {
+		newBalancerName = cc.sc.lbConfig.name
+	} else {
+		var isGRPCLB bool
+		for _, a := range addrs {
+			if a.Type == resolver.GRPCLB {
+				isGRPCLB = true
+				break
 			}
 		}
-		cc.switchBalancer(newBalancerName)
-	} else if cc.balancerWrapper == nil {
-		// Balancer dial option was set, and this is the first time handling
-		// resolved addresses. Build a balancer with dopts.balancerBuilder.
-		cc.curBalancerName = cc.dopts.balancerBuilder.Name()
-		cc.balancerWrapper = newCCBalancerWrapper(cc, cc.dopts.balancerBuilder, cc.balancerBuildOpts)
+		if isGRPCLB {
+			newBalancerName = grpclbName
+		} else if cc.sc != nil && cc.sc.LB != nil {
+			newBalancerName = *cc.sc.LB
+		} else {
+			newBalancerName = PickFirstBalancerName
+		}
 	}
+	cc.balancerWrapper.switchTo(newBalancerName)
 }
 
 func (cc *ClientConn) resolveNow(o resolver.ResolveNowOptions) {
@@ -1070,11 +1005,11 @@ func (cc *ClientConn) Close() error {
 	rWrapper := cc.resolverWrapper
 	cc.resolverWrapper = nil
 	bWrapper := cc.balancerWrapper
-	cc.balancerWrapper = nil
 	cc.mu.Unlock()
 
+	// The order of closing matters here since the balancer wrapper assumes the
+	// picker is closed before it is closed.
 	cc.blockingpicker.close()
-
 	if bWrapper != nil {
 		bWrapper.close()
 	}
@@ -1085,22 +1020,22 @@ func (cc *ClientConn) Close() error {
 	for ac := range conns {
 		ac.tearDown(ErrClientConnClosing)
 	}
-	if channelz.IsOn() {
-		ted := &channelz.TraceEventDesc{
-			Desc:     ""Channel Deleted"",
+	ted := &channelz.TraceEventDesc{
+		Desc:     ""Channel deleted"",
+		Severity: channelz.CtInfo,
+	}
+	if cc.dopts.channelzParentID != nil {
+		ted.Parent = &channelz.TraceEventDesc{
+			Desc:     fmt.Sprintf(""Nested channel(id:%d) deleted"", cc.channelzID.Int()),
 			Severity: channelz.CtInfo,
 		}
-		if cc.dopts.channelzParentID != 0 {
-			ted.Parent = &channelz.TraceEventDesc{
-				Desc:     fmt.Sprintf(""Nested channel(id:%d) deleted"", cc.channelzID),
-				Severity: channelz.CtInfo,
-			}
-		}
-		channelz.AddTraceEvent(logger, cc.channelzID, 0, ted)
-		// TraceEvent needs to be called before RemoveEntry, as TraceEvent may add trace reference to
-		// the entity being deleted, and thus prevent it from being deleted right away.
-		channelz.RemoveEntry(cc.channelzID)
 	}
+	channelz.AddTraceEvent(logger, cc.channelzID, 0, ted)
+	// TraceEvent needs to be called before RemoveEntry, as TraceEvent may add
+	// trace reference to the entity being deleted, and thus prevent it from being
+	// deleted right away.
+	channelz.RemoveEntry(cc.channelzID)
+
 	return nil
 }
 
@@ -1130,7 +1065,7 @@ type addrConn struct {
 	backoffIdx   int // Needs to be stateful for resetConnectBackoff.
 	resetBackoff chan struct{}
 
-	channelzID int64 // channelz unique identification number.
+	channelzID *channelz.Identifier
 	czData     *channelzData
 }
 
@@ -1312,14 +1247,12 @@ func (ac *addrConn) createTransport(addr resolver.Address, copts transport.Conne
 
 	connectCtx, cancel := context.WithDeadline(ac.ctx, connectDeadline)
 	defer cancel()
-	if channelz.IsOn() {
-		copts.ChannelzParentID = ac.channelzID
-	}
+	copts.ChannelzParentID = ac.channelzID
 
 	newTr, err := transport.NewClientTransport(connectCtx, ac.cc.ctx, addr, copts, func() { prefaceReceived.Fire() }, onGoAway, onClose)
 	if err != nil {
 		// newTr is either nil, or closed.
-		channelz.Warningf(logger, ac.channelzID, ""grpc: addrConn.createTransport failed to connect to %v. Err: %v"", addr, err)
+		channelz.Warningf(logger, ac.channelzID, ""grpc: addrConn.createTransport failed to connect to %s. Err: %v"", addr, err)
 		return err
 	}
 
@@ -1332,7 +1265,7 @@ func (ac *addrConn) createTransport(addr resolver.Address, copts transport.Conne
 		newTr.Close(transport.ErrConnClosing)
 		if connectCtx.Err() == context.DeadlineExceeded {
 			err := errors.New(""failed to receive server preface within timeout"")
-			channelz.Warningf(logger, ac.channelzID, ""grpc: addrConn.createTransport failed to connect to %v: %v"", addr, err)
+			channelz.Warningf(logger, ac.channelzID, ""grpc: addrConn.createTransport failed to connect to %s: %v"", addr, err)
 			return err
 		}
 		return nil
@@ -1497,19 +1430,18 @@ func (ac *addrConn) tearDown(err error) {
 		curTr.GracefulClose()
 		ac.mu.Lock()
 	}
-	if channelz.IsOn() {
-		channelz.AddTraceEvent(logger, ac.channelzID, 0, &channelz.TraceEventDesc{
-			Desc:     ""Subchannel Deleted"",
+	channelz.AddTraceEvent(logger, ac.channelzID, 0, &channelz.TraceEventDesc{
+		Desc:     ""Subchannel deleted"",
+		Severity: channelz.CtInfo,
+		Parent: &channelz.TraceEventDesc{
+			Desc:     fmt.Sprintf(""Subchannel(id:%d) deleted"", ac.channelzID.Int()),
 			Severity: channelz.CtInfo,
-			Parent: &channelz.TraceEventDesc{
-				Desc:     fmt.Sprintf(""Subchanel(id:%d) deleted"", ac.channelzID),
-				Severity: channelz.CtInfo,
-			},
-		})
-		// TraceEvent needs to be called before RemoveEntry, as TraceEvent may add trace reference to
-		// the entity being deleted, and thus prevent it from being deleted right away.
-		channelz.RemoveEntry(ac.channelzID)
-	}
+		},
+	})
+	// TraceEvent needs to be called before RemoveEntry, as TraceEvent may add
+	// trace reference to the entity being deleted, and thus prevent it from
+	// being deleted right away.
+	channelz.RemoveEntry(ac.channelzID)
 	ac.mu.Unlock()
 }
 
diff --git a/vendor/google.golang.org/grpc/credentials/insecure/insecure.go b/vendor/google.golang.org/grpc/credentials/insecure/insecure.go
index 22a8f996a68..82bee1443bf 100644
--- a/vendor/google.golang.org/grpc/credentials/insecure/insecure.go
+++ b/vendor/google.golang.org/grpc/credentials/insecure/insecure.go
@@ -18,11 +18,6 @@
 
 // Package insecure provides an implementation of the
 // credentials.TransportCredentials interface which disables transport security.
-//
-// Experimental
-//
-// Notice: This package is EXPERIMENTAL and may be changed or removed in a
-// later release.
 package insecure
 
 import (
@@ -75,3 +70,29 @@ type info struct {
 func (info) AuthType() string {
 	return ""insecure""
 }
+
+// insecureBundle implements an insecure bundle.
+// An insecure bundle provides a thin wrapper around insecureTC to support
+// the credentials.Bundle interface.
+type insecureBundle struct{}
+
+// NewBundle returns a bundle with disabled transport security and no per rpc credential.
+func NewBundle() credentials.Bundle {
+	return insecureBundle{}
+}
+
+// NewWithMode returns a new insecure Bundle. The mode is ignored.
+func (insecureBundle) NewWithMode(string) (credentials.Bundle, error) {
+	return insecureBundle{}, nil
+}
+
+// PerRPCCredentials returns an nil implementation as insecure
+// bundle does not support a per rpc credential.
+func (insecureBundle) PerRPCCredentials() credentials.PerRPCCredentials {
+	return nil
+}
+
+// TransportCredentials returns the underlying insecure transport credential.
+func (insecureBundle) TransportCredentials() credentials.TransportCredentials {
+	return NewCredentials()
+}
diff --git a/vendor/google.golang.org/grpc/dialoptions.go b/vendor/google.golang.org/grpc/dialoptions.go
index 063f1e903c0..f2f605a17c4 100644
--- a/vendor/google.golang.org/grpc/dialoptions.go
+++ b/vendor/google.golang.org/grpc/dialoptions.go
@@ -20,12 +20,11 @@ package grpc
 
 import (
 	""context""
-	""fmt""
 	""net""
 	""time""
 
 	""google.golang.org/grpc/backoff""
-	""google.golang.org/grpc/balancer""
+	""google.golang.org/grpc/channelz""
 	""google.golang.org/grpc/credentials""
 	""google.golang.org/grpc/credentials/insecure""
 	""google.golang.org/grpc/internal""
@@ -45,19 +44,17 @@ type dialOptions struct {
 	chainUnaryInts  []UnaryClientInterceptor
 	chainStreamInts []StreamClientInterceptor
 
-	cp              Compressor
-	dc              Decompressor
-	bs              internalbackoff.Strategy
-	block           bool
-	returnLastError bool
-	timeout         time.Duration
-	scChan          <-chan ServiceConfig
-	authority       string
-	copts           transport.ConnectOptions
-	callOptions     []CallOption
-	// This is used by WithBalancerName dial option.
-	balancerBuilder             balancer.Builder
-	channelzParentID            int64
+	cp                          Compressor
+	dc                          Decompressor
+	bs                          internalbackoff.Strategy
+	block                       bool
+	returnLastError             bool
+	timeout                     time.Duration
+	scChan                      <-chan ServiceConfig
+	authority                   string
+	copts                       transport.ConnectOptions
+	callOptions                 []CallOption
+	channelzParentID            *channelz.Identifier
 	disableServiceConfig        bool
 	disableRetry                bool
 	disableHealthCheck          bool
@@ -195,25 +192,6 @@ func WithDecompressor(dc Decompressor) DialOption {
 	})
 }
 
-// WithBalancerName sets the balancer that the ClientConn will be initialized
-// with. Balancer registered with balancerName will be used. This function
-// panics if no balancer was registered by balancerName.
-//
-// The balancer cannot be overridden by balancer option specified by service
-// config.
-//
-// Deprecated: use WithDefaultServiceConfig and WithDisableServiceConfig
-// instead.  Will be removed in a future 1.x release.
-func WithBalancerName(balancerName string) DialOption {
-	builder := balancer.Get(balancerName)
-	if builder == nil {
-		panic(fmt.Sprintf(""grpc.WithBalancerName: no balancer is registered for name %v"", balancerName))
-	}
-	return newFuncDialOption(func(o *dialOptions) {
-		o.balancerBuilder = builder
-	})
-}
-
 // WithServiceConfig returns a DialOption which has a channel to read the
 // service configuration.
 //
@@ -272,7 +250,7 @@ func withBackoff(bs internalbackoff.Strategy) DialOption {
 	})
 }
 
-// WithBlock returns a DialOption which makes caller of Dial blocks until the
+// WithBlock returns a DialOption which makes callers of Dial block until the
 // underlying connection is up. Without this, Dial returns immediately and
 // connecting the server happens in background.
 func WithBlock() DialOption {
@@ -304,8 +282,8 @@ func WithReturnConnectionError() DialOption {
 // WithCredentialsBundle or WithPerRPCCredentials) which require transport
 // security is incompatible and will cause grpc.Dial() to fail.
 //
-// Deprecated: use insecure.NewCredentials() instead.
-// Will be supported throughout 1.x.
+// Deprecated: use WithTransportCredentials and insecure.NewCredentials()
+// instead. Will be supported throughout 1.x.
 func WithInsecure() DialOption {
 	return newFuncDialOption(func(o *dialOptions) {
 		o.copts.TransportCredentials = insecure.NewCredentials()
@@ -498,7 +476,7 @@ func WithAuthority(a string) DialOption {
 //
 // Notice: This API is EXPERIMENTAL and may be changed or removed in a
 // later release.
-func WithChannelzParentID(id int64) DialOption {
+func WithChannelzParentID(id *channelz.Identifier) DialOption {
 	return newFuncDialOption(func(o *dialOptions) {
 		o.channelzParentID = id
 	})
diff --git a/vendor/google.golang.org/grpc/grpclog/loggerv2.go b/vendor/google.golang.org/grpc/grpclog/loggerv2.go
index 34098bb8eb5..7c1f6640903 100644
--- a/vendor/google.golang.org/grpc/grpclog/loggerv2.go
+++ b/vendor/google.golang.org/grpc/grpclog/loggerv2.go
@@ -248,12 +248,12 @@ func (g *loggerT) V(l int) bool {
 // later release.
 type DepthLoggerV2 interface {
 	LoggerV2
-	// InfoDepth logs to INFO log at the specified depth. Arguments are handled in the manner of fmt.Print.
+	// InfoDepth logs to INFO log at the specified depth. Arguments are handled in the manner of fmt.Println.
 	InfoDepth(depth int, args ...interface{})
-	// WarningDepth logs to WARNING log at the specified depth. Arguments are handled in the manner of fmt.Print.
+	// WarningDepth logs to WARNING log at the specified depth. Arguments are handled in the manner of fmt.Println.
 	WarningDepth(depth int, args ...interface{})
-	// ErrorDetph logs to ERROR log at the specified depth. Arguments are handled in the manner of fmt.Print.
+	// ErrorDepth logs to ERROR log at the specified depth. Arguments are handled in the manner of fmt.Println.
 	ErrorDepth(depth int, args ...interface{})
-	// FatalDepth logs to FATAL log at the specified depth. Arguments are handled in the manner of fmt.Print.
+	// FatalDepth logs to FATAL log at the specified depth. Arguments are handled in the manner of fmt.Println.
 	FatalDepth(depth int, args ...interface{})
 }
diff --git a/vendor/google.golang.org/grpc/interceptor.go b/vendor/google.golang.org/grpc/interceptor.go
index 668e0adcf0a..bb96ef57be8 100644
--- a/vendor/google.golang.org/grpc/interceptor.go
+++ b/vendor/google.golang.org/grpc/interceptor.go
@@ -72,9 +72,12 @@ type UnaryServerInfo struct {
 }
 
 // UnaryHandler defines the handler invoked by UnaryServerInterceptor to complete the normal
-// execution of a unary RPC. If a UnaryHandler returns an error, it should be produced by the
-// status package, or else gRPC will use codes.Unknown as the status code and err.Error() as
-// the status message of the RPC.
+// execution of a unary RPC.
+//
+// If a UnaryHandler returns an error, it should either be produced by the
+// status package, or be one of the context errors. Otherwise, gRPC will use
+// codes.Unknown as the status code and err.Error() as the status message of the
+// RPC.
 type UnaryHandler func(ctx context.Context, req interface{}) (interface{}, error)
 
 // UnaryServerInterceptor provides a hook to intercept the execution of a unary RPC on the server. info
diff --git a/vendor/google.golang.org/grpc/internal/balancer/gracefulswitch/gracefulswitch.go b/vendor/google.golang.org/grpc/internal/balancer/gracefulswitch/gracefulswitch.go
new file mode 100644
index 00000000000..7ba8f4d1831
--- /dev/null
+++ b/vendor/google.golang.org/grpc/internal/balancer/gracefulswitch/gracefulswitch.go
@@ -0,0 +1,382 @@
+/*
+ *
+ * Copyright 2022 gRPC authors.
+ *
+ * Licensed under the Apache License, Version 2.0 (the ""License"");
+ * you may not use this file except in compliance with the License.
+ * You may obtain a copy of the License at
+ *
+ *     http://www.apache.org/licenses/LICENSE-2.0
+ *
+ * Unless required by applicable law or agreed to in writing, software
+ * distributed under the License is distributed on an ""AS IS"" BASIS,
+ * WITHOUT WARRANTIES OR CONDITIONS OF ANY KIND, either express or implied.
+ * See the License for the specific language governing permissions and
+ * limitations under the License.
+ *
+ */
+
+// Package gracefulswitch implements a graceful switch load balancer.
+package gracefulswitch
+
+import (
+	""errors""
+	""fmt""
+	""sync""
+
+	""google.golang.org/grpc/balancer""
+	""google.golang.org/grpc/balancer/base""
+	""google.golang.org/grpc/connectivity""
+	""google.golang.org/grpc/resolver""
+)
+
+var errBalancerClosed = errors.New(""gracefulSwitchBalancer is closed"")
+var _ balancer.Balancer = (*Balancer)(nil)
+
+// NewBalancer returns a graceful switch Balancer.
+func NewBalancer(cc balancer.ClientConn, opts balancer.BuildOptions) *Balancer {
+	return &Balancer{
+		cc:    cc,
+		bOpts: opts,
+	}
+}
+
+// Balancer is a utility to gracefully switch from one balancer to
+// a new balancer. It implements the balancer.Balancer interface.
+type Balancer struct {
+	bOpts balancer.BuildOptions
+	cc    balancer.ClientConn
+
+	// mu protects the following fields and all fields within balancerCurrent
+	// and balancerPending. mu does not need to be held when calling into the
+	// child balancers, as all calls into these children happen only as a direct
+	// result of a call into the gracefulSwitchBalancer, which are also
+	// guaranteed to be synchronous. There is one exception: an UpdateState call
+	// from a child balancer when current and pending are populated can lead to
+	// calling Close() on the current. To prevent that racing with an
+	// UpdateSubConnState from the channel, we hold currentMu during Close and
+	// UpdateSubConnState calls.
+	mu              sync.Mutex
+	balancerCurrent *balancerWrapper
+	balancerPending *balancerWrapper
+	closed          bool // set to true when this balancer is closed
+
+	// currentMu must be locked before mu. This mutex guards against this
+	// sequence of events: UpdateSubConnState() called, finds the
+	// balancerCurrent, gives up lock, updateState comes in, causes Close() on
+	// balancerCurrent before the UpdateSubConnState is called on the
+	// balancerCurrent.
+	currentMu sync.Mutex
+}
+
+// swap swaps out the current lb with the pending lb and updates the ClientConn.
+// The caller must hold gsb.mu.
+func (gsb *Balancer) swap() {
+	gsb.cc.UpdateState(gsb.balancerPending.lastState)
+	cur := gsb.balancerCurrent
+	gsb.balancerCurrent = gsb.balancerPending
+	gsb.balancerPending = nil
+	go func() {
+		gsb.currentMu.Lock()
+		defer gsb.currentMu.Unlock()
+		cur.Close()
+	}()
+}
+
+// Helper function that checks if the balancer passed in is current or pending.
+// The caller must hold gsb.mu.
+func (gsb *Balancer) balancerCurrentOrPending(bw *balancerWrapper) bool {
+	return bw == gsb.balancerCurrent || bw == gsb.balancerPending
+}
+
+// SwitchTo initializes the graceful switch process, which completes based on
+// connectivity state changes on the current/pending balancer. Thus, the switch
+// process is not complete when this method returns. This method must be called
+// synchronously alongside the rest of the balancer.Balancer methods this
+// Graceful Switch Balancer implements.
+func (gsb *Balancer) SwitchTo(builder balancer.Builder) error {
+	gsb.mu.Lock()
+	if gsb.closed {
+		gsb.mu.Unlock()
+		return errBalancerClosed
+	}
+	bw := &balancerWrapper{
+		gsb: gsb,
+		lastState: balancer.State{
+			ConnectivityState: connectivity.Connecting,
+			Picker:            base.NewErrPicker(balancer.ErrNoSubConnAvailable),
+		},
+		subconns: make(map[balancer.SubConn]bool),
+	}
+	balToClose := gsb.balancerPending // nil if there is no pending balancer
+	if gsb.balancerCurrent == nil {
+		gsb.balancerCurrent = bw
+	} else {
+		gsb.balancerPending = bw
+	}
+	gsb.mu.Unlock()
+	balToClose.Close()
+	// This function takes a builder instead of a balancer because builder.Build
+	// can call back inline, and this utility needs to handle the callbacks.
+	newBalancer := builder.Build(bw, gsb.bOpts)
+	if newBalancer == nil {
+		// This is illegal and should never happen; we clear the balancerWrapper
+		// we were constructing if it happens to avoid a potential panic.
+		gsb.mu.Lock()
+		if gsb.balancerPending != nil {
+			gsb.balancerPending = nil
+		} else {
+			gsb.balancerCurrent = nil
+		}
+		gsb.mu.Unlock()
+		return balancer.ErrBadResolverState
+	}
+
+	// This write doesn't need to take gsb.mu because this field never gets read
+	// or written to on any calls from the current or pending. Calls from grpc
+	// to this balancer are guaranteed to be called synchronously, so this
+	// bw.Balancer field will never be forwarded to until this SwitchTo()
+	// function returns.
+	bw.Balancer = newBalancer
+	return nil
+}
+
+// Returns nil if the graceful switch balancer is closed.
+func (gsb *Balancer) latestBalancer() *balancerWrapper {
+	gsb.mu.Lock()
+	defer gsb.mu.Unlock()
+	if gsb.balancerPending != nil {
+		return gsb.balancerPending
+	}
+	return gsb.balancerCurrent
+}
+
+// UpdateClientConnState forwards the update to the latest balancer created.
+func (gsb *Balancer) UpdateClientConnState(state balancer.ClientConnState) error {
+	// The resolver data is only relevant to the most recent LB Policy.
+	balToUpdate := gsb.latestBalancer()
+	if balToUpdate == nil {
+		return errBalancerClosed
+	}
+	// Perform this call without gsb.mu to prevent deadlocks if the child calls
+	// back into the channel. The latest balancer can never be closed during a
+	// call from the channel, even without gsb.mu held.
+	return balToUpdate.UpdateClientConnState(state)
+}
+
+// ResolverError forwards the error to the latest balancer created.
+func (gsb *Balancer) ResolverError(err error) {
+	// The resolver data is only relevant to the most recent LB Policy.
+	balToUpdate := gsb.latestBalancer()
+	if balToUpdate == nil {
+		return
+	}
+	// Perform this call without gsb.mu to prevent deadlocks if the child calls
+	// back into the channel. The latest balancer can never be closed during a
+	// call from the channel, even without gsb.mu held.
+	balToUpdate.ResolverError(err)
+}
+
+// ExitIdle forwards the call to the latest balancer created.
+//
+// If the latest balancer does not support ExitIdle, the subConns are
+// re-connected to manually.
+func (gsb *Balancer) ExitIdle() {
+	balToUpdate := gsb.latestBalancer()
+	if balToUpdate == nil {
+		return
+	}
+	// There is no need to protect this read with a mutex, as the write to the
+	// Balancer field happens in SwitchTo, which completes before this can be
+	// called.
+	if ei, ok := balToUpdate.Balancer.(balancer.ExitIdler); ok {
+		ei.ExitIdle()
+		return
+	}
+	for sc := range balToUpdate.subconns {
+		sc.Connect()
+	}
+}
+
+// UpdateSubConnState forwards the update to the appropriate child.
+func (gsb *Balancer) UpdateSubConnState(sc balancer.SubConn, state balancer.SubConnState) {
+	gsb.currentMu.Lock()
+	defer gsb.currentMu.Unlock()
+	gsb.mu.Lock()
+	// Forward update to the appropriate child.  Even if there is a pending
+	// balancer, the current balancer should continue to get SubConn updates to
+	// maintain the proper state while the pending is still connecting.
+	var balToUpdate *balancerWrapper
+	if gsb.balancerCurrent != nil && gsb.balancerCurrent.subconns[sc] {
+		balToUpdate = gsb.balancerCurrent
+	} else if gsb.balancerPending != nil && gsb.balancerPending.subconns[sc] {
+		balToUpdate = gsb.balancerPending
+	}
+	gsb.mu.Unlock()
+	if balToUpdate == nil {
+		// SubConn belonged to a stale lb policy that has not yet fully closed,
+		// or the balancer was already closed.
+		return
+	}
+	balToUpdate.UpdateSubConnState(sc, state)
+}
+
+// Close closes any active child balancers.
+func (gsb *Balancer) Close() {
+	gsb.mu.Lock()
+	gsb.closed = true
+	currentBalancerToClose := gsb.balancerCurrent
+	gsb.balancerCurrent = nil
+	pendingBalancerToClose := gsb.balancerPending
+	gsb.balancerPending = nil
+	gsb.mu.Unlock()
+
+	currentBalancerToClose.Close()
+	pendingBalancerToClose.Close()
+}
+
+// balancerWrapper wraps a balancer.Balancer, and overrides some Balancer
+// methods to help cleanup SubConns created by the wrapped balancer.
+//
+// It implements the balancer.ClientConn interface and is passed down in that
+// capacity to the wrapped balancer. It maintains a set of subConns created by
+// the wrapped balancer and calls from the latter to create/update/remove
+// SubConns update this set before being forwarded to the parent ClientConn.
+// State updates from the wrapped balancer can result in invocation of the
+// graceful switch logic.
+type balancerWrapper struct {
+	balancer.Balancer
+	gsb *Balancer
+
+	lastState balancer.State
+	subconns  map[balancer.SubConn]bool // subconns created by this balancer
+}
+
+func (bw *balancerWrapper) UpdateSubConnState(sc balancer.SubConn, state balancer.SubConnState) {
+	if state.ConnectivityState == connectivity.Shutdown {
+		bw.gsb.mu.Lock()
+		delete(bw.subconns, sc)
+		bw.gsb.mu.Unlock()
+	}
+	// There is no need to protect this read with a mutex, as the write to the
+	// Balancer field happens in SwitchTo, which completes before this can be
+	// called.
+	bw.Balancer.UpdateSubConnState(sc, state)
+}
+
+// Close closes the underlying LB policy and removes the subconns it created. bw
+// must not be referenced via balancerCurrent or balancerPending in gsb when
+// called. gsb.mu must not be held.  Does not panic with a nil receiver.
+func (bw *balancerWrapper) Close() {
+	// before Close is called.
+	if bw == nil {
+		return
+	}
+	// There is no need to protect this read with a mutex, as Close() is
+	// impossible to be called concurrently with the write in SwitchTo(). The
+	// callsites of Close() for this balancer in Graceful Switch Balancer will
+	// never be called until SwitchTo() returns.
+	bw.Balancer.Close()
+	bw.gsb.mu.Lock()
+	for sc := range bw.subconns {
+		bw.gsb.cc.RemoveSubConn(sc)
+	}
+	bw.gsb.mu.Unlock()
+}
+
+func (bw *balancerWrapper) UpdateState(state balancer.State) {
+	// Hold the mutex for this entire call to ensure it cannot occur
+	// concurrently with other updateState() calls. This causes updates to
+	// lastState and calls to cc.UpdateState to happen atomically.
+	bw.gsb.mu.Lock()
+	defer bw.gsb.mu.Unlock()
+	bw.lastState = state
+
+	if !bw.gsb.balancerCurrentOrPending(bw) {
+		return
+	}
+
+	if bw == bw.gsb.balancerCurrent {
+		// In the case that the current balancer exits READY, and there is a pending
+		// balancer, you can forward the pending balancer's cached State up to
+		// ClientConn and swap the pending into the current. This is because there
+		// is no reason to gracefully switch from and keep using the old policy as
+		// the ClientConn is not connected to any backends.
+		if state.ConnectivityState != connectivity.Ready && bw.gsb.balancerPending != nil {
+			bw.gsb.swap()
+			return
+		}
+		// Even if there is a pending balancer waiting to be gracefully switched to,
+		// continue to forward current balancer updates to the Client Conn. Ignoring
+		// state + picker from the current would cause undefined behavior/cause the
+		// system to behave incorrectly from the current LB policies perspective.
+		// Also, the current LB is still being used by grpc to choose SubConns per
+		// RPC, and thus should use the most updated form of the current balancer.
+		bw.gsb.cc.UpdateState(state)
+		return
+	}
+	// This method is now dealing with a state update from the pending balancer.
+	// If the current balancer is currently in a state other than READY, the new
+	// policy can be swapped into place immediately. This is because there is no
+	// reason to gracefully switch from and keep using the old policy as the
+	// ClientConn is not connected to any backends.
+	if state.ConnectivityState != connectivity.Connecting || bw.gsb.balancerCurrent.lastState.ConnectivityState != connectivity.Ready {
+		bw.gsb.swap()
+	}
+}
+
+func (bw *balancerWrapper) NewSubConn(addrs []resolver.Address, opts balancer.NewSubConnOptions) (balancer.SubConn, error) {
+	bw.gsb.mu.Lock()
+	if !bw.gsb.balancerCurrentOrPending(bw) {
+		bw.gsb.mu.Unlock()
+		return nil, fmt.Errorf(""%T at address %p that called NewSubConn is deleted"", bw, bw)
+	}
+	bw.gsb.mu.Unlock()
+
+	sc, err := bw.gsb.cc.NewSubConn(addrs, opts)
+	if err != nil {
+		return nil, err
+	}
+	bw.gsb.mu.Lock()
+	if !bw.gsb.balancerCurrentOrPending(bw) { // balancer was closed during this call
+		bw.gsb.cc.RemoveSubConn(sc)
+		bw.gsb.mu.Unlock()
+		return nil, fmt.Errorf(""%T at address %p that called NewSubConn is deleted"", bw, bw)
+	}
+	bw.subconns[sc] = true
+	bw.gsb.mu.Unlock()
+	return sc, nil
+}
+
+func (bw *balancerWrapper) ResolveNow(opts resolver.ResolveNowOptions) {
+	// Ignore ResolveNow requests from anything other than the most recent
+	// balancer, because older balancers were already removed from the config.
+	if bw != bw.gsb.latestBalancer() {
+		return
+	}
+	bw.gsb.cc.ResolveNow(opts)
+}
+
+func (bw *balancerWrapper) RemoveSubConn(sc balancer.SubConn) {
+	bw.gsb.mu.Lock()
+	if !bw.gsb.balancerCurrentOrPending(bw) {
+		bw.gsb.mu.Unlock()
+		return
+	}
+	bw.gsb.mu.Unlock()
+	bw.gsb.cc.RemoveSubConn(sc)
+}
+
+func (bw *balancerWrapper) UpdateAddresses(sc balancer.SubConn, addrs []resolver.Address) {
+	bw.gsb.mu.Lock()
+	if !bw.gsb.balancerCurrentOrPending(bw) {
+		bw.gsb.mu.Unlock()
+		return
+	}
+	bw.gsb.mu.Unlock()
+	bw.gsb.cc.UpdateAddresses(sc, addrs)
+}
+
+func (bw *balancerWrapper) Target() string {
+	return bw.gsb.cc.Target()
+}
diff --git a/vendor/google.golang.org/grpc/internal/binarylog/binarylog.go b/vendor/google.golang.org/grpc/internal/binarylog/binarylog.go
index 5cc3aeddb21..0a25ce43f3f 100644
--- a/vendor/google.golang.org/grpc/internal/binarylog/binarylog.go
+++ b/vendor/google.golang.org/grpc/internal/binarylog/binarylog.go
@@ -31,7 +31,7 @@ import (
 // Logger is the global binary logger. It can be used to get binary logger for
 // each method.
 type Logger interface {
-	getMethodLogger(methodName string) *MethodLogger
+	GetMethodLogger(methodName string) MethodLogger
 }
 
 // binLogger is the global binary logger for the binary. One of this should be
@@ -49,17 +49,24 @@ func SetLogger(l Logger) {
 	binLogger = l
 }
 
+// GetLogger gets the binarg logger.
+//
+// Only call this at init time.
+func GetLogger() Logger {
+	return binLogger
+}
+
 // GetMethodLogger returns the methodLogger for the given methodName.
 //
 // methodName should be in the format of ""/service/method"".
 //
 // Each methodLogger returned by this method is a new instance. This is to
 // generate sequence id within the call.
-func GetMethodLogger(methodName string) *MethodLogger {
+func GetMethodLogger(methodName string) MethodLogger {
 	if binLogger == nil {
 		return nil
 	}
-	return binLogger.getMethodLogger(methodName)
+	return binLogger.GetMethodLogger(methodName)
 }
 
 func init() {
@@ -68,17 +75,29 @@ func init() {
 	binLogger = NewLoggerFromConfigString(configStr)
 }
 
-type methodLoggerConfig struct {
+// MethodLoggerConfig contains the setting for logging behavior of a method
+// logger. Currently, it contains the max length of header and message.
+type MethodLoggerConfig struct {
 	// Max length of header and message.
-	hdr, msg uint64
+	Header, Message uint64
+}
+
+// LoggerConfig contains the config for loggers to create method loggers.
+type LoggerConfig struct {
+	All      *MethodLoggerConfig
+	Services map[string]*MethodLoggerConfig
+	Methods  map[string]*MethodLoggerConfig
+
+	Blacklist map[string]struct{}
 }
 
 type logger struct {
-	all      *methodLoggerConfig
-	services map[string]*methodLoggerConfig
-	methods  map[string]*methodLoggerConfig
+	config LoggerConfig
+}
 
-	blacklist map[string]struct{}
+// NewLoggerFromConfig builds a logger with the given LoggerConfig.
+func NewLoggerFromConfig(config LoggerConfig) Logger {
+	return &logger{config: config}
 }
 
 // newEmptyLogger creates an empty logger. The map fields need to be filled in
@@ -88,57 +107,57 @@ func newEmptyLogger() *logger {
 }
 
 // Set method logger for ""*"".
-func (l *logger) setDefaultMethodLogger(ml *methodLoggerConfig) error {
-	if l.all != nil {
+func (l *logger) setDefaultMethodLogger(ml *MethodLoggerConfig) error {
+	if l.config.All != nil {
 		return fmt.Errorf(""conflicting global rules found"")
 	}
-	l.all = ml
+	l.config.All = ml
 	return nil
 }
 
 // Set method logger for ""service/*"".
 //
 // New methodLogger with same service overrides the old one.
-func (l *logger) setServiceMethodLogger(service string, ml *methodLoggerConfig) error {
-	if _, ok := l.services[service]; ok {
+func (l *logger) setServiceMethodLogger(service string, ml *MethodLoggerConfig) error {
+	if _, ok := l.config.Services[service]; ok {
 		return fmt.Errorf(""conflicting service rules for service %v found"", service)
 	}
-	if l.services == nil {
-		l.services = make(map[string]*methodLoggerConfig)
+	if l.config.Services == nil {
+		l.config.Services = make(map[string]*MethodLoggerConfig)
 	}
-	l.services[service] = ml
+	l.config.Services[service] = ml
 	return nil
 }
 
 // Set method logger for ""service/method"".
 //
 // New methodLogger with same method overrides the old one.
-func (l *logger) setMethodMethodLogger(method string, ml *methodLoggerConfig) error {
-	if _, ok := l.blacklist[method]; ok {
+func (l *logger) setMethodMethodLogger(method string, ml *MethodLoggerConfig) error {
+	if _, ok := l.config.Blacklist[method]; ok {
 		return fmt.Errorf(""conflicting blacklist rules for method %v found"", method)
 	}
-	if _, ok := l.methods[method]; ok {
+	if _, ok := l.config.Methods[method]; ok {
 		return fmt.Errorf(""conflicting method rules for method %v found"", method)
 	}
-	if l.methods == nil {
-		l.methods = make(map[string]*methodLoggerConfig)
+	if l.config.Methods == nil {
+		l.config.Methods = make(map[string]*MethodLoggerConfig)
 	}
-	l.methods[method] = ml
+	l.config.Methods[method] = ml
 	return nil
 }
 
 // Set blacklist method for ""-service/method"".
 func (l *logger) setBlacklist(method string) error {
-	if _, ok := l.blacklist[method]; ok {
+	if _, ok := l.config.Blacklist[method]; ok {
 		return fmt.Errorf(""conflicting blacklist rules for method %v found"", method)
 	}
-	if _, ok := l.methods[method]; ok {
+	if _, ok := l.config.Methods[method]; ok {
 		return fmt.Errorf(""conflicting method rules for method %v found"", method)
 	}
-	if l.blacklist == nil {
-		l.blacklist = make(map[string]struct{})
+	if l.config.Blacklist == nil {
+		l.config.Blacklist = make(map[string]struct{})
 	}
-	l.blacklist[method] = struct{}{}
+	l.config.Blacklist[method] = struct{}{}
 	return nil
 }
 
@@ -148,23 +167,23 @@ func (l *logger) setBlacklist(method string) error {
 //
 // Each methodLogger returned by this method is a new instance. This is to
 // generate sequence id within the call.
-func (l *logger) getMethodLogger(methodName string) *MethodLogger {
+func (l *logger) GetMethodLogger(methodName string) MethodLogger {
 	s, m, err := grpcutil.ParseMethod(methodName)
 	if err != nil {
 		grpclogLogger.Infof(""binarylogging: failed to parse %q: %v"", methodName, err)
 		return nil
 	}
-	if ml, ok := l.methods[s+""/""+m]; ok {
-		return newMethodLogger(ml.hdr, ml.msg)
+	if ml, ok := l.config.Methods[s+""/""+m]; ok {
+		return newMethodLogger(ml.Header, ml.Message)
 	}
-	if _, ok := l.blacklist[s+""/""+m]; ok {
+	if _, ok := l.config.Blacklist[s+""/""+m]; ok {
 		return nil
 	}
-	if ml, ok := l.services[s]; ok {
-		return newMethodLogger(ml.hdr, ml.msg)
+	if ml, ok := l.config.Services[s]; ok {
+		return newMethodLogger(ml.Header, ml.Message)
 	}
-	if l.all == nil {
+	if l.config.All == nil {
 		return nil
 	}
-	return newMethodLogger(l.all.hdr, l.all.msg)
+	return newMethodLogger(l.config.All.Header, l.config.All.Message)
 }
diff --git a/vendor/google.golang.org/grpc/internal/binarylog/env_config.go b/vendor/google.golang.org/grpc/internal/binarylog/env_config.go
index d8f4e7602fd..ab589a76bf9 100644
--- a/vendor/google.golang.org/grpc/internal/binarylog/env_config.go
+++ b/vendor/google.golang.org/grpc/internal/binarylog/env_config.go
@@ -89,7 +89,7 @@ func (l *logger) fillMethodLoggerWithConfigString(config string) error {
 		if err != nil {
 			return fmt.Errorf(""invalid config: %q, %v"", config, err)
 		}
-		if err := l.setDefaultMethodLogger(&methodLoggerConfig{hdr: hdr, msg: msg}); err != nil {
+		if err := l.setDefaultMethodLogger(&MethodLoggerConfig{Header: hdr, Message: msg}); err != nil {
 			return fmt.Errorf(""invalid config: %v"", err)
 		}
 		return nil
@@ -104,11 +104,11 @@ func (l *logger) fillMethodLoggerWithConfigString(config string) error {
 		return fmt.Errorf(""invalid header/message length config: %q, %v"", suffix, err)
 	}
 	if m == ""*"" {
-		if err := l.setServiceMethodLogger(s, &methodLoggerConfig{hdr: hdr, msg: msg}); err != nil {
+		if err := l.setServiceMethodLogger(s, &MethodLoggerConfig{Header: hdr, Message: msg}); err != nil {
 			return fmt.Errorf(""invalid config: %v"", err)
 		}
 	} else {
-		if err := l.setMethodMethodLogger(s+""/""+m, &methodLoggerConfig{hdr: hdr, msg: msg}); err != nil {
+		if err := l.setMethodMethodLogger(s+""/""+m, &MethodLoggerConfig{Header: hdr, Message: msg}); err != nil {
 			return fmt.Errorf(""invalid config: %v"", err)
 		}
 	}
diff --git a/vendor/google.golang.org/grpc/internal/binarylog/method_logger.go b/vendor/google.golang.org/grpc/internal/binarylog/method_logger.go
index 0cdb4183150..24df0a1a0c4 100644
--- a/vendor/google.golang.org/grpc/internal/binarylog/method_logger.go
+++ b/vendor/google.golang.org/grpc/internal/binarylog/method_logger.go
@@ -48,7 +48,11 @@ func (g *callIDGenerator) reset() {
 var idGen callIDGenerator
 
 // MethodLogger is the sub-logger for each method.
-type MethodLogger struct {
+type MethodLogger interface {
+	Log(LogEntryConfig)
+}
+
+type methodLogger struct {
 	headerMaxLen, messageMaxLen uint64
 
 	callID          uint64
@@ -57,8 +61,8 @@ type MethodLogger struct {
 	sink Sink // TODO(blog): make this plugable.
 }
 
-func newMethodLogger(h, m uint64) *MethodLogger {
-	return &MethodLogger{
+func newMethodLogger(h, m uint64) *methodLogger {
+	return &methodLogger{
 		headerMaxLen:  h,
 		messageMaxLen: m,
 
@@ -69,8 +73,10 @@ func newMethodLogger(h, m uint64) *MethodLogger {
 	}
 }
 
-// Log creates a proto binary log entry, and logs it to the sink.
-func (ml *MethodLogger) Log(c LogEntryConfig) {
+// Build is an internal only method for building the proto message out of the
+// input event. It's made public to enable other library to reuse as much logic
+// in methodLogger as possible.
+func (ml *methodLogger) Build(c LogEntryConfig) *pb.GrpcLogEntry {
 	m := c.toProto()
 	timestamp, _ := ptypes.TimestampProto(time.Now())
 	m.Timestamp = timestamp
@@ -85,11 +91,15 @@ func (ml *MethodLogger) Log(c LogEntryConfig) {
 	case *pb.GrpcLogEntry_Message:
 		m.PayloadTruncated = ml.truncateMessage(pay.Message)
 	}
+	return m
+}
 
-	ml.sink.Write(m)
+// Log creates a proto binary log entry, and logs it to the sink.
+func (ml *methodLogger) Log(c LogEntryConfig) {
+	ml.sink.Write(ml.Build(c))
 }
 
-func (ml *MethodLogger) truncateMetadata(mdPb *pb.Metadata) (truncated bool) {
+func (ml *methodLogger) truncateMetadata(mdPb *pb.Metadata) (truncated bool) {
 	if ml.headerMaxLen == maxUInt {
 		return false
 	}
@@ -119,7 +129,7 @@ func (ml *MethodLogger) truncateMetadata(mdPb *pb.Metadata) (truncated bool) {
 	return truncated
 }
 
-func (ml *MethodLogger) truncateMessage(msgPb *pb.Message) (truncated bool) {
+func (ml *methodLogger) truncateMessage(msgPb *pb.Message) (truncated bool) {
 	if ml.messageMaxLen == maxUInt {
 		return false
 	}
diff --git a/vendor/google.golang.org/grpc/internal/channelz/funcs.go b/vendor/google.golang.org/grpc/internal/channelz/funcs.go
index cd1807543ee..777cbcd7921 100644
--- a/vendor/google.golang.org/grpc/internal/channelz/funcs.go
+++ b/vendor/google.golang.org/grpc/internal/channelz/funcs.go
@@ -24,6 +24,8 @@
 package channelz
 
 import (
+	""context""
+	""errors""
 	""fmt""
 	""sort""
 	""sync""
@@ -49,7 +51,8 @@ var (
 // TurnOn turns on channelz data collection.
 func TurnOn() {
 	if !IsOn() {
-		NewChannelzStorage()
+		db.set(newChannelMap())
+		idGen.reset()
 		atomic.StoreInt32(&curState, 1)
 	}
 }
@@ -94,46 +97,40 @@ func (d *dbWrapper) get() *channelMap {
 	return d.DB
 }
 
-// NewChannelzStorage initializes channelz data storage and id generator.
+// NewChannelzStorageForTesting initializes channelz data storage and id
+// generator for testing purposes.
 //
-// This function returns a cleanup function to wait for all channelz state to be reset by the
-// grpc goroutines when those entities get closed. By using this cleanup function, we make sure tests
-// don't mess up each other, i.e. lingering goroutine from previous test doing entity removal happen
-// to remove some entity just register by the new test, since the id space is the same.
-//
-// Note: This function is exported for testing purpose only. User should not call
-// it in most cases.
-func NewChannelzStorage() (cleanup func() error) {
-	db.set(&channelMap{
-		topLevelChannels: make(map[int64]struct{}),
-		channels:         make(map[int64]*channel),
-		listenSockets:    make(map[int64]*listenSocket),
-		normalSockets:    make(map[int64]*normalSocket),
-		servers:          make(map[int64]*server),
-		subChannels:      make(map[int64]*subChannel),
-	})
+// Returns a cleanup function to be invoked by the test, which waits for up to
+// 10s for all channelz state to be reset by the grpc goroutines when those
+// entities get closed. This cleanup function helps with ensuring that tests
+// don't mess up each other.
+func NewChannelzStorageForTesting() (cleanup func() error) {
+	db.set(newChannelMap())
 	idGen.reset()
+
 	return func() error {
-		var err error
 		cm := db.get()
 		if cm == nil {
 			return nil
 		}
-		for i := 0; i < 1000; i++ {
-			cm.mu.Lock()
-			if len(cm.topLevelChannels) == 0 && len(cm.servers) == 0 && len(cm.channels) == 0 && len(cm.subChannels) == 0 && len(cm.listenSockets) == 0 && len(cm.normalSockets) == 0 {
-				cm.mu.Unlock()
-				// all things stored in the channelz map have been cleared.
+
+		ctx, cancel := context.WithTimeout(context.Background(), 10*time.Second)
+		defer cancel()
+		ticker := time.NewTicker(10 * time.Millisecond)
+		defer ticker.Stop()
+		for {
+			cm.mu.RLock()
+			topLevelChannels, servers, channels, subChannels, listenSockets, normalSockets := len(cm.topLevelChannels), len(cm.servers), len(cm.channels), len(cm.subChannels), len(cm.listenSockets), len(cm.normalSockets)
+			cm.mu.RUnlock()
+
+			if err := ctx.Err(); err != nil {
+				return fmt.Errorf(""after 10s the channelz map has not been cleaned up yet, topchannels: %d, servers: %d, channels: %d, subchannels: %d, listen sockets: %d, normal sockets: %d"", topLevelChannels, servers, channels, subChannels, listenSockets, normalSockets)
+			}
+			if topLevelChannels == 0 && servers == 0 && channels == 0 && subChannels == 0 && listenSockets == 0 && normalSockets == 0 {
 				return nil
 			}
-			cm.mu.Unlock()
-			time.Sleep(10 * time.Millisecond)
+			<-ticker.C
 		}
-
-		cm.mu.Lock()
-		err = fmt.Errorf(""after 10s the channelz map has not been cleaned up yet, topchannels: %d, servers: %d, channels: %d, subchannels: %d, listen sockets: %d, normal sockets: %d"", len(cm.topLevelChannels), len(cm.servers), len(cm.channels), len(cm.subChannels), len(cm.listenSockets), len(cm.normalSockets))
-		cm.mu.Unlock()
-		return err
 	}
 }
 
@@ -188,54 +185,77 @@ func GetServer(id int64) *ServerMetric {
 	return db.get().GetServer(id)
 }
 
-// RegisterChannel registers the given channel c in channelz database with ref
-// as its reference name, and add it to the child list of its parent (identified
-// by pid). pid = 0 means no parent. It returns the unique channelz tracking id
-// assigned to this channel.
-func RegisterChannel(c Channel, pid int64, ref string) int64 {
+// RegisterChannel registers the given channel c in the channelz database with
+// ref as its reference name, and adds it to the child list of its parent
+// (identified by pid). pid == nil means no parent.
+//
+// Returns a unique channelz identifier assigned to this channel.
+//
+// If channelz is not turned ON, the channelz database is not mutated.
+func RegisterChannel(c Channel, pid *Identifier, ref string) *Identifier {
 	id := idGen.genID()
+	var parent int64
+	isTopChannel := true
+	if pid != nil {
+		isTopChannel = false
+		parent = pid.Int()
+	}
+
+	if !IsOn() {
+		return newIdentifer(RefChannel, id, pid)
+	}
+
 	cn := &channel{
 		refName:     ref,
 		c:           c,
 		subChans:    make(map[int64]string),
 		nestedChans: make(map[int64]string),
 		id:          id,
-		pid:         pid,
+		pid:         parent,
 		trace:       &channelTrace{createdTime: time.Now(), events: make([]*TraceEvent, 0, getMaxTraceEntry())},
 	}
-	if pid == 0 {
-		db.get().addChannel(id, cn, true, pid)
-	} else {
-		db.get().addChannel(id, cn, false, pid)
-	}
-	return id
+	db.get().addChannel(id, cn, isTopChannel, parent)
+	return newIdentifer(RefChannel, id, pid)
 }
 
-// RegisterSubChannel registers the given channel c in channelz database with ref
-// as its reference name, and add it to the child list of its parent (identified
-// by pid). It returns the unique channelz tracking id assigned to this subchannel.
-func RegisterSubChannel(c Channel, pid int64, ref string) int64 {
-	if pid == 0 {
-		logger.Error(""a SubChannel's parent id cannot be 0"")
-		return 0
+// RegisterSubChannel registers the given subChannel c in the channelz database
+// with ref as its reference name, and adds it to the child list of its parent
+// (identified by pid).
+//
+// Returns a unique channelz identifier assigned to this subChannel.
+//
+// If channelz is not turned ON, the channelz database is not mutated.
+func RegisterSubChannel(c Channel, pid *Identifier, ref string) (*Identifier, error) {
+	if pid == nil {
+		return nil, errors.New(""a SubChannel's parent id cannot be nil"")
 	}
 	id := idGen.genID()
+	if !IsOn() {
+		return newIdentifer(RefSubChannel, id, pid), nil
+	}
+
 	sc := &subChannel{
 		refName: ref,
 		c:       c,
 		sockets: make(map[int64]string),
 		id:      id,
-		pid:     pid,
+		pid:     pid.Int(),
 		trace:   &channelTrace{createdTime: time.Now(), events: make([]*TraceEvent, 0, getMaxTraceEntry())},
 	}
-	db.get().addSubChannel(id, sc, pid)
-	return id
+	db.get().addSubChannel(id, sc, pid.Int())
+	return newIdentifer(RefSubChannel, id, pid), nil
 }
 
 // RegisterServer registers the given server s in channelz database. It returns
 // the unique channelz tracking id assigned to this server.
-func RegisterServer(s Server, ref string) int64 {
+//
+// If channelz is not turned ON, the channelz database is not mutated.
+func RegisterServer(s Server, ref string) *Identifier {
 	id := idGen.genID()
+	if !IsOn() {
+		return newIdentifer(RefServer, id, nil)
+	}
+
 	svr := &server{
 		refName:       ref,
 		s:             s,
@@ -244,71 +264,92 @@ func RegisterServer(s Server, ref string) int64 {
 		id:            id,
 	}
 	db.get().addServer(id, svr)
-	return id
+	return newIdentifer(RefServer, id, nil)
 }
 
 // RegisterListenSocket registers the given listen socket s in channelz database
 // with ref as its reference name, and add it to the child list of its parent
 // (identified by pid). It returns the unique channelz tracking id assigned to
 // this listen socket.
-func RegisterListenSocket(s Socket, pid int64, ref string) int64 {
-	if pid == 0 {
-		logger.Error(""a ListenSocket's parent id cannot be 0"")
-		return 0
+//
+// If channelz is not turned ON, the channelz database is not mutated.
+func RegisterListenSocket(s Socket, pid *Identifier, ref string) (*Identifier, error) {
+	if pid == nil {
+		return nil, errors.New(""a ListenSocket's parent id cannot be 0"")
 	}
 	id := idGen.genID()
-	ls := &listenSocket{refName: ref, s: s, id: id, pid: pid}
-	db.get().addListenSocket(id, ls, pid)
-	return id
+	if !IsOn() {
+		return newIdentifer(RefListenSocket, id, pid), nil
+	}
+
+	ls := &listenSocket{refName: ref, s: s, id: id, pid: pid.Int()}
+	db.get().addListenSocket(id, ls, pid.Int())
+	return newIdentifer(RefListenSocket, id, pid), nil
 }
 
 // RegisterNormalSocket registers the given normal socket s in channelz database
-// with ref as its reference name, and add it to the child list of its parent
+// with ref as its reference name, and adds it to the child list of its parent
 // (identified by pid). It returns the unique channelz tracking id assigned to
 // this normal socket.
-func RegisterNormalSocket(s Socket, pid int64, ref string) int64 {
-	if pid == 0 {
-		logger.Error(""a NormalSocket's parent id cannot be 0"")
-		return 0
+//
+// If channelz is not turned ON, the channelz database is not mutated.
+func RegisterNormalSocket(s Socket, pid *Identifier, ref string) (*Identifier, error) {
+	if pid == nil {
+		return nil, errors.New(""a NormalSocket's parent id cannot be 0"")
 	}
 	id := idGen.genID()
-	ns := &normalSocket{refName: ref, s: s, id: id, pid: pid}
-	db.get().addNormalSocket(id, ns, pid)
-	return id
+	if !IsOn() {
+		return newIdentifer(RefNormalSocket, id, pid), nil
+	}
+
+	ns := &normalSocket{refName: ref, s: s, id: id, pid: pid.Int()}
+	db.get().addNormalSocket(id, ns, pid.Int())
+	return newIdentifer(RefNormalSocket, id, pid), nil
 }
 
 // RemoveEntry removes an entry with unique channelz tracking id to be id from
 // channelz database.
-func RemoveEntry(id int64) {
-	db.get().removeEntry(id)
+//
+// If channelz is not turned ON, this function is a no-op.
+func RemoveEntry(id *Identifier) {
+	if !IsOn() {
+		return
+	}
+	db.get().removeEntry(id.Int())
 }
 
-// TraceEventDesc is what the caller of AddTraceEvent should provide to describe the event to be added
-// to the channel trace.
-// The Parent field is optional. It is used for event that will be recorded in the entity's parent
-// trace also.
+// TraceEventDesc is what the caller of AddTraceEvent should provide to describe
+// the event to be added to the channel trace.
+//
+// The Parent field is optional. It is used for an event that will be recorded
+// in the entity's parent trace.
 type TraceEventDesc struct {
 	Desc     string
 	Severity Severity
 	Parent   *TraceEventDesc
 }
 
-// AddTraceEvent adds trace related to the entity with specified id, using the provided TraceEventDesc.
-func AddTraceEvent(l grpclog.DepthLoggerV2, id int64, depth int, desc *TraceEventDesc) {
-	for d := desc; d != nil; d = d.Parent {
-		switch d.Severity {
-		case CtUnknown, CtInfo:
-			l.InfoDepth(depth+1, d.Desc)
-		case CtWarning:
-			l.WarningDepth(depth+1, d.Desc)
-		case CtError:
-			l.ErrorDepth(depth+1, d.Desc)
-		}
+// AddTraceEvent adds trace related to the entity with specified id, using the
+// provided TraceEventDesc.
+//
+// If channelz is not turned ON, this will simply log the event descriptions.
+func AddTraceEvent(l grpclog.DepthLoggerV2, id *Identifier, depth int, desc *TraceEventDesc) {
+	// Log only the trace description associated with the bottom most entity.
+	switch desc.Severity {
+	case CtUnknown, CtInfo:
+		l.InfoDepth(depth+1, withParens(id)+desc.Desc)
+	case CtWarning:
+		l.WarningDepth(depth+1, withParens(id)+desc.Desc)
+	case CtError:
+		l.ErrorDepth(depth+1, withParens(id)+desc.Desc)
 	}
+
 	if getMaxTraceEntry() == 0 {
 		return
 	}
-	db.get().traceEvent(id, desc)
+	if IsOn() {
+		db.get().traceEvent(id.Int(), desc)
+	}
 }
 
 // channelMap is the storage data structure for channelz.
@@ -326,6 +367,17 @@ type channelMap struct {
 	normalSockets    map[int64]*normalSocket
 }
 
+func newChannelMap() *channelMap {
+	return &channelMap{
+		topLevelChannels: make(map[int64]struct{}),
+		channels:         make(map[int64]*channel),
+		listenSockets:    make(map[int64]*listenSocket),
+		normalSockets:    make(map[int64]*normalSocket),
+		servers:          make(map[int64]*server),
+		subChannels:      make(map[int64]*subChannel),
+	}
+}
+
 func (c *channelMap) addServer(id int64, s *server) {
 	c.mu.Lock()
 	s.cm = c
diff --git a/vendor/google.golang.org/grpc/internal/channelz/id.go b/vendor/google.golang.org/grpc/internal/channelz/id.go
new file mode 100644
index 00000000000..c9a27acd371
--- /dev/null
+++ b/vendor/google.golang.org/grpc/internal/channelz/id.go
@@ -0,0 +1,75 @@
+/*
+ *
+ * Copyright 2022 gRPC authors.
+ *
+ * Licensed under the Apache License, Version 2.0 (the ""License"");
+ * you may not use this file except in compliance with the License.
+ * You may obtain a copy of the License at
+ *
+ *     http://www.apache.org/licenses/LICENSE-2.0
+ *
+ * Unless required by applicable law or agreed to in writing, software
+ * distributed under the License is distributed on an ""AS IS"" BASIS,
+ * WITHOUT WARRANTIES OR CONDITIONS OF ANY KIND, either express or implied.
+ * See the License for the specific language governing permissions and
+ * limitations under the License.
+ *
+ */
+
+package channelz
+
+import ""fmt""
+
+// Identifier is an opaque identifier which uniquely identifies an entity in the
+// channelz database.
+type Identifier struct {
+	typ RefChannelType
+	id  int64
+	str string
+	pid *Identifier
+}
+
+// Type returns the entity type corresponding to id.
+func (id *Identifier) Type() RefChannelType {
+	return id.typ
+}
+
+// Int returns the integer identifier corresponding to id.
+func (id *Identifier) Int() int64 {
+	return id.id
+}
+
+// String returns a string representation of the entity corresponding to id.
+//
+// This includes some information about the parent as well. Examples:
+// Top-level channel: [Channel #channel-number]
+// Nested channel:    [Channel #parent-channel-number Channel #channel-number]
+// Sub channel:       [Channel #parent-channel SubChannel #subchannel-number]
+func (id *Identifier) String() string {
+	return id.str
+}
+
+// Equal returns true if other is the same as id.
+func (id *Identifier) Equal(other *Identifier) bool {
+	if (id != nil) != (other != nil) {
+		return false
+	}
+	if id == nil && other == nil {
+		return true
+	}
+	return id.typ == other.typ && id.id == other.id && id.pid == other.pid
+}
+
+// NewIdentifierForTesting returns a new opaque identifier to be used only for
+// testing purposes.
+func NewIdentifierForTesting(typ RefChannelType, id int64, pid *Identifier) *Identifier {
+	return newIdentifer(typ, id, pid)
+}
+
+func newIdentifer(typ RefChannelType, id int64, pid *Identifier) *Identifier {
+	str := fmt.Sprintf(""%s #%d"", typ, id)
+	if pid != nil {
+		str = fmt.Sprintf(""%s %s"", pid, str)
+	}
+	return &Identifier{typ: typ, id: id, str: str, pid: pid}
+}
diff --git a/vendor/google.golang.org/grpc/internal/channelz/logging.go b/vendor/google.golang.org/grpc/internal/channelz/logging.go
index b0013f9c886..8e13a3d2ce7 100644
--- a/vendor/google.golang.org/grpc/internal/channelz/logging.go
+++ b/vendor/google.golang.org/grpc/internal/channelz/logging.go
@@ -26,77 +26,54 @@ import (
 
 var logger = grpclog.Component(""channelz"")
 
+func withParens(id *Identifier) string {
+	return ""["" + id.String() + ""] ""
+}
+
 // Info logs and adds a trace event if channelz is on.
-func Info(l grpclog.DepthLoggerV2, id int64, args ...interface{}) {
-	if IsOn() {
-		AddTraceEvent(l, id, 1, &TraceEventDesc{
-			Desc:     fmt.Sprint(args...),
-			Severity: CtInfo,
-		})
-	} else {
-		l.InfoDepth(1, args...)
-	}
+func Info(l grpclog.DepthLoggerV2, id *Identifier, args ...interface{}) {
+	AddTraceEvent(l, id, 1, &TraceEventDesc{
+		Desc:     fmt.Sprint(args...),
+		Severity: CtInfo,
+	})
 }
 
 // Infof logs and adds a trace event if channelz is on.
-func Infof(l grpclog.DepthLoggerV2, id int64, format string, args ...interface{}) {
-	msg := fmt.Sprintf(format, args...)
-	if IsOn() {
-		AddTraceEvent(l, id, 1, &TraceEventDesc{
-			Desc:     msg,
-			Severity: CtInfo,
-		})
-	} else {
-		l.InfoDepth(1, msg)
-	}
+func Infof(l grpclog.DepthLoggerV2, id *Identifier, format string, args ...interface{}) {
+	AddTraceEvent(l, id, 1, &TraceEventDesc{
+		Desc:     fmt.Sprintf(format, args...),
+		Severity: CtInfo,
+	})
 }
 
 // Warning logs and adds a trace event if channelz is on.
-func Warning(l grpclog.DepthLoggerV2, id int64, args ...interface{}) {
-	if IsOn() {
-		AddTraceEvent(l, id, 1, &TraceEventDesc{
-			Desc:     fmt.Sprint(args...),
-			Severity: CtWarning,
-		})
-	} else {
-		l.WarningDepth(1, args...)
-	}
+func Warning(l grpclog.DepthLoggerV2, id *Identifier, args ...interface{}) {
+	AddTraceEvent(l, id, 1, &TraceEventDesc{
+		Desc:     fmt.Sprint(args...),
+		Severity: CtWarning,
+	})
 }
 
 // Warningf logs and adds a trace event if channelz is on.
-func Warningf(l grpclog.DepthLoggerV2, id int64, format string, args ...interface{}) {
-	msg := fmt.Sprintf(format, args...)
-	if IsOn() {
-		AddTraceEvent(l, id, 1, &TraceEventDesc{
-			Desc:     msg,
-			Severity: CtWarning,
-		})
-	} else {
-		l.WarningDepth(1, msg)
-	}
+func Warningf(l grpclog.DepthLoggerV2, id *Identifier, format string, args ...interface{}) {
+	AddTraceEvent(l, id, 1, &TraceEventDesc{
+		Desc:     fmt.Sprintf(format, args...),
+		Severity: CtWarning,
+	})
 }
 
 // Error logs and adds a trace event if channelz is on.
-func Error(l grpclog.DepthLoggerV2, id int64, args ...interface{}) {
-	if IsOn() {
-		AddTraceEvent(l, id, 1, &TraceEventDesc{
-			Desc:     fmt.Sprint(args...),
-			Severity: CtError,
-		})
-	} else {
-		l.ErrorDepth(1, args...)
-	}
+func Error(l grpclog.DepthLoggerV2, id *Identifier, args ...interface{}) {
+	AddTraceEvent(l, id, 1, &TraceEventDesc{
+		Desc:     fmt.Sprint(args...),
+		Severity: CtError,
+	})
 }
 
 // Errorf logs and adds a trace event if channelz is on.
-func Errorf(l grpclog.DepthLoggerV2, id int64, format string, args ...interface{}) {
-	msg := fmt.Sprintf(format, args...)
-	if IsOn() {
-		AddTraceEvent(l, id, 1, &TraceEventDesc{
-			Desc:     msg,
-			Severity: CtError,
-		})
-	} else {
-		l.ErrorDepth(1, msg)
-	}
+func Errorf(l grpclog.DepthLoggerV2, id *Identifier, format string, args ...interface{}) {
+	AddTraceEvent(l, id, 1, &TraceEventDesc{
+		Desc:     fmt.Sprintf(format, args...),
+		Severity: CtError,
+	})
 }
diff --git a/vendor/google.golang.org/grpc/internal/channelz/types.go b/vendor/google.golang.org/grpc/internal/channelz/types.go
index 3c595d154bd..ad0ce4dabf0 100644
--- a/vendor/google.golang.org/grpc/internal/channelz/types.go
+++ b/vendor/google.golang.org/grpc/internal/channelz/types.go
@@ -686,12 +686,33 @@ const (
 type RefChannelType int
 
 const (
+	// RefUnknown indicates an unknown entity type, the zero value for this type.
+	RefUnknown RefChannelType = iota
 	// RefChannel indicates the referenced entity is a Channel.
-	RefChannel RefChannelType = iota
+	RefChannel
 	// RefSubChannel indicates the referenced entity is a SubChannel.
 	RefSubChannel
+	// RefServer indicates the referenced entity is a Server.
+	RefServer
+	// RefListenSocket indicates the referenced entity is a ListenSocket.
+	RefListenSocket
+	// RefNormalSocket indicates the referenced entity is a NormalSocket.
+	RefNormalSocket
 )
 
+var refChannelTypeToString = map[RefChannelType]string{
+	RefUnknown:      ""Unknown"",
+	RefChannel:      ""Channel"",
+	RefSubChannel:   ""SubChannel"",
+	RefServer:       ""Server"",
+	RefListenSocket: ""ListenSocket"",
+	RefNormalSocket: ""NormalSocket"",
+}
+
+func (r RefChannelType) String() string {
+	return refChannelTypeToString[r]
+}
+
 func (c *channelTrace) dumpData() *ChannelTrace {
 	c.mu.Lock()
 	ct := &ChannelTrace{EventNum: c.eventCount, CreationTime: c.createdTime}
diff --git a/vendor/google.golang.org/grpc/internal/envconfig/xds.go b/vendor/google.golang.org/grpc/internal/envconfig/xds.go
index 93522d716d1..7d996e51b5c 100644
--- a/vendor/google.golang.org/grpc/internal/envconfig/xds.go
+++ b/vendor/google.golang.org/grpc/internal/envconfig/xds.go
@@ -26,13 +26,13 @@ import (
 const (
 	// XDSBootstrapFileNameEnv is the env variable to set bootstrap file name.
 	// Do not use this and read from env directly. Its value is read and kept in
-	// variable BootstrapFileName.
+	// variable XDSBootstrapFileName.
 	//
 	// When both bootstrap FileName and FileContent are set, FileName is used.
 	XDSBootstrapFileNameEnv = ""GRPC_XDS_BOOTSTRAP""
-	// XDSBootstrapFileContentEnv is the env variable to set bootstrapp file
+	// XDSBootstrapFileContentEnv is the env variable to set bootstrap file
 	// content. Do not use this and read from env directly. Its value is read
-	// and kept in variable BootstrapFileName.
+	// and kept in variable XDSBootstrapFileContent.
 	//
 	// When both bootstrap FileName and FileContent are set, FileName is used.
 	XDSBootstrapFileContentEnv = ""GRPC_XDS_BOOTSTRAP_CONFIG""
@@ -41,7 +41,9 @@ const (
 	clientSideSecuritySupportEnv = ""GRPC_XDS_EXPERIMENTAL_SECURITY_SUPPORT""
 	aggregateAndDNSSupportEnv    = ""GRPC_XDS_EXPERIMENTAL_ENABLE_AGGREGATE_AND_LOGICAL_DNS_CLUSTER""
 	rbacSupportEnv               = ""GRPC_XDS_EXPERIMENTAL_RBAC""
+	outlierDetectionSupportEnv   = ""GRPC_EXPERIMENTAL_ENABLE_OUTLIER_DETECTION""
 	federationEnv                = ""GRPC_EXPERIMENTAL_XDS_FEDERATION""
+	rlsInXDSEnv                  = ""GRPC_EXPERIMENTAL_XDS_RLS_LB""
 
 	c2pResolverTestOnlyTrafficDirectorURIEnv = ""GRPC_TEST_ONLY_GOOGLE_C2P_RESOLVER_TRAFFIC_DIRECTOR_URI""
 )
@@ -81,10 +83,19 @@ var (
 	// which can be disabled by setting the environment variable
 	// ""GRPC_XDS_EXPERIMENTAL_RBAC"" to ""false"".
 	XDSRBAC = !strings.EqualFold(os.Getenv(rbacSupportEnv), ""false"")
-
+	// XDSOutlierDetection indicates whether outlier detection support is
+	// enabled, which can be enabled by setting the environment variable
+	// ""GRPC_EXPERIMENTAL_ENABLE_OUTLIER_DETECTION"" to ""true"".
+	XDSOutlierDetection = strings.EqualFold(os.Getenv(outlierDetectionSupportEnv), ""true"")
 	// XDSFederation indicates whether federation support is enabled.
 	XDSFederation = strings.EqualFold(os.Getenv(federationEnv), ""true"")
 
+	// XDSRLS indicates whether processing of Cluster Specifier plugins and
+	// support for the RLS CLuster Specifier is enabled, which can be enabled by
+	// setting the environment variable ""GRPC_EXPERIMENTAL_XDS_RLS_LB"" to
+	// ""true"".
+	XDSRLS = strings.EqualFold(os.Getenv(rlsInXDSEnv), ""true"")
+
 	// C2PResolverTestOnlyTrafficDirectorURI is the TD URI for testing.
 	C2PResolverTestOnlyTrafficDirectorURI = os.Getenv(c2pResolverTestOnlyTrafficDirectorURIEnv)
 )
diff --git a/vendor/google.golang.org/grpc/internal/grpclog/grpclog.go b/vendor/google.golang.org/grpc/internal/grpclog/grpclog.go
index e6f975cbf6a..30a3b4258fc 100644
--- a/vendor/google.golang.org/grpc/internal/grpclog/grpclog.go
+++ b/vendor/google.golang.org/grpc/internal/grpclog/grpclog.go
@@ -115,12 +115,12 @@ type LoggerV2 interface {
 // Notice: This type is EXPERIMENTAL and may be changed or removed in a
 // later release.
 type DepthLoggerV2 interface {
-	// InfoDepth logs to INFO log at the specified depth. Arguments are handled in the manner of fmt.Print.
+	// InfoDepth logs to INFO log at the specified depth. Arguments are handled in the manner of fmt.Println.
 	InfoDepth(depth int, args ...interface{})
-	// WarningDepth logs to WARNING log at the specified depth. Arguments are handled in the manner of fmt.Print.
+	// WarningDepth logs to WARNING log at the specified depth. Arguments are handled in the manner of fmt.Println.
 	WarningDepth(depth int, args ...interface{})
-	// ErrorDetph logs to ERROR log at the specified depth. Arguments are handled in the manner of fmt.Print.
+	// ErrorDepth logs to ERROR log at the specified depth. Arguments are handled in the manner of fmt.Println.
 	ErrorDepth(depth int, args ...interface{})
-	// FatalDepth logs to FATAL log at the specified depth. Arguments are handled in the manner of fmt.Print.
+	// FatalDepth logs to FATAL log at the specified depth. Arguments are handled in the manner of fmt.Println.
 	FatalDepth(depth int, args ...interface{})
 }
diff --git a/vendor/google.golang.org/grpc/internal/grpcutil/regex.go b/vendor/google.golang.org/grpc/internal/grpcutil/regex.go
index 2810a8ba2fd..7a092b2b804 100644
--- a/vendor/google.golang.org/grpc/internal/grpcutil/regex.go
+++ b/vendor/google.golang.org/grpc/internal/grpcutil/regex.go
@@ -20,9 +20,12 @@ package grpcutil
 
 import ""regexp""
 
-// FullMatchWithRegex returns whether the full string matches the regex provided.
-func FullMatchWithRegex(re *regexp.Regexp, string string) bool {
+// FullMatchWithRegex returns whether the full text matches the regex provided.
+func FullMatchWithRegex(re *regexp.Regexp, text string) bool {
+	if len(text) == 0 {
+		return re.MatchString(text)
+	}
 	re.Longest()
-	rem := re.FindString(string)
-	return len(rem) == len(string)
+	rem := re.FindString(text)
+	return len(rem) == len(text)
 }
diff --git a/vendor/google.golang.org/grpc/internal/internal.go b/vendor/google.golang.org/grpc/internal/internal.go
index 1b596bf3579..6d355b0b013 100644
--- a/vendor/google.golang.org/grpc/internal/internal.go
+++ b/vendor/google.golang.org/grpc/internal/internal.go
@@ -38,11 +38,10 @@ var (
 	// KeepaliveMinPingTime is the minimum ping interval.  This must be 10s by
 	// default, but tests may wish to set it lower for convenience.
 	KeepaliveMinPingTime = 10 * time.Second
-	// ParseServiceConfigForTesting is for creating a fake
-	// ClientConn for resolver testing only
-	ParseServiceConfigForTesting interface{} // func(string) *serviceconfig.ParseResult
+	// ParseServiceConfig parses a JSON representation of the service config.
+	ParseServiceConfig interface{} // func(string) *serviceconfig.ParseResult
 	// EqualServiceConfigForTesting is for testing service config generation and
-	// parsing. Both a and b should be returned by ParseServiceConfigForTesting.
+	// parsing. Both a and b should be returned by ParseServiceConfig.
 	// This function compares the config without rawJSON stripped, in case the
 	// there's difference in white space.
 	EqualServiceConfigForTesting func(a, b serviceconfig.Config) bool
@@ -86,3 +85,9 @@ const (
 	// that supports backend returned by grpclb balancer.
 	CredsBundleModeBackendFromBalancer = ""backend-from-balancer""
 )
+
+// RLSLoadBalancingPolicyName is the name of the RLS LB policy.
+//
+// It currently has an experimental suffix which would be removed once
+// end-to-end testing of the policy is completed.
+const RLSLoadBalancingPolicyName = ""rls_experimental""
diff --git a/vendor/google.golang.org/grpc/internal/metadata/metadata.go b/vendor/google.golang.org/grpc/internal/metadata/metadata.go
index b8733dbf340..b2980f8ac44 100644
--- a/vendor/google.golang.org/grpc/internal/metadata/metadata.go
+++ b/vendor/google.golang.org/grpc/internal/metadata/metadata.go
@@ -22,6 +22,9 @@
 package metadata
 
 import (
+	""fmt""
+	""strings""
+
 	""google.golang.org/grpc/metadata""
 	""google.golang.org/grpc/resolver""
 )
@@ -72,3 +75,46 @@ func Set(addr resolver.Address, md metadata.MD) resolver.Address {
 	addr.Attributes = addr.Attributes.WithValue(mdKey, mdValue(md))
 	return addr
 }
+
+// Validate returns an error if the input md contains invalid keys or values.
+//
+// If the header is not a pseudo-header, the following items are checked:
+// - header names must contain one or more characters from this set [0-9 a-z _ - .].
+// - if the header-name ends with a ""-bin"" suffix, no validation of the header value is performed.
+// - otherwise, the header value must contain one or more characters from the set [%x20-%x7E].
+func Validate(md metadata.MD) error {
+	for k, vals := range md {
+		// pseudo-header will be ignored
+		if k[0] == ':' {
+			continue
+		}
+		// check key, for i that saving a conversion if not using for range
+		for i := 0; i < len(k); i++ {
+			r := k[i]
+			if !(r >= 'a' && r <= 'z') && !(r >= '0' && r <= '9') && r != '.' && r != '-' && r != '_' {
+				return fmt.Errorf(""header key %q contains illegal characters not in [0-9a-z-_.]"", k)
+			}
+		}
+		if strings.HasSuffix(k, ""-bin"") {
+			continue
+		}
+		// check value
+		for _, val := range vals {
+			if hasNotPrintable(val) {
+				return fmt.Errorf(""header key %q contains value with non-printable ASCII characters"", k)
+			}
+		}
+	}
+	return nil
+}
+
+// hasNotPrintable return true if msg contains any characters which are not in %x20-%x7E
+func hasNotPrintable(msg string) bool {
+	// for i that saving a conversion if not using for range
+	for i := 0; i < len(msg); i++ {
+		if msg[i] < 0x20 || msg[i] > 0x7E {
+			return true
+		}
+	}
+	return false
+}
diff --git a/vendor/google.golang.org/grpc/internal/pretty/pretty.go b/vendor/google.golang.org/grpc/internal/pretty/pretty.go
new file mode 100644
index 00000000000..0177af4b511
--- /dev/null
+++ b/vendor/google.golang.org/grpc/internal/pretty/pretty.go
@@ -0,0 +1,82 @@
+/*
+ *
+ * Copyright 2021 gRPC authors.
+ *
+ * Licensed under the Apache License, Version 2.0 (the ""License"");
+ * you may not use this file except in compliance with the License.
+ * You may obtain a copy of the License at
+ *
+ *     http://www.apache.org/licenses/LICENSE-2.0
+ *
+ * Unless required by applicable law or agreed to in writing, software
+ * distributed under the License is distributed on an ""AS IS"" BASIS,
+ * WITHOUT WARRANTIES OR CONDITIONS OF ANY KIND, either express or implied.
+ * See the License for the specific language governing permissions and
+ * limitations under the License.
+ *
+ */
+
+// Package pretty defines helper functions to pretty-print structs for logging.
+package pretty
+
+import (
+	""bytes""
+	""encoding/json""
+	""fmt""
+
+	""github.com/golang/protobuf/jsonpb""
+	protov1 ""github.com/golang/protobuf/proto""
+	""google.golang.org/protobuf/encoding/protojson""
+	protov2 ""google.golang.org/protobuf/proto""
+)
+
+const jsonIndent = ""  ""
+
+// ToJSON marshals the input into a json string.
+//
+// If marshal fails, it falls back to fmt.Sprintf(""%+v"").
+func ToJSON(e interface{}) string {
+	switch ee := e.(type) {
+	case protov1.Message:
+		mm := jsonpb.Marshaler{Indent: jsonIndent}
+		ret, err := mm.MarshalToString(ee)
+		if err != nil {
+			// This may fail for proto.Anys, e.g. for xDS v2, LDS, the v2
+			// messages are not imported, and this will fail because the message
+			// is not found.
+			return fmt.Sprintf(""%+v"", ee)
+		}
+		return ret
+	case protov2.Message:
+		mm := protojson.MarshalOptions{
+			Multiline: true,
+			Indent:    jsonIndent,
+		}
+		ret, err := mm.Marshal(ee)
+		if err != nil {
+			// This may fail for proto.Anys, e.g. for xDS v2, LDS, the v2
+			// messages are not imported, and this will fail because the message
+			// is not found.
+			return fmt.Sprintf(""%+v"", ee)
+		}
+		return string(ret)
+	default:
+		ret, err := json.MarshalIndent(ee, """", jsonIndent)
+		if err != nil {
+			return fmt.Sprintf(""%+v"", ee)
+		}
+		return string(ret)
+	}
+}
+
+// FormatJSON formats the input json bytes with indentation.
+//
+// If Indent fails, it returns the unchanged input as string.
+func FormatJSON(b []byte) string {
+	var out bytes.Buffer
+	err := json.Indent(&out, b, """", jsonIndent)
+	if err != nil {
+		return string(b)
+	}
+	return out.String()
+}
diff --git a/vendor/google.golang.org/grpc/internal/transport/http2_client.go b/vendor/google.golang.org/grpc/internal/transport/http2_client.go
index f0c72d33710..24ca59084b4 100644
--- a/vendor/google.golang.org/grpc/internal/transport/http2_client.go
+++ b/vendor/google.golang.org/grpc/internal/transport/http2_client.go
@@ -132,7 +132,7 @@ type http2Client struct {
 	kpDormant bool
 
 	// Fields below are for channelz metric collection.
-	channelzID int64 // channelz unique identification number
+	channelzID *channelz.Identifier
 	czData     *channelzData
 
 	onGoAway func(GoAwayReason)
@@ -351,8 +351,9 @@ func newHTTP2Client(connectCtx, ctx context.Context, addr resolver.Address, opts
 		}
 		t.statsHandler.HandleConn(t.ctx, connBegin)
 	}
-	if channelz.IsOn() {
-		t.channelzID = channelz.RegisterNormalSocket(t, opts.ChannelzParentID, fmt.Sprintf(""%s -> %s"", t.localAddr, t.remoteAddr))
+	t.channelzID, err = channelz.RegisterNormalSocket(t, opts.ChannelzParentID, fmt.Sprintf(""%s -> %s"", t.localAddr, t.remoteAddr))
+	if err != nil {
+		return nil, err
 	}
 	if t.keepaliveEnabled {
 		t.kpDormancyCond = sync.NewCond(&t.mu)
@@ -630,8 +631,8 @@ func (t *http2Client) getCallAuthData(ctx context.Context, audience string, call
 // the wire.  However, there are two notable exceptions:
 //
 // 1. If the stream headers violate the max header list size allowed by the
-//    server.  In this case there is no reason to retry at all, as it is
-//    assumed the RPC would continue to fail on subsequent attempts.
+//    server.  It's possible this could succeed on another transport, even if
+//    it's unlikely, but do not transparently retry.
 // 2. If the credentials errored when requesting their headers.  In this case,
 //    it's possible a retry can fix the problem, but indefinitely transparently
 //    retrying is not appropriate as it is likely the credentials, if they can
@@ -639,8 +640,7 @@ func (t *http2Client) getCallAuthData(ctx context.Context, audience string, call
 type NewStreamError struct {
 	Err error
 
-	DoNotRetry            bool
-	DoNotTransparentRetry bool
+	AllowTransparentRetry bool
 }
 
 func (e NewStreamError) Error() string {
@@ -649,11 +649,11 @@ func (e NewStreamError) Error() string {
 
 // NewStream creates a stream and registers it into the transport as ""active""
 // streams.  All non-nil errors returned will be *NewStreamError.
-func (t *http2Client) NewStream(ctx context.Context, callHdr *CallHdr) (_ *Stream, err error) {
+func (t *http2Client) NewStream(ctx context.Context, callHdr *CallHdr) (*Stream, error) {
 	ctx = peer.NewContext(ctx, t.getPeer())
 	headerFields, err := t.createHeaderFields(ctx, callHdr)
 	if err != nil {
-		return nil, &NewStreamError{Err: err, DoNotTransparentRetry: true}
+		return nil, &NewStreamError{Err: err, AllowTransparentRetry: false}
 	}
 	s := t.newStream(ctx, callHdr)
 	cleanup := func(err error) {
@@ -753,13 +753,14 @@ func (t *http2Client) NewStream(ctx context.Context, callHdr *CallHdr) (_ *Strea
 			return true
 		}, hdr)
 		if err != nil {
-			return nil, &NewStreamError{Err: err}
+			// Connection closed.
+			return nil, &NewStreamError{Err: err, AllowTransparentRetry: true}
 		}
 		if success {
 			break
 		}
 		if hdrListSizeErr != nil {
-			return nil, &NewStreamError{Err: hdrListSizeErr, DoNotRetry: true}
+			return nil, &NewStreamError{Err: hdrListSizeErr}
 		}
 		firstTry = false
 		select {
@@ -767,9 +768,9 @@ func (t *http2Client) NewStream(ctx context.Context, callHdr *CallHdr) (_ *Strea
 		case <-ctx.Done():
 			return nil, &NewStreamError{Err: ContextErr(ctx.Err())}
 		case <-t.goAway:
-			return nil, &NewStreamError{Err: errStreamDrain}
+			return nil, &NewStreamError{Err: errStreamDrain, AllowTransparentRetry: true}
 		case <-t.ctx.Done():
-			return nil, &NewStreamError{Err: ErrConnClosing}
+			return nil, &NewStreamError{Err: ErrConnClosing, AllowTransparentRetry: true}
 		}
 	}
 	if t.statsHandler != nil {
@@ -898,9 +899,7 @@ func (t *http2Client) Close(err error) {
 	t.controlBuf.finish()
 	t.cancel()
 	t.conn.Close()
-	if channelz.IsOn() {
-		channelz.RemoveEntry(t.channelzID)
-	}
+	channelz.RemoveEntry(t.channelzID)
 	// Append info about previous goaways if there were any, since this may be important
 	// for understanding the root cause for this connection to be closed.
 	_, goAwayDebugMessage := t.GetGoAwayReason()
diff --git a/vendor/google.golang.org/grpc/internal/transport/http2_server.go b/vendor/google.golang.org/grpc/internal/transport/http2_server.go
index 2c6eaf0e59c..0956b500c18 100644
--- a/vendor/google.golang.org/grpc/internal/transport/http2_server.go
+++ b/vendor/google.golang.org/grpc/internal/transport/http2_server.go
@@ -36,6 +36,7 @@ import (
 	""golang.org/x/net/http2""
 	""golang.org/x/net/http2/hpack""
 	""google.golang.org/grpc/internal/grpcutil""
+	""google.golang.org/grpc/internal/syscall""
 
 	""google.golang.org/grpc/codes""
 	""google.golang.org/grpc/credentials""
@@ -117,7 +118,7 @@ type http2Server struct {
 	idle time.Time
 
 	// Fields below are for channelz metric collection.
-	channelzID int64 // channelz unique identification number
+	channelzID *channelz.Identifier
 	czData     *channelzData
 	bufferPool *bufferPool
 
@@ -231,6 +232,11 @@ func NewServerTransport(conn net.Conn, config *ServerConfig) (_ ServerTransport,
 	if kp.Timeout == 0 {
 		kp.Timeout = defaultServerKeepaliveTimeout
 	}
+	if kp.Time != infinity {
+		if err = syscall.SetTCPUserTimeout(conn, kp.Timeout); err != nil {
+			return nil, connectionErrorf(false, err, ""transport: failed to set TCP_USER_TIMEOUT: %v"", err)
+		}
+	}
 	kep := config.KeepalivePolicy
 	if kep.MinTime == 0 {
 		kep.MinTime = defaultKeepalivePolicyMinTime
@@ -275,12 +281,12 @@ func NewServerTransport(conn net.Conn, config *ServerConfig) (_ ServerTransport,
 		connBegin := &stats.ConnBegin{}
 		t.stats.HandleConn(t.ctx, connBegin)
 	}
-	if channelz.IsOn() {
-		t.channelzID = channelz.RegisterNormalSocket(t, config.ChannelzParentID, fmt.Sprintf(""%s -> %s"", t.remoteAddr, t.localAddr))
+	t.channelzID, err = channelz.RegisterNormalSocket(t, config.ChannelzParentID, fmt.Sprintf(""%s -> %s"", t.remoteAddr, t.localAddr))
+	if err != nil {
+		return nil, err
 	}
 
 	t.connectionID = atomic.AddUint64(&serverConnectionCounter, 1)
-
 	t.framer.writer.Flush()
 
 	defer func() {
@@ -1210,9 +1216,7 @@ func (t *http2Server) Close() {
 	if err := t.conn.Close(); err != nil && logger.V(logLevel) {
 		logger.Infof(""transport: error closing conn during Close: %v"", err)
 	}
-	if channelz.IsOn() {
-		channelz.RemoveEntry(t.channelzID)
-	}
+	channelz.RemoveEntry(t.channelzID)
 	// Cancel all active streams.
 	for _, s := range streams {
 		s.cancel()
diff --git a/vendor/google.golang.org/grpc/internal/transport/transport.go b/vendor/google.golang.org/grpc/internal/transport/transport.go
index d3bf65b2bdf..a9ce717f160 100644
--- a/vendor/google.golang.org/grpc/internal/transport/transport.go
+++ b/vendor/google.golang.org/grpc/internal/transport/transport.go
@@ -34,6 +34,7 @@ import (
 
 	""google.golang.org/grpc/codes""
 	""google.golang.org/grpc/credentials""
+	""google.golang.org/grpc/internal/channelz""
 	""google.golang.org/grpc/keepalive""
 	""google.golang.org/grpc/metadata""
 	""google.golang.org/grpc/resolver""
@@ -529,7 +530,7 @@ type ServerConfig struct {
 	InitialConnWindowSize int32
 	WriteBufferSize       int
 	ReadBufferSize        int
-	ChannelzParentID      int64
+	ChannelzParentID      *channelz.Identifier
 	MaxHeaderListSize     *uint32
 	HeaderTableSize       *uint32
 }
@@ -563,7 +564,7 @@ type ConnectOptions struct {
 	// ReadBufferSize sets the size of read buffer, which in turn determines how much data can be read at most for one read syscall.
 	ReadBufferSize int
 	// ChannelzParentID sets the addrConn id which initiate the creation of this client transport.
-	ChannelzParentID int64
+	ChannelzParentID *channelz.Identifier
 	// MaxHeaderListSize sets the max (uncompressed) size of header list that is prepared to be received.
 	MaxHeaderListSize *uint32
 	// UseProxy specifies if a proxy should be used.
@@ -741,6 +742,12 @@ func (e ConnectionError) Origin() error {
 	return e.err
 }
 
+// Unwrap returns the original error of this connection error or nil when the
+// origin is nil.
+func (e ConnectionError) Unwrap() error {
+	return e.err
+}
+
 var (
 	// ErrConnClosing indicates that the transport is closing.
 	ErrConnClosing = connectionErrorf(true, nil, ""transport is closing"")
diff --git a/vendor/google.golang.org/grpc/metadata/metadata.go b/vendor/google.golang.org/grpc/metadata/metadata.go
index 3604c7819fd..8e0f6abe89d 100644
--- a/vendor/google.golang.org/grpc/metadata/metadata.go
+++ b/vendor/google.golang.org/grpc/metadata/metadata.go
@@ -188,7 +188,9 @@ func FromIncomingContext(ctx context.Context) (MD, bool) {
 		// map, and there's no guarantee that the MD attached to the context is
 		// created using our helper functions.
 		key := strings.ToLower(k)
-		out[key] = v
+		s := make([]string, len(v))
+		copy(s, v)
+		out[key] = s
 	}
 	return out, true
 }
@@ -226,7 +228,9 @@ func FromOutgoingContext(ctx context.Context) (MD, bool) {
 		// map, and there's no guarantee that the MD attached to the context is
 		// created using our helper functions.
 		key := strings.ToLower(k)
-		out[key] = v
+		s := make([]string, len(v))
+		copy(s, v)
+		out[key] = s
 	}
 	for _, added := range raw.added {
 		if len(added)%2 == 1 {
diff --git a/vendor/google.golang.org/grpc/picker_wrapper.go b/vendor/google.golang.org/grpc/picker_wrapper.go
index e8367cb8993..843633c910a 100644
--- a/vendor/google.golang.org/grpc/picker_wrapper.go
+++ b/vendor/google.golang.org/grpc/picker_wrapper.go
@@ -131,7 +131,7 @@ func (pw *pickerWrapper) pick(ctx context.Context, failfast bool, info balancer.
 			}
 			if _, ok := status.FromError(err); ok {
 				// Status error: end the RPC unconditionally with this status.
-				return nil, nil, err
+				return nil, nil, dropError{error: err}
 			}
 			// For all other errors, wait for ready RPCs should block and other
 			// RPCs should fail with unavailable.
@@ -175,3 +175,9 @@ func (pw *pickerWrapper) close() {
 	pw.done = true
 	close(pw.blockingCh)
 }
+
+// dropError is a wrapper error that indicates the LB policy wishes to drop the
+// RPC and not retry it.
+type dropError struct {
+	error
+}
diff --git a/vendor/google.golang.org/grpc/pickfirst.go b/vendor/google.golang.org/grpc/pickfirst.go
index 5168b62b078..fb7a99e0a27 100644
--- a/vendor/google.golang.org/grpc/pickfirst.go
+++ b/vendor/google.golang.org/grpc/pickfirst.go
@@ -44,79 +44,107 @@ func (*pickfirstBuilder) Name() string {
 }
 
 type pickfirstBalancer struct {
-	state connectivity.State
-	cc    balancer.ClientConn
-	sc    balancer.SubConn
+	state   connectivity.State
+	cc      balancer.ClientConn
+	subConn balancer.SubConn
 }
 
 func (b *pickfirstBalancer) ResolverError(err error) {
-	switch b.state {
-	case connectivity.TransientFailure, connectivity.Idle, connectivity.Connecting:
-		// Set a failing picker if we don't have a good picker.
-		b.cc.UpdateState(balancer.State{ConnectivityState: connectivity.TransientFailure,
-			Picker: &picker{err: fmt.Errorf(""name resolver error: %v"", err)},
-		})
-	}
 	if logger.V(2) {
 		logger.Infof(""pickfirstBalancer: ResolverError called with error %v"", err)
 	}
+	if b.subConn == nil {
+		b.state = connectivity.TransientFailure
+	}
+
+	if b.state != connectivity.TransientFailure {
+		// The picker will not change since the balancer does not currently
+		// report an error.
+		return
+	}
+	b.cc.UpdateState(balancer.State{
+		ConnectivityState: connectivity.TransientFailure,
+		Picker:            &picker{err: fmt.Errorf(""name resolver error: %v"", err)},
+	})
 }
 
-func (b *pickfirstBalancer) UpdateClientConnState(cs balancer.ClientConnState) error {
-	if len(cs.ResolverState.Addresses) == 0 {
+func (b *pickfirstBalancer) UpdateClientConnState(state balancer.ClientConnState) error {
+	if len(state.ResolverState.Addresses) == 0 {
+		// The resolver reported an empty address list. Treat it like an error by
+		// calling b.ResolverError.
+		if b.subConn != nil {
+			// Remove the old subConn. All addresses were removed, so it is no longer
+			// valid.
+			b.cc.RemoveSubConn(b.subConn)
+			b.subConn = nil
+		}
 		b.ResolverError(errors.New(""produced zero addresses""))
 		return balancer.ErrBadResolverState
 	}
-	if b.sc == nil {
-		var err error
-		b.sc, err = b.cc.NewSubConn(cs.ResolverState.Addresses, balancer.NewSubConnOptions{})
-		if err != nil {
-			if logger.V(2) {
-				logger.Errorf(""pickfirstBalancer: failed to NewSubConn: %v"", err)
-			}
-			b.state = connectivity.TransientFailure
-			b.cc.UpdateState(balancer.State{ConnectivityState: connectivity.TransientFailure,
-				Picker: &picker{err: fmt.Errorf(""error creating connection: %v"", err)},
-			})
-			return balancer.ErrBadResolverState
+
+	if b.subConn != nil {
+		b.cc.UpdateAddresses(b.subConn, state.ResolverState.Addresses)
+		return nil
+	}
+
+	subConn, err := b.cc.NewSubConn(state.ResolverState.Addresses, balancer.NewSubConnOptions{})
+	if err != nil {
+		if logger.V(2) {
+			logger.Errorf(""pickfirstBalancer: failed to NewSubConn: %v"", err)
 		}
-		b.state = connectivity.Idle
-		b.cc.UpdateState(balancer.State{ConnectivityState: connectivity.Idle, Picker: &picker{result: balancer.PickResult{SubConn: b.sc}}})
-		b.sc.Connect()
-	} else {
-		b.cc.UpdateAddresses(b.sc, cs.ResolverState.Addresses)
-		b.sc.Connect()
+		b.state = connectivity.TransientFailure
+		b.cc.UpdateState(balancer.State{
+			ConnectivityState: connectivity.TransientFailure,
+			Picker:            &picker{err: fmt.Errorf(""error creating connection: %v"", err)},
+		})
+		return balancer.ErrBadResolverState
 	}
+	b.subConn = subConn
+	b.state = connectivity.Idle
+	b.cc.UpdateState(balancer.State{
+		ConnectivityState: connectivity.Idle,
+		Picker:            &picker{result: balancer.PickResult{SubConn: b.subConn}},
+	})
+	b.subConn.Connect()
 	return nil
 }
 
-func (b *pickfirstBalancer) UpdateSubConnState(sc balancer.SubConn, s balancer.SubConnState) {
+func (b *pickfirstBalancer) UpdateSubConnState(subConn balancer.SubConn, state balancer.SubConnState) {
 	if logger.V(2) {
-		logger.Infof(""pickfirstBalancer: UpdateSubConnState: %p, %v"", sc, s)
+		logger.Infof(""pickfirstBalancer: UpdateSubConnState: %p, %v"", subConn, state)
 	}
-	if b.sc != sc {
+	if b.subConn != subConn {
 		if logger.V(2) {
-			logger.Infof(""pickfirstBalancer: ignored state change because sc is not recognized"")
+			logger.Infof(""pickfirstBalancer: ignored state change because subConn is not recognized"")
 		}
 		return
 	}
-	b.state = s.ConnectivityState
-	if s.ConnectivityState == connectivity.Shutdown {
-		b.sc = nil
+	b.state = state.ConnectivityState
+	if state.ConnectivityState == connectivity.Shutdown {
+		b.subConn = nil
 		return
 	}
 
-	switch s.ConnectivityState {
+	switch state.ConnectivityState {
 	case connectivity.Ready:
-		b.cc.UpdateState(balancer.State{ConnectivityState: s.ConnectivityState, Picker: &picker{result: balancer.PickResult{SubConn: sc}}})
+		b.cc.UpdateState(balancer.State{
+			ConnectivityState: state.ConnectivityState,
+			Picker:            &picker{result: balancer.PickResult{SubConn: subConn}},
+		})
 	case connectivity.Connecting:
-		b.cc.UpdateState(balancer.State{ConnectivityState: s.ConnectivityState, Picker: &picker{err: balancer.ErrNoSubConnAvailable}})
+		b.cc.UpdateState(balancer.State{
+			ConnectivityState: state.ConnectivityState,
+			Picker:            &picker{err: balancer.ErrNoSubConnAvailable},
+		})
 	case connectivity.Idle:
-		b.cc.UpdateState(balancer.State{ConnectivityState: s.ConnectivityState, Picker: &idlePicker{sc: sc}})
+		b.cc.UpdateState(balancer.State{
+			ConnectivityState: state.ConnectivityState,
+			Picker:            &idlePicker{subConn: subConn},
+		})
 	case connectivity.TransientFailure:
 		b.cc.UpdateState(balancer.State{
-			ConnectivityState: s.ConnectivityState,
-			Picker:            &picker{err: s.ConnectionError},
+			ConnectivityState: state.ConnectivityState,
+			Picker:            &picker{err: state.ConnectionError},
 		})
 	}
 }
@@ -125,8 +153,8 @@ func (b *pickfirstBalancer) Close() {
 }
 
 func (b *pickfirstBalancer) ExitIdle() {
-	if b.sc != nil && b.state == connectivity.Idle {
-		b.sc.Connect()
+	if b.subConn != nil && b.state == connectivity.Idle {
+		b.subConn.Connect()
 	}
 }
 
@@ -135,18 +163,18 @@ type picker struct {
 	err    error
 }
 
-func (p *picker) Pick(info balancer.PickInfo) (balancer.PickResult, error) {
+func (p *picker) Pick(balancer.PickInfo) (balancer.PickResult, error) {
 	return p.result, p.err
 }
 
 // idlePicker is used when the SubConn is IDLE and kicks the SubConn into
 // CONNECTING when Pick is called.
 type idlePicker struct {
-	sc balancer.SubConn
+	subConn balancer.SubConn
 }
 
-func (i *idlePicker) Pick(info balancer.PickInfo) (balancer.PickResult, error) {
-	i.sc.Connect()
+func (i *idlePicker) Pick(balancer.PickInfo) (balancer.PickResult, error) {
+	i.subConn.Connect()
 	return balancer.PickResult{}, balancer.ErrNoSubConnAvailable
 }
 
diff --git a/vendor/google.golang.org/grpc/regenerate.sh b/vendor/google.golang.org/grpc/regenerate.sh
index a0a71aae968..978b89f37a4 100644
--- a/vendor/google.golang.org/grpc/regenerate.sh
+++ b/vendor/google.golang.org/grpc/regenerate.sh
@@ -27,9 +27,9 @@ export PATH=${GOBIN}:${PATH}
 mkdir -p ${GOBIN}
 
 echo ""remove existing generated files""
-# grpc_testingv3/testv3.pb.go is not re-generated because it was
-# intentionally generated by an older version of protoc-gen-go.
-rm -f $(find . -name '*.pb.go' | grep -v 'grpc_testingv3/testv3.pb.go')
+# grpc_testing_not_regenerate/*.pb.go is not re-generated,
+# see grpc_testing_not_regenerate/README.md for details.
+rm -f $(find . -name '*.pb.go' | grep -v 'grpc_testing_not_regenerate')
 
 echo ""go install google.golang.org/protobuf/cmd/protoc-gen-go""
 (cd test/tools && go install google.golang.org/protobuf/cmd/protoc-gen-go)
@@ -76,7 +76,21 @@ SOURCES=(
 # These options of the form 'Mfoo.proto=bar' instruct the codegen to use an
 # import path of 'bar' in the generated code when 'foo.proto' is imported in
 # one of the sources.
-OPTS=Mgrpc/service_config/service_config.proto=/internal/proto/grpc_service_config,Mgrpc/core/stats.proto=google.golang.org/grpc/interop/grpc_testing/core
+#
+# Note that the protos listed here are all for testing purposes. All protos to
+# be used externally should have a go_package option (and they don't need to be
+# listed here).
+OPTS=Mgrpc/service_config/service_config.proto=/internal/proto/grpc_service_config,\
+Mgrpc/core/stats.proto=google.golang.org/grpc/interop/grpc_testing/core,\
+Mgrpc/testing/benchmark_service.proto=google.golang.org/grpc/interop/grpc_testing,\
+Mgrpc/testing/stats.proto=google.golang.org/grpc/interop/grpc_testing,\
+Mgrpc/testing/report_qps_scenario_service.proto=google.golang.org/grpc/interop/grpc_testing,\
+Mgrpc/testing/messages.proto=google.golang.org/grpc/interop/grpc_testing,\
+Mgrpc/testing/worker_service.proto=google.golang.org/grpc/interop/grpc_testing,\
+Mgrpc/testing/control.proto=google.golang.org/grpc/interop/grpc_testing,\
+Mgrpc/testing/test.proto=google.golang.org/grpc/interop/grpc_testing,\
+Mgrpc/testing/payloads.proto=google.golang.org/grpc/interop/grpc_testing,\
+Mgrpc/testing/empty.proto=google.golang.org/grpc/interop/grpc_testing
 
 for src in ${SOURCES[@]}; do
   echo ""protoc ${src}""
@@ -85,7 +99,6 @@ for src in ${SOURCES[@]}; do
     -I${WORKDIR}/grpc-proto \
     -I${WORKDIR}/googleapis \
     -I${WORKDIR}/protobuf/src \
-    -I${WORKDIR}/istio \
     ${src}
 done
 
@@ -96,7 +109,6 @@ for src in ${LEGACY_SOURCES[@]}; do
     -I${WORKDIR}/grpc-proto \
     -I${WORKDIR}/googleapis \
     -I${WORKDIR}/protobuf/src \
-    -I${WORKDIR}/istio \
     ${src}
 done
 
@@ -105,9 +117,9 @@ done
 mkdir -p ${WORKDIR}/out/google.golang.org/grpc/internal/proto/grpc_lookup_v1
 mv ${WORKDIR}/out/google.golang.org/grpc/lookup/grpc_lookup_v1/* ${WORKDIR}/out/google.golang.org/grpc/internal/proto/grpc_lookup_v1
 
-# grpc_testingv3/testv3.pb.go is not re-generated because it was
-# intentionally generated by an older version of protoc-gen-go.
-rm ${WORKDIR}/out/google.golang.org/grpc/reflection/grpc_testingv3/*.pb.go
+# grpc_testing_not_regenerate/*.pb.go are not re-generated,
+# see grpc_testing_not_regenerate/README.md for details.
+rm ${WORKDIR}/out/google.golang.org/grpc/reflection/grpc_testing_not_regenerate/*.pb.go
 
 # grpc/service_config/service_config.proto does not have a go_package option.
 mv ${WORKDIR}/out/grpc/service_config/service_config.pb.go internal/proto/grpc_service_config
diff --git a/vendor/google.golang.org/grpc/resolver/resolver.go b/vendor/google.golang.org/grpc/resolver/resolver.go
index e28b6802606..ca2e35a3596 100644
--- a/vendor/google.golang.org/grpc/resolver/resolver.go
+++ b/vendor/google.golang.org/grpc/resolver/resolver.go
@@ -27,6 +27,7 @@ import (
 
 	""google.golang.org/grpc/attributes""
 	""google.golang.org/grpc/credentials""
+	""google.golang.org/grpc/internal/pretty""
 	""google.golang.org/grpc/serviceconfig""
 )
 
@@ -139,13 +140,18 @@ type Address struct {
 
 // Equal returns whether a and o are identical.  Metadata is compared directly,
 // not with any recursive introspection.
-func (a *Address) Equal(o Address) bool {
+func (a Address) Equal(o Address) bool {
 	return a.Addr == o.Addr && a.ServerName == o.ServerName &&
 		a.Attributes.Equal(o.Attributes) &&
 		a.BalancerAttributes.Equal(o.BalancerAttributes) &&
 		a.Type == o.Type && a.Metadata == o.Metadata
 }
 
+// String returns JSON formatted string representation of the address.
+func (a Address) String() string {
+	return pretty.ToJSON(a)
+}
+
 // BuildOptions includes additional information for the builder to create
 // the resolver.
 type BuildOptions struct {
diff --git a/vendor/google.golang.org/grpc/resolver_conn_wrapper.go b/vendor/google.golang.org/grpc/resolver_conn_wrapper.go
index 2c47cd54f07..05a9d4e0bac 100644
--- a/vendor/google.golang.org/grpc/resolver_conn_wrapper.go
+++ b/vendor/google.golang.org/grpc/resolver_conn_wrapper.go
@@ -19,7 +19,6 @@
 package grpc
 
 import (
-	""fmt""
 	""strings""
 	""sync""
 
@@ -27,6 +26,7 @@ import (
 	""google.golang.org/grpc/credentials""
 	""google.golang.org/grpc/internal/channelz""
 	""google.golang.org/grpc/internal/grpcsync""
+	""google.golang.org/grpc/internal/pretty""
 	""google.golang.org/grpc/resolver""
 	""google.golang.org/grpc/serviceconfig""
 )
@@ -97,10 +97,7 @@ func (ccr *ccResolverWrapper) UpdateState(s resolver.State) error {
 	if ccr.done.HasFired() {
 		return nil
 	}
-	channelz.Infof(logger, ccr.cc.channelzID, ""ccResolverWrapper: sending update to cc: %v"", s)
-	if channelz.IsOn() {
-		ccr.addChannelzTraceEvent(s)
-	}
+	ccr.addChannelzTraceEvent(s)
 	ccr.curState = s
 	if err := ccr.cc.updateResolverState(ccr.curState, nil); err == balancer.ErrBadResolverState {
 		return balancer.ErrBadResolverState
@@ -125,10 +122,7 @@ func (ccr *ccResolverWrapper) NewAddress(addrs []resolver.Address) {
 	if ccr.done.HasFired() {
 		return
 	}
-	channelz.Infof(logger, ccr.cc.channelzID, ""ccResolverWrapper: sending new addresses to cc: %v"", addrs)
-	if channelz.IsOn() {
-		ccr.addChannelzTraceEvent(resolver.State{Addresses: addrs, ServiceConfig: ccr.curState.ServiceConfig})
-	}
+	ccr.addChannelzTraceEvent(resolver.State{Addresses: addrs, ServiceConfig: ccr.curState.ServiceConfig})
 	ccr.curState.Addresses = addrs
 	ccr.cc.updateResolverState(ccr.curState, nil)
 }
@@ -141,7 +135,7 @@ func (ccr *ccResolverWrapper) NewServiceConfig(sc string) {
 	if ccr.done.HasFired() {
 		return
 	}
-	channelz.Infof(logger, ccr.cc.channelzID, ""ccResolverWrapper: got new service config: %v"", sc)
+	channelz.Infof(logger, ccr.cc.channelzID, ""ccResolverWrapper: got new service config: %s"", sc)
 	if ccr.cc.dopts.disableServiceConfig {
 		channelz.Info(logger, ccr.cc.channelzID, ""Service config lookups disabled; ignoring config"")
 		return
@@ -151,9 +145,7 @@ func (ccr *ccResolverWrapper) NewServiceConfig(sc string) {
 		channelz.Warningf(logger, ccr.cc.channelzID, ""ccResolverWrapper: error parsing service config: %v"", scpr.Err)
 		return
 	}
-	if channelz.IsOn() {
-		ccr.addChannelzTraceEvent(resolver.State{Addresses: ccr.curState.Addresses, ServiceConfig: scpr})
-	}
+	ccr.addChannelzTraceEvent(resolver.State{Addresses: ccr.curState.Addresses, ServiceConfig: scpr})
 	ccr.curState.ServiceConfig = scpr
 	ccr.cc.updateResolverState(ccr.curState, nil)
 }
@@ -180,8 +172,5 @@ func (ccr *ccResolverWrapper) addChannelzTraceEvent(s resolver.State) {
 	} else if len(ccr.curState.Addresses) == 0 && len(s.Addresses) > 0 {
 		updates = append(updates, ""resolver returned new addresses"")
 	}
-	channelz.AddTraceEvent(logger, ccr.cc.channelzID, 0, &channelz.TraceEventDesc{
-		Desc:     fmt.Sprintf(""Resolver state updated: %+v (%v)"", s, strings.Join(updates, ""; "")),
-		Severity: channelz.CtInfo,
-	})
+	channelz.Infof(logger, ccr.cc.channelzID, ""Resolver state updated: %s (%v)"", pretty.ToJSON(s), strings.Join(updates, ""; ""))
 }
diff --git a/vendor/google.golang.org/grpc/server.go b/vendor/google.golang.org/grpc/server.go
index eadf9e05fd1..96431a058bf 100644
--- a/vendor/google.golang.org/grpc/server.go
+++ b/vendor/google.golang.org/grpc/server.go
@@ -134,7 +134,7 @@ type Server struct {
 	channelzRemoveOnce sync.Once
 	serveWG            sync.WaitGroup // counts active Serve goroutines for GracefulStop
 
-	channelzID int64 // channelz unique identification number
+	channelzID *channelz.Identifier
 	czData     *channelzData
 
 	serverWorkerChannels []chan *serverWorkerData
@@ -584,9 +584,8 @@ func NewServer(opt ...ServerOption) *Server {
 		s.initServerWorkers()
 	}
 
-	if channelz.IsOn() {
-		s.channelzID = channelz.RegisterServer(&channelzServer{s}, """")
-	}
+	s.channelzID = channelz.RegisterServer(&channelzServer{s}, """")
+	channelz.Info(logger, s.channelzID, ""Server created"")
 	return s
 }
 
@@ -712,7 +711,7 @@ var ErrServerStopped = errors.New(""grpc: the server has been stopped"")
 
 type listenSocket struct {
 	net.Listener
-	channelzID int64
+	channelzID *channelz.Identifier
 }
 
 func (l *listenSocket) ChannelzMetric() *channelz.SocketInternalMetric {
@@ -724,9 +723,8 @@ func (l *listenSocket) ChannelzMetric() *channelz.SocketInternalMetric {
 
 func (l *listenSocket) Close() error {
 	err := l.Listener.Close()
-	if channelz.IsOn() {
-		channelz.RemoveEntry(l.channelzID)
-	}
+	channelz.RemoveEntry(l.channelzID)
+	channelz.Info(logger, l.channelzID, ""ListenSocket deleted"")
 	return err
 }
 
@@ -759,11 +757,6 @@ func (s *Server) Serve(lis net.Listener) error {
 	ls := &listenSocket{Listener: lis}
 	s.lis[ls] = true
 
-	if channelz.IsOn() {
-		ls.channelzID = channelz.RegisterListenSocket(ls, s.channelzID, lis.Addr().String())
-	}
-	s.mu.Unlock()
-
 	defer func() {
 		s.mu.Lock()
 		if s.lis != nil && s.lis[ls] {
@@ -773,8 +766,16 @@ func (s *Server) Serve(lis net.Listener) error {
 		s.mu.Unlock()
 	}()
 
-	var tempDelay time.Duration // how long to sleep on accept failure
+	var err error
+	ls.channelzID, err = channelz.RegisterListenSocket(ls, s.channelzID, lis.Addr().String())
+	if err != nil {
+		s.mu.Unlock()
+		return err
+	}
+	s.mu.Unlock()
+	channelz.Info(logger, ls.channelzID, ""ListenSocket created"")
 
+	var tempDelay time.Duration // how long to sleep on accept failure
 	for {
 		rawConn, err := lis.Accept()
 		if err != nil {
@@ -1283,9 +1284,10 @@ func (s *Server) processUnaryRPC(t transport.ServerTransport, stream *transport.
 	if appErr != nil {
 		appStatus, ok := status.FromError(appErr)
 		if !ok {
-			// Convert appErr if it is not a grpc status error.
-			appErr = status.Error(codes.Unknown, appErr.Error())
-			appStatus, _ = status.FromError(appErr)
+			// Convert non-status application error to a status error with code
+			// Unknown, but handle context errors specifically.
+			appStatus = status.FromContextError(appErr)
+			appErr = appStatus.Err()
 		}
 		if trInfo != nil {
 			trInfo.tr.LazyLog(stringer(appStatus.Message()), true)
@@ -1549,7 +1551,9 @@ func (s *Server) processStreamingRPC(t transport.ServerTransport, stream *transp
 	if appErr != nil {
 		appStatus, ok := status.FromError(appErr)
 		if !ok {
-			appStatus = status.New(codes.Unknown, appErr.Error())
+			// Convert non-status application error to a status error with code
+			// Unknown, but handle context errors specifically.
+			appStatus = status.FromContextError(appErr)
 			appErr = appStatus.Err()
 		}
 		if trInfo != nil {
@@ -1706,11 +1710,7 @@ func (s *Server) Stop() {
 		s.done.Fire()
 	}()
 
-	s.channelzRemoveOnce.Do(func() {
-		if channelz.IsOn() {
-			channelz.RemoveEntry(s.channelzID)
-		}
-	})
+	s.channelzRemoveOnce.Do(func() { channelz.RemoveEntry(s.channelzID) })
 
 	s.mu.Lock()
 	listeners := s.lis
@@ -1748,11 +1748,7 @@ func (s *Server) GracefulStop() {
 	s.quit.Fire()
 	defer s.done.Fire()
 
-	s.channelzRemoveOnce.Do(func() {
-		if channelz.IsOn() {
-			channelz.RemoveEntry(s.channelzID)
-		}
-	})
+	s.channelzRemoveOnce.Do(func() { channelz.RemoveEntry(s.channelzID) })
 	s.mu.Lock()
 	if s.conns == nil {
 		s.mu.Unlock()
diff --git a/vendor/google.golang.org/grpc/service_config.go b/vendor/google.golang.org/grpc/service_config.go
index 22c4240cf7e..b01c548bb9a 100644
--- a/vendor/google.golang.org/grpc/service_config.go
+++ b/vendor/google.golang.org/grpc/service_config.go
@@ -218,7 +218,7 @@ type jsonSC struct {
 }
 
 func init() {
-	internal.ParseServiceConfigForTesting = parseServiceConfig
+	internal.ParseServiceConfig = parseServiceConfig
 }
 func parseServiceConfig(js string) *serviceconfig.ParseResult {
 	if len(js) == 0 {
@@ -381,6 +381,9 @@ func init() {
 //
 // If any of them is NOT *ServiceConfig, return false.
 func equalServiceConfig(a, b serviceconfig.Config) bool {
+	if a == nil && b == nil {
+		return true
+	}
 	aa, ok := a.(*ServiceConfig)
 	if !ok {
 		return false
diff --git a/vendor/google.golang.org/grpc/stream.go b/vendor/google.golang.org/grpc/stream.go
index 625d47b34e5..be51405358c 100644
--- a/vendor/google.golang.org/grpc/stream.go
+++ b/vendor/google.golang.org/grpc/stream.go
@@ -36,6 +36,7 @@ import (
 	""google.golang.org/grpc/internal/channelz""
 	""google.golang.org/grpc/internal/grpcrand""
 	""google.golang.org/grpc/internal/grpcutil""
+	imetadata ""google.golang.org/grpc/internal/metadata""
 	iresolver ""google.golang.org/grpc/internal/resolver""
 	""google.golang.org/grpc/internal/serviceconfig""
 	""google.golang.org/grpc/internal/transport""
@@ -46,10 +47,12 @@ import (
 )
 
 // StreamHandler defines the handler called by gRPC server to complete the
-// execution of a streaming RPC. If a StreamHandler returns an error, it
-// should be produced by the status package, or else gRPC will use
-// codes.Unknown as the status code and err.Error() as the status message
-// of the RPC.
+// execution of a streaming RPC.
+//
+// If a StreamHandler returns an error, it should either be produced by the
+// status package, or be one of the context errors. Otherwise, gRPC will use
+// codes.Unknown as the status code and err.Error() as the status message of the
+// RPC.
 type StreamHandler func(srv interface{}, stream ServerStream) error
 
 // StreamDesc represents a streaming RPC service's method specification.  Used
@@ -164,6 +167,11 @@ func NewClientStream(ctx context.Context, desc *StreamDesc, cc *ClientConn, meth
 }
 
 func newClientStream(ctx context.Context, desc *StreamDesc, cc *ClientConn, method string, opts ...CallOption) (_ ClientStream, err error) {
+	if md, _, ok := metadata.FromOutgoingContextRaw(ctx); ok {
+		if err := imetadata.Validate(md); err != nil {
+			return nil, status.Error(codes.Internal, err.Error())
+		}
+	}
 	if channelz.IsOn() {
 		cc.incrCallsStarted()
 		defer func() {
@@ -295,14 +303,28 @@ func newClientStreamWithParams(ctx context.Context, desc *StreamDesc, cc *Client
 	}
 	cs.binlog = binarylog.GetMethodLogger(method)
 
-	if err := cs.newAttemptLocked(false /* isTransparent */); err != nil {
+	cs.attempt, err = cs.newAttemptLocked(false /* isTransparent */)
+	if err != nil {
 		cs.finish(err)
 		return nil, err
 	}
 
-	op := func(a *csAttempt) error { return a.newStream() }
+	// Pick the transport to use and create a new stream on the transport.
+	// Assign cs.attempt upon success.
+	op := func(a *csAttempt) error {
+		if err := a.getTransport(); err != nil {
+			return err
+		}
+		if err := a.newStream(); err != nil {
+			return err
+		}
+		// Because this operation is always called either here (while creating
+		// the clientStream) or by the retry code while locked when replaying
+		// the operation, it is safe to access cs.attempt directly.
+		cs.attempt = a
+		return nil
+	}
 	if err := cs.withRetry(op, func() { cs.bufferForRetryLocked(0, op) }); err != nil {
-		cs.finish(err)
 		return nil, err
 	}
 
@@ -341,9 +363,15 @@ func newClientStreamWithParams(ctx context.Context, desc *StreamDesc, cc *Client
 	return cs, nil
 }
 
-// newAttemptLocked creates a new attempt with a transport.
-// If it succeeds, then it replaces clientStream's attempt with this new attempt.
-func (cs *clientStream) newAttemptLocked(isTransparent bool) (retErr error) {
+// newAttemptLocked creates a new csAttempt without a transport or stream.
+func (cs *clientStream) newAttemptLocked(isTransparent bool) (*csAttempt, error) {
+	if err := cs.ctx.Err(); err != nil {
+		return nil, toRPCErr(err)
+	}
+	if err := cs.cc.ctx.Err(); err != nil {
+		return nil, ErrClientConnClosing
+	}
+
 	ctx := newContextWithRPCInfo(cs.ctx, cs.callInfo.failFast, cs.callInfo.codec, cs.cp, cs.comp)
 	method := cs.callHdr.Method
 	sh := cs.cc.dopts.copts.StatsHandler
@@ -377,44 +405,39 @@ func (cs *clientStream) newAttemptLocked(isTransparent bool) (retErr error) {
 		ctx = trace.NewContext(ctx, trInfo.tr)
 	}
 
-	newAttempt := &csAttempt{
+	if cs.cc.parsedTarget.Scheme == ""xds"" {
+		// Add extra metadata (metadata that will be added by transport) to context
+		// so the balancer can see them.
+		ctx = grpcutil.WithExtraMetadata(ctx, metadata.Pairs(
+			""content-type"", grpcutil.ContentType(cs.callHdr.ContentSubtype),
+		))
+	}
+
+	return &csAttempt{
 		ctx:          ctx,
 		beginTime:    beginTime,
 		cs:           cs,
 		dc:           cs.cc.dopts.dc,
 		statsHandler: sh,
 		trInfo:       trInfo,
-	}
-	defer func() {
-		if retErr != nil {
-			// This attempt is not set in the clientStream, so it's finish won't
-			// be called. Call it here for stats and trace in case they are not
-			// nil.
-			newAttempt.finish(retErr)
-		}
-	}()
+	}, nil
+}
 
-	if err := ctx.Err(); err != nil {
-		return toRPCErr(err)
-	}
+func (a *csAttempt) getTransport() error {
+	cs := a.cs
 
-	if cs.cc.parsedTarget.Scheme == ""xds"" {
-		// Add extra metadata (metadata that will be added by transport) to context
-		// so the balancer can see them.
-		ctx = grpcutil.WithExtraMetadata(ctx, metadata.Pairs(
-			""content-type"", grpcutil.ContentType(cs.callHdr.ContentSubtype),
-		))
-	}
-	t, done, err := cs.cc.getTransport(ctx, cs.callInfo.failFast, cs.callHdr.Method)
+	var err error
+	a.t, a.done, err = cs.cc.getTransport(a.ctx, cs.callInfo.failFast, cs.callHdr.Method)
 	if err != nil {
+		if de, ok := err.(dropError); ok {
+			err = de.error
+			a.drop = true
+		}
 		return err
 	}
-	if trInfo != nil {
-		trInfo.firstLine.SetRemoteAddr(t.RemoteAddr())
+	if a.trInfo != nil {
+		a.trInfo.firstLine.SetRemoteAddr(a.t.RemoteAddr())
 	}
-	newAttempt.t = t
-	newAttempt.done = done
-	cs.attempt = newAttempt
 	return nil
 }
 
@@ -423,12 +446,21 @@ func (a *csAttempt) newStream() error {
 	cs.callHdr.PreviousAttempts = cs.numRetries
 	s, err := a.t.NewStream(a.ctx, cs.callHdr)
 	if err != nil {
-		// Return without converting to an RPC error so retry code can
-		// inspect.
-		return err
+		nse, ok := err.(*transport.NewStreamError)
+		if !ok {
+			// Unexpected.
+			return err
+		}
+
+		if nse.AllowTransparentRetry {
+			a.allowTransparentRetry = true
+		}
+
+		// Unwrap and convert error.
+		return toRPCErr(nse.Err)
 	}
-	cs.attempt.s = s
-	cs.attempt.p = &parser{r: s}
+	a.s = s
+	a.p = &parser{r: s}
 	return nil
 }
 
@@ -454,7 +486,7 @@ type clientStream struct {
 
 	retryThrottler *retryThrottler // The throttler active when the RPC began.
 
-	binlog *binarylog.MethodLogger // Binary logger, can be nil.
+	binlog binarylog.MethodLogger // Binary logger, can be nil.
 	// serverHeaderBinlogged is a boolean for whether server header has been
 	// logged. Server header will be logged when the first time one of those
 	// happens: stream.Header(), stream.Recv().
@@ -506,6 +538,11 @@ type csAttempt struct {
 
 	statsHandler stats.Handler
 	beginTime    time.Time
+
+	// set for newStream errors that may be transparently retried
+	allowTransparentRetry bool
+	// set for pick errors that are returned as a status
+	drop bool
 }
 
 func (cs *clientStream) commitAttemptLocked() {
@@ -525,41 +562,21 @@ func (cs *clientStream) commitAttempt() {
 // shouldRetry returns nil if the RPC should be retried; otherwise it returns
 // the error that should be returned by the operation.  If the RPC should be
 // retried, the bool indicates whether it is being retried transparently.
-func (cs *clientStream) shouldRetry(err error) (bool, error) {
-	if cs.attempt.s == nil {
-		// Error from NewClientStream.
-		nse, ok := err.(*transport.NewStreamError)
-		if !ok {
-			// Unexpected, but assume no I/O was performed and the RPC is not
-			// fatal, so retry indefinitely.
-			return true, nil
-		}
-
-		// Unwrap and convert error.
-		err = toRPCErr(nse.Err)
-
-		// Never retry DoNotRetry errors, which indicate the RPC should not be
-		// retried due to max header list size violation, etc.
-		if nse.DoNotRetry {
-			return false, err
-		}
+func (a *csAttempt) shouldRetry(err error) (bool, error) {
+	cs := a.cs
 
-		// In the event of a non-IO operation error from NewStream, we never
-		// attempted to write anything to the wire, so we can retry
-		// indefinitely.
-		if !nse.DoNotTransparentRetry {
-			return true, nil
-		}
-	}
-	if cs.finished || cs.committed {
-		// RPC is finished or committed; cannot retry.
+	if cs.finished || cs.committed || a.drop {
+		// RPC is finished or committed or was dropped by the picker; cannot retry.
 		return false, err
 	}
+	if a.s == nil && a.allowTransparentRetry {
+		return true, nil
+	}
 	// Wait for the trailers.
 	unprocessed := false
-	if cs.attempt.s != nil {
-		<-cs.attempt.s.Done()
-		unprocessed = cs.attempt.s.Unprocessed()
+	if a.s != nil {
+		<-a.s.Done()
+		unprocessed = a.s.Unprocessed()
 	}
 	if cs.firstAttempt && unprocessed {
 		// First attempt, stream unprocessed: transparently retry.
@@ -571,14 +588,14 @@ func (cs *clientStream) shouldRetry(err error) (bool, error) {
 
 	pushback := 0
 	hasPushback := false
-	if cs.attempt.s != nil {
-		if !cs.attempt.s.TrailersOnly() {
+	if a.s != nil {
+		if !a.s.TrailersOnly() {
 			return false, err
 		}
 
 		// TODO(retry): Move down if the spec changes to not check server pushback
 		// before considering this a failure for throttling.
-		sps := cs.attempt.s.Trailer()[""grpc-retry-pushback-ms""]
+		sps := a.s.Trailer()[""grpc-retry-pushback-ms""]
 		if len(sps) == 1 {
 			var e error
 			if pushback, e = strconv.Atoi(sps[0]); e != nil || pushback < 0 {
@@ -595,10 +612,10 @@ func (cs *clientStream) shouldRetry(err error) (bool, error) {
 	}
 
 	var code codes.Code
-	if cs.attempt.s != nil {
-		code = cs.attempt.s.Status().Code()
+	if a.s != nil {
+		code = a.s.Status().Code()
 	} else {
-		code = status.Convert(err).Code()
+		code = status.Code(err)
 	}
 
 	rp := cs.methodConfig.RetryPolicy
@@ -643,19 +660,24 @@ func (cs *clientStream) shouldRetry(err error) (bool, error) {
 }
 
 // Returns nil if a retry was performed and succeeded; error otherwise.
-func (cs *clientStream) retryLocked(lastErr error) error {
+func (cs *clientStream) retryLocked(attempt *csAttempt, lastErr error) error {
 	for {
-		cs.attempt.finish(toRPCErr(lastErr))
-		isTransparent, err := cs.shouldRetry(lastErr)
+		attempt.finish(toRPCErr(lastErr))
+		isTransparent, err := attempt.shouldRetry(lastErr)
 		if err != nil {
 			cs.commitAttemptLocked()
 			return err
 		}
 		cs.firstAttempt = false
-		if err := cs.newAttemptLocked(isTransparent); err != nil {
+		attempt, err = cs.newAttemptLocked(isTransparent)
+		if err != nil {
+			// Only returns error if the clientconn is closed or the context of
+			// the stream is canceled.
 			return err
 		}
-		if lastErr = cs.replayBufferLocked(); lastErr == nil {
+		// Note that the first op in the replay buffer always sets cs.attempt
+		// if it is able to pick a transport and create a stream.
+		if lastErr = cs.replayBufferLocked(attempt); lastErr == nil {
 			return nil
 		}
 	}
@@ -665,7 +687,10 @@ func (cs *clientStream) Context() context.Context {
 	cs.commitAttempt()
 	// No need to lock before using attempt, since we know it is committed and
 	// cannot change.
-	return cs.attempt.s.Context()
+	if cs.attempt.s != nil {
+		return cs.attempt.s.Context()
+	}
+	return cs.ctx
 }
 
 func (cs *clientStream) withRetry(op func(a *csAttempt) error, onSuccess func()) error {
@@ -695,7 +720,7 @@ func (cs *clientStream) withRetry(op func(a *csAttempt) error, onSuccess func())
 			cs.mu.Unlock()
 			return err
 		}
-		if err := cs.retryLocked(err); err != nil {
+		if err := cs.retryLocked(a, err); err != nil {
 			cs.mu.Unlock()
 			return err
 		}
@@ -726,7 +751,7 @@ func (cs *clientStream) Header() (metadata.MD, error) {
 		cs.binlog.Log(logEntry)
 		cs.serverHeaderBinlogged = true
 	}
-	return m, err
+	return m, nil
 }
 
 func (cs *clientStream) Trailer() metadata.MD {
@@ -744,10 +769,9 @@ func (cs *clientStream) Trailer() metadata.MD {
 	return cs.attempt.s.Trailer()
 }
 
-func (cs *clientStream) replayBufferLocked() error {
-	a := cs.attempt
+func (cs *clientStream) replayBufferLocked(attempt *csAttempt) error {
 	for _, f := range cs.buffer {
-		if err := f(a); err != nil {
+		if err := f(attempt); err != nil {
 			return err
 		}
 	}
@@ -795,22 +819,17 @@ func (cs *clientStream) SendMsg(m interface{}) (err error) {
 	if len(payload) > *cs.callInfo.maxSendMessageSize {
 		return status.Errorf(codes.ResourceExhausted, ""trying to send message larger than max (%d vs. %d)"", len(payload), *cs.callInfo.maxSendMessageSize)
 	}
-	msgBytes := data // Store the pointer before setting to nil. For binary logging.
 	op := func(a *csAttempt) error {
-		err := a.sendMsg(m, hdr, payload, data)
-		// nil out the message and uncomp when replaying; they are only needed for
-		// stats which is disabled for subsequent attempts.
-		m, data = nil, nil
-		return err
+		return a.sendMsg(m, hdr, payload, data)
 	}
 	err = cs.withRetry(op, func() { cs.bufferForRetryLocked(len(hdr)+len(payload), op) })
 	if cs.binlog != nil && err == nil {
 		cs.binlog.Log(&binarylog.ClientMessage{
 			OnClientSide: true,
-			Message:      msgBytes,
+			Message:      data,
 		})
 	}
-	return
+	return err
 }
 
 func (cs *clientStream) RecvMsg(m interface{}) error {
@@ -1426,7 +1445,7 @@ type serverStream struct {
 
 	statsHandler stats.Handler
 
-	binlog *binarylog.MethodLogger
+	binlog binarylog.MethodLogger
 	// serverHeaderBinlogged indicates whether server header has been logged. It
 	// will happen when one of the following two happens: stream.SendHeader(),
 	// stream.Send().
@@ -1446,11 +1465,20 @@ func (ss *serverStream) SetHeader(md metadata.MD) error {
 	if md.Len() == 0 {
 		return nil
 	}
+	err := imetadata.Validate(md)
+	if err != nil {
+		return status.Error(codes.Internal, err.Error())
+	}
 	return ss.s.SetHeader(md)
 }
 
 func (ss *serverStream) SendHeader(md metadata.MD) error {
-	err := ss.t.WriteHeader(ss.s, md)
+	err := imetadata.Validate(md)
+	if err != nil {
+		return status.Error(codes.Internal, err.Error())
+	}
+
+	err = ss.t.WriteHeader(ss.s, md)
 	if ss.binlog != nil && !ss.serverHeaderBinlogged {
 		h, _ := ss.s.Header()
 		ss.binlog.Log(&binarylog.ServerHeader{
@@ -1465,6 +1493,9 @@ func (ss *serverStream) SetTrailer(md metadata.MD) {
 	if md.Len() == 0 {
 		return
 	}
+	if err := imetadata.Validate(md); err != nil {
+		logger.Errorf(""stream: failed to validate md when setting trailer, err: %v"", err)
+	}
 	ss.s.SetTrailer(md)
 }
 
diff --git a/vendor/google.golang.org/grpc/version.go b/vendor/google.golang.org/grpc/version.go
index 8ef0958797f..f17192e6a32 100644
--- a/vendor/google.golang.org/grpc/version.go
+++ b/vendor/google.golang.org/grpc/version.go
@@ -19,4 +19,4 @@
 package grpc
 
 // Version is the current grpc version.
-const Version = ""1.43.0""
+const Version = ""1.46.2""
diff --git a/vendor/google.golang.org/grpc/vet.sh b/vendor/google.golang.org/grpc/vet.sh
index d923187a7b3..ceb436c6ce4 100644
--- a/vendor/google.golang.org/grpc/vet.sh
+++ b/vendor/google.golang.org/grpc/vet.sh
@@ -107,7 +107,7 @@ for MOD_FILE in $(find . -name 'go.mod'); do
   go vet -all ./... | fail_on_output
   gofmt -s -d -l . 2>&1 | fail_on_output
   goimports -l . 2>&1 | not grep -vE ""\.pb\.go""
-  golint ./... 2>&1 | not grep -vE ""/testv3\.pb\.go:""
+  golint ./... 2>&1 | not grep -vE ""/grpc_testing_not_regenerate/.*\.pb\.go:""
 
   go mod tidy
   git status --porcelain 2>&1 | fail_on_output || \
diff --git a/vendor/modules.txt b/vendor/modules.txt
index 32a73558dbd..6bc34e16005 100644
--- a/vendor/modules.txt
+++ b/vendor/modules.txt
@@ -1267,7 +1267,7 @@ google.golang.org/genproto/googleapis/api/httpbody
 google.golang.org/genproto/googleapis/rpc/errdetails
 google.golang.org/genproto/googleapis/rpc/status
 google.golang.org/genproto/protobuf/field_mask
-# google.golang.org/grpc v1.43.0
+# google.golang.org/grpc v1.46.2
 ## explicit; go 1.14
 google.golang.org/grpc
 google.golang.org/grpc/attributes
@@ -1277,6 +1277,7 @@ google.golang.org/grpc/balancer/base
 google.golang.org/grpc/balancer/grpclb/state
 google.golang.org/grpc/balancer/roundrobin
 google.golang.org/grpc/binarylog/grpc_binarylog_v1
+google.golang.org/grpc/channelz
 google.golang.org/grpc/codes
 google.golang.org/grpc/connectivity
 google.golang.org/grpc/credentials
@@ -1287,6 +1288,7 @@ google.golang.org/grpc/encoding/proto
 google.golang.org/grpc/grpclog
 google.golang.org/grpc/internal
 google.golang.org/grpc/internal/backoff
+google.golang.org/grpc/internal/balancer/gracefulswitch
 google.golang.org/grpc/internal/balancerload
 google.golang.org/grpc/internal/binarylog
 google.golang.org/grpc/internal/buffer
@@ -1298,6 +1300,7 @@ google.golang.org/grpc/internal/grpcrand
 google.golang.org/grpc/internal/grpcsync
 google.golang.org/grpc/internal/grpcutil
 google.golang.org/grpc/internal/metadata
+google.golang.org/grpc/internal/pretty
 google.golang.org/grpc/internal/resolver
 google.golang.org/grpc/internal/resolver/dns
 google.golang.org/grpc/internal/resolver/passthrough",rejected_candidate,,
issta2024_bugs_in_pods_understanding_bugs:362d0ba45d8adfaf,issta2024_bugs_in_pods_understanding_bugs,runc,https://github.com/opencontainers/runc/commit/d08bc0c1b3bb2bd3370b80ecc2ace934ce7496c0,runc run: warn on non-empty cgroup,"Currently runc allows multiple containers to share the same cgroup (for
example, by having the same cgroupPath in config.json). While such
shared configuration might be OK, there are some issues:

 - When each container has its own resource limits, the order of
   containers start determines whose limits will be effectively applied.

 - When one of containers is paused, all others are paused, too.

 - When a container is paused, any attempt to do runc create/run/exec
   end up with runc init stuck inside a frozen cgroup.

 - When a systemd cgroup manager is used, this becomes even worse -- such
   as, stop (or even failed start) of any container results in
   ""stopTransientUnit"" command being sent to systemd, and so (depending on
   unit properties) other containers can receive SIGTERM, be killed after a
   timeout etc.

Any of the above may lead to various hard-to-debug situations in production
(runc init stuck, cgroup removal error, wrong resource limits, init not
reaping zombies etc.).

One obvious solution is to refuse a non-empty cgroup when starting a new
container. This would be a breaking change though, so let's make it in
steps, with the first step is issue a warning and a deprecated notice
about a non-empty cgroup.

Later (in runc 1.2) we will replace this warning with an error.

Signed-off-by: Kir Kolyshkin <kolyshkin@gmail.com>",no_comments_in_source,committed,2021-08-17T23:56:12+00:00,"[""libcontainer/factory_linux.go"", ""tests/integration/cgroups.bats""]","diff --git a/libcontainer/factory_linux.go b/libcontainer/factory_linux.go
index 6c4a65c7394..2e19ed60163 100644
--- a/libcontainer/factory_linux.go
+++ b/libcontainer/factory_linux.go
@@ -160,14 +160,35 @@ func (l *LinuxFactory) Create(id string, config *configs.Config) (Container, err
 	} else if !os.IsNotExist(err) {
 		return nil, err
 	}
-	if err := os.MkdirAll(containerRoot, 0o711); err != nil {
+
+	cm, err := manager.New(config.Cgroups)
+	if err != nil {
 		return nil, err
 	}
-	if err := os.Chown(containerRoot, unix.Geteuid(), unix.Getegid()); err != nil {
+
+	// Check that cgroup does not exist or empty (no processes).
+	// Note for cgroup v1 this check is not thorough, as there are multiple
+	// separate hierarchies, while both Exists() and GetAllPids() only use
+	// one for ""devices"" controller (assuming others are the same, which is
+	// probably true in almost all scenarios). Checking all the hierarchies
+	// would be too expensive.
+	if cm.Exists() {
+		pids, err := cm.GetAllPids()
+		// Reading PIDs can race with cgroups removal, so ignore ENOENT and ENODEV.
+		if err != nil && !errors.Is(err, os.ErrNotExist) && !errors.Is(err, unix.ENODEV) {
+			return nil, fmt.Errorf(""unable to get cgroup PIDs: %w"", err)
+		}
+		if len(pids) != 0 {
+			// TODO: return an error.
+			logrus.Warnf(""container's cgroup is not empty: %d process(es) found"", len(pids))
+			logrus.Warn(""DEPRECATED: running container in a non-empty cgroup won't be supported in runc 1.2; https://github.com/opencontainers/runc/issues/3132"")
+		}
+	}
+
+	if err := os.MkdirAll(containerRoot, 0o711); err != nil {
 		return nil, err
 	}
-	cm, err := manager.New(config.Cgroups)
-	if err != nil {
+	if err := os.Chown(containerRoot, unix.Geteuid(), unix.Getegid()); err != nil {
 		return nil, err
 	}
 	c := &linuxContainer{
diff --git a/tests/integration/cgroups.bats b/tests/integration/cgroups.bats
index ded7b126030..feddb0b4edd 100644
--- a/tests/integration/cgroups.bats
+++ b/tests/integration/cgroups.bats
@@ -347,3 +347,24 @@ function setup() {
 	[ ""$status"" -eq 0 ]
 	[ ""$output"" = ""ok"" ]
 }
+
+@test ""runc run/create should warn about a non-empty cgroup"" {
+	if [[ ""$ROOTLESS"" -ne 0 ]]; then
+		requires rootless_cgroup
+	fi
+
+	set_cgroups_path
+
+	runc run -d --console-socket ""$CONSOLE_SOCKET"" ct1
+	[ ""$status"" -eq 0 ]
+
+	# Run a second container sharing the cgroup with the first one.
+	runc --debug run -d --console-socket ""$CONSOLE_SOCKET"" ct2
+	[ ""$status"" -eq 0 ]
+	[[ ""$output"" == *""container's cgroup is not empty""* ]]
+
+	# Same but using runc create.
+	runc create --console-socket ""$CONSOLE_SOCKET"" ct3
+	[ ""$status"" -eq 0 ]
+	[[ ""$output"" == *""container's cgroup is not empty""* ]]
+}",accepted_fault,Wrong Container Behavior,Incorrect Image or Config Parsing
issta2024_bugs_in_pods_understanding_bugs:3816742467cdf6c4,issta2024_bugs_in_pods_understanding_bugs,cri-o,https://github.com/cri-o/cri-o/commit/ca3bb80a3dda0440659fcf8da8ed6f23211de94e,Merge pull request #6008 from haircommander/add-ubuntu,update ubuntu releases,no_comments_in_source,committed,2022-06-29T09:12:21+00:00,"[""install.md""]","diff --git a/install.md b/install.md
index 6a54492e14a..1452cc5b4df 100644
--- a/install.md
+++ b/install.md
@@ -52,7 +52,8 @@ Debian Testing
 Debian 10
 Debian 11
 Rasbian 10
-xUbuntu 20.10
+xUbuntu 22.04
+xUbuntu 21.10
 xUbuntu 20.04
 xUbuntu 18.04
 ```
@@ -127,9 +128,9 @@ To install on the following operating systems, set the environment variable $OS
 | Debian Testing   | `Debian_Testing`  |
 | Debian 10        | `Debian_10`       |
 | Raspberry Pi OS  | `Raspbian_10`     |
+| Ubuntu 22.04     | `xUbuntu_22.04`   |
+| Ubuntu 21.10     | `xUbuntu_21.10`   |
 | Ubuntu 20.04     | `xUbuntu_20.04`   |
-| Ubuntu 19.10     | `xUbuntu_19.10`   |
-| Ubuntu 19.04     | `xUbuntu_19.04`   |
 | Ubuntu 18.04     | `xUbuntu_18.04`   |
 
 If installing cri-o-runc (recommended), you'll need to install libseccomp >= 2.4.1. **NOTE: This is not available in distros based on Debian 10(buster) or below, so buster backports will need to be enabled:**",rejected_candidate,,
issta2024_bugs_in_pods_understanding_bugs:3c9195ca5842ef4d,issta2024_bugs_in_pods_understanding_bugs,containerd,https://github.com/containerd/containerd/commit/b572a82ad8b2daec351b5f2ee909b1a2102b9cf4,CRI: Remove deprecated error types and update error msg,Signed-off-by: Maksym Pavlenko <pavlenko.maksym@gmail.com>,no_comments_in_source,committed,2022-05-28T20:53:28+00:00,"[""pkg/cri/store/errors.go"", ""pkg/cri/store/errors_test.go"", ""pkg/cri/store/image/image.go""]","diff --git a/pkg/cri/store/errors.go b/pkg/cri/store/errors.go
deleted file mode 100644
index d8398e45fabc7..0000000000000
--- a/pkg/cri/store/errors.go
+++ /dev/null
@@ -1,33 +0,0 @@
-/*
-   Copyright The containerd Authors.
-
-   Licensed under the Apache License, Version 2.0 (the ""License"");
-   you may not use this file except in compliance with the License.
-   You may obtain a copy of the License at
-
-       http://www.apache.org/licenses/LICENSE-2.0
-
-   Unless required by applicable law or agreed to in writing, software
-   distributed under the License is distributed on an ""AS IS"" BASIS,
-   WITHOUT WARRANTIES OR CONDITIONS OF ANY KIND, either express or implied.
-   See the License for the specific language governing permissions and
-   limitations under the License.
-*/
-
-package store
-
-import ""github.com/containerd/containerd/errdefs""
-
-var (
-	// ErrAlreadyExist is the error returned when data added in the store
-	// already exists.
-	//
-	// This error has been DEPRECATED and will be removed in 1.5. Please switch
-	// usage directly to `errdefs.ErrAlreadyExists`.
-	ErrAlreadyExist = errdefs.ErrAlreadyExists
-	// ErrNotExist is the error returned when data is not in the store.
-	//
-	// This error has been DEPRECATED and will be removed in 1.5. Please switch
-	// usage directly to `errdefs.ErrNotFound`.
-	ErrNotExist = errdefs.ErrNotFound
-)
diff --git a/pkg/cri/store/errors_test.go b/pkg/cri/store/errors_test.go
deleted file mode 100644
index 11b38bfd70c69..0000000000000
--- a/pkg/cri/store/errors_test.go
+++ /dev/null
@@ -1,48 +0,0 @@
-/*
-   Copyright The containerd Authors.
-
-   Licensed under the Apache License, Version 2.0 (the ""License"");
-   you may not use this file except in compliance with the License.
-   You may obtain a copy of the License at
-
-       http://www.apache.org/licenses/LICENSE-2.0
-
-   Unless required by applicable law or agreed to in writing, software
-   distributed under the License is distributed on an ""AS IS"" BASIS,
-   WITHOUT WARRANTIES OR CONDITIONS OF ANY KIND, either express or implied.
-   See the License for the specific language governing permissions and
-   limitations under the License.
-*/
-
-package store
-
-import (
-	""testing""
-
-	""github.com/containerd/containerd/errdefs""
-
-	""google.golang.org/grpc/codes""
-	""google.golang.org/grpc/status""
-)
-
-func TestStoreErrAlreadyExistGRPCStatus(t *testing.T) {
-	err := errdefs.ToGRPC(errdefs.ErrAlreadyExists)
-	s, ok := status.FromError(err)
-	if !ok {
-		t.Fatalf(""failed to convert err: %v to status: %d"", err, codes.AlreadyExists)
-	}
-	if s.Code() != codes.AlreadyExists {
-		t.Fatalf(""expected code: %d got: %d"", codes.AlreadyExists, s.Code())
-	}
-}
-
-func TestStoreErrNotExistGRPCStatus(t *testing.T) {
-	err := errdefs.ToGRPC(errdefs.ErrNotFound)
-	s, ok := status.FromError(err)
-	if !ok {
-		t.Fatalf(""failed to convert err: %v to status: %d"", err, codes.NotFound)
-	}
-	if s.Code() != codes.NotFound {
-		t.Fatalf(""expected code: %d got: %d"", codes.NotFound, s.Code())
-	}
-}
diff --git a/pkg/cri/store/image/image.go b/pkg/cri/store/image/image.go
index 6b36ea1b10ce1..7d71d37412725 100644
--- a/pkg/cri/store/image/image.go
+++ b/pkg/cri/store/image/image.go
@@ -136,7 +136,7 @@ func getImage(ctx context.Context, i containerd.Image) (*Image, error) {
 
 	spec, err := i.Spec(ctx)
 	if err != nil {
-		return nil, fmt.Errorf(""failed to read get image spec: %w"", err)
+		return nil, fmt.Errorf(""failed to get OCI image spec: %w"", err)
 	}
 
 	return &Image{",accepted_fault,Logging Error,Improper Exception Handling
issta2024_bugs_in_pods_understanding_bugs:3ead068ff10cd261,issta2024_bugs_in_pods_understanding_bugs,gvisor,https://github.com/google/gvisor/commit/84767a8f2388dde73c7e7be04e6f5ece91d183ab,Fix title in buffer pooling blog.,PiperOrigin-RevId: 483728986,no_comments_in_source,committed,2022-10-25T18:19:45+00:00,"[""website/blog/2022-10-24-buffer-pooling.md""]","diff --git a/website/blog/2022-10-24-buffer-pooling.md b/website/blog/2022-10-24-buffer-pooling.md
index 32663d3585..e789d5e6a3 100644
--- a/website/blog/2022-10-24-buffer-pooling.md
+++ b/website/blog/2022-10-24-buffer-pooling.md
@@ -1,5 +1,4 @@
-\# How we Eliminated 99% of gVisor Networking Memory Allocations with Enhanced
-Buffer Pooling
+# How we Eliminated 99% of gVisor Networking Memory Allocations with Enhanced Buffer Pooling
 
 In an
 [earlier blog post](https://gvisor.dev/blog/2020/04/02/gvisor-networking-security/)",rejected_candidate,,
issta2024_bugs_in_pods_understanding_bugs:40922dea905c1a9a,issta2024_bugs_in_pods_understanding_bugs,gvisor,https://github.com/google/gvisor/commit/57da3c7ddd50f9a909d9b0022fe63eb201a2ca0e,vfs2/epoll: fix missing event trigger in epoll-in-epoll case,"In some cases, epoll fd would be registered in another epoll fd. Process
may call epoll_wait on the upper layer epoll fd, and the lower layer epoll
fd should generate EPOLLIN event if itself get any event.
But in VFS2, events generated for epoll fd could only be cleaned when
(*EpollInstance).ReadEvents is called. And this function is only called
when epoll_wait on the epoll fd. Therefore, when epoll_wait on the upper
layer epoll fd, the events generated in lower layer epoll fd would not
be cleaned even if it's not valid anymore, and lower layer epoll fd would
not report event to upper layer even if new event is triggered.

In this commit, (*EpollInstance).Readiness would also clean invalid events.
So, when epoll_wait on the upper layer epoll fd, Readiness function called
on lower layer epoll fd would clean invalid events. And lower layer could
report event to upper layer if new event is triggered.

A syscall test case is added to verify the commit.

Fixes https://github.com/google/gvisor/issues/6427

Signed-off-by: Jielong Zhou <jielong.zjl@antgroup.com>",no_comments_in_source,committed,2021-08-09T12:01:05+00:00,"[""pkg/sentry/vfs/epoll.go"", ""test/syscalls/linux/BUILD"", ""test/syscalls/linux/epoll.cc""]","diff --git a/pkg/sentry/vfs/epoll.go b/pkg/sentry/vfs/epoll.go
index befe3ca25a..23ccc6b668 100644
--- a/pkg/sentry/vfs/epoll.go
+++ b/pkg/sentry/vfs/epoll.go
@@ -136,12 +136,16 @@ func (ep *EpollInstance) Readiness(mask waiter.EventMask) waiter.EventMask {
 		return 0
 	}
 	ep.mu.Lock()
-	for epi := ep.ready.Front(); epi != nil; epi = epi.Next() {
+	var next *epollInterest
+	for epi := ep.ready.Front(); epi != nil; epi = next {
+		next = epi.Next()
 		wmask := waiter.EventMaskFromLinux(epi.mask)
 		if epi.key.file.Readiness(wmask)&wmask != 0 {
 			ep.mu.Unlock()
 			return waiter.ReadableEvents
 		}
+		ep.ready.Remove(epi)
+		epi.ready = false
 	}
 	ep.mu.Unlock()
 	return 0
diff --git a/test/syscalls/linux/BUILD b/test/syscalls/linux/BUILD
index 71cc9b51d1..9c7bb83942 100644
--- a/test/syscalls/linux/BUILD
+++ b/test/syscalls/linux/BUILD
@@ -583,6 +583,7 @@ cc_binary(
         ""//test/util:posix_error"",
         ""//test/util:test_main"",
         ""//test/util:test_util"",
+        ""//test/util:thread_util"",
     ],
 )
 
diff --git a/test/syscalls/linux/epoll.cc b/test/syscalls/linux/epoll.cc
index 3ef8b03272..89b16d1682 100644
--- a/test/syscalls/linux/epoll.cc
+++ b/test/syscalls/linux/epoll.cc
@@ -496,6 +496,50 @@ TEST(EpollTest, PipeReaderHupAfterWriterClosed) {
   EXPECT_EQ(result[0].data.u64, kMagicConstant);
 }
 
+TEST(EpollTest, DoubleLayerEpoll) {
+  int listen_fd = socket(AF_INET, SOCK_STREAM, IPPROTO_TCP);
+  struct sockaddr_in sa;
+  sa.sin_family = AF_INET;
+  inet_aton(""127.0.0.1"", &sa.sin_addr);
+  sa.sin_port = htons(8888);
+  bind(listen_fd, (struct sockaddr *)&sa, sizeof(sa));
+  listen(listen_fd, 1);
+
+  auto epfd1 = ASSERT_NO_ERRNO_AND_VALUE(NewEpollFD());
+  ASSERT_NO_ERRNO(RegisterEpollFD(epfd1.get(), listen_fd, EPOLLIN|EPOLLHUP, listen_fd));
+
+  auto epfd2 = ASSERT_NO_ERRNO_AND_VALUE(NewEpollFD());
+  ASSERT_NO_ERRNO(RegisterEpollFD(epfd2.get(), epfd1.get(), EPOLLIN|EPOLLHUP, epfd1.get()));
+
+  struct epoll_event ret_events[2];
+
+  // first time
+  ScopedThread thread1([&sa]() {
+    sleep(1);
+    int sock = socket(AF_INET, SOCK_STREAM, IPPROTO_TCP);
+    ASSERT_THAT(connect(sock, (struct sockaddr *)&sa, sizeof(sa)), SyscallSucceeds());
+  });
+  ASSERT_THAT(epoll_wait(epfd2.get(), ret_events, 2, 2000), SyscallSucceedsWithValue(1));
+  ASSERT_EQ(ret_events[0].data.fd, epfd1.get());
+  ASSERT_THAT(epoll_wait(epfd1.get(), ret_events, 2, 2000), SyscallSucceedsWithValue(1));
+  ASSERT_EQ(ret_events[0].data.fd, listen_fd);
+  int server_fd = accept(listen_fd, NULL, NULL);
+  ASSERT_THAT(close(server_fd), SyscallSucceeds());
+
+  // second time to check if event in epfd1 is cleaned correctly
+  ScopedThread thread2([&sa]() {
+    sleep(1);
+    int sock = socket(AF_INET, SOCK_STREAM, IPPROTO_TCP);
+    ASSERT_THAT(connect(sock, (struct sockaddr *)&sa, sizeof(sa)), SyscallSucceeds());
+  });
+  ASSERT_THAT(epoll_wait(epfd2.get(), ret_events, 2, 2000), SyscallSucceedsWithValue(1));
+  ASSERT_EQ(ret_events[0].data.fd, epfd1.get());
+  ASSERT_THAT(epoll_wait(epfd1.get(), ret_events, 2, 2000), SyscallSucceedsWithValue(1));
+  ASSERT_EQ(ret_events[0].data.fd, listen_fd);
+  server_fd = accept(listen_fd, NULL, NULL);
+  ASSERT_THAT(close(server_fd), SyscallSucceeds());
+}
+
 }  // namespace
 
 }  // namespace testing",accepted_fault,Incorrect Return Value,Improper Exception Handling
issta2024_bugs_in_pods_understanding_bugs:40ad9d7e18ce0710,issta2024_bugs_in_pods_understanding_bugs,gvisor,https://github.com/google/gvisor/commit/f9afde9b888dcc67786ea49e244c3a6dc644792a,Exempt SIGPIPE from sentry signal forwarding.,"The sentry may get SIGPIPE from writing to readerless pipes or shutdown
sockets; in these cases, it's incorrect to forward the SIGPIPE to app PID 1.

(It would be correct to send SIGPIPE to the app thread performing the write
instead, but we can't do so with signal forwarding since (1) we can't identify
the correct app thread to signal and (2) Go signal handling with os/signal is
async - the sentry thread that received SIGPIPE continued execution after doing
so, so the app thread may already be running. Having the sentry send SIGPIPE
independently of the host is gvisor.dev/issue/161.)

Updates #7293

PiperOrigin-RevId: 445469810",no_comments_in_source,committed,2022-04-29T18:43:42+00:00,"[""pkg/sighandling/sighandling.go""]","diff --git a/pkg/sighandling/sighandling.go b/pkg/sighandling/sighandling.go
index bdaf8af298..ba26d63fc5 100644
--- a/pkg/sighandling/sighandling.go
+++ b/pkg/sighandling/sighandling.go
@@ -90,6 +90,10 @@ func StartSignalForwarding(handler func(linux.Signal)) func() {
 		if sig == int(linux.SIGURG) {
 			continue
 		}
+		// SIGPIPE is received when sending to disconnected host pipes/sockets.
+		if sig == int(linux.SIGPIPE) {
+			continue
+		}
 		signal.Notify(sigchan, unix.Signal(sig))
 	}
 	// Start up our listener.",accepted_fault,Runtime Daemon Crash,Wrong Code Logic
issta2024_bugs_in_pods_understanding_bugs:41d5d6ccb698b50d,issta2024_bugs_in_pods_understanding_bugs,containerd,https://github.com/containerd/containerd/commit/93a2823811aa46143a1e36e0bb8f9187e25bccbb,Merge pull request #8005 from my-git9/chore/reuseerrdefs,Reused package errdefs for not supported error,no_comments_in_source,committed,2023-01-25T17:56:06+00:00,"[""runtime/v2/shim/shim_windows.go""]","diff --git a/runtime/v2/shim/shim_windows.go b/runtime/v2/shim/shim_windows.go
index 2add7ac33fed7..a290a06fb6246 100644
--- a/runtime/v2/shim/shim_windows.go
+++ b/runtime/v2/shim/shim_windows.go
@@ -18,41 +18,41 @@ package shim
 
 import (
 	""context""
-	""errors""
 	""io""
 	""net""
 	""os""
 
+	""github.com/containerd/containerd/errdefs""
 	""github.com/containerd/ttrpc""
 	""github.com/sirupsen/logrus""
 )
 
 func setupSignals(config Config) (chan os.Signal, error) {
-	return nil, errors.New(""not supported"")
+	return nil, errdefs.ErrNotImplemented
 }
 
 func newServer(opts ...ttrpc.ServerOpt) (*ttrpc.Server, error) {
-	return nil, errors.New(""not supported"")
+	return nil, errdefs.ErrNotImplemented
 }
 
 func subreaper() error {
-	return errors.New(""not supported"")
+	return errdefs.ErrNotImplemented
 }
 
 func setupDumpStacks(dump chan<- os.Signal) {
 }
 
 func serveListener(path string) (net.Listener, error) {
-	return nil, errors.New(""not supported"")
+	return nil, errdefs.ErrNotImplemented
 }
 
 func reap(ctx context.Context, logger *logrus.Entry, signals chan os.Signal) error {
-	return errors.New(""not supported"")
+	return errdefs.ErrNotImplemented
 }
 
 func handleExitSignals(ctx context.Context, logger *logrus.Entry, cancel context.CancelFunc) {
 }
 
 func openLog(ctx context.Context, _ string) (io.Writer, error) {
-	return nil, errors.New(""not supported"")
+	return nil, errdefs.ErrNotImplemented
 }",rejected_candidate,,
issta2024_bugs_in_pods_understanding_bugs:44d293e0a44e0545,issta2024_bugs_in_pods_understanding_bugs,runc,https://github.com/opencontainers/runc/commit/6676f9807f919eeb57dd103466c7772176f70076,tests/integration/get-images.sh: fix busybox.tar.xz URL,"Fix issue 3699

Signed-off-by: Akihiro Suda <akihiro.suda.cz@hco.ntt.co.jp>",no_comments_in_source,committed,2023-01-11T23:53:57+00:00,"[""tests/integration/get-images.sh""]","diff --git a/tests/integration/get-images.sh b/tests/integration/get-images.sh
index 63ce40cdad1..7204478de10 100755
--- a/tests/integration/get-images.sh
+++ b/tests/integration/get-images.sh
@@ -56,7 +56,7 @@ esac
 # busybox
 BUSYBOX_IMAGE=""$TESTDATA/busybox-${arch}.tar.xz""
 get ""$BUSYBOX_IMAGE"" \
-	""https://github.com/docker-library/busybox/raw/dist-${arch}/stable/glibc/busybox.tar.xz""
+	""https://github.com/docker-library/busybox/raw/dist-${arch}/latest/glibc/busybox.tar.xz""
 echo ""BUSYBOX_IMAGE=$BUSYBOX_IMAGE""
 
 # debian",rejected_candidate,,
issta2024_bugs_in_pods_understanding_bugs:468b5fbdf9248e81,issta2024_bugs_in_pods_understanding_bugs,runc,https://github.com/opencontainers/runc/commit/bbcf96f91febb703a9804156b93742b274068b0e,libct/cg/devices: stop using regex,"Looking into data generated by setting

	GODEBUG=""inittrace=1""

I have noticed this line:

init github.com/opencontainers/runc/libcontainer/cgroups/devices @1.2 ms, 0.020 ms clock, 10512 bytes, 133 allocs

This is the leader for both bytes and allocs among the packages from
this repo, and all of it is caused by a single regex:

> var devicesListRegexp = regexp.MustCompile(`^([abc])\s+(\d+|\*):(\d+|\*)\s+([rwm]+)$`)

It seems that the same parsing can be done without relying on
a regular expression, no decrease in readability, and 2x faster
(according to the benchmark added), and also makes runc start
slightly faster and leaner.

Before:
    BenchmarkParseLine-4   	  176240	      6768 ns/op	    6576 B/op	      64 allocs/op

After:
    BenchmarkParseLine-4   	  322441	      3535 ns/op	    5520 B/op	      53 allocs/op

[v2: single split with SplitFunc; fix a typo in error message]
[v3: rebase after 3159 merge; re-ran benchmarks (results are similar)]

Co-authored-by: Sebastiaan van Stijn <github@gone.nl>
Signed-off-by: Kir Kolyshkin <kolyshkin@gmail.com>",no_comments_in_source,committed,2021-07-24T20:45:35+00:00,"[""libcontainer/cgroups/devices/devices_emulator.go"", ""libcontainer/cgroups/devices/devices_emulator_test.go""]","diff --git a/libcontainer/cgroups/devices/devices_emulator.go b/libcontainer/cgroups/devices/devices_emulator.go
index 941169ecfac..b5ff2dfe99b 100644
--- a/libcontainer/cgroups/devices/devices_emulator.go
+++ b/libcontainer/cgroups/devices/devices_emulator.go
@@ -22,12 +22,11 @@ package devices
 
 import (
 	""bufio""
-	""errors""
 	""fmt""
 	""io""
-	""regexp""
 	""sort""
 	""strconv""
+	""strings""
 
 	""github.com/opencontainers/runc/libcontainer/devices""
 )
@@ -79,19 +78,21 @@ func (e *Emulator) IsAllowAll() bool {
 	return e.IsBlacklist() && len(e.rules) == 0
 }
 
-var devicesListRegexp = regexp.MustCompile(`^([abc])\s+(\d+|\*):(\d+|\*)\s+([rwm]+)$`)
-
 func parseLine(line string) (*deviceRule, error) {
-	matches := devicesListRegexp.FindStringSubmatch(line)
-	if matches == nil {
-		return nil, errors.New(""line doesn't match devices.list format"")
+	// Input: node major:minor perms.
+	fields := strings.FieldsFunc(line, func(r rune) bool {
+		return r == ' ' || r == ':'
+	})
+	if len(fields) != 4 {
+		return nil, fmt.Errorf(""malformed devices.list rule %s"", line)
 	}
+
 	var (
 		rule  deviceRule
-		node  = devices.Type(matches[1])
-		major = matches[2]
-		minor = matches[3]
-		perms = matches[4]
+		node  = devices.Type(fields[0])
+		major = fields[1]
+		minor = fields[2]
+		perms = fields[3]
 	)
 
 	// Parse the node type.
@@ -105,7 +106,6 @@ func parseLine(line string) (*deviceRule, error) {
 	case devices.BlockDevice, devices.CharDevice:
 		rule.meta.node = node
 	default:
-		// Should never happen!
 		return nil, fmt.Errorf(""unknown device type %q"", node)
 	}
 
@@ -134,7 +134,6 @@ func parseLine(line string) (*deviceRule, error) {
 	// Parse the access permissions.
 	rule.perms = devices.Permissions(perms)
 	if !rule.perms.IsValid() || rule.perms.IsEmpty() {
-		// Should never happen!
 		return nil, fmt.Errorf(""parse access mode: contained unknown modes or is empty: %q"", perms)
 	}
 
diff --git a/libcontainer/cgroups/devices/devices_emulator_test.go b/libcontainer/cgroups/devices/devices_emulator_test.go
index 5dbcbdee697..4dac242cffa 100644
--- a/libcontainer/cgroups/devices/devices_emulator_test.go
+++ b/libcontainer/cgroups/devices/devices_emulator_test.go
@@ -19,8 +19,10 @@
 package devices
 
 import (
+	""bufio""
 	""bytes""
 	""reflect""
+	""strings""
 	""testing""
 
 	""github.com/opencontainers/runc/libcontainer/devices""
@@ -1112,3 +1114,31 @@ func TestDeviceEmulatorTransitionFromBlacklist(t *testing.T) {
 func TestDeviceEmulatorTransitionFromWhitelist(t *testing.T) {
 	testDeviceEmulatorTransition(t, false)
 }
+
+func BenchmarkParseLine(b *testing.B) {
+	list := `c *:* m
+b *:* m
+c 1:3 rwm
+c 1:5 rwm
+c 1:7 rwm
+c 1:8 rwm
+c 1:9 rwm
+c 5:0 rwm
+c 5:2 rwm
+c 136:* rwm
+c 10:200 rwm`
+
+	var r *deviceRule
+	var err error
+	for i := 0; i < b.N; i++ {
+		s := bufio.NewScanner(strings.NewReader(list))
+		for s.Scan() {
+			line := s.Text()
+			r, err = parseLine(line)
+		}
+		if err := s.Err(); err != nil {
+			b.Fatal(err)
+		}
+	}
+	b.Logf(""rule: %v, err: %v"", r, err)
+}",rejected_candidate,,
issta2024_bugs_in_pods_understanding_bugs:47c1a2d4d3be25d3,issta2024_bugs_in_pods_understanding_bugs,cri-o,https://github.com/cri-o/cri-o/commit/603730df204486b95f0ab5ef0c29d2fba9d6910e,Merge pull request #6955 from sairameshv/ci-job-evented-pleg,OCPNODE-1286: Add a CI job to run cri-o e2e tests by enabling the evented pleg feature,no_comments_in_source,committed,2023-05-23T22:21:02+00:00,"[""contrib/test/ci/build/cri-o.yml"", ""contrib/test/ci/e2e-base.yml"", ""contrib/test/ci/vars.yml""]","diff --git a/contrib/test/ci/build/cri-o.yml b/contrib/test/ci/build/cri-o.yml
index 9f6ed9fe9ad..c601810e0da 100644
--- a/contrib/test/ci/build/cri-o.yml
+++ b/contrib/test/ci/build/cri-o.yml
@@ -87,6 +87,14 @@
       runtime_root = ""/run/crun""
   when: ""use_conmonrs | default(False) | bool""
 
+- name: use evented-pleg
+  copy:
+    dest: /etc/crio/crio.conf.d/99-evented-pleg.conf
+    content: |
+      [crio.runtime]
+      enable_pod_events = true
+  when: ""evented_pleg_fg | default(False) | bool""
+
 - name: use kata
   copy:
     dest: /etc/crio/crio.conf.d/50-kata.conf
diff --git a/contrib/test/ci/e2e-base.yml b/contrib/test/ci/e2e-base.yml
index 853a297bea9..01dc1fba247 100644
--- a/contrib/test/ci/e2e-base.yml
+++ b/contrib/test/ci/e2e-base.yml
@@ -34,6 +34,17 @@
     enabled: yes
     daemon_reload: yes
 
+- name: update the evented pleg feature gate for the custom cluster
+  become: yes
+  lineinfile:
+    dest: /usr/local/bin/createcluster.sh
+    line: |
+        # Added by Ansible from e2e.yml
+        export FEATURE_GATES=""EventedPLEG=true""
+    regexp: ""^export FEATURE_GATES=""
+    state: present
+  when: ""evented_pleg_fg | default(False) | bool""
+
 - name: update the server address for the custom cluster
   become: yes
   lineinfile:
diff --git a/contrib/test/ci/vars.yml b/contrib/test/ci/vars.yml
index 919c3b9d8d7..5fd3869fe8e 100644
--- a/contrib/test/ci/vars.yml
+++ b/contrib/test/ci/vars.yml
@@ -11,6 +11,7 @@ build_crun: False
 build_kata: False
 cgroupv2: False
 use_conmonrs: '{{ USE_CONMONRS | default(False) | bool }}'
+evented_pleg_fg: '{{ EVENTED_PLEG | default(False) | bool }}'
 
 critest_mirror_repo: quay.io/crio
 cri_tools_git_version: ""v1.27.0""",rejected_candidate,,
issta2024_bugs_in_pods_understanding_bugs:4926c1d2f30d2c27,issta2024_bugs_in_pods_understanding_bugs,containerd,https://github.com/containerd/containerd/commit/cdaa4025e9badd5a19f307752e0c79d79c89a624,Fix some typos,Signed-off-by: Pan Yibo <mstmdev@gmail.com>,no_comments_in_source,committed,2023-05-09T18:45:57+00:00,"[""cmd/ctr/commands/cni.go"", ""integration/images/image_list.go"", ""metadata/gc.go"", ""pkg/cri/server/bandwidth/interfaces.go"", ""pkg/cri/streaming/portforward/portforward.go"", ""pkg/failpoint/fail.go"", ""pkg/netns/netns_windows.go"", ""pkg/nri/domain.go"", ""pkg/nri/nri.go"", ""pkg/transfer/image/imagestore.go"", ""pkg/transfer/local/progress.go"", ""pkg/transfer/registry/registry.go"", ""plugin/plugin.go"", ""protobuf/any.go"", ""remotes/docker/auth/parse.go"", ""services/services.go""]","diff --git a/cmd/ctr/commands/cni.go b/cmd/ctr/commands/cni.go
index 4c15306a671a0..c1620cea3b5ac 100644
--- a/cmd/ctr/commands/cni.go
+++ b/cmd/ctr/commands/cni.go
@@ -36,7 +36,7 @@ const (
 	CtrCniMetadataExtension = ""ctr.cni-containerd.metadata""
 )
 
-// ctr pass cni network metadata to containerd if ctr run use option of --cni
+// NetworkMetaData ctr pass cni network metadata to containerd if ctr run use option of --cni
 type NetworkMetaData struct {
 	EnableCni bool
 }
diff --git a/integration/images/image_list.go b/integration/images/image_list.go
index 0232a787d5b4e..d7cce9524ba09 100644
--- a/integration/images/image_list.go
+++ b/integration/images/image_list.go
@@ -90,7 +90,7 @@ const (
 	VolumeCopyUp
 	// VolumeOwnership image
 	VolumeOwnership
-	// Test image for ArgsEscaped windows bug
+	// ArgsEscaped tests image for ArgsEscaped windows bug
 	ArgsEscaped
 )
 
diff --git a/metadata/gc.go b/metadata/gc.go
index 5518a44872a4f..1e460eb045f0e 100644
--- a/metadata/gc.go
+++ b/metadata/gc.go
@@ -72,7 +72,7 @@ var (
 // function and optimize other functions for running fast during garbage
 // collection write locks.
 type CollectionContext interface {
-	// Sends all known resources
+	// All sends all known resources
 	All(func(gc.Node))
 
 	// Active sends all active resources
diff --git a/pkg/cri/server/bandwidth/interfaces.go b/pkg/cri/server/bandwidth/interfaces.go
index 9eb4bfb60cfc0..b8f46b1ee89c3 100644
--- a/pkg/cri/server/bandwidth/interfaces.go
+++ b/pkg/cri/server/bandwidth/interfaces.go
@@ -45,11 +45,11 @@ type Shaper interface {
 	// Limits are aggregate limits for the CIDR, not per IP address.  CIDRs must be unique, but can be overlapping, traffic
 	// that matches multiple CIDRs counts against all limits.
 	Limit(cidr string, egress, ingress *resource.Quantity) error
-	// Remove a bandwidth limit for a particular CIDR on a particular network interface
+	// Reset removes a bandwidth limit for a particular CIDR on a particular network interface
 	Reset(cidr string) error
-	// Reconcile the interface managed by this shaper with the state on the ground.
+	// ReconcileInterface reconciles the interface managed by this shaper with the state on the ground.
 	ReconcileInterface() error
-	// Reconcile a CIDR managed by this shaper with the state on the ground
+	// ReconcileCIDR reconciles a CIDR managed by this shaper with the state on the ground
 	ReconcileCIDR(cidr string, egress, ingress *resource.Quantity) error
 	// GetCIDRs returns the set of CIDRs that are being managed by this shaper
 	GetCIDRs() ([]string, error)
diff --git a/pkg/cri/streaming/portforward/portforward.go b/pkg/cri/streaming/portforward/portforward.go
index 89a39ea66d722..853a0ba0c88eb 100644
--- a/pkg/cri/streaming/portforward/portforward.go
+++ b/pkg/cri/streaming/portforward/portforward.go
@@ -45,7 +45,7 @@ import (
 // PortForwarder knows how to forward content from a data stream to/from a port
 // in a pod.
 type PortForwarder interface {
-	// PortForwarder copies data between a data stream and a port in a pod.
+	// PortForward copies data between a data stream and a port in a pod.
 	PortForward(name string, uid types.UID, port int32, stream io.ReadWriteCloser) error
 }
 
diff --git a/pkg/failpoint/fail.go b/pkg/failpoint/fail.go
index d616ec97e1d0a..7638e330c2b9a 100644
--- a/pkg/failpoint/fail.go
+++ b/pkg/failpoint/fail.go
@@ -136,7 +136,7 @@ func (fp *Failpoint) DelegatedEval() EvalFn {
 	return target.evaluate
 }
 
-// Failpoint returns the current state of control in string format.
+// Marshal returns the current state of control in string format.
 func (fp *Failpoint) Marshal() string {
 	fp.Lock()
 	defer fp.Unlock()
diff --git a/pkg/netns/netns_windows.go b/pkg/netns/netns_windows.go
index 2d26d6f7126e9..3d62d1b8c48c0 100644
--- a/pkg/netns/netns_windows.go
+++ b/pkg/netns/netns_windows.go
@@ -40,7 +40,7 @@ func NewNetNS(baseDir string) (*NetNS, error) {
 	return &NetNS{path: hcnNamespace.Id}, nil
 }
 
-// NewNetNS returns the netns from pid or a new netns if pid is 0.
+// NewNetNSFromPID returns the netns from pid or a new netns if pid is 0.
 func NewNetNSFromPID(baseDir string, pid uint32) (*NetNS, error) {
 	return nil, errNotImplementedOnWindows
 }
diff --git a/pkg/nri/domain.go b/pkg/nri/domain.go
index 186ce13d0ee7f..5559a4e4128f5 100644
--- a/pkg/nri/domain.go
+++ b/pkg/nri/domain.go
@@ -31,13 +31,13 @@ import (
 // Domain implements the functions the generic NRI interface needs to
 // deal with pods and containers from a particular containerd namespace.
 type Domain interface {
-	// GetName() returns the containerd namespace for this domain.
+	// GetName returns the containerd namespace for this domain.
 	GetName() string
 
-	// ListPodSandboxes list all pods in this namespace.
+	// ListPodSandboxes lists all pods in this namespace.
 	ListPodSandboxes() []PodSandbox
 
-	// ListContainer list all containers in this namespace.
+	// ListContainers lists all containers in this namespace.
 	ListContainers() []Container
 
 	// GetPodSandbox returns the pod for the given ID.
diff --git a/pkg/nri/nri.go b/pkg/nri/nri.go
index b8a66dcb7e4ea..eb9adb8789225 100644
--- a/pkg/nri/nri.go
+++ b/pkg/nri/nri.go
@@ -80,7 +80,7 @@ type API interface {
 	// NotifyContainerExit handles the exit event of a container.
 	NotifyContainerExit(context.Context, PodSandbox, Container)
 
-	// StopContainer relays container removal events to NRI.
+	// RemoveContainer relays container removal events to NRI.
 	RemoveContainer(context.Context, PodSandbox, Container) error
 }
 
diff --git a/pkg/transfer/image/imagestore.go b/pkg/transfer/image/imagestore.go
index 46bc03b4d7cc3..e18bfb0cf7cb7 100644
--- a/pkg/transfer/image/imagestore.go
+++ b/pkg/transfer/image/imagestore.go
@@ -130,7 +130,7 @@ func WithNamedPrefix(name string, allowOverwrite bool) StoreOpt {
 	}
 }
 
-// WithNamedPrefix uses a named prefix to references images which only have a tag name
+// WithDigestRef uses a named prefix to references images which only have a tag name
 // reference in the annotation or check full references annotations against and
 // additionally may add a digest reference. Images with no references resolved
 // from matching annotations may be stored by digest.
diff --git a/pkg/transfer/local/progress.go b/pkg/transfer/local/progress.go
index 6762842a8f607..72c8ad3ecbf37 100644
--- a/pkg/transfer/local/progress.go
+++ b/pkg/transfer/local/progress.go
@@ -208,7 +208,7 @@ func (j *ProgressTracker) MarkExists(desc ocispec.Descriptor) {
 
 }
 
-// Adds hierarchy information
+// AddChildren adds hierarchy information
 func (j *ProgressTracker) AddChildren(desc ocispec.Descriptor, children []ocispec.Descriptor) {
 	if j == nil || len(children) == 0 {
 		return
diff --git a/pkg/transfer/registry/registry.go b/pkg/transfer/registry/registry.go
index d11af3c9229f8..ee006b1673a8f 100644
--- a/pkg/transfer/registry/registry.go
+++ b/pkg/transfer/registry/registry.go
@@ -42,7 +42,7 @@ func init() {
 	plugins.Register(&transfertypes.OCIRegistry{}, &OCIRegistry{})
 }
 
-// Initialize with hosts, authorizer callback, and headers
+// NewOCIRegistry initializes with hosts, authorizer callback, and headers
 func NewOCIRegistry(ref string, headers http.Header, creds CredentialHelper) *OCIRegistry {
 	// Create an authorizer
 	var aopts []docker.AuthorizerOpt
diff --git a/plugin/plugin.go b/plugin/plugin.go
index d1b94ac44b596..3fba7bb87ec60 100644
--- a/plugin/plugin.go
+++ b/plugin/plugin.go
@@ -78,7 +78,7 @@ const (
 	EventPlugin Type = ""io.containerd.event.v1""
 	// LeasePlugin implements lease manager
 	LeasePlugin Type = ""io.containerd.lease.v1""
-	// Streaming implements a stream manager
+	// StreamingPlugin implements a stream manager
 	StreamingPlugin Type = ""io.containerd.streaming.v1""
 	// TracingProcessorPlugin implements a open telemetry span processor
 	TracingProcessorPlugin Type = ""io.containerd.tracing.processor.v1""
diff --git a/protobuf/any.go b/protobuf/any.go
index 84da2a33daf08..2930f113ad2a7 100644
--- a/protobuf/any.go
+++ b/protobuf/any.go
@@ -37,7 +37,7 @@ func FromAny(from typeurl.Any) *anypb.Any {
 	}
 }
 
-// FromAny converts an arbitrary interface to github.com/containerd/containerd/protobuf/types.Any.
+// MarshalAnyToProto converts an arbitrary interface to github.com/containerd/containerd/protobuf/types.Any.
 func MarshalAnyToProto(from interface{}) (*anypb.Any, error) {
 	any, err := typeurl.MarshalAny(from)
 	if err != nil {
diff --git a/remotes/docker/auth/parse.go b/remotes/docker/auth/parse.go
index e4529a776103d..6ca935158ea6c 100644
--- a/remotes/docker/auth/parse.go
+++ b/remotes/docker/auth/parse.go
@@ -49,7 +49,7 @@ type byScheme []Challenge
 func (bs byScheme) Len() int      { return len(bs) }
 func (bs byScheme) Swap(i, j int) { bs[i], bs[j] = bs[j], bs[i] }
 
-// Sort in priority order: token > digest > basic
+// Less sorts in priority order: token > digest > basic
 func (bs byScheme) Less(i, j int) bool { return bs[i].Scheme > bs[j].Scheme }
 
 // Octet types from RFC 2616.
diff --git a/services/services.go b/services/services.go
index d7255169f10a6..a058603b66022 100644
--- a/services/services.go
+++ b/services/services.go
@@ -33,6 +33,6 @@ const (
 	DiffService = ""diff-service""
 	// IntrospectionService is the id of introspection service
 	IntrospectionService = ""introspection-service""
-	// Streaming service is the id of the streaming service
+	// StreamingService is the id of the streaming service
 	StreamingService = ""streaming-service""
 )",rejected_candidate,,
issta2024_bugs_in_pods_understanding_bugs:499555cfaef2d103,issta2024_bugs_in_pods_understanding_bugs,containerd,https://github.com/containerd/containerd/commit/1a078e6893d07fec10a4940a5664fab21d6f7d1e,Merge pull request #6390 from gabriel-samfira/fix-restart-container-test,Fix restart container test,no_comments_in_source,committed,2021-12-24T09:29:57+00:00,"[""integration/main_test.go"", ""integration/restart_test.go""]","diff --git a/integration/main_test.go b/integration/main_test.go
index c29abad8906e0..28b9fe68b2420 100644
--- a/integration/main_test.go
+++ b/integration/main_test.go
@@ -364,7 +364,7 @@ func Randomize(str string) string {
 func KillProcess(name string) error {
 	var command []string
 	if goruntime.GOOS == ""windows"" {
-		command = []string{""tskill"", strings.TrimSuffix(name, "".exe"")}
+		command = []string{""taskkill"", ""/IM"", name, ""/F""}
 	} else {
 		command = []string{""pkill"", ""-x"", fmt.Sprintf(""^%s$"", name)}
 	}
diff --git a/integration/restart_test.go b/integration/restart_test.go
index c794a4d06b488..76ce07fecc0cf 100644
--- a/integration/restart_test.go
+++ b/integration/restart_test.go
@@ -24,6 +24,7 @@ import (
 	""time""
 
 	""github.com/containerd/containerd""
+	""github.com/containerd/containerd/errdefs""
 	""github.com/stretchr/testify/assert""
 	""github.com/stretchr/testify/require""
 	""golang.org/x/net/context""
@@ -139,12 +140,26 @@ func TestContainerdRestart(t *testing.T) {
 			waitCh, err := task.Wait(ctx)
 			require.NoError(t, err)
 
-			// NOTE: CRI-plugin setups watcher for each container and
-			// cleanups container when the watcher returns exit event.
-			// We just need to kill that sandbox and wait for exit
-			// event from waitCh. If the sandbox container exits,
-			// the state of sandbox must be NOT_READY.
-			require.NoError(t, task.Kill(ctx, syscall.SIGKILL, containerd.WithKillAll))
+			err = task.Kill(ctx, syscall.SIGKILL, containerd.WithKillAll)
+			if goruntime.GOOS != ""windows"" {
+				// NOTE: CRI-plugin setups watcher for each container and
+				// cleanups container when the watcher returns exit event.
+				// We just need to kill that sandbox and wait for exit
+				// event from waitCh. If the sandbox container exits,
+				// the state of sandbox must be NOT_READY.
+				require.NoError(t, err)
+			} else {
+				// NOTE(gabriel-samfira): On Windows, the ""notready-sandbox"" array
+				// only has a container in the ContainerState_CONTAINER_CREATED
+				// state and a container in the ContainerState_CONTAINER_EXITED state.
+				// Sending a Kill() to a task that has already exited, or to a task that
+				// was never started (which is the case here), will always return an
+				// ErrorNotFound (at least on Windows). Given that in this sanbox, there
+				// will never be a running task, after we recover from a containerd restart
+				// we can expect an ErrorNotFound here every time.
+				// The waitCh channel should already be closed at this point.
+				assert.True(t, errdefs.IsNotFound(err), err)
+			}
 
 			select {
 			case <-waitCh:",rejected_candidate,,
issta2024_bugs_in_pods_understanding_bugs:4ac0a8c151d9bfde,issta2024_bugs_in_pods_understanding_bugs,runc,https://github.com/opencontainers/runc/commit/b2fc0a589cd03a254e2965796a0ab034ba0e0172,verify-changelog: allow non-ASCII,"Previously (see commit 91fa032da406f16abcb3) we found a few issues
using this check, but apparently the CHANGELOG.md is in UTF-8, and
the recently added quote is breaking this, so remove.

Signed-off-by: Kir Kolyshkin <kolyshkin@gmail.com>
(cherry picked from commit 7b3ac330f74cc00923bdd876b7ae4e44c7d76847)
Signed-off-by: Kir Kolyshkin <kolyshkin@gmail.com>",no_comments_in_source,committed,2023-03-30T23:36:42+00:00,"[""Makefile""]","diff --git a/Makefile b/Makefile
index 8181e7bc0d1..66dae9d54fc 100644
--- a/Makefile
+++ b/Makefile
@@ -178,8 +178,6 @@ vendor:
 	$(GO) mod verify
 
 verify-changelog:
-	# No non-ASCII characters.
-	! LC_ALL=C grep -n -P '[\x80-\xFF]' CHANGELOG.md
 	# No space at EOL.
 	! grep -n '\s$$' CHANGELOG.md
 	# Period before issue/PR references.",accepted_fault,Build Failure,Incorrect 3rd Party Library Usage
issta2024_bugs_in_pods_understanding_bugs:4c354bac056cc85f,issta2024_bugs_in_pods_understanding_bugs,containerd,https://github.com/containerd/containerd/commit/3193650f130b67471afb58252a7d422c848b9bdd,fix: 'failed to resolve symlink' error messaging,"This error message currently does not provide useful information, because the `src` value that is interleaved will have been overridden by the call to `osi.ResolveSymbolicLink`. This stores the original `src` before the `osi.ResolveSymbolicLink` call so the error message can be useful.

Signed-off-by: June Rhodes <504826+hach-que@users.noreply.github.com>",no_comments_in_source,committed,2023-03-16T18:12:43+00:00,"[""pkg/cri/opts/spec_windows_opts.go""]","diff --git a/pkg/cri/opts/spec_windows_opts.go b/pkg/cri/opts/spec_windows_opts.go
index b613c9886dd71..5fafb7e67a224 100644
--- a/pkg/cri/opts/spec_windows_opts.go
+++ b/pkg/cri/opts/spec_windows_opts.go
@@ -67,9 +67,10 @@ func parseMount(osi osinterface.OS, mount *runtime.Mount) (*runtimespec.Mount, e
 			}
 		}
 		var err error
+		originalSrc := src
 		src, err = osi.ResolveSymbolicLink(src)
 		if err != nil {
-			return nil, fmt.Errorf(""failed to resolve symlink %q: %w"", src, err)
+			return nil, fmt.Errorf(""failed to resolve symlink '%q' (resolved to '%q'): %w"", originalSrc, src, err)
 		}
 		// hcsshim requires clean path, especially '/' -> '\'. Additionally,
 		// for the destination, absolute paths should have the C: prefix.",accepted_fault,Incorrect Return Value,Improper Exception Handling
issta2024_bugs_in_pods_understanding_bugs:4f0629c9cbc5122a,issta2024_bugs_in_pods_understanding_bugs,containerd,https://github.com/containerd/containerd/commit/6b4b6956e3a0a7943782a5ea4ccbaa39a54ea749,Sandbox: Fix/enhance error messages for Create,"CreateSandbox states ""failed to start sandbox"". This is quite confusing
when you're perusing logs and trying to pinpoint how far a shim got in
its execution.

Signed-off-by: Danny Canter <danny@dcantah.dev>",no_comments_in_source,committed,2023-03-04T09:11:21+00:00,"[""plugins/sandbox/controller.go""]","diff --git a/plugins/sandbox/controller.go b/plugins/sandbox/controller.go
index f1bb69ca6670f..712c617cb6119 100644
--- a/plugins/sandbox/controller.go
+++ b/plugins/sandbox/controller.go
@@ -102,9 +102,8 @@ func (c *controllerLocal) Create(ctx context.Context, sandboxID string, opts ...
 		Runtime:        info.Runtime.Name,
 		TaskOptions:    nil,
 	})
-
 	if err != nil {
-		return fmt.Errorf(""failed to start new sandbox: %w"", err)
+		return fmt.Errorf(""failed to start new shim for sandbox %s: %w"", sandboxID, err)
 	}
 
 	svc, err := sandbox.NewClient(shim.Client())
@@ -127,7 +126,7 @@ func (c *controllerLocal) Create(ctx context.Context, sandboxID string, opts ...
 		Options:    options,
 	}); err != nil {
 		// TODO: Delete sandbox shim here.
-		return fmt.Errorf(""failed to start sandbox %s: %w"", sandboxID, errdefs.FromGRPC(err))
+		return fmt.Errorf(""failed to create sandbox %s: %w"", sandboxID, errdefs.FromGRPC(err))
 	}
 
 	return nil",accepted_fault,Logging Error,Improper Exception Handling
issta2024_bugs_in_pods_understanding_bugs:4f734a462b0b17e0,issta2024_bugs_in_pods_understanding_bugs,cri-o,https://github.com/cri-o/cri-o/commit/94be3040f324a8958890e1bd86bb0bbd27a10a0f,server: prevent segfault by not using a potentially nil sandbox,Signed-off-by: Peter Hunt <pehunt@redhat.com>,no_comments_in_source,committed,2021-07-07T15:34:12+00:00,"[""server/sandbox_stop.go""]","diff --git a/server/sandbox_stop.go b/server/sandbox_stop.go
index ca7542c241e..a9a16e75b55 100644
--- a/server/sandbox_stop.go
+++ b/server/sandbox_stop.go
@@ -20,7 +20,7 @@ func (s *Server) StopPodSandbox(ctx context.Context, req *types.StopPodSandboxRe
 			return err
 		}
 		if err == errSandboxNotCreated {
-			return fmt.Errorf(""StopPodSandbox failed as the sandbox is not created: %s"", sb.ID())
+			return fmt.Errorf(""StopPodSandbox failed as the sandbox is not created: %s"", req.PodSandboxID)
 		}
 
 		// If the sandbox isn't found we just return an empty response to adhere",accepted_fault,Host Memory Leak,Improper Exception Handling
issta2024_bugs_in_pods_understanding_bugs:55894aa66e0d6abd,issta2024_bugs_in_pods_understanding_bugs,cri-o,https://github.com/cri-o/cri-o/commit/1da9bf5f76e5574ee78fe1f675fbed8a363c242c,ci: require bats 1.9.0,"As of commit 21c8f6bdeef84bf067 we use bats 1.6.0 everywhere, and as of
the previous commit we use bats 1.9.0.

Let's set 1.9.0 as a minimally required version, and bail out otherwise.

NOTE that the function we use appeared in bats 1.7.0.

Signed-off-by: Kir Kolyshkin <kolyshkin@gmail.com>",no_comments_in_source,committed,2023-05-22T22:08:58+00:00,"[""test/helpers.bash""]","diff --git a/test/helpers.bash b/test/helpers.bash
index e69315ebc84..4f0316acade 100644
--- a/test/helpers.bash
+++ b/test/helpers.bash
@@ -1,6 +1,7 @@
 #!/usr/bin/env bash
 
 . common.sh
+bats_require_minimum_version 1.9.0
 
 function setup_test() {
     TESTDIR=$(mktemp -d)",rejected_candidate,,
issta2024_bugs_in_pods_understanding_bugs:559ec282e342de96,issta2024_bugs_in_pods_understanding_bugs,gvisor,https://github.com/google/gvisor/commit/5819462d8f03850f786fb879e70fa7802cad5da1,Add support for O_SYNC and O_DSYNC in gofer client specialFileFD.,PiperOrigin-RevId: 473263144,no_comments_in_source,committed,2022-09-09T15:51:36+00:00,"[""pkg/sentry/fsimpl/gofer/special_file.go""]","diff --git a/pkg/sentry/fsimpl/gofer/special_file.go b/pkg/sentry/fsimpl/gofer/special_file.go
index 0dcd74ab48..06b3e235c8 100644
--- a/pkg/sentry/fsimpl/gofer/special_file.go
+++ b/pkg/sentry/fsimpl/gofer/special_file.go
@@ -341,6 +341,16 @@ func (fd *specialFileFD) pwrite(ctx context.Context, src usermem.IOSequence, off
 	rw := getHandleReadWriter(ctx, &fd.handle, offset)
 	n, err := src.CopyInTo(ctx, rw)
 	putHandleReadWriter(rw)
+	if n > 0 && fd.vfsfd.StatusFlags()&(linux.O_DSYNC|linux.O_SYNC) != 0 {
+		// Note that if syncing the remote file fails, then we can't guarantee that
+		// any data was actually written with the semantics of O_DSYNC or
+		// O_SYNC, so we return zero bytes written. Compare Linux's
+		// mm/filemap.c:generic_file_write_iter() =>
+		// include/linux/fs.h:generic_write_sync().
+		if err := fd.sync(ctx, false /* forFilesystemSync */); err != nil {
+			return 0, offset, err
+		}
+	}
 	if linuxerr.Equals(linuxerr.EAGAIN, err) {
 		err = linuxerr.ErrWouldBlock
 	}",rejected_candidate,,
issta2024_bugs_in_pods_understanding_bugs:5715be9d0eaf8e59,issta2024_bugs_in_pods_understanding_bugs,gvisor,https://github.com/google/gvisor/commit/2936774db630fc1499f86a297c8ab652872b7709,Fix vfs.ConnectMountAt() to handle vfs.mountMu locking correctly.,"Fixes 283b80a456aa (""Fix logic bug in attaching mounts."")

There were 2 issues introduced in the culprit change:
1. vfs.mountMu was not being unlocked when connectMountAtLocked() failed.
2. The precondition of vfs.abortPropagationTree() was being violated, as it was
   being called with vfs.mountMu unlocked in the ENOSPC case.

Fixed both issues. This also got rid of the need for +checklocksforce
annotation.

PiperOrigin-RevId: 532958291",no_comments_in_source,committed,2023-05-18T00:14:30+00:00,"[""pkg/sentry/vfs/mount.go""]","diff --git a/pkg/sentry/vfs/mount.go b/pkg/sentry/vfs/mount.go
index 8a350e0f43..f688a9e55b 100644
--- a/pkg/sentry/vfs/mount.go
+++ b/pkg/sentry/vfs/mount.go
@@ -23,7 +23,6 @@ import (
 
 	""gvisor.dev/gvisor/pkg/abi/linux""
 	""gvisor.dev/gvisor/pkg/atomicbitops""
-	""gvisor.dev/gvisor/pkg/cleanup""
 	""gvisor.dev/gvisor/pkg/context""
 	""gvisor.dev/gvisor/pkg/errors/linuxerr""
 	""gvisor.dev/gvisor/pkg/refs""
@@ -274,12 +273,9 @@ func (vfs *VirtualFilesystem) ConnectMountAt(ctx context.Context, creds *auth.Cr
 	}
 	vfs.mountMu.Lock()
 	tree := vfs.preparePropagationTree(mnt, vd)
-	cleanup := cleanup.Make(func() {
-		vfs.abortPropagationTree(ctx, tree) // +checklocksforce
-	})
-	defer cleanup.Clean()
 	// Check if the new mount + all the propagation mounts puts us over the max.
 	if uint32(len(tree)+1)+vd.mount.ns.mounts > MountMax {
+		vfs.abortPropagationTree(ctx, tree)
 		// We need to unlock mountMu first because DecRef takes a lock on the
 		// filesystem mutex in some implementations, which can lead to circular
 		// locking.
@@ -288,11 +284,12 @@ func (vfs *VirtualFilesystem) ConnectMountAt(ctx context.Context, creds *auth.Cr
 		return linuxerr.ENOSPC
 	}
 	if err := vfs.connectMountAtLocked(ctx, mnt, vd); err != nil {
+		vfs.abortPropagationTree(ctx, tree)
+		vfs.mountMu.Unlock()
 		return err
 	}
 	vfs.commitPropagationTree(ctx, tree)
 	vfs.mountMu.Unlock()
-	cleanup.Release()
 	return nil
 }
 
@@ -404,24 +401,21 @@ func (vfs *VirtualFilesystem) BindAt(ctx context.Context, creds *auth.Credential
 			vfs.mergePeerGroup(sourceVd.mount, clone)
 		}
 	}
-	cleanup := cleanup.Make(func() {
-		// Checklocks doesn't work with anon functions.
-		vfs.setPropagation(clone, Private)  // +checklocksforce
-		vfs.abortPropagationTree(ctx, tree) // +checklocksforce
-	})
-	defer cleanup.Clean()
 	if uint32(1+len(tree))+targetVd.mount.ns.mounts > MountMax {
+		vfs.setPropagation(clone, Private)
+		vfs.abortPropagationTree(ctx, tree)
 		vfs.mountMu.Unlock()
 		targetVd.DecRef(ctx)
 		return nil, linuxerr.ENOSPC
 	}
 	if err := vfs.connectMountAtLocked(ctx, clone, targetVd); err != nil {
+		vfs.setPropagation(clone, Private)
+		vfs.abortPropagationTree(ctx, tree)
 		vfs.mountMu.Unlock()
 		return nil, err
 	}
 	vfs.commitPropagationTree(ctx, tree)
 	vfs.mountMu.Unlock()
-	cleanup.Release()
 	return clone, nil
 }",accepted_fault,System Communication Error,Inappropriate Lifecycle Organization
issta2024_bugs_in_pods_understanding_bugs:583a6cecaee22a33,issta2024_bugs_in_pods_understanding_bugs,runc,https://github.com/opencontainers/runc/commit/b14a6cf9a6b3985f21f8536965d3afc2c010b436,libct/cg/sd/v1: move path init to NewLegacyManager,"This way we
 - won't re-initialize the paths if they were provided;
 - will always have paths ready for every method.

Signed-off-by: Kir Kolyshkin <kolyshkin@gmail.com>",no_comments_in_source,committed,2021-08-11T00:21:37+00:00,"[""libcontainer/cgroups/systemd/v1.go""]","diff --git a/libcontainer/cgroups/systemd/v1.go b/libcontainer/cgroups/systemd/v1.go
index 9a2f18de8e1..1f09f6a1fe6 100644
--- a/libcontainer/cgroups/systemd/v1.go
+++ b/libcontainer/cgroups/systemd/v1.go
@@ -28,6 +28,16 @@ func NewLegacyManager(cg *configs.Cgroup, paths map[string]string) (cgroups.Mana
 	if cg.Rootless {
 		return nil, errors.New(""cannot use rootless systemd cgroups manager on cgroup v1"")
 	}
+	if cg.Resources != nil && cg.Resources.Unified != nil {
+		return nil, cgroups.ErrV1NoUnified
+	}
+	if paths == nil {
+		var err error
+		paths, err = initPaths(cg)
+		if err != nil {
+			return nil, err
+		}
+	}
 	return &legacyManager{
 		cgroups: cg,
 		paths:   paths,
@@ -102,20 +112,14 @@ func genV1ResourcesProperties(r *configs.Resources, cm *dbusConnManager) ([]syst
 	return properties, nil
 }
 
-// initPaths initializes m.paths. Supposed to be called under m.mu held.
-func (m *legacyManager) initPaths() error {
-	if m.paths != nil {
-		return nil
-	}
-
-	c := m.cgroups
-
+// initPaths figures out and returns paths to cgroups.
+func initPaths(c *configs.Cgroup) (map[string]string, error) {
 	slice := ""system.slice""
 	if c.Parent != """" {
 		var err error
 		slice, err = ExpandSlice(c.Parent)
 		if err != nil {
-			return err
+			return nil, err
 		}
 	}
 
@@ -129,18 +133,17 @@ func (m *legacyManager) initPaths() error {
 			// because devices cgroup is hard requirement for
 			// container security.
 			if s.Name() == ""devices"" {
-				return err
+				return nil, err
 			}
 			// Don't fail if a cgroup hierarchy was not found, just skip this subsystem
 			if cgroups.IsNotFound(err) {
 				continue
 			}
-			return err
+			return nil, err
 		}
 		paths[s.Name()] = subsystemPath
 	}
-	m.paths = paths
-	return nil
+	return paths, nil
 }
 
 func (m *legacyManager) Apply(pid int) error {
@@ -151,10 +154,6 @@ func (m *legacyManager) Apply(pid int) error {
 		properties []systemdDbus.Property
 	)
 
-	if c.Resources.Unified != nil {
-		return cgroups.ErrV1NoUnified
-	}
-
 	m.mu.Lock()
 	defer m.mu.Unlock()
 
@@ -198,9 +197,6 @@ func (m *legacyManager) Apply(pid int) error {
 		return err
 	}
 
-	if err := m.initPaths(); err != nil {
-		return err
-	}
 	if err := m.joinCgroups(pid); err != nil {
 		return err
 	}",rejected_candidate,,
issta2024_bugs_in_pods_understanding_bugs:5adb35725ea8fce2,issta2024_bugs_in_pods_understanding_bugs,containerd,https://github.com/containerd/containerd/commit/fb0b8d6177538c0da2ddd81b90b8c5e6d96f8b0f,Use fs.RootPath when mounting volumes,Signed-off-by: Ruiwen Zhao <ruiwen@google.com>,no_comments_in_source,committed,2022-02-11T04:21:58+00:00,"[""pkg/cri/opts/container.go""]","diff --git a/pkg/cri/opts/container.go b/pkg/cri/opts/container.go
index b3e358b2ebbf6..e3b838fdacdb8 100644
--- a/pkg/cri/opts/container.go
+++ b/pkg/cri/opts/container.go
@@ -112,7 +112,10 @@ func WithVolumes(volumeMounts map[string]string) containerd.NewContainerOpts {
 			// The volume may have been defined with a C: prefix, which we can't use here.
 			volume = strings.TrimPrefix(volume, ""C:"")
 			for _, mountPath := range mountPaths {
-				src := filepath.Join(mountPath, volume)
+				src, err := fs.RootPath(mountPath, volume)
+				if err != nil {
+					return fmt.Errorf(""rootpath on mountPath %s, volume %s: %w"", mountPath, volume, err)
+				}
 				if _, err := os.Stat(src); err != nil {
 					if os.IsNotExist(err) {
 						// Skip copying directory if it does not exist.",rejected_candidate,,
issta2024_bugs_in_pods_understanding_bugs:6223e8f5c576b8b3,issta2024_bugs_in_pods_understanding_bugs,gvisor,https://github.com/google/gvisor/commit/d00ef10456cd0fcf142864d6bfc5d8f8bc88e684,Fix frame pointer is clobbered before saving vet issue on BP register,"BP should be callee-save. It will be saved automatically if there is nonzero frame size.

$ go vet -framepointer ./pkg/atomicbitops
pkg/atomicbitops/atomicbitops_amd64.s:27:1: frame pointer is clobbered before saving
pkg/atomicbitops/atomicbitops_amd64.s:34:1: frame pointer is clobbered before saving
pkg/atomicbitops/atomicbitops_amd64.s:50:1: frame pointer is clobbered before saving
pkg/atomicbitops/atomicbitops_amd64.s:57:1: frame pointer is clobbered before saving
pkg/atomicbitops/atomicbitops_amd64.s:64:1: frame pointer is clobbered before saving

Signed-off-by: Koichi Shiraishi <zchee.io@gmail.com>",no_comments_in_source,committed,2021-06-14T02:09:14+00:00,"[""pkg/atomicbitops/atomicbitops_amd64.s""]","diff --git a/pkg/atomicbitops/atomicbitops_amd64.s b/pkg/atomicbitops/atomicbitops_amd64.s
index 54c887ee55..4d9358a3be 100644
--- a/pkg/atomicbitops/atomicbitops_amd64.s
+++ b/pkg/atomicbitops/atomicbitops_amd64.s
@@ -16,21 +16,21 @@
 
 #include ""textflag.h""
 
-TEXT ·AndUint32(SB),$0-12
+TEXT ·AndUint32(SB),$8-12
   MOVQ  addr+0(FP), BP
   MOVL  val+8(FP), AX
   LOCK
   ANDL   AX, 0(BP)
   RET
 
-TEXT ·OrUint32(SB),$0-12
+TEXT ·OrUint32(SB),$8-12
   MOVQ  addr+0(FP), BP
   MOVL  val+8(FP), AX
   LOCK
   ORL   AX, 0(BP)
   RET
 
-TEXT ·XorUint32(SB),$0-12
+TEXT ·XorUint32(SB),$8-12
   MOVQ  addr+0(FP), BP
   MOVL  val+8(FP), AX
   LOCK
@@ -46,21 +46,21 @@ TEXT ·CompareAndSwapUint32(SB),$0-20
   MOVL  AX, ret+16(FP)
   RET
 
-TEXT ·AndUint64(SB),$0-16
+TEXT ·AndUint64(SB),$8-16
   MOVQ  addr+0(FP), BP
   MOVQ  val+8(FP), AX
   LOCK
   ANDQ   AX, 0(BP)
   RET
 
-TEXT ·OrUint64(SB),$0-16
+TEXT ·OrUint64(SB),$8-16
   MOVQ  addr+0(FP), BP
   MOVQ  val+8(FP), AX
   LOCK
   ORQ   AX, 0(BP)
   RET
 
-TEXT ·XorUint64(SB),$0-16
+TEXT ·XorUint64(SB),$8-16
   MOVQ  addr+0(FP), BP
   MOVQ  val+8(FP), AX
   LOCK",accepted_fault,Host Memory Leak,Plugin Config Error
issta2024_bugs_in_pods_understanding_bugs:6691a3f94c10830b,issta2024_bugs_in_pods_understanding_bugs,gvisor,https://github.com/google/gvisor/commit/2a238b23e7c2440110f436619b960ce77cefa04e,Remote checker,"Add a generic checker that serializes Points protos to a remote process.

More details here: https://docs.google.com/document/d/1RQQKzeFpO-zOoBHZLA-tr5Ed_bvAOLDqgGgKhqUff2A/

Updates #4805

PiperOrigin-RevId: 443690622",no_comments_in_source,committed,2022-04-22T16:50:53+00:00,"[""examples/seccheck/BUILD"", ""examples/seccheck/server.cc"", ""pkg/sentry/seccheck/checkers/remote/BUILD""]","diff --git a/examples/seccheck/BUILD b/examples/seccheck/BUILD
new file mode 100644
index 0000000000..ed4fbbabb5
--- /dev/null
+++ b/examples/seccheck/BUILD
@@ -0,0 +1,14 @@
+load(""//tools:defs.bzl"", ""cc_binary"")
+
+package(licenses = [""notice""])
+
+cc_binary(
+    name = ""server_cc"",
+    srcs = [""server.cc""],
+    visibility = [""//:sandbox""],
+    deps = [
+        # any_cc_proto placeholder,
+        ""//pkg/sentry/seccheck/points:points_cc_proto"",
+        ""@com_google_absl//absl/strings"",
+    ],
+)
diff --git a/examples/seccheck/server.cc b/examples/seccheck/server.cc
new file mode 100644
index 0000000000..38f91d37e5
--- /dev/null
+++ b/examples/seccheck/server.cc
@@ -0,0 +1,221 @@
+// Copyright 2021 The gVisor Authors.
+//
+// Licensed under the Apache License, Version 2.0 (the ""License"");
+// you may not use this file except in compliance with the License.
+// You may obtain a copy of the License at
+//
+//     http://www.apache.org/licenses/LICENSE-2.0
+//
+// Unless required by applicable law or agreed to in writing, software
+// distributed under the License is distributed on an ""AS IS"" BASIS,
+// WITHOUT WARRANTIES OR CONDITIONS OF ANY KIND, either express or implied.
+// See the License for the specific language governing permissions and
+// limitations under the License.
+
+#include <err.h>
+#include <pthread.h>
+#include <stdarg.h>
+#include <stdio.h>
+#include <sys/epoll.h>
+#include <sys/ioctl.h>
+#include <sys/socket.h>
+#include <sys/un.h>
+#include <unistd.h>
+
+#include <array>
+#include <string>
+#include <vector>
+
+#include ""google/protobuf/any.pb.h""
+#include ""absl/strings/string_view.h""
+#include ""pkg/sentry/seccheck/points/sentry.pb.h""
+
+typedef std::function<void(const google::protobuf::Any& any)> Callback;
+
+constexpr size_t prefixLen = sizeof(""type.googleapis.com/"") - 1;
+constexpr size_t maxEventSize = 300 * 1024;
+
+bool quiet = false;
+
+#pragma pack(push, 1)
+struct header {
+  uint16_t header_size;
+  uint32_t dropped_count;
+};
+#pragma pack(pop)
+
+void log(const char* fmt, ...) {
+  if (!quiet) {
+    va_list ap;
+    va_start(ap, fmt);
+    vprintf(fmt, ap);
+    va_end(ap);
+  }
+}
+
+template <class T>
+void unpack(const google::protobuf::Any& any) {
+  T evt;
+  if (!any.UnpackTo(&evt)) {
+    err(1, ""UnpackTo(): %s"", any.DebugString().c_str());
+  }
+  auto name = any.type_url().substr(prefixLen);
+  log(""%.*s => %s\n"", static_cast<int>(name.size()), name.data(),
+      evt.ShortDebugString().c_str());
+}
+
+std::map<std::string, Callback> dispatchers = {
+    {""gvisor.sentry.CloneInfo"", unpack<::gvisor::sentry::CloneInfo>},
+    {""gvisor.sentry.ExecveInfo"", unpack<::gvisor::sentry::ExecveInfo>},
+    {""gvisor.sentry.ExitNotifyParentInfo"",
+     unpack<::gvisor::sentry::ExitNotifyParentInfo>},
+};
+
+void unpack(const absl::string_view buf) {
+  const header* hdr = reinterpret_cast<const header*>(&buf[0]);
+  size_t payload_size = buf.size() - hdr->header_size;
+  if (payload_size <= 0) {
+    printf(""Header size (%u) is larger than message %lu\n"", hdr->header_size,
+           buf.size());
+    return;
+  }
+
+  auto proto = buf.substr(hdr->header_size);
+  if (proto.size() < payload_size) {
+    printf(""Message was truncated, size: %lu, expected: %zu\n"", proto.size(),
+           payload_size);
+    return;
+  }
+
+  google::protobuf::Any any;
+  if (!any.ParseFromArray(proto.data(), proto.size())) {
+    err(1, ""invalid proto message"");
+  }
+
+  auto url = any.type_url();
+  if (url.size() <= prefixLen) {
+    printf(""Invalid URL %s\n"", any.type_url().data());
+    return;
+  }
+  const std::string name(url.substr(prefixLen));
+  Callback cb = dispatchers[name];
+  if (cb == nullptr) {
+    printf(""No callback registered for %s. Skipping it...\n"", name.c_str());
+  } else {
+    cb(any);
+  }
+}
+
+void* pollLoop(void* ptr) {
+  const int poll_fd = *reinterpret_cast<int*>(&ptr);
+  for (;;) {
+    epoll_event evts[64];
+    int nfds = epoll_wait(poll_fd, evts, 64, -1);
+    if (nfds < 0) {
+      if (errno == EINTR) {
+        continue;
+      }
+      err(1, ""epoll_wait"");
+    }
+
+    for (int i = 0; i < nfds; ++i) {
+      if (evts[i].events & EPOLLIN) {
+        int client = evts[i].data.fd;
+        std::array<char, maxEventSize> buf;
+        int bytes = read(client, buf.data(), buf.size());
+        if (bytes < 0) {
+          err(1, ""read"");
+        } else if (bytes > 0) {
+          unpack(absl::string_view(buf.data(), bytes));
+        }
+      }
+      if ((evts[i].events & (EPOLLRDHUP | EPOLLHUP)) != 0) {
+        int client = evts[i].data.fd;
+        close(client);
+        printf(""Connection closed\n"");
+      }
+      if (evts[i].events & EPOLLERR) {
+        printf(""error\n"");
+      }
+    }
+  }
+}
+
+void startPollThread(int poll_fd) {
+  pthread_t thread;
+  if (pthread_create(&thread, nullptr, pollLoop,
+                     reinterpret_cast<void*>(poll_fd)) != 0) {
+    err(1, ""pthread_create"");
+  }
+  pthread_detach(thread);
+}
+
+extern ""C"" int main(int argc, char** argv) {
+  for (int c = 0; (c = getopt(argc, argv, ""q"")) != -1;) {
+    switch (c) {
+      case 'q':
+        quiet = true;
+        break;
+      default:
+        exit(1);
+    }
+  }
+
+  if (!quiet) {
+    setbuf(stdout, NULL);
+    setbuf(stderr, NULL);
+  }
+  std::string path(""/tmp/gvisor_events.sock"");
+  if (optind < argc) {
+    path = argv[optind];
+  }
+  if (path.empty()) {
+    err(1, ""empty file name"");
+  }
+  printf(""Socket address %s\n"", path.c_str());
+  unlink(path.c_str());
+
+  int sock = socket(AF_UNIX, SOCK_SEQPACKET, 0);
+  if (sock < 0) {
+    err(1, ""socket"");
+  }
+
+  struct sockaddr_un addr;
+  addr.sun_family = AF_UNIX;
+  strncpy(addr.sun_path, path.c_str(), path.size() + 1);
+  if (bind(sock, reinterpret_cast<struct sockaddr*>(&addr), sizeof(addr))) {
+    err(1, ""bind"");
+  }
+  if (listen(sock, 5) < 0) {
+    err(1, ""listen"");
+  }
+
+  int epoll_fd = epoll_create(1);
+  if (epoll_fd < 0) {
+    err(1, ""epoll_create"");
+  }
+  startPollThread(epoll_fd);
+
+  for (;;) {
+    int client = accept(sock, nullptr, nullptr);
+    if (client < 0) {
+      if (errno == EINTR) {
+        continue;
+      }
+      err(1, ""accept"");
+    }
+    printf(""Connection accepted\n"");
+
+    struct epoll_event evt;
+    evt.data.fd = client;
+    evt.events = EPOLLIN;
+    if (epoll_ctl(epoll_fd, EPOLL_CTL_ADD, client, &evt) < 0) {
+      err(1, ""epoll_ctl(ADD)"");
+    }
+  }
+
+  close(sock);
+  unlink(path.c_str());
+
+  return 0;
+}
diff --git a/pkg/sentry/seccheck/checkers/remote/BUILD b/pkg/sentry/seccheck/checkers/remote/BUILD
new file mode 100644
index 0000000000..c3b0e80346
--- /dev/null
+++ b/pkg/sentry/seccheck/checkers/remote/BUILD
@@ -0,0 +1,43 @@
+load(""//tools:defs.bzl"", ""go_library"", ""go_test"")
+
+package(licenses = [""notice""])
+
+go_library(
+    name = ""remote"",
+    srcs = [""remote.go""],
+    marshal = True,
+    visibility = [""//:sandbox""],
+    deps = [
+        ""//pkg/cleanup"",
+        ""//pkg/context"",
+        ""//pkg/fd"",
+        ""//pkg/log"",
+        ""//pkg/sentry/seccheck"",
+        ""//pkg/sentry/seccheck/points:points_go_proto"",
+        ""@org_golang_google_protobuf//proto:go_default_library"",
+        ""@org_golang_google_protobuf//types/known/anypb:go_default_library"",
+        ""@org_golang_x_sys//unix:go_default_library"",
+    ],
+)
+
+go_test(
+    name = ""remote_test"",
+    size = ""small"",
+    srcs = [""remote_test.go""],
+    data = [
+        ""//examples/seccheck:server_cc"",
+    ],
+    library = "":remote"",
+    deps = [
+        ""//pkg/cleanup"",
+        ""//pkg/fd"",
+        ""//pkg/sentry/seccheck"",
+        ""//pkg/sentry/seccheck/points:points_go_proto"",
+        ""//pkg/sync"",
+        ""//pkg/test/testutil"",
+        ""@com_github_cenkalti_backoff//:go_default_library"",
+        ""@org_golang_google_protobuf//proto:go_default_library"",
+        ""@org_golang_google_protobuf//types/known/anypb:go_default_library"",
+        ""@org_golang_x_sys//unix:go_default_library"",
+    ],
+)
diff --git a/pkg/sentry/seccheck/checkers/remote/remote.go b/pkg/sentry/seccheck/checkers/remote/remote.go
new file mode 100644
index 0000000000..a01504c093
--- /dev/null
+++ b/pkg/sentry/seccheck/checkers/remote/remote.go
@@ -0,0 +1,152 @@
+// Copyright 2021 The gVisor Authors.
+//
+// Licensed under the Apache License, Version 2.0 (the ""License"");
+// you may not use this file except in compliance with the License.
+// You may obtain a copy of the License at
+//
+//     http://www.apache.org/licenses/LICENSE-2.0
+//
+// Unless required by applicable law or agreed to in writing, software
+// distributed under the License is distributed on an ""AS IS"" BASIS,
+// WITHOUT WARRANTIES OR CONDITIONS OF ANY KIND, either express or implied.
+// See the License for the specific language governing permissions and
+// limitations under the License.
+
+// Package remote defines a seccheck.Checker that serializes points to a remote
+// process. Points are serialized using the protobuf format, asynchronously.
+package remote
+
+import (
+	""fmt""
+	""os""
+
+	""gvisor.dev/gvisor/pkg/log""
+
+	""golang.org/x/sys/unix""
+	""google.golang.org/protobuf/proto""
+	""gvisor.dev/gvisor/pkg/cleanup""
+	""gvisor.dev/gvisor/pkg/context""
+	""gvisor.dev/gvisor/pkg/fd""
+	""gvisor.dev/gvisor/pkg/sentry/seccheck""
+
+	""google.golang.org/protobuf/types/known/anypb""
+	pb ""gvisor.dev/gvisor/pkg/sentry/seccheck/points/points_go_proto""
+)
+
+// Remote sends a serialized point to a remote process asynchronously over a
+// SOCK_SEQPACKET Unix-domain socket. Each message corresponds to a single
+// serialized point proto, preceded by a standard header. If the point cannot
+// be sent, e.g. buffer full, the point is dropped on the floor to avoid
+// delaying/hanging indefinitely the application.
+type Remote struct {
+	seccheck.CheckerDefaults
+
+	endpoint *fd.FD
+}
+
+var _ seccheck.Checker = (*Remote)(nil)
+
+func setup(path string) (*os.File, error) {
+	log.Debugf(""Remote sink connecting to %q"", path)
+	socket, err := unix.Socket(unix.AF_UNIX, unix.SOCK_SEQPACKET, 0)
+	if err != nil {
+		return nil, fmt.Errorf(""socket(AF_UNIX, SOCK_SEQPACKET, 0): %w"", err)
+	}
+	f := os.NewFile(uintptr(socket), path)
+	cu := cleanup.Make(func() {
+		_ = f.Close()
+	})
+	defer cu.Clean()
+
+	addr := unix.SockaddrUnix{Name: path}
+	if err := unix.Connect(int(f.Fd()), &addr); err != nil {
+		return nil, fmt.Errorf(""connect(%q): %w"", path, err)
+	}
+	cu.Release()
+	return f, nil
+}
+
+// New creates a new Remote checker.
+func New(_ map[string]interface{}, endpoint *fd.FD) (seccheck.Checker, error) {
+	if endpoint == nil {
+		return nil, fmt.Errorf(""remote sink requires an endpoint"")
+	}
+	// TODO(gvisor.dev/issue/4805): perform version handshake with remote:
+	//   1. sentry and remote exchange versions
+	//	 2. sentry continues if remote >= min(sentry)
+	//   3. remote continues if sentry >= min(remote).
+	// min() being the minimal supported version. Let's say current sentry
+	// supports batching but remote doesn't, sentry can chose to not batch or
+	// refuse the connection.
+	return &Remote{endpoint: endpoint}, nil
+}
+
+// Header is used to describe the message being sent to the remote process.
+//
+// +marshal
+type Header struct {
+	// HeaderSize is the size of the header in bytes. The payload comes
+	// immediatelly after the header. The length is needed to allow the header to
+	// expand in the future without breaking remotes that do not yet understand
+	// the new fields.
+	HeaderSize uint16
+	_          uint16
+	// DroppedCount is the number of points that failed to be written and had to
+	// be dropped. It wraps around after max(uint32).
+	DroppedCount uint32
+}
+
+// headerStructSize size of header struct in bytes.
+const headerStructSize = 8
+
+// TODO(gvisor.dev/issue/4805) Any requires writing the full type URL to the
+// message. We're not memory bandwidth bound, but having an enum event type in
+// the header to identify the proto type would reduce message size and speed
+// up event dispatch in the consumer.
+func (r *Remote) writeAny(any *anypb.Any) error {
+	out, err := proto.Marshal(any)
+	if err != nil {
+		return err
+	}
+	hdr := Header{
+		HeaderSize: uint16(headerStructSize),
+	}
+	var hdrOut [headerStructSize]byte
+	hdr.MarshalUnsafe(hdrOut[:])
+
+	// TODO(gvisor.dev/issue/4805): Change to non-blocking write. Count as dropped
+	// if write fails.
+	_, err = unix.Writev(r.endpoint.FD(), [][]byte{hdrOut[:], out})
+	return err
+}
+
+func (r *Remote) write(msg proto.Message) {
+	any, err := anypb.New(msg)
+	if err != nil {
+		log.Debugf(""anypd.New(%+v): %v"", msg, err)
+		return
+	}
+	if err := r.writeAny(any); err != nil {
+		log.Debugf(""writeAny(%+v): %v"", any, err)
+		return
+	}
+	return
+}
+
+// Clone implements seccheck.Checker.
+func (r *Remote) Clone(_ context.Context, _ seccheck.FieldSet, info *pb.CloneInfo) error {
+	r.write(info)
+	return nil
+}
+
+// Execve implements seccheck.Checker.
+func (r *Remote) Execve(_ context.Context, _ seccheck.FieldSet, info *pb.ExecveInfo) error {
+	r.write(info)
+	return nil
+}
+
+// ExitNotifyParent implements seccheck.Checker.
+func (r *Remote) ExitNotifyParent(_ context.Context, _ seccheck.FieldSet, info *pb.ExitNotifyParentInfo) error {
+	r.write(info)
+	return nil
+}
diff --git a/pkg/sentry/seccheck/checkers/remote/remote_test.go b/pkg/sentry/seccheck/checkers/remote/remote_test.go
new file mode 100644
index 0000000000..bdcef353bc
--- /dev/null
+++ b/pkg/sentry/seccheck/checkers/remote/remote_test.go
@@ -0,0 +1,329 @@
+// Copyright 2022 The gVisor Authors.
+//
+// Licensed under the Apache License, Version 2.0 (the ""License"");
+// you may not use this file except in compliance with the License.
+// You may obtain a copy of the License at
+//
+//     http://www.apache.org/licenses/LICENSE-2.0
+//
+// Unless required by applicable law or agreed to in writing, software
+// distributed under the License is distributed on an ""AS IS"" BASIS,
+// WITHOUT WARRANTIES OR CONDITIONS OF ANY KIND, either express or implied.
+// See the License for the specific language governing permissions and
+// limitations under the License.
+
+package remote
+
+import (
+	""bytes""
+	""fmt""
+	""io/ioutil""
+	""os""
+	""os/exec""
+	""path/filepath""
+	""strings""
+	""testing""
+	""time""
+
+	""github.com/cenkalti/backoff""
+	""golang.org/x/sys/unix""
+	""google.golang.org/protobuf/proto""
+	""google.golang.org/protobuf/types/known/anypb""
+	""gvisor.dev/gvisor/pkg/cleanup""
+	""gvisor.dev/gvisor/pkg/fd""
+	""gvisor.dev/gvisor/pkg/sentry/seccheck""
+	pb ""gvisor.dev/gvisor/pkg/sentry/seccheck/points/points_go_proto""
+	""gvisor.dev/gvisor/pkg/sync""
+	""gvisor.dev/gvisor/pkg/test/testutil""
+)
+
+func waitForFile(path string) error {
+	return testutil.Poll(func() error {
+		if _, err := os.Stat(path); err != nil {
+			if os.IsNotExist(err) {
+				return err
+			}
+			return &backoff.PermanentError{Err: err}
+		}
+		return nil
+	}, 5*time.Second)
+}
+
+type exampleServer struct {
+	path string
+	cmd  *exec.Cmd
+	out  bytes.Buffer
+}
+
+func newExampleServer(quiet bool) (*exampleServer, error) {
+	exe, err := testutil.FindFile(""examples/seccheck/server_cc"")
+	if err != nil {
+		return nil, fmt.Errorf(""error finding server_cc: %v"", err)
+	}
+
+	dir, err := os.MkdirTemp(os.TempDir(), ""remote"")
+	if err != nil {
+		return nil, fmt.Errorf(""Setup(%q): %v"", dir, err)
+	}
+
+	server := &exampleServer{path: filepath.Join(dir, ""remote.sock"")}
+	server.cmd = exec.Command(exe, server.path)
+	if quiet {
+		server.cmd.Args = append(server.cmd.Args, ""-q"")
+	}
+	server.cmd.Stdout = &server.out
+	server.cmd.Stderr = &server.out
+	if err := server.cmd.Start(); err != nil {
+		os.RemoveAll(dir)
+		return nil, fmt.Errorf(""error running %q: %v"", exe, err)
+	}
+
+	if err := waitForFile(server.path); err != nil {
+		server.stop()
+		return nil, fmt.Errorf(""error waiting for server file %q: %w"", server.path, err)
+	}
+	return server, nil
+}
+
+func (s *exampleServer) stop() {
+	_ = s.cmd.Process.Kill()
+	_ = s.cmd.Wait()
+	_ = os.Remove(s.path)
+}
+
+type server struct {
+	path   string
+	fd     *fd.FD
+	stopCh chan struct{}
+
+	mu sync.Mutex
+	// +checklocks:mu
+	points []*anypb.Any
+}
+
+func newServer() (*server, error) {
+	dir, err := ioutil.TempDir(os.TempDir(), ""remote"")
+	if err != nil {
+		return nil, err
+	}
+	server, err := newServerPath(filepath.Join(dir, ""remote.sock""))
+	if err != nil {
+		_ = os.RemoveAll(dir)
+		return nil, err
+	}
+	return server, nil
+}
+
+func newServerPath(path string) (*server, error) {
+	socket, err := unix.Socket(unix.AF_UNIX, unix.SOCK_SEQPACKET, 0)
+	if err != nil {
+		return nil, fmt.Errorf(""socket(AF_UNIX, SOCK_SEQPACKET, 0): %w"", err)
+	}
+	cu := cleanup.Make(func() {
+		_ = unix.Close(socket)
+	})
+	defer cu.Clean()
+
+	sa := &unix.SockaddrUnix{Name: path}
+	if err := unix.Bind(socket, sa); err != nil {
+		return nil, fmt.Errorf(""bind(%q): %w"", path, err)
+	}
+	if err := unix.Listen(socket, 5); err != nil {
+		return nil, fmt.Errorf(""listen(): %w"", err)
+	}
+
+	server := &server{
+		path:   path,
+		fd:     fd.New(socket),
+		stopCh: make(chan struct{}),
+	}
+	go server.run()
+	cu.Release()
+	return server, nil
+}
+
+func (s *server) run() {
+	defer func() {
+		s.stopCh <- struct{}{}
+	}()
+	for {
+		client, _, err := unix.Accept(s.fd.FD())
+		if err != nil {
+			panic(err)
+		}
+		go s.handleClient(client)
+	}
+}
+
+func (s *server) handleClient(client int) {
+	defer unix.Close(client)
+
+	var buf = make([]byte, 1024*1024)
+	for {
+		read, err := unix.Read(client, buf)
+		if err != nil {
+			return
+		}
+		if read == 0 {
+			return
+		}
+		if read <= headerStructSize {
+			panic(""invalid message"")
+		}
+		hdr := Header{}
+		hdr.UnmarshalUnsafe(buf[0:headerStructSize])
+		msg := &anypb.Any{}
+		if err := proto.Unmarshal(buf[hdr.HeaderSize:read], msg); err != nil {
+			panic(""invalid proto"")
+		}
+		s.mu.Lock()
+		s.points = append(s.points, msg)
+		s.mu.Unlock()
+	}
+}
+
+func (s *server) count() int {
+	s.mu.Lock()
+	defer s.mu.Unlock()
+	return len(s.points)
+}
+
+func (s *server) getPoints() []*anypb.Any {
+	s.mu.Lock()
+	defer s.mu.Unlock()
+	cpy := make([]*anypb.Any, len(s.points))
+	copy(cpy, s.points)
+	return cpy
+}
+
+func (s *server) wait() {
+	<-s.stopCh
+}
+
+func (s *server) close() {
+	_ = s.fd.Close()
+	_ = os.Remove(s.path)
+}
+
+func TestBasic(t *testing.T) {
+	server, err := newServer()
+	if err != nil {
+		t.Fatalf(""newServer(): %v"", err)
+	}
+	defer server.close()
+
+	endpoint, err := setup(server.path)
+	if err != nil {
+		t.Fatalf(""setup(): %v"", err)
+	}
+	endpointFD, err := fd.NewFromFile(endpoint)
+	if err != nil {
+		_ = endpoint.Close()
+		t.Fatalf(""NewFromFile(): %v"", err)
+	}
+	_ = endpoint.Close()
+
+	r, err := New(nil, endpointFD)
+	if err != nil {
+		t.Fatalf(""New(): %v"", err)
+	}
+
+	info := &pb.ExitNotifyParentInfo{ExitStatus: 123}
+	if err := r.ExitNotifyParent(nil, seccheck.FieldSet{}, info); err != nil {
+		t.Fatalf(""ExitNotifyParent: %v"", err)
+	}
+
+	testutil.Poll(func() error {
+		if server.count() == 0 {
+			return fmt.Errorf(""waiting for points to arrive"")
+		}
+		return nil
+	}, 5*time.Second)
+	if want, got := 1, server.count(); want != got {
+		t.Errorf(""wrong number of points, want: %d, got: %d"", want, got)
+	}
+	any := server.getPoints()[0]
+
+	got := &pb.ExitNotifyParentInfo{}
+	if err := any.UnmarshalTo(got); err != nil {
+		t.Errorf(""any.UnmarshallTo(ExitNotifyParentInfo): %v"", err)
+	}
+	if !proto.Equal(info, got) {
+		t.Errorf(""Received point is different, want: %+v, got: %+v"", info, got)
+	}
+}
+
+// Test that the example C++ server works. It's easier to test from here and
+// also changes that can break it will likely originate here.
+func TestExample(t *testing.T) {
+	server, err := newExampleServer(false)
+	if err != nil {
+		t.Fatalf(""newExampleServer(): %v"", err)
+	}
+	defer server.stop()
+
+	endpoint, err := setup(server.path)
+	if err != nil {
+		t.Fatalf(""setup(): %v"", err)
+	}
+	endpointFD, err := fd.NewFromFile(endpoint)
+	if err != nil {
+		_ = endpoint.Close()
+		t.Fatalf(""NewFromFile(): %v"", err)
+	}
+	_ = endpoint.Close()
+
+	r, err := New(nil, endpointFD)
+	if err != nil {
+		t.Fatalf(""New(): %v"", err)
+	}
+
+	info := pb.ExitNotifyParentInfo{ExitStatus: 123}
+	if err := r.ExitNotifyParent(nil, seccheck.FieldSet{}, &info); err != nil {
+		t.Fatalf(""ExitNotifyParent: %v"", err)
+	}
+	check := func() error {
+		if got := server.out.String(); !strings.Contains(got, ""gvisor.sentry.ExitNotifyParentInfo => exit_status: 123"") {
+			return fmt.Errorf(""ExitNotifyParentInfo point didn't get to the server, out: %q"", got)
+		}
+		return nil
+	}
+	if err := testutil.Poll(check, time.Second); err != nil {
+		t.Errorf(err.Error())
+	}
+}
+
+func BenchmarkSmall(t *testing.B) {
+	// Run server in a separate process just to isolate it as much as possible.
+	server, err := newExampleServer(false)
+	if err != nil {
+		t.Fatalf(""newExampleServer(): %v"", err)
+	}
+	defer server.stop()
+
+	endpoint, err := setup(server.path)
+	if err != nil {
+		t.Fatalf(""setup(): %v"", err)
+	}
+	endpointFD, err := fd.NewFromFile(endpoint)
+	if err != nil {
+		_ = endpoint.Close()
+		t.Fatalf(""NewFromFile(): %v"", err)
+	}
+	_ = endpoint.Close()
+
+	r, err := New(nil, endpointFD)
+	if err != nil {
+		t.Fatalf(""New(): %v"", err)
+	}
+
+	t.ResetTimer()
+	t.RunParallel(func(sub *testing.PB) {
+		for sub.Next() {
+			info := pb.ExitNotifyParentInfo{ExitStatus: 123}
+			if err := r.ExitNotifyParent(nil, seccheck.FieldSet{}, &info); err != nil {
+				t.Fatalf(""ExitNotifyParent: %v"", err)
+			}
+		}
+	})
+}",rejected_candidate,,
issta2024_bugs_in_pods_understanding_bugs:67f6578b9946f635,issta2024_bugs_in_pods_understanding_bugs,cri-o,https://github.com/cri-o/cri-o/commit/efaea10606ce6c70128c90c7d136784bcbcf2c40,high perf hooks: move cpu-quota disable handling to container creation,"Currently, the way we disable cpu quotas is hacky and not really required.
We know at container creation that a container requires its cpu quota disabled,
so we can set it in the initial spec and allow the runtime to handle it.

This also fixes an issue with newer systemd where the cgroup doesn't have the property set,
and thus systemd clobbers the value we set manually in the cgroupfs. The runtimes will set it correctly
as a property.

Signed-off-by: Peter Hunt <pehunt@redhat.com>",no_comments_in_source,committed,2023-04-05T19:10:36+00:00,"[""internal/runtimehandlerhooks/high_performance_hooks.go"", ""internal/runtimehandlerhooks/high_performance_hooks_test.go"", ""server/container_create_linux.go""]","diff --git a/internal/runtimehandlerhooks/high_performance_hooks.go b/internal/runtimehandlerhooks/high_performance_hooks.go
index f9255d0219a..b5248a5e561 100644
--- a/internal/runtimehandlerhooks/high_performance_hooks.go
+++ b/internal/runtimehandlerhooks/high_performance_hooks.go
@@ -7,11 +7,9 @@ import (
 	""os""
 	""os/exec""
 	""path""
-	""path/filepath""
 	""strconv""
 	""strings""
 
-	""github.com/cri-o/cri-o/internal/config/cgmgr""
 	""github.com/cri-o/cri-o/internal/config/node""
 	""github.com/cri-o/cri-o/internal/lib/sandbox""
 	""github.com/cri-o/cri-o/internal/log""
@@ -19,7 +17,7 @@ import (
 	crioannotations ""github.com/cri-o/cri-o/pkg/annotations""
 	""github.com/cri-o/cri-o/utils/cmdrunner""
 	""github.com/opencontainers/runc/libcontainer/cgroups""
-	""github.com/opencontainers/runc/libcontainer/cgroups/systemd""
+	""github.com/opencontainers/runtime-spec/specs-go""
 	""k8s.io/apimachinery/pkg/fields""
 	""k8s.io/kubernetes/pkg/kubelet/cm/cpuset""
 )
@@ -51,19 +49,10 @@ type HighPerformanceHooks struct {
 func (h *HighPerformanceHooks) PreStart(ctx context.Context, c *oci.Container, s *sandbox.Sandbox) error {
 	log.Infof(ctx, ""Run %q runtime handler pre-start hook for the container %q"", HighPerformance, c.ID())
 
-	if isCgroupParentBurstable(s) {
-		log.Infof(ctx, ""Container %q is a burstable pod. Skip PreStart."", c.ID())
-		return nil
-	}
-	if isCgroupParentBestEffort(s) {
-		log.Infof(ctx, ""Container %q is a besteffort pod. Skip PreStart."", c.ID())
-		return nil
-	}
-	if !isContainerRequestWholeCPU(c) {
-		log.Infof(ctx, ""Container %q requests partial cpu(s). Skip PreStart"", c.ID())
+	cSpec := c.Spec()
+	if !shouldRunHooks(ctx, c.ID(), &cSpec, s) {
 		return nil
 	}
-
 	// disable the CPU load balancing for the container CPUs
 	if shouldCPULoadBalancingBeDisabled(s.Annotations()) {
 		if err := disableCPULoadBalancing(c); err != nil {
@@ -79,18 +68,6 @@ func (h *HighPerformanceHooks) PreStart(ctx context.Context, c *oci.Container, s
 		}
 	}
 
-	// disable the CFS quota for the container CPUs
-	if shouldCPUQuotaBeDisabled(s.Annotations()) {
-		log.Infof(ctx, ""Disable cpu cfs quota for container %q"", c.ID())
-		cpuMountPoint, err := cgroups.FindCgroupMountpoint(cgroupMountPoint, ""cpu"")
-		if err != nil {
-			return err
-		}
-		if err := setCPUQuota(cpuMountPoint, s.CgroupParent(), c, false); err != nil {
-			return fmt.Errorf(""set CPU CFS quota: %w"", err)
-		}
-	}
-
 	// Configure c-states for the container CPUs.
 	if configure, value := shouldCStatesBeConfigured(s.Annotations()); configure {
 		log.Infof(ctx, ""Configure c-states for container %q to %q"", c.ID(), value)
@@ -127,16 +104,8 @@ func (h *HighPerformanceHooks) PreStop(ctx context.Context, c *oci.Container, s
 	defer span.End()
 	log.Infof(ctx, ""Run %q runtime handler pre-stop hook for the container %q"", HighPerformance, c.ID())
 
-	if isCgroupParentBurstable(s) {
-		log.Infof(ctx, ""Container %q is a burstable pod. Skip PreStop."", c.ID())
-		return nil
-	}
-	if isCgroupParentBestEffort(s) {
-		log.Infof(ctx, ""Container %q is a besteffort pod. Skip PreStop."", c.ID())
-		return nil
-	}
-	if !isContainerRequestWholeCPU(c) {
-		log.Infof(ctx, ""Container %q requests partial cpu(s). Skip PreStop"", c.ID())
+	cSpec := c.Spec()
+	if !shouldRunHooks(ctx, c.ID(), &cSpec, s) {
 		return nil
 	}
 
@@ -179,15 +148,6 @@ func shouldCPULoadBalancingBeDisabled(annotations fields.Set) bool {
 		annotations[crioannotations.CPULoadBalancingAnnotation] == annotationDisable
 }
 
-func shouldCPUQuotaBeDisabled(annotations fields.Set) bool {
-	if annotations[crioannotations.CPUQuotaAnnotation] == annotationTrue {
-		log.Warnf(context.TODO(), annotationValueDeprecationWarning(crioannotations.CPUQuotaAnnotation))
-	}
-
-	return annotations[crioannotations.CPUQuotaAnnotation] == annotationTrue ||
-		annotations[crioannotations.CPUQuotaAnnotation] == annotationDisable
-}
-
 func shouldIRQLoadBalancingBeDisabled(annotations fields.Set) bool {
 	if annotations[crioannotations.IRQLoadBalancingAnnotation] == annotationTrue {
 		log.Warnf(context.TODO(), annotationValueDeprecationWarning(crioannotations.IRQLoadBalancingAnnotation))
@@ -211,18 +171,6 @@ func annotationValueDeprecationWarning(annotation string) string {
 	return fmt.Sprintf(""The usage of the annotation %q with value %q will be deprecated under 1.21"", annotation, ""true"")
 }
 
-func isCgroupParentBurstable(s *sandbox.Sandbox) bool {
-	return strings.Contains(s.CgroupParent(), ""burstable"")
-}
-
-func isCgroupParentBestEffort(s *sandbox.Sandbox) bool {
-	return strings.Contains(s.CgroupParent(), ""besteffort"")
-}
-
-func isContainerRequestWholeCPU(c *oci.Container) bool {
-	return *(c.Spec().Linux.Resources.CPU.Shares)%1024 == 0
-}
-
 // disableCPULoadBalancing relies on the cpuset cgroup to disable load balancing for containers.
 // The requisite condition to allow this is `cpuset.sched_load_balance` field must be set to 0 for all cgroups
 // that intersect with `cpuset.cpus` of the container that desires load balancing.
@@ -308,66 +256,6 @@ func setIRQLoadBalancing(ctx context.Context, c *oci.Container, enable bool, irq
 	return nil
 }
 
-func setCPUQuota(cpuMountPoint, parentDir string, c *oci.Container, enable bool) error {
-	var rpath string
-	var err error
-	var cfsQuotaPath string
-	var parentCfsQuotaPath string
-	var cgroupManager cgmgr.CgroupManager
-
-	if strings.HasSuffix(parentDir, "".slice"") {
-		// systemd fs
-		if cgroupManager, err = cgmgr.SetCgroupManager(""systemd""); err != nil {
-			return nil
-		}
-		parentPath, err := systemd.ExpandSlice(parentDir)
-		if err != nil {
-			return err
-		}
-		parentCfsQuotaPath = filepath.Join(cpuMountPoint, parentPath, ""cpu.cfs_quota_us"")
-		if rpath, err = cgroupManager.ContainerCgroupAbsolutePath(parentDir, c.ID()); err != nil {
-			return err
-		}
-		cfsQuotaPath = filepath.Join(cpuMountPoint, rpath, ""cpu.cfs_quota_us"")
-	} else {
-		// cgroupfs
-		if cgroupManager, err = cgmgr.SetCgroupManager(""cgroupfs""); err != nil {
-			return nil
-		}
-		parentCfsQuotaPath = filepath.Join(cpuMountPoint, parentDir, ""cpu.cfs_quota_us"")
-		if rpath, err = cgroupManager.ContainerCgroupAbsolutePath(parentDir, c.ID()); err != nil {
-			return err
-		}
-		cfsQuotaPath = filepath.Join(cpuMountPoint, rpath, ""cpu.cfs_quota_us"")
-	}
-
-	if _, err := os.Stat(cfsQuotaPath); err != nil {
-		return err
-	}
-	if _, err := os.Stat(parentCfsQuotaPath); err != nil {
-		return err
-	}
-
-	if enable {
-		// there should have no use case to get here, as the pod cgroup will be deleted when the pod end
-		if err := os.WriteFile(cfsQuotaPath, []byte(""0""), 0o644); err != nil {
-			return err
-		}
-		if err := os.WriteFile(parentCfsQuotaPath, []byte(""0""), 0o644); err != nil {
-			return err
-		}
-	} else {
-		if err := os.WriteFile(cfsQuotaPath, []byte(""-1""), 0o644); err != nil {
-			return err
-		}
-		if err := os.WriteFile(parentCfsQuotaPath, []byte(""-1""), 0o644); err != nil {
-			return err
-		}
-	}
-
-	return nil
-}
-
 // setCPUPMQOSResumeLatency sets the pm_qos_resume_latency_us for a cpu and stores the original
 // value so it can be restored later. If the latency is an empty string, the original latency
 // value is restored.
@@ -613,3 +501,43 @@ func RestoreIrqBalanceConfig(ctx context.Context, irqBalanceConfigFile, irqBanne
 	}
 	return nil
 }
+
+func ShouldCPUQuotaBeDisabled(ctx context.Context, cid string, cSpec *specs.Spec, s *sandbox.Sandbox, annotations fields.Set) bool {
+	if !shouldRunHooks(ctx, cid, cSpec, s) {
+		return false
+	}
+	if annotations[crioannotations.CPUQuotaAnnotation] == annotationTrue {
+		log.Warnf(context.TODO(), annotationValueDeprecationWarning(crioannotations.CPUQuotaAnnotation))
+	}
+
+	return annotations[crioannotations.CPUQuotaAnnotation] == annotationTrue ||
+		annotations[crioannotations.CPUQuotaAnnotation] == annotationDisable
+}
+
+func shouldRunHooks(ctx context.Context, id string, cSpec *specs.Spec, s *sandbox.Sandbox) bool {
+	if isCgroupParentBurstable(s) {
+		log.Infof(ctx, ""Container %q is a burstable pod. Skip PreStart."", id)
+		return false
+	}
+	if isCgroupParentBestEffort(s) {
+		log.Infof(ctx, ""Container %q is a besteffort pod. Skip PreStart."", id)
+		return false
+	}
+	if !isContainerRequestWholeCPU(cSpec) {
+		log.Infof(ctx, ""Container %q requests partial cpu(s). Skip PreStart"", id)
+		return false
+	}
+	return true
+}
+
+func isCgroupParentBurstable(s *sandbox.Sandbox) bool {
+	return strings.Contains(s.CgroupParent(), ""burstable"")
+}
+
+func isCgroupParentBestEffort(s *sandbox.Sandbox) bool {
+	return strings.Contains(s.CgroupParent(), ""besteffort"")
+}
+
+func isContainerRequestWholeCPU(cSpec *specs.Spec) bool {
+	return *(cSpec.Linux.Resources.CPU.Shares)%1024 == 0
+}
diff --git a/internal/runtimehandlerhooks/high_performance_hooks_test.go b/internal/runtimehandlerhooks/high_performance_hooks_test.go
index 5247f0020b0..d0719f966d0 100644
--- a/internal/runtimehandlerhooks/high_performance_hooks_test.go
+++ b/internal/runtimehandlerhooks/high_performance_hooks_test.go
@@ -494,64 +494,4 @@ var _ = Describe(""high_performance_hooks"", func() {
 			})
 		})
 	})
-
-	Describe(""setCPUQuota"", func() {
-		containerID := container.ID()
-		parent := ""parent.slice""
-		child := ""crio"" + ""-"" + containerID + "".scope""
-		childCgroup := parent + "":"" + ""crio"" + "":"" + containerID
-		cpuMountPoint := filepath.Join(fixturesDir, ""cgroup"", ""cpu"")
-		parentFolder := filepath.Join(cpuMountPoint, parent)
-		childFolder := filepath.Join(cpuMountPoint, parent, child)
-
-		verifySetCPUQuota := func(enabled bool, expected string) {
-			err := setCPUQuota(cpuMountPoint, parent, container, enabled)
-			Expect(err).To(BeNil())
-
-			content, err := os.ReadFile(filepath.Join(childFolder, ""cpu.cfs_quota_us""))
-			Expect(err).To(BeNil())
-			Expect(strings.Trim(string(content), ""\n"")).To(Equal(expected))
-
-			content, err = os.ReadFile(filepath.Join(parentFolder, ""cpu.cfs_quota_us""))
-			Expect(err).To(BeNil())
-			Expect(strings.Trim(string(content), ""\n"")).To(Equal(expected))
-		}
-
-		BeforeEach(func() {
-			if err := os.MkdirAll(childFolder, os.ModePerm); err != nil {
-				log.Errorf(context.TODO(), ""failed to create temporary cgroup folder: %v"", err)
-			}
-			if err := os.WriteFile(filepath.Join(parentFolder, ""cpu.cfs_quota_us""), []byte(""900\n""), 0o644); err != nil {
-				log.Errorf(context.TODO(), ""failed to create cpu.cfs_quota_us cgroup file: %v"", err)
-			}
-			if err := os.WriteFile(filepath.Join(childFolder, ""cpu.cfs_quota_us""), []byte(""900\n""), 0o644); err != nil {
-				log.Errorf(context.TODO(), ""failed to create cpu.cfs_quota_us cgroup file: %v"", err)
-			}
-			container.SetSpec(
-				&specs.Spec{
-					Linux: &specs.Linux{
-						CgroupsPath: childCgroup,
-					},
-				},
-			)
-		})
-
-		AfterEach(func() {
-			if err := os.RemoveAll(parentFolder); err != nil {
-				log.Errorf(context.TODO(), ""failed to remove temporary cgroup folder: %v"", err)
-			}
-		})
-
-		Context(""with enabled equals to true"", func() {
-			It(""should set cpu.cfs_quota_us to 0"", func() {
-				verifySetCPUQuota(true, ""0"")
-			})
-		})
-
-		Context(""with enabled equals to false"", func() {
-			It(""should set cpu.cfs_quota_us to -1"", func() {
-				verifySetCPUQuota(false, ""-1"")
-			})
-		})
-	})
 })
diff --git a/server/container_create_linux.go b/server/container_create_linux.go
index 116e6b20e74..627cf01d3ce 100644
--- a/server/container_create_linux.go
+++ b/server/container_create_linux.go
@@ -25,6 +25,7 @@ import (
 	""github.com/cri-o/cri-o/internal/lib/sandbox""
 	""github.com/cri-o/cri-o/internal/log""
 	oci ""github.com/cri-o/cri-o/internal/oci""
+	""github.com/cri-o/cri-o/internal/runtimehandlerhooks""
 	""github.com/cri-o/cri-o/internal/storage""
 	crioann ""github.com/cri-o/cri-o/pkg/annotations""
 	securejoin ""github.com/cyphar/filepath-securejoin""
@@ -406,9 +407,12 @@ func (s *Server) createSandboxContainer(ctx context.Context, ctr ctrfactory.Cont
 	if linux != nil {
 		resources := linux.Resources
 		if resources != nil {
+			specgen.SetLinuxResourcesCPUShares(uint64(resources.CpuShares))
 			specgen.SetLinuxResourcesCPUPeriod(uint64(resources.CpuPeriod))
 			specgen.SetLinuxResourcesCPUQuota(resources.CpuQuota)
-			specgen.SetLinuxResourcesCPUShares(uint64(resources.CpuShares))
+			if runtimehandlerhooks.ShouldCPUQuotaBeDisabled(ctx, containerID, specgen.Config, sb, sb.Annotations()) {
+				specgen.SetLinuxResourcesCPUQuota(-1)
+			}
 
 			memoryLimit := resources.MemoryLimitInBytes
 			if memoryLimit != 0 {",accepted_fault,Incorrect Configuration Effect,Runtime Shim Config Error
issta2024_bugs_in_pods_understanding_bugs:6b2dc76ac304b179,issta2024_bugs_in_pods_understanding_bugs,containerd,https://github.com/containerd/containerd/commit/14003683f0fbd37cb759ef76210f83e6bc968862,go.mod: Bump hcsshim to v0.9.4,"This tag contains some fixes for hostprocess containers, mainly around
fixing task stats which regressed from a change in v0.9.3.

https://github.com/microsoft/hcsshim/releases/tag/v0.9.4

Signed-off-by: Daniel Canter <dcanter@microsoft.com>",no_comments_in_source,committed,2022-07-25T20:09:25+00:00,"[""go.mod"", ""go.sum"", ""integration/client/go.mod"", ""integration/client/go.sum"", ""vendor/github.com/Microsoft/hcsshim/internal/jobobject/iocp.go"", ""vendor/github.com/Microsoft/hcsshim/internal/jobobject/jobobject.go"", ""vendor/github.com/Microsoft/hcsshim/internal/jobobject/limits.go"", ""vendor/github.com/Microsoft/hcsshim/internal/queue/mq.go"", ""vendor/github.com/Microsoft/hcsshim/internal/winapi/jobobject.go"", ""vendor/github.com/Microsoft/hcsshim/internal/winapi/process.go"", ""vendor/github.com/Microsoft/hcsshim/internal/winapi/system.go"", ""vendor/github.com/Microsoft/hcsshim/internal/winapi/zsyscall_windows.go"", ""vendor/modules.txt""]","diff --git a/go.mod b/go.mod
index 7fc5b15d84954..b11b667df64c4 100644
--- a/go.mod
+++ b/go.mod
@@ -5,7 +5,7 @@ go 1.18
 require (
 	github.com/AdaLogics/go-fuzz-headers v0.0.0-20220706123152-fef3fe1bab07
 	github.com/Microsoft/go-winio v0.5.2
-	github.com/Microsoft/hcsshim v0.9.3
+	github.com/Microsoft/hcsshim v0.9.4
 	github.com/container-orchestrated-devices/container-device-interface v0.3.1
 	github.com/containerd/aufs v1.0.0
 	github.com/containerd/btrfs v1.0.0
diff --git a/go.sum b/go.sum
index 12247e68b4000..807114d428452 100644
--- a/go.sum
+++ b/go.sum
@@ -84,8 +84,8 @@ github.com/Microsoft/hcsshim v0.8.20/go.mod h1:+w2gRZ5ReXQhFOrvSQeNfhrYB/dg3oDwT
 github.com/Microsoft/hcsshim v0.8.21/go.mod h1:+w2gRZ5ReXQhFOrvSQeNfhrYB/dg3oDwTOcER2fw4I4=
 github.com/Microsoft/hcsshim v0.8.23/go.mod h1:4zegtUJth7lAvFyc6cH2gGQ5B3OFQim01nnU2M8jKDg=
 github.com/Microsoft/hcsshim v0.9.2/go.mod h1:7pLA8lDk46WKDWlVsENo92gC0XFa8rbKfyFRBqxEbCc=
-github.com/Microsoft/hcsshim v0.9.3 h1:k371PzBuRrz2b+ebGuI2nVgVhgsVX60jMfSw80NECxo=
-github.com/Microsoft/hcsshim v0.9.3/go.mod h1:7pLA8lDk46WKDWlVsENo92gC0XFa8rbKfyFRBqxEbCc=
+github.com/Microsoft/hcsshim v0.9.4 h1:mnUj0ivWy6UzbB1uLFqKR6F+ZyiDc7j4iGgHTpO+5+I=
+github.com/Microsoft/hcsshim v0.9.4/go.mod h1:7pLA8lDk46WKDWlVsENo92gC0XFa8rbKfyFRBqxEbCc=
 github.com/Microsoft/hcsshim/test v0.0.0-20201218223536-d3e5debf77da/go.mod h1:5hlzMzRKMLyo42nCZ9oml8AdTlq/0cvIaBv6tK1RehU=
 github.com/Microsoft/hcsshim/test v0.0.0-20210227013316-43a75bb4edd3/go.mod h1:mw7qgWloBUl75W/gVH3cQszUg1+gUITj7D6NY7ywVnY=
 github.com/NYTimes/gziphandler v0.0.0-20170623195520-56545f4a5d46/go.mod h1:3wb06e3pkSAbeQ52E9H9iFoQsEEwGN64994WTCIhntQ=
diff --git a/integration/client/go.mod b/integration/client/go.mod
index 2fced654d5734..dc949b45101c4 100644
--- a/integration/client/go.mod
+++ b/integration/client/go.mod
@@ -3,7 +3,7 @@ module github.com/containerd/containerd/integration/client
 go 1.18
 
 require (
-	github.com/Microsoft/hcsshim v0.9.3
+	github.com/Microsoft/hcsshim v0.9.4
 	github.com/Microsoft/hcsshim/test v0.0.0-20210408205431-da33ecd607e1
 	github.com/containerd/cgroups v1.0.4
 	github.com/containerd/containerd v1.6.2 // see replace; the actual version of containerd is replaced with the code at the root of this repository
diff --git a/integration/client/go.sum b/integration/client/go.sum
index 442842a487102..4efe2127cd8c9 100644
--- a/integration/client/go.sum
+++ b/integration/client/go.sum
@@ -60,8 +60,8 @@ github.com/Microsoft/go-winio v0.5.2/go.mod h1:WpS1mjBmmwHBEWmogvA2mj8546UReBk4v
 github.com/Microsoft/hcsshim v0.8.15/go.mod h1:x38A4YbHbdxJtc0sF6oIz+RG0npwSCAvn69iY6URG00=
 github.com/Microsoft/hcsshim v0.8.20/go.mod h1:+w2gRZ5ReXQhFOrvSQeNfhrYB/dg3oDwTOcER2fw4I4=
 github.com/Microsoft/hcsshim v0.9.2/go.mod h1:7pLA8lDk46WKDWlVsENo92gC0XFa8rbKfyFRBqxEbCc=
-github.com/Microsoft/hcsshim v0.9.3 h1:k371PzBuRrz2b+ebGuI2nVgVhgsVX60jMfSw80NECxo=
-github.com/Microsoft/hcsshim v0.9.3/go.mod h1:7pLA8lDk46WKDWlVsENo92gC0XFa8rbKfyFRBqxEbCc=
+github.com/Microsoft/hcsshim v0.9.4 h1:mnUj0ivWy6UzbB1uLFqKR6F+ZyiDc7j4iGgHTpO+5+I=
+github.com/Microsoft/hcsshim v0.9.4/go.mod h1:7pLA8lDk46WKDWlVsENo92gC0XFa8rbKfyFRBqxEbCc=
 github.com/Microsoft/hcsshim/test v0.0.0-20210408205431-da33ecd607e1 h1:pVKfKyPkXna29XlGjxSr9J0A7vNucOUHZ/2ClcTWalw=
 github.com/Microsoft/hcsshim/test v0.0.0-20210408205431-da33ecd607e1/go.mod h1:Cmvnhlie15Ha2UYrJs9EhgSx76Bq9RV2FgfEiT78GhI=
 github.com/NYTimes/gziphandler v0.0.0-20170623195520-56545f4a5d46/go.mod h1:3wb06e3pkSAbeQ52E9H9iFoQsEEwGN64994WTCIhntQ=
diff --git a/vendor/github.com/Microsoft/hcsshim/internal/jobobject/iocp.go b/vendor/github.com/Microsoft/hcsshim/internal/jobobject/iocp.go
index 3d640ac7bdd6b..5d6acd69e618e 100644
--- a/vendor/github.com/Microsoft/hcsshim/internal/jobobject/iocp.go
+++ b/vendor/github.com/Microsoft/hcsshim/internal/jobobject/iocp.go
@@ -57,7 +57,7 @@ func pollIOCP(ctx context.Context, iocpHandle windows.Handle) {
 				}).Warn(""failed to parse job object message"")
 				continue
 			}
-			if err := msq.Write(notification); err == queue.ErrQueueClosed {
+			if err := msq.Enqueue(notification); err == queue.ErrQueueClosed {
 				// Write will only return an error when the queue is closed.
 				// The only time a queue would ever be closed is when we call `Close` on
 				// the job it belongs to which also removes it from the jobMap, so something
diff --git a/vendor/github.com/Microsoft/hcsshim/internal/jobobject/jobobject.go b/vendor/github.com/Microsoft/hcsshim/internal/jobobject/jobobject.go
index 9c2726416418b..c9fdd921a7f8b 100644
--- a/vendor/github.com/Microsoft/hcsshim/internal/jobobject/jobobject.go
+++ b/vendor/github.com/Microsoft/hcsshim/internal/jobobject/jobobject.go
@@ -68,6 +68,9 @@ type Options struct {
 	// `UseNTVariant` specifies if we should use the `Nt` variant of Open/CreateJobObject.
 	// Defaults to false.
 	UseNTVariant bool
+	// `IOTracking` enables tracking I/O statistics on the job object. More specifically this
+	// calls SetInformationJobObject with the JobObjectIoAttribution class.
+	EnableIOTracking bool
 }
 
 // Create creates a job object.
@@ -134,6 +137,12 @@ func Create(ctx context.Context, options *Options) (_ *JobObject, err error) {
 		job.mq = mq
 	}
 
+	if options.EnableIOTracking {
+		if err := enableIOTracking(jobHandle); err != nil {
+			return nil, err
+		}
+	}
+
 	return job, nil
 }
 
@@ -235,7 +244,7 @@ func (job *JobObject) PollNotification() (interface{}, error) {
 	if job.mq == nil {
 		return nil, ErrNotRegistered
 	}
-	return job.mq.ReadOrWait()
+	return job.mq.Dequeue()
 }
 
 // UpdateProcThreadAttribute updates the passed in ProcThreadAttributeList to contain what is necessary to
@@ -330,7 +339,7 @@ func (job *JobObject) Pids() ([]uint32, error) {
 	err := winapi.QueryInformationJobObject(
 		job.handle,
 		winapi.JobObjectBasicProcessIdList,
-		uintptr(unsafe.Pointer(&info)),
+		unsafe.Pointer(&info),
 		uint32(unsafe.Sizeof(info)),
 		nil,
 	)
@@ -356,7 +365,7 @@ func (job *JobObject) Pids() ([]uint32, error) {
 	if err = winapi.QueryInformationJobObject(
 		job.handle,
 		winapi.JobObjectBasicProcessIdList,
-		uintptr(unsafe.Pointer(&buf[0])),
+		unsafe.Pointer(&buf[0]),
 		uint32(len(buf)),
 		nil,
 	); err != nil {
@@ -384,7 +393,7 @@ func (job *JobObject) QueryMemoryStats() (*winapi.JOBOBJECT_MEMORY_USAGE_INFORMA
 	if err := winapi.QueryInformationJobObject(
 		job.handle,
 		winapi.JobObjectMemoryUsageInformation,
-		uintptr(unsafe.Pointer(&info)),
+		unsafe.Pointer(&info),
 		uint32(unsafe.Sizeof(info)),
 		nil,
 	); err != nil {
@@ -406,7 +415,7 @@ func (job *JobObject) QueryProcessorStats() (*winapi.JOBOBJECT_BASIC_ACCOUNTING_
 	if err := winapi.QueryInformationJobObject(
 		job.handle,
 		winapi.JobObjectBasicAccountingInformation,
-		uintptr(unsafe.Pointer(&info)),
+		unsafe.Pointer(&info),
 		uint32(unsafe.Sizeof(info)),
 		nil,
 	); err != nil {
@@ -415,7 +424,9 @@ func (job *JobObject) QueryProcessorStats() (*winapi.JOBOBJECT_BASIC_ACCOUNTING_
 	return &info, nil
 }
 
-// QueryStorageStats gets the storage (I/O) stats for the job object.
+// QueryStorageStats gets the storage (I/O) stats for the job object. This call will error
+// if either `EnableIOTracking` wasn't set to true on creation of the job, or SetIOTracking()
+// hasn't been called since creation of the job.
 func (job *JobObject) QueryStorageStats() (*winapi.JOBOBJECT_IO_ATTRIBUTION_INFORMATION, error) {
 	job.handleLock.RLock()
 	defer job.handleLock.RUnlock()
@@ -430,7 +441,7 @@ func (job *JobObject) QueryStorageStats() (*winapi.JOBOBJECT_IO_ATTRIBUTION_INFO
 	if err := winapi.QueryInformationJobObject(
 		job.handle,
 		winapi.JobObjectIoAttribution,
-		uintptr(unsafe.Pointer(&info)),
+		unsafe.Pointer(&info),
 		uint32(unsafe.Sizeof(info)),
 		nil,
 	); err != nil {
@@ -476,7 +487,7 @@ func (job *JobObject) QueryPrivateWorkingSet() (uint64, error) {
 		status := winapi.NtQueryInformationProcess(
 			h,
 			winapi.ProcessVmCounters,
-			uintptr(unsafe.Pointer(&vmCounters)),
+			unsafe.Pointer(&vmCounters),
 			uint32(unsafe.Sizeof(vmCounters)),
 			nil,
 		)
@@ -497,3 +508,31 @@ func (job *JobObject) QueryPrivateWorkingSet() (uint64, error) {
 
 	return jobWorkingSetSize, nil
 }
+
+// SetIOTracking enables IO tracking for processes in the job object.
+// This enables use of the QueryStorageStats method.
+func (job *JobObject) SetIOTracking() error {
+	job.handleLock.RLock()
+	defer job.handleLock.RUnlock()
+
+	if job.handle == 0 {
+		return ErrAlreadyClosed
+	}
+
+	return enableIOTracking(job.handle)
+}
+
+func enableIOTracking(job windows.Handle) error {
+	info := winapi.JOBOBJECT_IO_ATTRIBUTION_INFORMATION{
+		ControlFlags: winapi.JOBOBJECT_IO_ATTRIBUTION_CONTROL_ENABLE,
+	}
+	if _, err := windows.SetInformationJobObject(
+		job,
+		winapi.JobObjectIoAttribution,
+		uintptr(unsafe.Pointer(&info)),
+		uint32(unsafe.Sizeof(info)),
+	); err != nil {
+		return fmt.Errorf(""failed to enable IO tracking on job object: %w"", err)
+	}
+	return nil
+}
diff --git a/vendor/github.com/Microsoft/hcsshim/internal/jobobject/limits.go b/vendor/github.com/Microsoft/hcsshim/internal/jobobject/limits.go
index 4be297788e028..4efde292c49d5 100644
--- a/vendor/github.com/Microsoft/hcsshim/internal/jobobject/limits.go
+++ b/vendor/github.com/Microsoft/hcsshim/internal/jobobject/limits.go
@@ -202,7 +202,7 @@ func (job *JobObject) getExtendedInformation() (*windows.JOBOBJECT_EXTENDED_LIMI
 	if err := winapi.QueryInformationJobObject(
 		job.handle,
 		windows.JobObjectExtendedLimitInformation,
-		uintptr(unsafe.Pointer(&info)),
+		unsafe.Pointer(&info),
 		uint32(unsafe.Sizeof(info)),
 		nil,
 	); err != nil {
@@ -224,7 +224,7 @@ func (job *JobObject) getCPURateControlInformation() (*winapi.JOBOBJECT_CPU_RATE
 	if err := winapi.QueryInformationJobObject(
 		job.handle,
 		windows.JobObjectCpuRateControlInformation,
-		uintptr(unsafe.Pointer(&info)),
+		unsafe.Pointer(&info),
 		uint32(unsafe.Sizeof(info)),
 		nil,
 	); err != nil {
diff --git a/vendor/github.com/Microsoft/hcsshim/internal/queue/mq.go b/vendor/github.com/Microsoft/hcsshim/internal/queue/mq.go
index e177c9a62997a..4eb9bb9f1f390 100644
--- a/vendor/github.com/Microsoft/hcsshim/internal/queue/mq.go
+++ b/vendor/github.com/Microsoft/hcsshim/internal/queue/mq.go
@@ -5,10 +5,7 @@ import (
 	""sync""
 )
 
-var (
-	ErrQueueClosed = errors.New(""the queue is closed for reading and writing"")
-	ErrQueueEmpty  = errors.New(""the queue is empty"")
-)
+var ErrQueueClosed = errors.New(""the queue is closed for reading and writing"")
 
 // MessageQueue represents a threadsafe message queue to be used to retrieve or
 // write messages to.
@@ -29,8 +26,8 @@ func NewMessageQueue() *MessageQueue {
 	}
 }
 
-// Write writes `msg` to the queue.
-func (mq *MessageQueue) Write(msg interface{}) error {
+// Enqueue writes `msg` to the queue.
+func (mq *MessageQueue) Enqueue(msg interface{}) error {
 	mq.m.Lock()
 	defer mq.m.Unlock()
 
@@ -43,55 +40,37 @@ func (mq *MessageQueue) Write(msg interface{}) error {
 	return nil
 }
 
-// Read will read a value from the queue if available, otherwise return an error.
-func (mq *MessageQueue) Read() (interface{}, error) {
+// Dequeue will read a value from the queue and remove it. If the queue
+// is empty, this will block until the queue is closed or a value gets enqueued.
+func (mq *MessageQueue) Dequeue() (interface{}, error) {
 	mq.m.Lock()
 	defer mq.m.Unlock()
-	if mq.closed {
-		return nil, ErrQueueClosed
-	}
-	if mq.isEmpty() {
-		return nil, ErrQueueEmpty
+
+	for !mq.closed && mq.size() == 0 {
+		mq.c.Wait()
 	}
-	val := mq.messages[0]
-	mq.messages[0] = nil
-	mq.messages = mq.messages[1:]
-	return val, nil
-}
 
-// ReadOrWait will read a value from the queue if available, else it will wait for a
-// value to become available. This will block forever if nothing gets written or until
-// the queue gets closed.
-func (mq *MessageQueue) ReadOrWait() (interface{}, error) {
-	mq.m.Lock()
+	// We got woken up, check if it's because the queue got closed.
 	if mq.closed {
-		mq.m.Unlock()
 		return nil, ErrQueueClosed
 	}
-	if mq.isEmpty() {
-		for !mq.closed && mq.isEmpty() {
-			mq.c.Wait()
-		}
-		mq.m.Unlock()
-		return mq.Read()
-	}
+
 	val := mq.messages[0]
 	mq.messages[0] = nil
 	mq.messages = mq.messages[1:]
-	mq.m.Unlock()
 	return val, nil
 }
 
-// IsEmpty returns if the queue is empty
-func (mq *MessageQueue) IsEmpty() bool {
+// Size returns the size of the queue.
+func (mq *MessageQueue) Size() int {
 	mq.m.RLock()
 	defer mq.m.RUnlock()
-	return len(mq.messages) == 0
+	return mq.size()
 }
 
-// Nonexported empty check that doesn't lock so we can call this in Read and Write.
-func (mq *MessageQueue) isEmpty() bool {
-	return len(mq.messages) == 0
+// Nonexported size check to check if the queue is empty inside already locked functions.
+func (mq *MessageQueue) size() int {
+	return len(mq.messages)
 }
 
 // Close closes the queue for future writes or reads. Any attempts to read or write from the
@@ -99,13 +78,15 @@ func (mq *MessageQueue) isEmpty() bool {
 func (mq *MessageQueue) Close() {
 	mq.m.Lock()
 	defer mq.m.Unlock()
-	// Already closed
+
+	// Already closed, noop
 	if mq.closed {
 		return
 	}
+
 	mq.messages = nil
 	mq.closed = true
-	// If there's anybody currently waiting on a value from ReadOrWait, we need to
+	// If there's anybody currently waiting on a value from Dequeue, we need to
 	// broadcast so the read(s) can return ErrQueueClosed.
 	mq.c.Broadcast()
 }
diff --git a/vendor/github.com/Microsoft/hcsshim/internal/winapi/jobobject.go b/vendor/github.com/Microsoft/hcsshim/internal/winapi/jobobject.go
index 479649db36347..7eb13f8f0a83f 100644
--- a/vendor/github.com/Microsoft/hcsshim/internal/winapi/jobobject.go
+++ b/vendor/github.com/Microsoft/hcsshim/internal/winapi/jobobject.go
@@ -175,7 +175,7 @@ type JOBOBJECT_ASSOCIATE_COMPLETION_PORT struct {
 //		LPDWORD            lpReturnLength
 // );
 //
-//sys QueryInformationJobObject(jobHandle windows.Handle, infoClass uint32, jobObjectInfo uintptr, jobObjectInformationLength uint32, lpReturnLength *uint32) (err error) = kernel32.QueryInformationJobObject
+//sys QueryInformationJobObject(jobHandle windows.Handle, infoClass uint32, jobObjectInfo unsafe.Pointer, jobObjectInformationLength uint32, lpReturnLength *uint32) (err error) = kernel32.QueryInformationJobObject
 
 // HANDLE OpenJobObjectW(
 //		DWORD   dwDesiredAccess,
diff --git a/vendor/github.com/Microsoft/hcsshim/internal/winapi/process.go b/vendor/github.com/Microsoft/hcsshim/internal/winapi/process.go
index 5f9e03fd28e8a..222529f433a52 100644
--- a/vendor/github.com/Microsoft/hcsshim/internal/winapi/process.go
+++ b/vendor/github.com/Microsoft/hcsshim/internal/winapi/process.go
@@ -18,7 +18,7 @@ const ProcessVmCounters = 3
 // 	[out, optional] PULONG           ReturnLength
 // );
 //
-//sys NtQueryInformationProcess(processHandle windows.Handle, processInfoClass uint32, processInfo uintptr, processInfoLength uint32, returnLength *uint32) (status uint32) = ntdll.NtQueryInformationProcess
+//sys NtQueryInformationProcess(processHandle windows.Handle, processInfoClass uint32, processInfo unsafe.Pointer, processInfoLength uint32, returnLength *uint32) (status uint32) = ntdll.NtQueryInformationProcess
 
 // typedef struct _VM_COUNTERS_EX
 // {
diff --git a/vendor/github.com/Microsoft/hcsshim/internal/winapi/system.go b/vendor/github.com/Microsoft/hcsshim/internal/winapi/system.go
index 327f57d7c296c..78fe01a4b412a 100644
--- a/vendor/github.com/Microsoft/hcsshim/internal/winapi/system.go
+++ b/vendor/github.com/Microsoft/hcsshim/internal/winapi/system.go
@@ -12,7 +12,8 @@ const STATUS_INFO_LENGTH_MISMATCH = 0xC0000004
 // 	ULONG                    SystemInformationLength,
 // 	PULONG                   ReturnLength
 // );
-//sys NtQuerySystemInformation(systemInfoClass int, systemInformation uintptr, systemInfoLength uint32, returnLength *uint32) (status uint32) = ntdll.NtQuerySystemInformation
+//
+//sys NtQuerySystemInformation(systemInfoClass int, systemInformation unsafe.Pointer, systemInfoLength uint32, returnLength *uint32) (status uint32) = ntdll.NtQuerySystemInformation
 
 type SYSTEM_PROCESS_INFORMATION struct {
 	NextEntryOffset              uint32         // ULONG
diff --git a/vendor/github.com/Microsoft/hcsshim/internal/winapi/zsyscall_windows.go b/vendor/github.com/Microsoft/hcsshim/internal/winapi/zsyscall_windows.go
index 39fb3e1adc08b..1f16cf0b8e159 100644
--- a/vendor/github.com/Microsoft/hcsshim/internal/winapi/zsyscall_windows.go
+++ b/vendor/github.com/Microsoft/hcsshim/internal/winapi/zsyscall_windows.go
@@ -100,7 +100,7 @@ func resizePseudoConsole(hPc windows.Handle, size uint32) (hr error) {
 	return
 }
 
-func NtQuerySystemInformation(systemInfoClass int, systemInformation uintptr, systemInfoLength uint32, returnLength *uint32) (status uint32) {
+func NtQuerySystemInformation(systemInfoClass int, systemInformation unsafe.Pointer, systemInfoLength uint32, returnLength *uint32) (status uint32) {
 	r0, _, _ := syscall.Syscall6(procNtQuerySystemInformation.Addr(), 4, uintptr(systemInfoClass), uintptr(systemInformation), uintptr(systemInfoLength), uintptr(unsafe.Pointer(returnLength)), 0, 0)
 	status = uint32(r0)
 	return
@@ -152,7 +152,7 @@ func IsProcessInJob(procHandle windows.Handle, jobHandle windows.Handle, result
 	return
 }
 
-func QueryInformationJobObject(jobHandle windows.Handle, infoClass uint32, jobObjectInfo uintptr, jobObjectInformationLength uint32, lpReturnLength *uint32) (err error) {
+func QueryInformationJobObject(jobHandle windows.Handle, infoClass uint32, jobObjectInfo unsafe.Pointer, jobObjectInformationLength uint32, lpReturnLength *uint32) (err error) {
 	r1, _, e1 := syscall.Syscall6(procQueryInformationJobObject.Addr(), 5, uintptr(jobHandle), uintptr(infoClass), uintptr(jobObjectInfo), uintptr(jobObjectInformationLength), uintptr(unsafe.Pointer(lpReturnLength)), 0)
 	if r1 == 0 {
 		if e1 != 0 {
@@ -244,7 +244,7 @@ func LocalFree(ptr uintptr) {
 	return
 }
 
-func NtQueryInformationProcess(processHandle windows.Handle, processInfoClass uint32, processInfo uintptr, processInfoLength uint32, returnLength *uint32) (status uint32) {
+func NtQueryInformationProcess(processHandle windows.Handle, processInfoClass uint32, processInfo unsafe.Pointer, processInfoLength uint32, returnLength *uint32) (status uint32) {
 	r0, _, _ := syscall.Syscall6(procNtQueryInformationProcess.Addr(), 5, uintptr(processHandle), uintptr(processInfoClass), uintptr(processInfo), uintptr(processInfoLength), uintptr(unsafe.Pointer(returnLength)), 0)
 	status = uint32(r0)
 	return
diff --git a/vendor/modules.txt b/vendor/modules.txt
index 1d5050a36b464..590b3d5f39c22 100644
--- a/vendor/modules.txt
+++ b/vendor/modules.txt
@@ -11,7 +11,7 @@ github.com/Microsoft/go-winio/pkg/fs
 github.com/Microsoft/go-winio/pkg/guid
 github.com/Microsoft/go-winio/pkg/security
 github.com/Microsoft/go-winio/vhd
-# github.com/Microsoft/hcsshim v0.9.3
+# github.com/Microsoft/hcsshim v0.9.4
 ## explicit; go 1.13
 github.com/Microsoft/hcsshim
 github.com/Microsoft/hcsshim/cmd/containerd-shim-runhcs-v1/options",accepted_fault,Runtime Daemon Crash,Runtime Shim Config Error
issta2024_bugs_in_pods_understanding_bugs:6c52a60306193520,issta2024_bugs_in_pods_understanding_bugs,runc,https://github.com/opencontainers/runc/commit/58b1374f0ad98cc9390adc43dc22ddbb4f84d72e,Fix failed exec after systemctl daemon-reload,"A regression reported for runc v1.1.3 says that ""runc exec -t"" fails
after doing ""systemctl daemon-reload"":

> exec failed: unable to start container process: open /dev/pts/0: operation not permitted: unknown

Apparently, with commit 7219387eb7db69b we are no longer adding
""DeviceAllow=char-pts rwm"" rule (because os.Stat(""char-pts"") returns
ENOENT).

The bug can only be seen after ""systemctl daemon-reload"" because runc
also applies the same rules manually (by writing to devices.allow for
cgroup v1), and apparently reloading systemd leads to re-applying the
rules that systemd has (thus removing the char-pts access).

The fix is to do os.Stat only for ""/dev"" paths.

Also, emit a warning that the path was skipped. Since the original idea
was to emit less warnings, demote the level to debug.

Note this also fixes the issue of not adding ""m"" permission for block-*
and char-* devices.

A test case is added, which reliably fails before the fix
on both cgroup v1 and v2.

Fixes: https://github.com/opencontainers/runc/issues/3551
Fixes: 7219387eb7db69b4dae740c9d37d973d9a735801
Signed-off-by: Kir Kolyshkin <kolyshkin@gmail.com>",no_comments_in_source,committed,2022-08-11T00:09:23+00:00,"[""libcontainer/cgroups/devices/systemd.go"", ""tests/integration/dev.bats""]","diff --git a/libcontainer/cgroups/devices/systemd.go b/libcontainer/cgroups/devices/systemd.go
index 19f643ec9b3..6594d9c05a9 100644
--- a/libcontainer/cgroups/devices/systemd.go
+++ b/libcontainer/cgroups/devices/systemd.go
@@ -128,14 +128,16 @@ func systemdProperties(r *configs.Resources) ([]systemdDbus.Property, error) {
 			case devices.CharDevice:
 				entry.Path = fmt.Sprintf(""/dev/char/%d:%d"", rule.Major, rule.Minor)
 			}
+			// systemd will issue a warning if the path we give here doesn't exist.
+			// Since all of this logic is best-effort anyway (we manually set these
+			// rules separately to systemd) we can safely skip entries that don't
+			// have a corresponding path.
+			if _, err := os.Stat(entry.Path); err != nil {
+				logrus.Debugf(""skipping device %s for systemd: %s"", entry.Path, err)
+				continue
+			}
 		}
-		// systemd will issue a warning if the path we give here doesn't exist.
-		// Since all of this logic is best-effort anyway (we manually set these
-		// rules separately to systemd) we can safely skip entries that don't
-		// have a corresponding path.
-		if _, err := os.Stat(entry.Path); err == nil {
-			deviceAllowList = append(deviceAllowList, entry)
-		}
+		deviceAllowList = append(deviceAllowList, entry)
 	}
 
 	properties = append(properties, newProp(""DeviceAllow"", deviceAllowList))
diff --git a/tests/integration/dev.bats b/tests/integration/dev.bats
index 95675fd301f..6d972335095 100644
--- a/tests/integration/dev.bats
+++ b/tests/integration/dev.bats
@@ -128,3 +128,19 @@ function teardown() {
 	runc exec test_allow_block sh -c 'fdisk -l '""$device""''
 	[ ""$status"" -eq 0 ]
 }
+
+# https://github.com/opencontainers/runc/issues/3551
+@test ""runc exec vs systemctl daemon-reload"" {
+	requires systemd root
+
+	runc run -d --console-socket ""$CONSOLE_SOCKET"" test_exec
+	[ ""$status"" -eq 0 ]
+
+	runc exec -t test_exec sh -c ""ls -l /proc/self/fd/0; echo 123""
+	[ ""$status"" -eq 0 ]
+
+	systemctl daemon-reload
+
+	runc exec -t test_exec sh -c ""ls -l /proc/self/fd/0; echo 123""
+	[ ""$status"" -eq 0 ]
+}",accepted_fault,Runtime Daemon Crash,Wrong Code Logic
issta2024_bugs_in_pods_understanding_bugs:6d9f282160c81b63,issta2024_bugs_in_pods_understanding_bugs,containerd,https://github.com/containerd/containerd/commit/19e8479837e16630685780de75ea3486f0dc777a,seccomp: seccomp: add syscalls related to PKU in default policy,"Add pkey_alloc(2), pkey_free(2) and pkey_mprotect(2) in seccomp default profile.
pkey_alloc(2), pkey_free(2) and pkey_mprotect(2) can only configure
the calling process's own memory, so they are existing ""safe for everyone"" syscalls.

Signed-off-by: Sebastiaan van Stijn <github@gone.nl>",no_comments_in_source,committed,2022-07-13T21:03:35+00:00,"[""contrib/seccomp/seccomp_default.go""]","diff --git a/contrib/seccomp/seccomp_default.go b/contrib/seccomp/seccomp_default.go
index 714a8ae0b3f3f..40ae488066ce6 100644
--- a/contrib/seccomp/seccomp_default.go
+++ b/contrib/seccomp/seccomp_default.go
@@ -249,6 +249,9 @@ func DefaultProfile(sp *specs.Spec) *specs.LinuxSeccomp {
 				""pidfd_send_signal"",
 				""pipe"",
 				""pipe2"",
+				""pkey_alloc"",
+				""pkey_free"",
+				""pkey_mprotect"",
 				""poll"",
 				""ppoll"",
 				""ppoll_time64"",",accepted_fault,Escalized Privilege,Inaccurate Permission Assignment
issta2024_bugs_in_pods_understanding_bugs:6e8e774787ff06f1,issta2024_bugs_in_pods_understanding_bugs,gvisor,https://github.com/google/gvisor/commit/1c220bf2a4a0a6c8cdaf3c092b1a3d22391b6e42,Fix refsvfs2 bug that counted uninitialized leak checking as enabled.,PiperOrigin-RevId: 465118656,no_comments_in_source,committed,2022-08-03T19:22:02+00:00,"[""pkg/refsvfs2/refs_map.go""]","diff --git a/pkg/refsvfs2/refs_map.go b/pkg/refsvfs2/refs_map.go
index 186f4fc7dc..49605349ef 100644
--- a/pkg/refsvfs2/refs_map.go
+++ b/pkg/refsvfs2/refs_map.go
@@ -50,7 +50,8 @@ func init() {
 // LeakCheckEnabled returns whether leak checking is enabled. The following
 // functions should only be called if it returns true.
 func LeakCheckEnabled() bool {
-	return refs_vfs1.GetLeakMode() != refs_vfs1.NoLeakChecking
+	mode := refs_vfs1.GetLeakMode()
+	return mode != refs_vfs1.NoLeakChecking && mode != refs_vfs1.UninitializedLeakChecking
 }
 
 // leakCheckPanicEnabled returns whether DoLeakCheck() should panic when leaks",accepted_fault,Others,Plugin Config Error
issta2024_bugs_in_pods_understanding_bugs:6ea9887069e2a246,issta2024_bugs_in_pods_understanding_bugs,containerd,https://github.com/containerd/containerd/commit/ad8b87ba234e0a4993fe84983ff4e45a3e47a58f,Add `Wait` to `binaryProcessor`,"Add exported `Wait(ctx context.Context) error` interface that waits on
the underlying command (or context cancellation) and returns the error.

This fixes a race condition between `.wait()` and `.Err error`:
https://github.com/containerd/containerd/issues/6914

Signed-off-by: Hamza El-Saawy <hamzaelsaawy@microsoft.com>",no_comments_in_source,committed,2022-05-09T21:15:00+00:00,"[""diff/stream_unix.go"", ""diff/stream_windows.go""]","diff --git a/diff/stream_unix.go b/diff/stream_unix.go
index 4e458f4489682..6e0a44e0170e9 100644
--- a/diff/stream_unix.go
+++ b/diff/stream_unix.go
@@ -89,6 +89,7 @@ func NewBinaryProcessor(ctx context.Context, imt, rmt string, stream StreamProce
 		r:      r,
 		mt:     rmt,
 		stderr: stderr,
+		done:   make(chan struct{}),
 	}
 	go p.wait()
 
@@ -111,6 +112,11 @@ type binaryProcessor struct {
 
 	mu  sync.Mutex
 	err error
+
+	// There is a race condition between waiting on c.cmd.Wait() and setting c.err within
+	// c.wait(), and reading that value from c.Err().
+	// Use done to wait for the returned error to be captured and set.
+	done chan struct{}
 }
 
 func (c *binaryProcessor) Err() error {
@@ -127,6 +133,16 @@ func (c *binaryProcessor) wait() {
 			c.mu.Unlock()
 		}
 	}
+	close(c.done)
+}
+
+func (c *binaryProcessor) Wait(ctx context.Context) error {
+	select {
+	case <-c.done:
+		return c.Err()
+	case <-ctx.Done():
+		return ctx.Err()
+	}
 }
 
 func (c *binaryProcessor) File() *os.File {
diff --git a/diff/stream_windows.go b/diff/stream_windows.go
index d03923f1fd409..a5ae19728aeec 100644
--- a/diff/stream_windows.go
+++ b/diff/stream_windows.go
@@ -98,6 +98,7 @@ func NewBinaryProcessor(ctx context.Context, imt, rmt string, stream StreamProce
 		r:      r,
 		mt:     rmt,
 		stderr: stderr,
+		done:   make(chan struct{}),
 	}
 	go p.wait()
 
@@ -117,6 +118,11 @@ type binaryProcessor struct {
 
 	mu  sync.Mutex
 	err error
+
+	// There is a race condition between waiting on c.cmd.Wait() and setting c.err within
+	// c.wait(), and reading that value from c.Err().
+	// Use done to wait for the returned error to be captured and set.
+	done chan struct{}
 }
 
 func (c *binaryProcessor) Err() error {
@@ -133,6 +139,16 @@ func (c *binaryProcessor) wait() {
 			c.mu.Unlock()
 		}
 	}
+	close(c.done)
+}
+
+func (c *binaryProcessor) Wait(ctx context.Context) error {
+	select {
+	case <-c.done:
+		return c.Err()
+	case <-ctx.Done():
+		return ctx.Err()
+	}
 }
 
 func (c *binaryProcessor) File() *os.File {",accepted_fault,Wrong Container Behavior,Wrong Code Logic
issta2024_bugs_in_pods_understanding_bugs:736130ea56c47a70,issta2024_bugs_in_pods_understanding_bugs,containerd,https://github.com/containerd/containerd/commit/7a4f81d8ba1ccf1989968a5d9c3296bd7fa29104,Fix tests,Signed-off-by: Kazuyoshi Kato <katokazu@amazon.com>,no_comments_in_source,committed,2022-04-21T17:36:37+00:00,"[""events/exchange/exchange_test.go"", ""metadata/compare_test.go"", ""metadata/containers_test.go"", ""metadata/sandbox_test.go"", ""pkg/cri/server/events_test.go"", ""protobuf/compare.go""]","diff --git a/events/exchange/exchange_test.go b/events/exchange/exchange_test.go
index 8f87cbba24c90..6fb15dc97c153 100644
--- a/events/exchange/exchange_test.go
+++ b/events/exchange/exchange_test.go
@@ -19,7 +19,6 @@ package exchange
 import (
 	""context""
 	""errors""
-	""reflect""
 	""testing""
 	""time""
 
@@ -27,7 +26,9 @@ import (
 	""github.com/containerd/containerd/errdefs""
 	""github.com/containerd/containerd/events""
 	""github.com/containerd/containerd/namespaces""
+	""github.com/containerd/containerd/protobuf""
 	""github.com/containerd/typeurl""
+	""github.com/google/go-cmp/cmp""
 )
 
 func TestExchangeBasic(t *testing.T) {
@@ -102,7 +103,7 @@ func TestExchangeBasic(t *testing.T) {
 				break subscribercheck
 			}
 
-			if reflect.DeepEqual(received, testevents) {
+			if cmp.Equal(received, testevents, protobuf.Compare) {
 				// when we do this, we expect the errs channel to be closed and
 				// this will return.
 				subscriber.cancel()
@@ -260,7 +261,7 @@ func TestExchangeFilters(t *testing.T) {
 				break subscribercheck
 			}
 
-			if reflect.DeepEqual(received, subscriber.expectEvents) {
+			if cmp.Equal(received, subscriber.expectEvents, protobuf.Compare) {
 				// when we do this, we expect the errs channel to be closed and
 				// this will return.
 				subscriber.cancel()
diff --git a/metadata/compare_test.go b/metadata/compare_test.go
new file mode 100644
index 0000000000000..177958a832013
--- /dev/null
+++ b/metadata/compare_test.go
@@ -0,0 +1,74 @@
+/*
+   Copyright The containerd Authors.
+
+   Licensed under the Apache License, Version 2.0 (the ""License"");
+   you may not use this file except in compliance with the License.
+   You may obtain a copy of the License at
+
+       http://www.apache.org/licenses/LICENSE-2.0
+
+   Unless required by applicable law or agreed to in writing, software
+   distributed under the License is distributed on an ""AS IS"" BASIS,
+   WITHOUT WARRANTIES OR CONDITIONS OF ANY KIND, either express or implied.
+   See the License for the specific language governing permissions and
+   limitations under the License.
+*/
+
+package metadata
+
+import (
+	""bytes""
+	""reflect""
+	""time""
+
+	""github.com/containerd/typeurl""
+	""github.com/google/go-cmp/cmp""
+)
+
+// isNil returns true if the given parameter is nil or typed nil.
+func isNil(x interface{}) bool {
+	if x == nil {
+		return true
+	}
+	v := reflect.ValueOf(x)
+	return v.Kind() == reflect.Ptr && v.IsNil()
+}
+
+var compareNil = cmp.FilterValues(
+	func(x, y interface{}) bool {
+		return isNil(x) && isNil(y)
+	},
+	cmp.Comparer(func(_, _ interface{}) bool {
+		return true
+	}),
+)
+
+var ignoreTime = cmp.FilterValues(
+	func(x, y interface{}) bool {
+		_, xok := x.(time.Time)
+		_, yok := y.(time.Time)
+		return xok && yok
+	},
+	cmp.Comparer(func(_, _ interface{}) bool {
+		return true
+	}),
+)
+
+var compareAny = cmp.FilterValues(
+	func(x, y interface{}) bool {
+		_, xok := x.(typeurl.Any)
+		_, yok := y.(typeurl.Any)
+		return xok && yok
+	},
+	cmp.Comparer(func(x, y interface{}) bool {
+		vx, ok := x.(typeurl.Any)
+		if !ok {
+			return false
+		}
+		vy, ok := y.(typeurl.Any)
+		if !ok {
+			return false
+		}
+		return vx.GetTypeUrl() == vy.GetTypeUrl() && bytes.Equal(vx.GetValue(), vy.GetValue())
+	}),
+)
diff --git a/metadata/containers_test.go b/metadata/containers_test.go
index 6e3fa92bcdcb5..8e75895e69559 100644
--- a/metadata/containers_test.go
+++ b/metadata/containers_test.go
@@ -21,7 +21,6 @@ import (
 	""errors""
 	""fmt""
 	""path/filepath""
-	""reflect""
 	""testing""
 	""time""
 
@@ -705,27 +704,8 @@ func checkContainerTimestamps(t *testing.T, c *containers.Container, now time.Ti
 	}
 }
 
-// isNil returns true if the given parameter is nil or typed nil.
-func isNil(x interface{}) bool {
-	if x == nil {
-		return true
-	}
-	v := reflect.ValueOf(x)
-	return v.Kind() == reflect.Ptr && v.IsNil()
-}
-
 func checkContainersEqual(t *testing.T, a, b *containers.Container, format string, args ...interface{}) {
-	// Ignore the difference of nil and typed nil.
-	opt := cmp.FilterValues(
-		func(x, y interface{}) bool {
-			return isNil(x) && isNil(y)
-		},
-		cmp.Comparer(func(_, _ interface{}) bool {
-			return true
-		}),
-	)
-
-	assert.True(t, cmp.Equal(a, b, opt))
+	assert.True(t, cmp.Equal(a, b, compareNil, compareAny))
 }
 
 func testEnv(t *testing.T) (context.Context, *bolt.DB, func()) {
diff --git a/metadata/sandbox_test.go b/metadata/sandbox_test.go
index e2576e9b8d03e..68b1dc68de5b0 100644
--- a/metadata/sandbox_test.go
+++ b/metadata/sandbox_test.go
@@ -17,14 +17,13 @@
 package metadata
 
 import (
-	""reflect""
 	""testing""
 
 	""github.com/containerd/containerd/errdefs""
-	""github.com/containerd/containerd/protobuf""
 	""github.com/containerd/containerd/protobuf/types""
 	api ""github.com/containerd/containerd/sandbox""
 	""github.com/containerd/typeurl""
+	""github.com/google/go-cmp/cmp""
 )
 
 func TestSandboxCreate(t *testing.T) {
@@ -266,27 +265,8 @@ func TestSandboxDelete(t *testing.T) {
 }
 
 func assertEqualInstances(t *testing.T, x, y api.Sandbox) {
-	if x.ID != y.ID {
-		t.Fatalf(""ids are not equal: %q != %q"", x.ID, y.ID)
-	}
-
-	if !reflect.DeepEqual(x.Labels, y.Labels) {
-		t.Fatalf(""labels are not equal: %+v != %+v"", x.Labels, y.Labels)
-	}
-
-	if !reflect.DeepEqual(x.Spec, y.Spec) {
-		t.Fatalf(""specs are not equal: %+v != %+v"", x.Spec, y.Spec)
-	}
-
-	if !reflect.DeepEqual(x.Extensions, y.Extensions) {
-		t.Fatalf(""extensions are not equal: %+v != %+v"", x.Extensions, y.Extensions)
-	}
-
-	if x.Runtime.Name != y.Runtime.Name {
-		t.Fatalf(""runtime names are not equal: %q != %q"", x.Runtime.Name, y.Runtime.Name)
-	}
-
-	if !reflect.DeepEqual(protobuf.FromAny(x.Runtime.Options), protobuf.FromAny(y.Runtime.Options)) {
-		t.Fatalf(""runtime options are not equal: %+v != %+v"", x.Runtime.Options, y.Runtime.Options)
+	diff := cmp.Diff(x, y, compareNil, compareAny, ignoreTime)
+	if diff != """" {
+		t.Fatalf(""x and y are different: %s"", diff)
 	}
 }
diff --git a/pkg/cri/server/events_test.go b/pkg/cri/server/events_test.go
index 163aefd5c73ea..254ad87a1a53d 100644
--- a/pkg/cri/server/events_test.go
+++ b/pkg/cri/server/events_test.go
@@ -21,7 +21,9 @@ import (
 	""time""
 
 	eventtypes ""github.com/containerd/containerd/api/events""
+	""github.com/containerd/containerd/protobuf""
 	""github.com/containerd/typeurl""
+	""github.com/google/go-cmp/cmp""
 	""github.com/stretchr/testify/assert""
 	testingclock ""k8s.io/utils/clock/testing""
 )
@@ -107,7 +109,7 @@ func TestBackOff(t *testing.T) {
 	for k := range inputQueues {
 		actQueue := actual.deBackOff(k)
 		doneQueues[k] = actQueue
-		assert.Equal(t, actQueue, expectedQueues[k])
+		assert.True(t, cmp.Equal(actQueue.events, expectedQueues[k].events, protobuf.Compare))
 	}
 
 	t.Logf(""Should not get out the event again after having got out the backOff event"")
diff --git a/protobuf/compare.go b/protobuf/compare.go
new file mode 100644
index 0000000000000..602a4bcac5786
--- /dev/null
+++ b/protobuf/compare.go
@@ -0,0 +1,41 @@
+/*
+   Copyright The containerd Authors.
+
+   Licensed under the Apache License, Version 2.0 (the ""License"");
+   you may not use this file except in compliance with the License.
+   You may obtain a copy of the License at
+
+       http://www.apache.org/licenses/LICENSE-2.0
+
+   Unless required by applicable law or agreed to in writing, software
+   distributed under the License is distributed on an ""AS IS"" BASIS,
+   WITHOUT WARRANTIES OR CONDITIONS OF ANY KIND, either express or implied.
+   See the License for the specific language governing permissions and
+   limitations under the License.
+*/
+
+package protobuf
+
+import (
+	""github.com/google/go-cmp/cmp""
+	""google.golang.org/protobuf/proto""
+)
+
+var Compare = cmp.FilterValues(
+	func(x, y interface{}) bool {
+		_, xok := x.(proto.Message)
+		_, yok := y.(proto.Message)
+		return xok && yok
+	},
+	cmp.Comparer(func(x, y interface{}) bool {
+		vx, ok := x.(proto.Message)
+		if !ok {
+			return false
+		}
+		vy, ok := y.(proto.Message)
+		if !ok {
+			return false
+		}
+		return proto.Equal(vx, vy)
+	}),
+)",rejected_candidate,,
issta2024_bugs_in_pods_understanding_bugs:75840a14adc66ff6,issta2024_bugs_in_pods_understanding_bugs,containerd,https://github.com/containerd/containerd/commit/9f9ebbd99103bb60b0b0b45be8d9520b8c047b44,Fix tx closed error when upperdirlabel specified,"When upperdirLabel specified, overlay Update will throw tx closed error since Commit is invoked before GetInfo

Signed-off-by: cardy.tang <zuniorone@gmail.com>",no_comments_in_source,committed,2022-05-23T16:05:36+00:00,"[""snapshots/overlay/overlay.go""]","diff --git a/snapshots/overlay/overlay.go b/snapshots/overlay/overlay.go
index 26ee5c5684472..f9ae8a4b1cfc8 100644
--- a/snapshots/overlay/overlay.go
+++ b/snapshots/overlay/overlay.go
@@ -160,10 +160,6 @@ func (o *snapshotter) Update(ctx context.Context, info snapshots.Info, fieldpath
 		return snapshots.Info{}, err
 	}
 
-	if err := t.Commit(); err != nil {
-		return snapshots.Info{}, err
-	}
-
 	if o.upperdirLabel {
 		id, _, _, err := storage.GetInfo(ctx, info.Name)
 		if err != nil {
@@ -175,6 +171,10 @@ func (o *snapshotter) Update(ctx context.Context, info snapshots.Info, fieldpath
 		info.Labels[upperdirKey] = o.upperPath(id)
 	}
 
+	if err := t.Commit(); err != nil {
+		return snapshots.Info{}, err
+	}
+
 	return info, nil
 }",accepted_fault,Plugin Management Error,Wrong Code Logic
issta2024_bugs_in_pods_understanding_bugs:77ace2ea19d85ab6,issta2024_bugs_in_pods_understanding_bugs,cri-o,https://github.com/cri-o/cri-o/commit/30ddd6d89ba636aae8eb36d89cf91f0d0791e930,Fix events generated by Evented PLEG,"Fixes https://github.com/cri-o/cri-o/issues/6625

Signed-off-by: Sai Ramesh Vanka <svanka@redhat.com>",no_comments_in_source,committed,2023-04-27T07:21:56+00:00,"[""server/container_stop.go"", ""server/sandbox_stop_linux.go""]","diff --git a/server/container_stop.go b/server/container_stop.go
index ed01d278ac6..b4926597ab6 100644
--- a/server/container_stop.go
+++ b/server/container_stop.go
@@ -42,7 +42,6 @@ func (s *Server) StopContainer(ctx context.Context, req *types.StopContainerRequ
 		log.Warnf(ctx, ""NRI stop failed for container %q: %v"", c.ID(), err)
 	}
 
-	s.generateCRIEvent(ctx, c, types.ContainerEventType_CONTAINER_DELETED_EVENT)
 	log.Infof(ctx, ""Stopped container %s: %s"", c.ID(), c.Description())
 	return &types.StopContainerResponse{}, nil
 }
diff --git a/server/sandbox_stop_linux.go b/server/sandbox_stop_linux.go
index e50fe3804c2..33f94f74a6e 100644
--- a/server/sandbox_stop_linux.go
+++ b/server/sandbox_stop_linux.go
@@ -94,7 +94,12 @@ func (s *Server) stopPodSandbox(ctx context.Context, sb *sandbox.Sandbox) error
 
 	log.Infof(ctx, ""Stopped pod sandbox: %s"", sb.ID())
 	sb.SetStopped(ctx, true)
-	s.generateCRIEvent(ctx, sb.InfraContainer(), types.ContainerEventType_CONTAINER_STOPPED_EVENT)
+
+	if podInfraContainer.Spoofed() {
+		// event generation would be needed in case of a spoofed infra container where there is no
+		// exit process that hits the handleExit() code.
+		s.generateCRIEvent(ctx, sb.InfraContainer(), types.ContainerEventType_CONTAINER_STOPPED_EVENT)
+	}
 
 	return nil
 }",accepted_fault,Logging Error,Inappropriate Lifecycle Organization
issta2024_bugs_in_pods_understanding_bugs:797883c100c6b405,issta2024_bugs_in_pods_understanding_bugs,containerd,https://github.com/containerd/containerd/commit/29c7fc9520c56cae56334dc55fc61b64691e77f4,"clean-up ""nolint"" comments, remove unused ones","- fix ""nolint"" comments to be in the correct format (`//nolint:<linters>[,<linter>`
  no leading space, required colon (`:`) and linters.
- remove ""nolint"" comments for errcheck, which is disabled in our config.
- remove ""nolint"" comments that were no longer needed (nolintlint).
- where known, add a comment describing why a ""nolint"" was applied.

Signed-off-by: Sebastiaan van Stijn <github@gone.nl>",no_comments_in_source,committed,2022-08-30T21:05:52+00:00,"[""archive/tar_unix.go"", ""contrib/fuzz/content_fuzzer.go"", ""integration/client/restart_monitor_test.go"", ""oci/spec_opts.go"", ""oci/spec_opts_linux_test.go"", ""oci/spec_opts_nonlinux.go"", ""oci/utils_unix.go"", ""pkg/cri/opts/container.go"", ""pkg/cri/sbserver/service.go"", ""pkg/cri/server/service.go"", ""pkg/cri/store/container/container.go"", ""pkg/cri/store/image/image.go"", ""pkg/cri/store/sandbox/sandbox.go"", ""pkg/netns/netns_linux.go"", ""pkg/progress/escape.go"", ""pkg/runtimeoptions/v1/doc.go""]","diff --git a/archive/tar_unix.go b/archive/tar_unix.go
index ed2b5e696e316..ac80df34939b1 100644
--- a/archive/tar_unix.go
+++ b/archive/tar_unix.go
@@ -58,8 +58,7 @@ func setHeaderForSpecialDevice(hdr *tar.Header, name string, fi os.FileInfo) err
 		return errors.New(""unsupported stat type"")
 	}
 
-	// Rdev is int32 on darwin/bsd, int64 on linux/solaris
-	rdev := uint64(s.Rdev) // nolint: unconvert
+	rdev := uint64(s.Rdev) //nolint:unconvert // rdev is int32 on darwin/bsd, int64 on linux/solaris
 
 	// Currently go does not fill in the major/minors
 	if s.Mode&syscall.S_IFBLK != 0 ||
diff --git a/contrib/fuzz/content_fuzzer.go b/contrib/fuzz/content_fuzzer.go
index c0b67db5758f7..da25650fd9111 100644
--- a/contrib/fuzz/content_fuzzer.go
+++ b/contrib/fuzz/content_fuzzer.go
@@ -14,7 +14,7 @@
    limitations under the License.
 */
 
-// nolint: golint
+//nolint:golint
 package fuzz
 
 import (
diff --git a/integration/client/restart_monitor_test.go b/integration/client/restart_monitor_test.go
index f8093071933a4..0681f6fc8c23c 100644
--- a/integration/client/restart_monitor_test.go
+++ b/integration/client/restart_monitor_test.go
@@ -40,8 +40,7 @@ import (
 	exec ""golang.org/x/sys/execabs""
 )
 
-// the following nolint is for shutting up gometalinter on non-linux.
-// nolint: unused
+//nolint:unused // Ignore on non-Linux
 func newDaemonWithConfig(t *testing.T, configTOML string) (*Client, *daemon, func()) {
 	if testing.Short() {
 		t.Skip()
diff --git a/oci/spec_opts.go b/oci/spec_opts.go
index 8adb59180df7f..45c4fc180be8a 100644
--- a/oci/spec_opts.go
+++ b/oci/spec_opts.go
@@ -76,7 +76,6 @@ func setLinux(s *Spec) {
 	}
 }
 
-// nolint
 func setResources(s *Spec) {
 	if s.Linux != nil {
 		if s.Linux.Resources == nil {
@@ -85,7 +84,7 @@ func setResources(s *Spec) {
 	}
 }
 
-// nolint
+//nolint:unused // not used on all platforms
 func setResourcesWindows(s *Spec) {
 	if s.Windows != nil {
 		if s.Windows.Resources == nil {
@@ -94,7 +93,7 @@ func setResourcesWindows(s *Spec) {
 	}
 }
 
-// nolint
+//nolint:unused // not used on all platforms
 func setCPU(s *Spec) {
 	setResources(s)
 	if s.Linux != nil {
@@ -104,7 +103,7 @@ func setCPU(s *Spec) {
 	}
 }
 
-// nolint
+//nolint:deadcode,unused // not used on all platforms
 func setCPUWindows(s *Spec) {
 	setResourcesWindows(s)
 	if s.Windows != nil {
diff --git a/oci/spec_opts_linux_test.go b/oci/spec_opts_linux_test.go
index d41e0efca390a..2f48d52f2ed28 100644
--- a/oci/spec_opts_linux_test.go
+++ b/oci/spec_opts_linux_test.go
@@ -31,7 +31,7 @@ import (
 	""golang.org/x/sys/unix""
 )
 
-// nolint:gosec
+//nolint:gosec
 func TestWithUserID(t *testing.T) {
 	t.Parallel()
 
@@ -86,7 +86,7 @@ guest:x:405:100:guest:/dev/null:/sbin/nologin
 	}
 }
 
-// nolint:gosec
+//nolint:gosec
 func TestWithUsername(t *testing.T) {
 	t.Parallel()
 
@@ -148,7 +148,7 @@ guest:x:405:100:guest:/dev/null:/sbin/nologin
 
 }
 
-// nolint:gosec
+//nolint:gosec
 func TestWithAdditionalGIDs(t *testing.T) {
 	t.Parallel()
 	expectedPasswd := `root:x:0:0:root:/root:/bin/ash
diff --git a/oci/spec_opts_nonlinux.go b/oci/spec_opts_nonlinux.go
index 2f3ce80a4712b..e376a86b3bbc1 100644
--- a/oci/spec_opts_nonlinux.go
+++ b/oci/spec_opts_nonlinux.go
@@ -28,19 +28,22 @@ import (
 
 // WithAllCurrentCapabilities propagates the effective capabilities of the caller process to the container process.
 // The capability set may differ from WithAllKnownCapabilities when running in a container.
-// nolint: deadcode, unused
+//
+//nolint:unused
 var WithAllCurrentCapabilities = func(ctx context.Context, client Client, c *containers.Container, s *Spec) error {
 	return WithCapabilities(nil)(ctx, client, c, s)
 }
 
 // WithAllKnownCapabilities sets all the known linux capabilities for the container process
-// nolint: deadcode, unused
+//
+//nolint:unused
 var WithAllKnownCapabilities = func(ctx context.Context, client Client, c *containers.Container, s *Spec) error {
 	return WithCapabilities(nil)(ctx, client, c, s)
 }
 
 // WithBlockIO sets the container's blkio parameters
-// nolint: deadcode, unused
+//
+//nolint:unused
 func WithBlockIO(blockio interface{}) SpecOpts {
 	return func(ctx context.Context, _ Client, c *containers.Container, s *Spec) error {
 		return errors.New(""blkio not supported"")
@@ -48,7 +51,8 @@ func WithBlockIO(blockio interface{}) SpecOpts {
 }
 
 // WithCPUShares sets the container's cpu shares
-// nolint: deadcode, unused
+//
+//nolint:unused
 func WithCPUShares(shares uint64) SpecOpts {
 	return func(ctx context.Context, _ Client, c *containers.Container, s *Spec) error {
 		return nil
diff --git a/oci/utils_unix.go b/oci/utils_unix.go
index db75b0bade0a1..921e882b2fcab 100644
--- a/oci/utils_unix.go
+++ b/oci/utils_unix.go
@@ -127,7 +127,7 @@ func getDevices(path, containerPath string) ([]specs.LinuxDevice, error) {
 
 // TODO consider adding these consts to the OCI runtime-spec.
 const (
-	wildcardDevice = ""a"" //nolint // currently unused, but should be included when upstreaming to OCI runtime-spec.
+	wildcardDevice = ""a"" //nolint:deadcode,unused,varcheck // currently unused, but should be included when upstreaming to OCI runtime-spec.
 	blockDevice    = ""b""
 	charDevice     = ""c"" // or ""u""
 	fifoDevice     = ""p""
@@ -148,7 +148,7 @@ func DeviceFromPath(path string) (*specs.LinuxDevice, error) {
 	}
 
 	var (
-		devNumber = uint64(stat.Rdev) //nolint: unconvert // the type is 32bit on mips.
+		devNumber = uint64(stat.Rdev) //nolint:unconvert // the type is 32bit on mips.
 		major     = unix.Major(devNumber)
 		minor     = unix.Minor(devNumber)
 	)
diff --git a/pkg/cri/opts/container.go b/pkg/cri/opts/container.go
index 85fd2fdfe06ba..5ea1b8739e1a3 100644
--- a/pkg/cri/opts/container.go
+++ b/pkg/cri/opts/container.go
@@ -83,7 +83,7 @@ func WithVolumes(volumeMounts map[string]string) containerd.NewContainerOpts {
 		// if it fails but not RM snapshot data.
 		// refer to https://github.com/containerd/containerd/pull/1868
 		// https://github.com/containerd/containerd/pull/1785
-		defer os.Remove(root) // nolint: errcheck
+		defer os.Remove(root)
 
 		unmounter := func(mountPath string) {
 			if uerr := mount.Unmount(mountPath, 0); uerr != nil {
diff --git a/pkg/cri/sbserver/service.go b/pkg/cri/sbserver/service.go
index 02198f586c2ca..1d5b5d2794143 100644
--- a/pkg/cri/sbserver/service.go
+++ b/pkg/cri/sbserver/service.go
@@ -117,7 +117,7 @@ type criService struct {
 	baseOCISpecs map[string]*oci.Spec
 	// allCaps is the list of the capabilities.
 	// When nil, parsed from CapEff of /proc/self/status.
-	allCaps []string // nolint
+	allCaps []string //nolint:unused // Ignore on non-Linux
 	// unpackDuplicationSuppressor is used to make sure that there is only
 	// one in-flight fetch request or unpack handler for a given descriptor's
 	// or chain ID.
diff --git a/pkg/cri/server/service.go b/pkg/cri/server/service.go
index 2e2cca42baa70..0e411fa442f55 100644
--- a/pkg/cri/server/service.go
+++ b/pkg/cri/server/service.go
@@ -113,7 +113,7 @@ type criService struct {
 	baseOCISpecs map[string]*oci.Spec
 	// allCaps is the list of the capabilities.
 	// When nil, parsed from CapEff of /proc/self/status.
-	allCaps []string // nolint
+	allCaps []string //nolint:unused // Ignore on non-Linux
 	// unpackDuplicationSuppressor is used to make sure that there is only
 	// one in-flight fetch request or unpack handler for a given descriptor's
 	// or chain ID.
diff --git a/pkg/cri/store/container/container.go b/pkg/cri/store/container/container.go
index a5e35396b8ef3..524b582916125 100644
--- a/pkg/cri/store/container/container.go
+++ b/pkg/cri/store/container/container.go
@@ -208,6 +208,6 @@ func (s *Store) Delete(id string) {
 		c.IO.Close()
 	}
 	s.labels.Release(c.ProcessLabel)
-	s.idIndex.Delete(id) // nolint: errcheck
+	s.idIndex.Delete(id)
 	delete(s.containers, id)
 }
diff --git a/pkg/cri/store/image/image.go b/pkg/cri/store/image/image.go
index 592384f3547cc..d5f3d12b552e5 100644
--- a/pkg/cri/store/image/image.go
+++ b/pkg/cri/store/image/image.go
@@ -246,6 +246,6 @@ func (s *store) delete(id, ref string) {
 		return
 	}
 	// Remove the image if it is not referenced any more.
-	s.digestSet.Remove(digest) // nolint: errcheck
+	s.digestSet.Remove(digest)
 	delete(s.images, digest.String())
 }
diff --git a/pkg/cri/store/sandbox/sandbox.go b/pkg/cri/store/sandbox/sandbox.go
index 1cf208e4c68e6..35e4603a22ed7 100644
--- a/pkg/cri/store/sandbox/sandbox.go
+++ b/pkg/cri/store/sandbox/sandbox.go
@@ -160,6 +160,6 @@ func (s *Store) Delete(id string) {
 		return
 	}
 	s.labels.Release(s.sandboxes[id].ProcessLabel)
-	s.idIndex.Delete(id) // nolint: errcheck
+	s.idIndex.Delete(id)
 	delete(s.sandboxes, id)
 }
diff --git a/pkg/netns/netns_linux.go b/pkg/netns/netns_linux.go
index 09b5c97915239..03f68a568c382 100644
--- a/pkg/netns/netns_linux.go
+++ b/pkg/netns/netns_linux.go
@@ -77,7 +77,7 @@ func newNS(baseDir string) (nsPath string, err error) {
 	defer func() {
 		// Ensure the mount point is cleaned up on errors
 		if err != nil {
-			os.RemoveAll(nsPath) // nolint: errcheck
+			os.RemoveAll(nsPath)
 		}
 	}()
 
@@ -107,7 +107,7 @@ func newNS(baseDir string) (nsPath string, err error) {
 		}
 
 		// Put this thread back to the orig ns, since it might get reused (pre go1.10)
-		defer origNS.Set() // nolint: errcheck
+		defer origNS.Set()
 
 		// bind mount the netns from the current thread (from /proc) onto the
 		// mount point. This causes the namespace to persist, even when there
@@ -214,6 +214,6 @@ func (n *NetNS) Do(f func(cnins.NetNS) error) error {
 	if err != nil {
 		return fmt.Errorf(""get netns fd: %w"", err)
 	}
-	defer ns.Close() // nolint: errcheck
+	defer ns.Close()
 	return ns.Do(f)
 }
diff --git a/pkg/progress/escape.go b/pkg/progress/escape.go
index d9ce5b0888696..e648fdda35e62 100644
--- a/pkg/progress/escape.go
+++ b/pkg/progress/escape.go
@@ -19,6 +19,6 @@ package progress
 const (
 	escape = ""\x1b""
 	reset  = escape + ""[0m""
-	red    = escape + ""[31m"" // nolint: deadcode, varcheck, unused
+	red    = escape + ""[31m"" //nolint:deadcode,unused,varcheck
 	green  = escape + ""[32m""
 )
diff --git a/pkg/runtimeoptions/v1/doc.go b/pkg/runtimeoptions/v1/doc.go
index 62525652f110e..9617e74043dc3 100644
--- a/pkg/runtimeoptions/v1/doc.go
+++ b/pkg/runtimeoptions/v1/doc.go
@@ -14,4 +14,4 @@
    limitations under the License.
 */
 
-package runtimeoptions_v1 //nolint
+package runtimeoptions_v1 //nolint:revive // Ignore var-naming: don't use an underscore in package name (revive)",rejected_candidate,,
issta2024_bugs_in_pods_understanding_bugs:7b955959bcf77fab,issta2024_bugs_in_pods_understanding_bugs,cri-o,https://github.com/cri-o/cri-o/commit/660b63bd7ea9f31438d28269b20445fa269580ed,cgmgr: set sched_load_balance to disabled on sandbox cgroup,"since there will be no processes in this cgroup, it won't cause any harm,
but it will enable cpu load balancing through cgroups.

Signed-off-by: Peter Hunt <pehunt@redhat.com>",no_comments_in_source,committed,2023-05-02T16:52:27+00:00,"[""internal/config/cgmgr/cgmgr.go""]","diff --git a/internal/config/cgmgr/cgmgr.go b/internal/config/cgmgr/cgmgr.go
index 3568bab2bdf..c5c31bfc701 100644
--- a/internal/config/cgmgr/cgmgr.go
+++ b/internal/config/cgmgr/cgmgr.go
@@ -180,7 +180,23 @@ func createSandboxCgroup(sbParent, containerCgroup string) error {
 		return err
 	}
 
-	return mgr.Apply(-1)
+	if err := mgr.Apply(-1); err != nil {
+		return err
+	}
+
+	// The reasoning for this code is slightly obscure. In situation where CPU load balancing is desired,
+	// all cgroups must either have cpuset.sched_load_balance=0 or they should not have an intersecting cpuset
+	// with the set that load balancing should be disabled on.
+	// When this cgroup is created, it is easiest to set sched_load_balance to 0, especially because there will
+	// not be any processes in this cgroup (or else we wouldn't need to call this).
+	if !node.CgroupIsV2() {
+		path := mgr.Path(""cpuset"")
+		if path == """" {
+			return fmt.Errorf(""failed to find cpuset for newly created cgroup"")
+		}
+		return libctr.WriteFile(path, ""cpuset.sched_load_balance"", ""0"")
+	}
+	return nil
 }
 
 func removeSandboxCgroup(sbParent, containerCgroup string) error {",rejected_candidate,,
issta2024_bugs_in_pods_understanding_bugs:81c36ef6da5334a2,issta2024_bugs_in_pods_understanding_bugs,cri-o,https://github.com/cri-o/cri-o/commit/cd2b0028a6abeed6d9a71545d0969324bc9c36a7,oci: chown stdin pipe to user in the container,"Differently than runc, crun doesn't automatically chown the std
streams to the UID:GID specified in the config file to prevent
touching files outside of its control (e.g. while running on a tty
owned by root that would be chowned to the user in the container).

Closes: https://github.com/containers/crun/issues/745

Signed-off-by: Giuseppe Scrivano <gscrivan@redhat.com>",no_comments_in_source,committed,2021-10-08T16:25:27+00:00,"[""internal/oci/runtime_oci.go""]","diff --git a/internal/oci/runtime_oci.go b/internal/oci/runtime_oci.go
index a2fe6077969..09ef997a4ec 100644
--- a/internal/oci/runtime_oci.go
+++ b/internal/oci/runtime_oci.go
@@ -358,6 +358,13 @@ func (r *runtimeOCI) ExecContainer(ctx context.Context, c *Container, cmd []stri
 			if err != nil {
 				return err
 			}
+
+			u := c.Spec().Process.User
+			// Change the owner for the pipe to the user in the container
+			if err := unix.Fchown(int(r.Fd()), int(u.UID), int(u.GID)); err != nil {
+				return err
+			}
+
 			execCmd.Stdin = r
 			go func() {
 				_, copyError = pools.Copy(w, stdin)",accepted_fault,Access Permission Denied,Inaccurate Permission Assignment
issta2024_bugs_in_pods_understanding_bugs:81dbddca00ac8a26,issta2024_bugs_in_pods_understanding_bugs,cri-o,https://github.com/cri-o/cri-o/commit/f9abf50c995e8d79815bc09051c4e2e184517a7c,pkg/config: reload pinned_images when the new config is provided,Signed-off-by: Sohan Kunkerkar <sohank2602@gmail.com>,no_comments_in_source,committed,2023-05-05T15:10:34+00:00,"[""pkg/config/reload.go"", ""pkg/config/reload_test.go""]","diff --git a/pkg/config/reload.go b/pkg/config/reload.go
index 7520641871f..7be989d70e1 100644
--- a/pkg/config/reload.go
+++ b/pkg/config/reload.go
@@ -72,6 +72,7 @@ func (c *Config) Reload() error {
 	if err := c.ReloadPauseImage(newConfig); err != nil {
 		return err
 	}
+	c.ReloadPinnedImages(newConfig)
 	if err := c.ReloadRegistries(); err != nil {
 		return err
 	}
@@ -159,6 +160,20 @@ func (c *Config) ReloadPauseImage(newConfig *Config) error {
 	return nil
 }
 
+// ReloadPinnedImages updates the PinnedImages with the provided `newConfig`.
+func (c *Config) ReloadPinnedImages(newConfig *Config) {
+	updatedPinnedImages := make([]string, len(newConfig.PinnedImages))
+	for i, image := range newConfig.PinnedImages {
+		if i < len(c.PinnedImages) && image == c.PinnedImages[i] {
+			updatedPinnedImages[i] = c.PinnedImages[i]
+		} else {
+			updatedPinnedImages[i] = image
+		}
+	}
+	logrus.Infof(""Updated new pinned images: %+v"", updatedPinnedImages)
+	c.PinnedImages = updatedPinnedImages
+}
+
 // ReloadRegistries reloads the registry configuration from the Configs
 // `SystemContext`. The method errors in case of any update failure.
 func (c *Config) ReloadRegistries() error {
diff --git a/pkg/config/reload_test.go b/pkg/config/reload_test.go
index c383472703a..1dd3bdb028d 100644
--- a/pkg/config/reload_test.go
+++ b/pkg/config/reload_test.go
@@ -408,4 +408,22 @@ var _ = t.Describe(""Config"", func() {
 			Expect(sut.Runtimes[""existing""].PrivilegedWithoutHostDevices).To(BeTrue())
 		})
 	})
+
+	t.Describe(""ReloadPinnedImages"", func() {
+		It(""should update PinnedImages with newConfig's PinnedImages if they are different"", func() {
+			sut.PinnedImages = []string{""image1"", ""image4"", ""image3""}
+			newConfig := &config.Config{}
+			newConfig.PinnedImages = []string{""image5""}
+			sut.ReloadPinnedImages(newConfig)
+			Expect(sut.PinnedImages).To(Equal([]string{""image5""}))
+		})
+
+		It(""should not update PinnedImages if they are the same as newConfig's PinnedImages"", func() {
+			sut.PinnedImages = []string{""image1"", ""image2"", ""image3""}
+			newConfig := &config.Config{}
+			newConfig.PinnedImages = []string{""image1"", ""image2"", ""image3""}
+			sut.ReloadPinnedImages(newConfig)
+			Expect(sut.PinnedImages).To(Equal([]string{""image1"", ""image2"", ""image3""}))
+		})
+	})
 })",rejected_candidate,,
issta2024_bugs_in_pods_understanding_bugs:840a304a47930417,issta2024_bugs_in_pods_understanding_bugs,runc,https://github.com/opencontainers/runc/commit/e63186351b6eb9830c10a91b74e5ae54d9048859,tty: rm inheritStdio return value,"Since commit eebdb644f924 this function never returns any error.

Signed-off-by: Kir Kolyshkin <kolyshkin@gmail.com>",no_comments_in_source,committed,2021-11-30T03:35:19+00:00,"[""tty.go"", ""utils_linux.go""]","diff --git a/tty.go b/tty.go
index 10106a95476..86fde2c06b1 100644
--- a/tty.go
+++ b/tty.go
@@ -63,11 +63,10 @@ func setupProcessPipes(p *libcontainer.Process, rootuid, rootgid int) (*tty, err
 	return t, nil
 }
 
-func inheritStdio(process *libcontainer.Process) error {
+func inheritStdio(process *libcontainer.Process) {
 	process.Stdin = os.Stdin
 	process.Stdout = os.Stdout
 	process.Stderr = os.Stderr
-	return nil
 }
 
 func (t *tty) initHostConsole() error {
diff --git a/utils_linux.go b/utils_linux.go
index 60e8d8b20b6..939e01f8dfd 100644
--- a/utils_linux.go
+++ b/utils_linux.go
@@ -164,9 +164,7 @@ func setupIO(process *libcontainer.Process, rootuid, rootgid int, createTTY, det
 	// when runc will detach the caller provides the stdio to runc via runc's 0,1,2
 	// and the container's process inherits runc's stdio.
 	if detach {
-		if err := inheritStdio(process); err != nil {
-			return nil, err
-		}
+		inheritStdio(process)
 		return &tty{}, nil
 	}
 	return setupProcessPipes(process, rootuid, rootgid)",accepted_fault,Incorrect Return Value,Others
issta2024_bugs_in_pods_understanding_bugs:84a6f78d7e4c3037,issta2024_bugs_in_pods_understanding_bugs,containerd,https://github.com/containerd/containerd/commit/c15d8e15607a269b00aef2ee56d30f8e50309ae6,go.mod: Bump hcsshim to 0.9.3,"This tag brings in a new field to fix an HNS issue in ws2019 as well as
an optimization for collecting Windows stats (memory, cpu, iops).

Signed-off-by: Daniel Canter <dcanter@microsoft.com>",no_comments_in_source,committed,2022-07-25T20:02:30+00:00,"[""go.mod"", ""go.sum"", ""integration/client/go.mod"", ""integration/client/go.sum"", ""vendor/github.com/Microsoft/hcsshim/internal/hcs/system.go"", ""vendor/github.com/Microsoft/hcsshim/internal/hns/hnspolicy.go""]","diff --git a/go.mod b/go.mod
index cb96d2f4a6723..7fc5b15d84954 100644
--- a/go.mod
+++ b/go.mod
@@ -5,7 +5,7 @@ go 1.18
 require (
 	github.com/AdaLogics/go-fuzz-headers v0.0.0-20220706123152-fef3fe1bab07
 	github.com/Microsoft/go-winio v0.5.2
-	github.com/Microsoft/hcsshim v0.9.2
+	github.com/Microsoft/hcsshim v0.9.3
 	github.com/container-orchestrated-devices/container-device-interface v0.3.1
 	github.com/containerd/aufs v1.0.0
 	github.com/containerd/btrfs v1.0.0
diff --git a/go.sum b/go.sum
index 782070780914d..12247e68b4000 100644
--- a/go.sum
+++ b/go.sum
@@ -83,8 +83,9 @@ github.com/Microsoft/hcsshim v0.8.16/go.mod h1:o5/SZqmR7x9JNKsW3pu+nqHm0MF8vbA+V
 github.com/Microsoft/hcsshim v0.8.20/go.mod h1:+w2gRZ5ReXQhFOrvSQeNfhrYB/dg3oDwTOcER2fw4I4=
 github.com/Microsoft/hcsshim v0.8.21/go.mod h1:+w2gRZ5ReXQhFOrvSQeNfhrYB/dg3oDwTOcER2fw4I4=
 github.com/Microsoft/hcsshim v0.8.23/go.mod h1:4zegtUJth7lAvFyc6cH2gGQ5B3OFQim01nnU2M8jKDg=
-github.com/Microsoft/hcsshim v0.9.2 h1:wB06W5aYFfUB3IvootYAY2WnOmIdgPGfqSI6tufQNnY=
 github.com/Microsoft/hcsshim v0.9.2/go.mod h1:7pLA8lDk46WKDWlVsENo92gC0XFa8rbKfyFRBqxEbCc=
+github.com/Microsoft/hcsshim v0.9.3 h1:k371PzBuRrz2b+ebGuI2nVgVhgsVX60jMfSw80NECxo=
+github.com/Microsoft/hcsshim v0.9.3/go.mod h1:7pLA8lDk46WKDWlVsENo92gC0XFa8rbKfyFRBqxEbCc=
 github.com/Microsoft/hcsshim/test v0.0.0-20201218223536-d3e5debf77da/go.mod h1:5hlzMzRKMLyo42nCZ9oml8AdTlq/0cvIaBv6tK1RehU=
 github.com/Microsoft/hcsshim/test v0.0.0-20210227013316-43a75bb4edd3/go.mod h1:mw7qgWloBUl75W/gVH3cQszUg1+gUITj7D6NY7ywVnY=
 github.com/NYTimes/gziphandler v0.0.0-20170623195520-56545f4a5d46/go.mod h1:3wb06e3pkSAbeQ52E9H9iFoQsEEwGN64994WTCIhntQ=
diff --git a/integration/client/go.mod b/integration/client/go.mod
index 06db32abf70fa..2fced654d5734 100644
--- a/integration/client/go.mod
+++ b/integration/client/go.mod
@@ -3,7 +3,7 @@ module github.com/containerd/containerd/integration/client
 go 1.18
 
 require (
-	github.com/Microsoft/hcsshim v0.9.2
+	github.com/Microsoft/hcsshim v0.9.3
 	github.com/Microsoft/hcsshim/test v0.0.0-20210408205431-da33ecd607e1
 	github.com/containerd/cgroups v1.0.4
 	github.com/containerd/containerd v1.6.2 // see replace; the actual version of containerd is replaced with the code at the root of this repository
diff --git a/integration/client/go.sum b/integration/client/go.sum
index 38b144d576ca4..442842a487102 100644
--- a/integration/client/go.sum
+++ b/integration/client/go.sum
@@ -59,8 +59,9 @@ github.com/Microsoft/go-winio v0.5.2 h1:a9IhgEQBCUEk6QCdml9CiJGhAws+YwffDHEMp1VM
 github.com/Microsoft/go-winio v0.5.2/go.mod h1:WpS1mjBmmwHBEWmogvA2mj8546UReBk4v8QkMxJ6pZY=
 github.com/Microsoft/hcsshim v0.8.15/go.mod h1:x38A4YbHbdxJtc0sF6oIz+RG0npwSCAvn69iY6URG00=
 github.com/Microsoft/hcsshim v0.8.20/go.mod h1:+w2gRZ5ReXQhFOrvSQeNfhrYB/dg3oDwTOcER2fw4I4=
-github.com/Microsoft/hcsshim v0.9.2 h1:wB06W5aYFfUB3IvootYAY2WnOmIdgPGfqSI6tufQNnY=
 github.com/Microsoft/hcsshim v0.9.2/go.mod h1:7pLA8lDk46WKDWlVsENo92gC0XFa8rbKfyFRBqxEbCc=
+github.com/Microsoft/hcsshim v0.9.3 h1:k371PzBuRrz2b+ebGuI2nVgVhgsVX60jMfSw80NECxo=
+github.com/Microsoft/hcsshim v0.9.3/go.mod h1:7pLA8lDk46WKDWlVsENo92gC0XFa8rbKfyFRBqxEbCc=
 github.com/Microsoft/hcsshim/test v0.0.0-20210408205431-da33ecd607e1 h1:pVKfKyPkXna29XlGjxSr9J0A7vNucOUHZ/2ClcTWalw=
 github.com/Microsoft/hcsshim/test v0.0.0-20210408205431-da33ecd607e1/go.mod h1:Cmvnhlie15Ha2UYrJs9EhgSx76Bq9RV2FgfEiT78GhI=
 github.com/NYTimes/gziphandler v0.0.0-20170623195520-56545f4a5d46/go.mod h1:3wb06e3pkSAbeQ52E9H9iFoQsEEwGN64994WTCIhntQ=
diff --git a/vendor/github.com/Microsoft/hcsshim/internal/hcs/system.go b/vendor/github.com/Microsoft/hcsshim/internal/hcs/system.go
index 75499c967f0f3..1d45a703b2ed1 100644
--- a/vendor/github.com/Microsoft/hcsshim/internal/hcs/system.go
+++ b/vendor/github.com/Microsoft/hcsshim/internal/hcs/system.go
@@ -4,17 +4,22 @@ import (
 	""context""
 	""encoding/json""
 	""errors""
+	""fmt""
 	""strings""
 	""sync""
 	""syscall""
+	""time""
 
 	""github.com/Microsoft/hcsshim/internal/cow""
 	""github.com/Microsoft/hcsshim/internal/hcs/schema1""
 	hcsschema ""github.com/Microsoft/hcsshim/internal/hcs/schema2""
+	""github.com/Microsoft/hcsshim/internal/jobobject""
 	""github.com/Microsoft/hcsshim/internal/log""
+	""github.com/Microsoft/hcsshim/internal/logfields""
 	""github.com/Microsoft/hcsshim/internal/oc""
 	""github.com/Microsoft/hcsshim/internal/timeout""
 	""github.com/Microsoft/hcsshim/internal/vmcompute""
+	""github.com/sirupsen/logrus""
 	""go.opencensus.io/trace""
 )
 
@@ -28,7 +33,8 @@ type System struct {
 	waitBlock      chan struct{}
 	waitError      error
 	exitError      error
-	os, typ        string
+	os, typ, owner string
+	startTime      time.Time
 }
 
 func newSystem(id string) *System {
@@ -38,6 +44,11 @@ func newSystem(id string) *System {
 	}
 }
 
+// Implementation detail for silo naming, this should NOT be relied upon very heavily.
+func siloNameFmt(containerID string) string {
+	return fmt.Sprintf(`\Container_%s`, containerID)
+}
+
 // CreateComputeSystem creates a new compute system with the given configuration but does not start it.
 func CreateComputeSystem(ctx context.Context, id string, hcsDocumentInterface interface{}) (_ *System, err error) {
 	operation := ""hcs::CreateComputeSystem""
@@ -127,6 +138,7 @@ func (computeSystem *System) getCachedProperties(ctx context.Context) error {
 	}
 	computeSystem.typ = strings.ToLower(props.SystemType)
 	computeSystem.os = strings.ToLower(props.RuntimeOSType)
+	computeSystem.owner = strings.ToLower(props.Owner)
 	if computeSystem.os == """" && computeSystem.typ == ""container"" {
 		// Pre-RS5 HCS did not return the OS, but it only supported containers
 		// that ran Windows.
@@ -195,7 +207,7 @@ func (computeSystem *System) Start(ctx context.Context) (err error) {
 	if err != nil {
 		return makeSystemError(computeSystem, operation, err, events)
 	}
-
+	computeSystem.startTime = time.Now()
 	return nil
 }
 
@@ -324,11 +336,115 @@ func (computeSystem *System) Properties(ctx context.Context, types ...schema1.Pr
 	return properties, nil
 }
 
-// PropertiesV2 returns the requested container properties targeting a V2 schema container.
-func (computeSystem *System) PropertiesV2(ctx context.Context, types ...hcsschema.PropertyType) (*hcsschema.Properties, error) {
-	computeSystem.handleLock.RLock()
-	defer computeSystem.handleLock.RUnlock()
+// queryInProc handles querying for container properties without reaching out to HCS. `props`
+// will be updated to contain any data returned from the queries present in `types`. If any properties
+// failed to be queried they will be tallied up and returned in as the first return value. Failures on
+// query are NOT considered errors; the only failure case for this method is if the containers job object
+// cannot be opened.
+func (computeSystem *System) queryInProc(ctx context.Context, props *hcsschema.Properties, types []hcsschema.PropertyType) ([]hcsschema.PropertyType, error) {
+	// In the future we can make use of some new functionality in the HCS that allows you
+	// to pass a job object for HCS to use for the container. Currently, the only way we'll
+	// be able to open the job/silo is if we're running as SYSTEM.
+	jobOptions := &jobobject.Options{
+		UseNTVariant: true,
+		Name:         siloNameFmt(computeSystem.id),
+	}
+	job, err := jobobject.Open(ctx, jobOptions)
+	if err != nil {
+		return nil, err
+	}
+	defer job.Close()
+
+	var fallbackQueryTypes []hcsschema.PropertyType
+	for _, propType := range types {
+		switch propType {
+		case hcsschema.PTStatistics:
+			// Handle a bad caller asking for the same type twice. No use in re-querying if this is
+			// filled in already.
+			if props.Statistics == nil {
+				props.Statistics, err = computeSystem.statisticsInProc(job)
+				if err != nil {
+					log.G(ctx).WithError(err).Warn(""failed to get statistics in-proc"")
+
+					fallbackQueryTypes = append(fallbackQueryTypes, propType)
+				}
+			}
+		default:
+			fallbackQueryTypes = append(fallbackQueryTypes, propType)
+		}
+	}
+
+	return fallbackQueryTypes, nil
+}
+
+// statisticsInProc emulates what HCS does to grab statistics for a given container with a small
+// change to make grabbing the private working set total much more efficient.
+func (computeSystem *System) statisticsInProc(job *jobobject.JobObject) (*hcsschema.Statistics, error) {
+	// Start timestamp for these stats before we grab them to match HCS
+	timestamp := time.Now()
+
+	memInfo, err := job.QueryMemoryStats()
+	if err != nil {
+		return nil, err
+	}
+
+	processorInfo, err := job.QueryProcessorStats()
+	if err != nil {
+		return nil, err
+	}
+
+	storageInfo, err := job.QueryStorageStats()
+	if err != nil {
+		return nil, err
+	}
+
+	// This calculates the private working set more efficiently than HCS does. HCS calls NtQuerySystemInformation
+	// with the class SystemProcessInformation which returns an array containing system information for *every*
+	// process running on the machine. They then grab the pids that are running in the container and filter down
+	// the entries in the array to only what's running in that silo and start tallying up the total. This doesn't
+	// work well as performance should get worse if more processess are running on the machine in general and not
+	// just in the container. All of the additional information besides the WorkingSetPrivateSize field is ignored
+	// as well which isn't great and is wasted work to fetch.
+	//
+	// HCS only let's you grab statistics in an all or nothing fashion, so we can't just grab the private
+	// working set ourselves and ask for everything else seperately. The optimization we can make here is
+	// to open the silo ourselves and do the same queries for the rest of the info, as well as calculating
+	// the private working set in a more efficient manner by:
+	//
+	// 1. Find the pids running in the silo
+	// 2. Get a process handle for every process (only need PROCESS_QUERY_LIMITED_INFORMATION access)
+	// 3. Call NtQueryInformationProcess on each process with the class ProcessVmCounters
+	// 4. Tally up the total using the field PrivateWorkingSetSize in VM_COUNTERS_EX2.
+	privateWorkingSet, err := job.QueryPrivateWorkingSet()
+	if err != nil {
+		return nil, err
+	}
 
+	return &hcsschema.Statistics{
+		Timestamp:          timestamp,
+		ContainerStartTime: computeSystem.startTime,
+		Uptime100ns:        uint64(time.Since(computeSystem.startTime).Nanoseconds()) / 100,
+		Memory: &hcsschema.MemoryStats{
+			MemoryUsageCommitBytes:            memInfo.JobMemory,
+			MemoryUsageCommitPeakBytes:        memInfo.PeakJobMemoryUsed,
+			MemoryUsagePrivateWorkingSetBytes: privateWorkingSet,
+		},
+		Processor: &hcsschema.ProcessorStats{
+			RuntimeKernel100ns: uint64(processorInfo.TotalKernelTime),
+			RuntimeUser100ns:   uint64(processorInfo.TotalUserTime),
+			TotalRuntime100ns:  uint64(processorInfo.TotalKernelTime + processorInfo.TotalUserTime),
+		},
+		Storage: &hcsschema.StorageStats{
+			ReadCountNormalized:  uint64(storageInfo.ReadStats.IoCount),
+			ReadSizeBytes:        storageInfo.ReadStats.TotalSize,
+			WriteCountNormalized: uint64(storageInfo.WriteStats.IoCount),
+			WriteSizeBytes:       storageInfo.WriteStats.TotalSize,
+		},
+	}, nil
+}
+
+// hcsPropertiesV2Query is a helper to make a HcsGetComputeSystemProperties call using the V2 schema property types.
+func (computeSystem *System) hcsPropertiesV2Query(ctx context.Context, types []hcsschema.PropertyType) (*hcsschema.Properties, error) {
 	operation := ""hcs::System::PropertiesV2""
 
 	queryBytes, err := json.Marshal(hcsschema.PropertyQuery{PropertyTypes: types})
@@ -345,12 +461,66 @@ func (computeSystem *System) PropertiesV2(ctx context.Context, types ...hcsschem
 	if propertiesJSON == """" {
 		return nil, ErrUnexpectedValue
 	}
-	properties := &hcsschema.Properties{}
-	if err := json.Unmarshal([]byte(propertiesJSON), properties); err != nil {
+	props := &hcsschema.Properties{}
+	if err := json.Unmarshal([]byte(propertiesJSON), props); err != nil {
 		return nil, makeSystemError(computeSystem, operation, err, nil)
 	}
 
-	return properties, nil
+	return props, nil
+}
+
+// PropertiesV2 returns the requested compute systems properties targeting a V2 schema compute system.
+func (computeSystem *System) PropertiesV2(ctx context.Context, types ...hcsschema.PropertyType) (_ *hcsschema.Properties, err error) {
+	computeSystem.handleLock.RLock()
+	defer computeSystem.handleLock.RUnlock()
+
+	// Let HCS tally up the total for VM based queries instead of querying ourselves.
+	if computeSystem.typ != ""container"" {
+		return computeSystem.hcsPropertiesV2Query(ctx, types)
+	}
+
+	// Define a starter Properties struct with the default fields returned from every
+	// query. Owner is only returned from Statistics but it's harmless to include.
+	properties := &hcsschema.Properties{
+		Id:            computeSystem.id,
+		SystemType:    computeSystem.typ,
+		RuntimeOsType: computeSystem.os,
+		Owner:         computeSystem.owner,
+	}
+
+	logEntry := log.G(ctx)
+	// First lets try and query ourselves without reaching to HCS. If any of the queries fail
+	// we'll take note and fallback to querying HCS for any of the failed types.
+	fallbackTypes, err := computeSystem.queryInProc(ctx, properties, types)
+	if err == nil && len(fallbackTypes) == 0 {
+		return properties, nil
+	} else if err != nil {
+		logEntry.WithError(fmt.Errorf(""failed to query compute system properties in-proc: %w"", err))
+		fallbackTypes = types
+	}
+
+	logEntry.WithFields(logrus.Fields{
+		logfields.ContainerID: computeSystem.id,
+		""propertyTypes"":       fallbackTypes,
+	}).Info(""falling back to HCS for property type queries"")
+
+	hcsProperties, err := computeSystem.hcsPropertiesV2Query(ctx, fallbackTypes)
+	if err != nil {
+		return nil, err
+	}
+
+	// Now add in anything that we might have successfully queried in process.
+	if properties.Statistics != nil {
+		hcsProperties.Statistics = properties.Statistics
+		hcsProperties.Owner = properties.Owner
+	}
+
+	// For future support for querying processlist in-proc as well.
+	if properties.ProcessList != nil {
+		hcsProperties.ProcessList = properties.ProcessList
+	}
+
+	return hcsProperties, nil
 }
 
 // Pause pauses the execution of the computeSystem. This feature is not enabled in TP5.
diff --git a/vendor/github.com/Microsoft/hcsshim/internal/hns/hnspolicy.go b/vendor/github.com/Microsoft/hcsshim/internal/hns/hnspolicy.go
index 591a2631e45f9..84b3682184745 100644
--- a/vendor/github.com/Microsoft/hcsshim/internal/hns/hnspolicy.go
+++ b/vendor/github.com/Microsoft/hcsshim/internal/hns/hnspolicy.go
@@ -21,10 +21,11 @@ const (
 )
 
 type NatPolicy struct {
-	Type         PolicyType `json:""Type""`
-	Protocol     string     `json:"",omitempty""`
-	InternalPort uint16     `json:"",omitempty""`
-	ExternalPort uint16     `json:"",omitempty""`
+	Type                 PolicyType `json:""Type""`
+	Protocol             string     `json:"",omitempty""`
+	InternalPort         uint16     `json:"",omitempty""`
+	ExternalPort         uint16     `json:"",omitempty""`
+	ExternalPortReserved bool       `json:"",omitempty""`
 }
 
 type QosPolicy struct {
diff --git a/vendor/github.com/Microsoft/hcsshim/internal/jobobject/iocp.go b/vendor/github.com/Microsoft/hcsshim/internal/jobobject/iocp.go
new file mode 100644
index 0000000000000..3d640ac7bdd6b
--- /dev/null
+++ b/vendor/github.com/Microsoft/hcsshim/internal/jobobject/iocp.go
@@ -0,0 +1,111 @@
+package jobobject
+
+import (
+	""context""
+	""fmt""
+	""sync""
+	""unsafe""
+
+	""github.com/Microsoft/hcsshim/internal/log""
+	""github.com/Microsoft/hcsshim/internal/queue""
+	""github.com/Microsoft/hcsshim/internal/winapi""
+	""github.com/sirupsen/logrus""
+	""golang.org/x/sys/windows""
+)
+
+var (
+	ioInitOnce sync.Once
+	initIOErr  error
+	// Global iocp handle that will be re-used for every job object
+	ioCompletionPort windows.Handle
+	// Mapping of job handle to queue to place notifications in.
+	jobMap sync.Map
+)
+
+// MsgAllProcessesExited is a type representing a message that every process in a job has exited.
+type MsgAllProcessesExited struct{}
+
+// MsgUnimplemented represents a message that we are aware of, but that isn't implemented currently.
+// This should not be treated as an error.
+type MsgUnimplemented struct{}
+
+// pollIOCP polls the io completion port forever.
+func pollIOCP(ctx context.Context, iocpHandle windows.Handle) {
+	var (
+		overlapped uintptr
+		code       uint32
+		key        uintptr
+	)
+
+	for {
+		err := windows.GetQueuedCompletionStatus(iocpHandle, &code, &key, (**windows.Overlapped)(unsafe.Pointer(&overlapped)), windows.INFINITE)
+		if err != nil {
+			log.G(ctx).WithError(err).Error(""failed to poll for job object message"")
+			continue
+		}
+		if val, ok := jobMap.Load(key); ok {
+			msq, ok := val.(*queue.MessageQueue)
+			if !ok {
+				log.G(ctx).WithField(""value"", msq).Warn(""encountered non queue type in job map"")
+				continue
+			}
+			notification, err := parseMessage(code, overlapped)
+			if err != nil {
+				log.G(ctx).WithFields(logrus.Fields{
+					""code"":       code,
+					""overlapped"": overlapped,
+				}).Warn(""failed to parse job object message"")
+				continue
+			}
+			if err := msq.Write(notification); err == queue.ErrQueueClosed {
+				// Write will only return an error when the queue is closed.
+				// The only time a queue would ever be closed is when we call `Close` on
+				// the job it belongs to which also removes it from the jobMap, so something
+				// went wrong here. We can't return as this is reading messages for all jobs
+				// so just log it and move on.
+				log.G(ctx).WithFields(logrus.Fields{
+					""code"":       code,
+					""overlapped"": overlapped,
+				}).Warn(""tried to write to a closed queue"")
+				continue
+			}
+		} else {
+			log.G(ctx).Warn(""received a message for a job not present in the mapping"")
+		}
+	}
+}
+
+func parseMessage(code uint32, overlapped uintptr) (interface{}, error) {
+	// Check code and parse out relevant information related to that notification
+	// that we care about. For now all we handle is the message that all processes
+	// in the job have exited.
+	switch code {
+	case winapi.JOB_OBJECT_MSG_ACTIVE_PROCESS_ZERO:
+		return MsgAllProcessesExited{}, nil
+	// Other messages for completeness and a check to make sure that if we fall
+	// into the default case that this is a code we don't know how to handle.
+	case winapi.JOB_OBJECT_MSG_END_OF_JOB_TIME:
+	case winapi.JOB_OBJECT_MSG_END_OF_PROCESS_TIME:
+	case winapi.JOB_OBJECT_MSG_ACTIVE_PROCESS_LIMIT:
+	case winapi.JOB_OBJECT_MSG_NEW_PROCESS:
+	case winapi.JOB_OBJECT_MSG_EXIT_PROCESS:
+	case winapi.JOB_OBJECT_MSG_ABNORMAL_EXIT_PROCESS:
+	case winapi.JOB_OBJECT_MSG_PROCESS_MEMORY_LIMIT:
+	case winapi.JOB_OBJECT_MSG_JOB_MEMORY_LIMIT:
+	case winapi.JOB_OBJECT_MSG_NOTIFICATION_LIMIT:
+	default:
+		return nil, fmt.Errorf(""unknown job notification type: %d"", code)
+	}
+	return MsgUnimplemented{}, nil
+}
+
+// Assigns an IO completion port to get notified of events for the registered job
+// object.
+func attachIOCP(job windows.Handle, iocp windows.Handle) error {
+	info := winapi.JOBOBJECT_ASSOCIATE_COMPLETION_PORT{
+		CompletionKey:  job,
+		CompletionPort: iocp,
+	}
+	_, err := windows.SetInformationJobObject(job, windows.JobObjectAssociateCompletionPortInformation, uintptr(unsafe.Pointer(&info)), uint32(unsafe.Sizeof(info)))
+	return err
+}
diff --git a/vendor/github.com/Microsoft/hcsshim/internal/jobobject/jobobject.go b/vendor/github.com/Microsoft/hcsshim/internal/jobobject/jobobject.go
new file mode 100644
index 0000000000000..9c2726416418b
--- /dev/null
+++ b/vendor/github.com/Microsoft/hcsshim/internal/jobobject/jobobject.go
@@ -0,0 +1,499 @@
+package jobobject
+
+import (
+	""context""
+	""errors""
+	""fmt""
+	""sync""
+	""unsafe""
+
+	""github.com/Microsoft/hcsshim/internal/queue""
+	""github.com/Microsoft/hcsshim/internal/winapi""
+	""golang.org/x/sys/windows""
+)
+
+// This file provides higher level constructs for the win32 job object API.
+// Most of the core creation and management functions are already present in ""golang.org/x/sys/windows""
+// (CreateJobObject, AssignProcessToJobObject, etc.) as well as most of the limit information
+// structs and associated limit flags. Whatever is not present from the job object API
+// in golang.org/x/sys/windows is located in /internal/winapi.
+//
+// https://docs.microsoft.com/en-us/windows/win32/procthread/job-objects
+
+// JobObject is a high level wrapper around a Windows job object. Holds a handle to
+// the job, a queue to receive iocp notifications about the lifecycle
+// of the job and a mutex for synchronized handle access.
+type JobObject struct {
+	handle     windows.Handle
+	mq         *queue.MessageQueue
+	handleLock sync.RWMutex
+}
+
+// JobLimits represents the resource constraints that can be applied to a job object.
+type JobLimits struct {
+	CPULimit           uint32
+	CPUWeight          uint32
+	MemoryLimitInBytes uint64
+	MaxIOPS            int64
+	MaxBandwidth       int64
+}
+
+type CPURateControlType uint32
+
+const (
+	WeightBased CPURateControlType = iota
+	RateBased
+)
+
+// Processor resource controls
+const (
+	cpuLimitMin  = 1
+	cpuLimitMax  = 10000
+	cpuWeightMin = 1
+	cpuWeightMax = 9
+)
+
+var (
+	ErrAlreadyClosed = errors.New(""the handle has already been closed"")
+	ErrNotRegistered = errors.New(""job is not registered to receive notifications"")
+)
+
+// Options represents the set of configurable options when making or opening a job object.
+type Options struct {
+	// `Name` specifies the name of the job object if a named job object is desired.
+	Name string
+	// `Notifications` specifies if the job will be registered to receive notifications.
+	// Defaults to false.
+	Notifications bool
+	// `UseNTVariant` specifies if we should use the `Nt` variant of Open/CreateJobObject.
+	// Defaults to false.
+	UseNTVariant bool
+}
+
+// Create creates a job object.
+//
+// If options.Name is an empty string, the job will not be assigned a name.
+//
+// If options.Notifications are not enabled `PollNotifications` will return immediately with error `errNotRegistered`.
+//
+// If `options` is nil, use default option values.
+//
+// Returns a JobObject structure and an error if there is one.
+func Create(ctx context.Context, options *Options) (_ *JobObject, err error) {
+	if options == nil {
+		options = &Options{}
+	}
+
+	var jobName *winapi.UnicodeString
+	if options.Name != """" {
+		jobName, err = winapi.NewUnicodeString(options.Name)
+		if err != nil {
+			return nil, err
+		}
+	}
+
+	var jobHandle windows.Handle
+	if options.UseNTVariant {
+		oa := winapi.ObjectAttributes{
+			Length:     unsafe.Sizeof(winapi.ObjectAttributes{}),
+			ObjectName: jobName,
+			Attributes: 0,
+		}
+		status := winapi.NtCreateJobObject(&jobHandle, winapi.JOB_OBJECT_ALL_ACCESS, &oa)
+		if status != 0 {
+			return nil, winapi.RtlNtStatusToDosError(status)
+		}
+	} else {
+		var jobNameBuf *uint16
+		if jobName != nil && jobName.Buffer != nil {
+			jobNameBuf = jobName.Buffer
+		}
+		jobHandle, err = windows.CreateJobObject(nil, jobNameBuf)
+		if err != nil {
+			return nil, err
+		}
+	}
+
+	defer func() {
+		if err != nil {
+			windows.Close(jobHandle)
+		}
+	}()
+
+	job := &JobObject{
+		handle: jobHandle,
+	}
+
+	// If the IOCP we'll be using to receive messages for all jobs hasn't been
+	// created, create it and start polling.
+	if options.Notifications {
+		mq, err := setupNotifications(ctx, job)
+		if err != nil {
+			return nil, err
+		}
+		job.mq = mq
+	}
+
+	return job, nil
+}
+
+// Open opens an existing job object with name provided in `options`. If no name is provided
+// return an error since we need to know what job object to open.
+//
+// If options.Notifications is false `PollNotifications` will return immediately with error `errNotRegistered`.
+//
+// Returns a JobObject structure and an error if there is one.
+func Open(ctx context.Context, options *Options) (_ *JobObject, err error) {
+	if options == nil || (options != nil && options.Name == """") {
+		return nil, errors.New(""no job object name specified to open"")
+	}
+
+	unicodeJobName, err := winapi.NewUnicodeString(options.Name)
+	if err != nil {
+		return nil, err
+	}
+
+	var jobHandle windows.Handle
+	if options != nil && options.UseNTVariant {
+		oa := winapi.ObjectAttributes{
+			Length:     unsafe.Sizeof(winapi.ObjectAttributes{}),
+			ObjectName: unicodeJobName,
+			Attributes: 0,
+		}
+		status := winapi.NtOpenJobObject(&jobHandle, winapi.JOB_OBJECT_ALL_ACCESS, &oa)
+		if status != 0 {
+			return nil, winapi.RtlNtStatusToDosError(status)
+		}
+	} else {
+		jobHandle, err = winapi.OpenJobObject(winapi.JOB_OBJECT_ALL_ACCESS, false, unicodeJobName.Buffer)
+		if err != nil {
+			return nil, err
+		}
+	}
+
+	defer func() {
+		if err != nil {
+			windows.Close(jobHandle)
+		}
+	}()
+
+	job := &JobObject{
+		handle: jobHandle,
+	}
+
+	// If the IOCP we'll be using to receive messages for all jobs hasn't been
+	// created, create it and start polling.
+	if options != nil && options.Notifications {
+		mq, err := setupNotifications(ctx, job)
+		if err != nil {
+			return nil, err
+		}
+		job.mq = mq
+	}
+
+	return job, nil
+}
+
+// helper function to setup notifications for creating/opening a job object
+func setupNotifications(ctx context.Context, job *JobObject) (*queue.MessageQueue, error) {
+	job.handleLock.RLock()
+	defer job.handleLock.RUnlock()
+
+	if job.handle == 0 {
+		return nil, ErrAlreadyClosed
+	}
+
+	ioInitOnce.Do(func() {
+		h, err := windows.CreateIoCompletionPort(windows.InvalidHandle, 0, 0, 0xffffffff)
+		if err != nil {
+			initIOErr = err
+			return
+		}
+		ioCompletionPort = h
+		go pollIOCP(ctx, h)
+	})
+
+	if initIOErr != nil {
+		return nil, initIOErr
+	}
+
+	mq := queue.NewMessageQueue()
+	jobMap.Store(uintptr(job.handle), mq)
+	if err := attachIOCP(job.handle, ioCompletionPort); err != nil {
+		jobMap.Delete(uintptr(job.handle))
+		return nil, fmt.Errorf(""failed to attach job to IO completion port: %w"", err)
+	}
+	return mq, nil
+}
+
+// PollNotification will poll for a job object notification. This call should only be called once
+// per job (ideally in a goroutine loop) and will block if there is not a notification ready.
+// This call will return immediately with error `ErrNotRegistered` if the job was not registered
+// to receive notifications during `Create`. Internally, messages will be queued and there
+// is no worry of messages being dropped.
+func (job *JobObject) PollNotification() (interface{}, error) {
+	if job.mq == nil {
+		return nil, ErrNotRegistered
+	}
+	return job.mq.ReadOrWait()
+}
+
+// UpdateProcThreadAttribute updates the passed in ProcThreadAttributeList to contain what is necessary to
+// launch a process in a job at creation time. This can be used to avoid having to call Assign() after a process
+// has already started running.
+func (job *JobObject) UpdateProcThreadAttribute(attrList *windows.ProcThreadAttributeListContainer) error {
+	job.handleLock.RLock()
+	defer job.handleLock.RUnlock()
+
+	if job.handle == 0 {
+		return ErrAlreadyClosed
+	}
+
+	if err := attrList.Update(
+		winapi.PROC_THREAD_ATTRIBUTE_JOB_LIST,
+		unsafe.Pointer(&job.handle),
+		unsafe.Sizeof(job.handle),
+	); err != nil {
+		return fmt.Errorf(""failed to update proc thread attributes for job object: %w"", err)
+	}
+
+	return nil
+}
+
+// Close closes the job object handle.
+func (job *JobObject) Close() error {
+	job.handleLock.Lock()
+	defer job.handleLock.Unlock()
+
+	if job.handle == 0 {
+		return ErrAlreadyClosed
+	}
+
+	if err := windows.Close(job.handle); err != nil {
+		return err
+	}
+
+	if job.mq != nil {
+		job.mq.Close()
+	}
+	// Handles now invalid so if the map entry to receive notifications for this job still
+	// exists remove it so we can stop receiving notifications.
+	if _, ok := jobMap.Load(uintptr(job.handle)); ok {
+		jobMap.Delete(uintptr(job.handle))
+	}
+
+	job.handle = 0
+	return nil
+}
+
+// Assign assigns a process to the job object.
+func (job *JobObject) Assign(pid uint32) error {
+	job.handleLock.RLock()
+	defer job.handleLock.RUnlock()
+
+	if job.handle == 0 {
+		return ErrAlreadyClosed
+	}
+
+	if pid == 0 {
+		return errors.New(""invalid pid: 0"")
+	}
+	hProc, err := windows.OpenProcess(winapi.PROCESS_ALL_ACCESS, true, pid)
+	if err != nil {
+		return err
+	}
+	defer windows.Close(hProc)
+	return windows.AssignProcessToJobObject(job.handle, hProc)
+}
+
+// Terminate terminates the job, essentially calls TerminateProcess on every process in the
+// job.
+func (job *JobObject) Terminate(exitCode uint32) error {
+	job.handleLock.RLock()
+	defer job.handleLock.RUnlock()
+	if job.handle == 0 {
+		return ErrAlreadyClosed
+	}
+	return windows.TerminateJobObject(job.handle, exitCode)
+}
+
+// Pids returns all of the process IDs in the job object.
+func (job *JobObject) Pids() ([]uint32, error) {
+	job.handleLock.RLock()
+	defer job.handleLock.RUnlock()
+
+	if job.handle == 0 {
+		return nil, ErrAlreadyClosed
+	}
+
+	info := winapi.JOBOBJECT_BASIC_PROCESS_ID_LIST{}
+	err := winapi.QueryInformationJobObject(
+		job.handle,
+		winapi.JobObjectBasicProcessIdList,
+		uintptr(unsafe.Pointer(&info)),
+		uint32(unsafe.Sizeof(info)),
+		nil,
+	)
+
+	// This is either the case where there is only one process or no processes in
+	// the job. Any other case will result in ERROR_MORE_DATA. Check if info.NumberOfProcessIdsInList
+	// is 1 and just return this, otherwise return an empty slice.
+	if err == nil {
+		if info.NumberOfProcessIdsInList == 1 {
+			return []uint32{uint32(info.ProcessIdList[0])}, nil
+		}
+		// Return empty slice instead of nil to play well with the caller of this.
+		// Do not return an error if no processes are running inside the job
+		return []uint32{}, nil
+	}
+
+	if err != winapi.ERROR_MORE_DATA {
+		return nil, fmt.Errorf(""failed initial query for PIDs in job object: %w"", err)
+	}
+
+	jobBasicProcessIDListSize := unsafe.Sizeof(info) + (unsafe.Sizeof(info.ProcessIdList[0]) * uintptr(info.NumberOfAssignedProcesses-1))
+	buf := make([]byte, jobBasicProcessIDListSize)
+	if err = winapi.QueryInformationJobObject(
+		job.handle,
+		winapi.JobObjectBasicProcessIdList,
+		uintptr(unsafe.Pointer(&buf[0])),
+		uint32(len(buf)),
+		nil,
+	); err != nil {
+		return nil, fmt.Errorf(""failed to query for PIDs in job object: %w"", err)
+	}
+
+	bufInfo := (*winapi.JOBOBJECT_BASIC_PROCESS_ID_LIST)(unsafe.Pointer(&buf[0]))
+	pids := make([]uint32, bufInfo.NumberOfProcessIdsInList)
+	for i, bufPid := range bufInfo.AllPids() {
+		pids[i] = uint32(bufPid)
+	}
+	return pids, nil
+}
+
+// QueryMemoryStats gets the memory stats for the job object.
+func (job *JobObject) QueryMemoryStats() (*winapi.JOBOBJECT_MEMORY_USAGE_INFORMATION, error) {
+	job.handleLock.RLock()
+	defer job.handleLock.RUnlock()
+
+	if job.handle == 0 {
+		return nil, ErrAlreadyClosed
+	}
+
+	info := winapi.JOBOBJECT_MEMORY_USAGE_INFORMATION{}
+	if err := winapi.QueryInformationJobObject(
+		job.handle,
+		winapi.JobObjectMemoryUsageInformation,
+		uintptr(unsafe.Pointer(&info)),
+		uint32(unsafe.Sizeof(info)),
+		nil,
+	); err != nil {
+		return nil, fmt.Errorf(""failed to query for job object memory stats: %w"", err)
+	}
+	return &info, nil
+}
+
+// QueryProcessorStats gets the processor stats for the job object.
+func (job *JobObject) QueryProcessorStats() (*winapi.JOBOBJECT_BASIC_ACCOUNTING_INFORMATION, error) {
+	job.handleLock.RLock()
+	defer job.handleLock.RUnlock()
+
+	if job.handle == 0 {
+		return nil, ErrAlreadyClosed
+	}
+
+	info := winapi.JOBOBJECT_BASIC_ACCOUNTING_INFORMATION{}
+	if err := winapi.QueryInformationJobObject(
+		job.handle,
+		winapi.JobObjectBasicAccountingInformation,
+		uintptr(unsafe.Pointer(&info)),
+		uint32(unsafe.Sizeof(info)),
+		nil,
+	); err != nil {
+		return nil, fmt.Errorf(""failed to query for job object process stats: %w"", err)
+	}
+	return &info, nil
+}
+
+// QueryStorageStats gets the storage (I/O) stats for the job object.
+func (job *JobObject) QueryStorageStats() (*winapi.JOBOBJECT_IO_ATTRIBUTION_INFORMATION, error) {
+	job.handleLock.RLock()
+	defer job.handleLock.RUnlock()
+
+	if job.handle == 0 {
+		return nil, ErrAlreadyClosed
+	}
+
+	info := winapi.JOBOBJECT_IO_ATTRIBUTION_INFORMATION{
+		ControlFlags: winapi.JOBOBJECT_IO_ATTRIBUTION_CONTROL_ENABLE,
+	}
+	if err := winapi.QueryInformationJobObject(
+		job.handle,
+		winapi.JobObjectIoAttribution,
+		uintptr(unsafe.Pointer(&info)),
+		uint32(unsafe.Sizeof(info)),
+		nil,
+	); err != nil {
+		return nil, fmt.Errorf(""failed to query for job object storage stats: %w"", err)
+	}
+	return &info, nil
+}
+
+// QueryPrivateWorkingSet returns the private working set size for the job. This is calculated by adding up the
+// private working set for every process running in the job.
+func (job *JobObject) QueryPrivateWorkingSet() (uint64, error) {
+	pids, err := job.Pids()
+	if err != nil {
+		return 0, err
+	}
+
+	openAndQueryWorkingSet := func(pid uint32) (uint64, error) {
+		h, err := windows.OpenProcess(windows.PROCESS_QUERY_LIMITED_INFORMATION, false, pid)
+		if err != nil {
+			// Continue to the next if OpenProcess doesn't return a valid handle (fails). Handles a
+			// case where one of the pids in the job exited before we open.
+			return 0, nil
+		}
+		defer func() {
+			_ = windows.Close(h)
+		}()
+		// Check if the process is actually running in the job still. There's a small chance
+		// that the process could have exited and had its pid re-used between grabbing the pids
+		// in the job and opening the handle to it above.
+		var inJob int32
+		if err := winapi.IsProcessInJob(h, job.handle, &inJob); err != nil {
+			// This shouldn't fail unless we have incorrect access rights which we control
+			// here so probably best to error out if this failed.
+			return 0, err
+		}
+		// Don't report stats for this process as it's not running in the job. This shouldn't be
+		// an error condition though.
+		if inJob == 0 {
+			return 0, nil
+		}
+
+		var vmCounters winapi.VM_COUNTERS_EX2
+		status := winapi.NtQueryInformationProcess(
+			h,
+			winapi.ProcessVmCounters,
+			uintptr(unsafe.Pointer(&vmCounters)),
+			uint32(unsafe.Sizeof(vmCounters)),
+			nil,
+		)
+		if !winapi.NTSuccess(status) {
+			return 0, fmt.Errorf(""failed to query information for process: %w"", winapi.RtlNtStatusToDosError(status))
+		}
+		return uint64(vmCounters.PrivateWorkingSetSize), nil
+	}
+
+	var jobWorkingSetSize uint64
+	for _, pid := range pids {
+		workingSet, err := openAndQueryWorkingSet(pid)
+		if err != nil {
+			return 0, err
+		}
+		jobWorkingSetSize += workingSet
+	}
+
+	return jobWorkingSetSize, nil
+}
diff --git a/vendor/github.com/Microsoft/hcsshim/internal/jobobject/limits.go b/vendor/github.com/Microsoft/hcsshim/internal/jobobject/limits.go
new file mode 100644
index 0000000000000..4be297788e028
--- /dev/null
+++ b/vendor/github.com/Microsoft/hcsshim/internal/jobobject/limits.go
@@ -0,0 +1,315 @@
+package jobobject
+
+import (
+	""errors""
+	""fmt""
+	""unsafe""
+
+	""github.com/Microsoft/hcsshim/internal/winapi""
+	""golang.org/x/sys/windows""
+)
+
+const (
+	memoryLimitMax uint64 = 0xffffffffffffffff
+)
+
+func isFlagSet(flag, controlFlags uint32) bool {
+	return (flag & controlFlags) == flag
+}
+
+// SetResourceLimits sets resource limits on the job object (cpu, memory, storage).
+func (job *JobObject) SetResourceLimits(limits *JobLimits) error {
+	// Go through and check what limits were specified and apply them to the job.
+	if limits.MemoryLimitInBytes != 0 {
+		if err := job.SetMemoryLimit(limits.MemoryLimitInBytes); err != nil {
+			return fmt.Errorf(""failed to set job object memory limit: %w"", err)
+		}
+	}
+
+	if limits.CPULimit != 0 {
+		if err := job.SetCPULimit(RateBased, limits.CPULimit); err != nil {
+			return fmt.Errorf(""failed to set job object cpu limit: %w"", err)
+		}
+	} else if limits.CPUWeight != 0 {
+		if err := job.SetCPULimit(WeightBased, limits.CPUWeight); err != nil {
+			return fmt.Errorf(""failed to set job object cpu limit: %w"", err)
+		}
+	}
+
+	if limits.MaxBandwidth != 0 || limits.MaxIOPS != 0 {
+		if err := job.SetIOLimit(limits.MaxBandwidth, limits.MaxIOPS); err != nil {
+			return fmt.Errorf(""failed to set io limit on job object: %w"", err)
+		}
+	}
+	return nil
+}
+
+// SetTerminateOnLastHandleClose sets the job object flag that specifies that the job should terminate
+// all processes in the job on the last open handle being closed.
+func (job *JobObject) SetTerminateOnLastHandleClose() error {
+	info, err := job.getExtendedInformation()
+	if err != nil {
+		return err
+	}
+	info.BasicLimitInformation.LimitFlags |= windows.JOB_OBJECT_LIMIT_KILL_ON_JOB_CLOSE
+	return job.setExtendedInformation(info)
+}
+
+// SetMemoryLimit sets the memory limit of the job object based on the given `memoryLimitInBytes`.
+func (job *JobObject) SetMemoryLimit(memoryLimitInBytes uint64) error {
+	if memoryLimitInBytes >= memoryLimitMax {
+		return errors.New(""memory limit specified exceeds the max size"")
+	}
+
+	info, err := job.getExtendedInformation()
+	if err != nil {
+		return err
+	}
+
+	info.JobMemoryLimit = uintptr(memoryLimitInBytes)
+	info.BasicLimitInformation.LimitFlags |= windows.JOB_OBJECT_LIMIT_JOB_MEMORY
+	return job.setExtendedInformation(info)
+}
+
+// GetMemoryLimit gets the memory limit in bytes of the job object.
+func (job *JobObject) GetMemoryLimit() (uint64, error) {
+	info, err := job.getExtendedInformation()
+	if err != nil {
+		return 0, err
+	}
+	return uint64(info.JobMemoryLimit), nil
+}
+
+// SetCPULimit sets the CPU limit depending on the specified `CPURateControlType` to
+// `rateControlValue` for the job object.
+func (job *JobObject) SetCPULimit(rateControlType CPURateControlType, rateControlValue uint32) error {
+	cpuInfo, err := job.getCPURateControlInformation()
+	if err != nil {
+		return err
+	}
+	switch rateControlType {
+	case WeightBased:
+		if rateControlValue < cpuWeightMin || rateControlValue > cpuWeightMax {
+			return fmt.Errorf(""processor weight value of `%d` is invalid"", rateControlValue)
+		}
+		cpuInfo.ControlFlags |= winapi.JOB_OBJECT_CPU_RATE_CONTROL_ENABLE | winapi.JOB_OBJECT_CPU_RATE_CONTROL_WEIGHT_BASED
+		cpuInfo.Value = rateControlValue
+	case RateBased:
+		if rateControlValue < cpuLimitMin || rateControlValue > cpuLimitMax {
+			return fmt.Errorf(""processor rate of `%d` is invalid"", rateControlValue)
+		}
+		cpuInfo.ControlFlags |= winapi.JOB_OBJECT_CPU_RATE_CONTROL_ENABLE | winapi.JOB_OBJECT_CPU_RATE_CONTROL_HARD_CAP
+		cpuInfo.Value = rateControlValue
+	default:
+		return errors.New(""invalid job object cpu rate control type"")
+	}
+	return job.setCPURateControlInfo(cpuInfo)
+}
+
+// GetCPULimit gets the cpu limits for the job object.
+// `rateControlType` is used to indicate what type of cpu limit to query for.
+func (job *JobObject) GetCPULimit(rateControlType CPURateControlType) (uint32, error) {
+	info, err := job.getCPURateControlInformation()
+	if err != nil {
+		return 0, err
+	}
+
+	if !isFlagSet(winapi.JOB_OBJECT_CPU_RATE_CONTROL_ENABLE, info.ControlFlags) {
+		return 0, errors.New(""the job does not have cpu rate control enabled"")
+	}
+
+	switch rateControlType {
+	case WeightBased:
+		if !isFlagSet(winapi.JOB_OBJECT_CPU_RATE_CONTROL_WEIGHT_BASED, info.ControlFlags) {
+			return 0, errors.New(""cannot get cpu weight for job object without cpu weight option set"")
+		}
+	case RateBased:
+		if !isFlagSet(winapi.JOB_OBJECT_CPU_RATE_CONTROL_HARD_CAP, info.ControlFlags) {
+			return 0, errors.New(""cannot get cpu rate hard cap for job object without cpu rate hard cap option set"")
+		}
+	default:
+		return 0, errors.New(""invalid job object cpu rate control type"")
+	}
+	return info.Value, nil
+}
+
+// SetCPUAffinity sets the processor affinity for the job object.
+// The affinity is passed in as a bitmask.
+func (job *JobObject) SetCPUAffinity(affinityBitMask uint64) error {
+	info, err := job.getExtendedInformation()
+	if err != nil {
+		return err
+	}
+	info.BasicLimitInformation.LimitFlags |= uint32(windows.JOB_OBJECT_LIMIT_AFFINITY)
+	info.BasicLimitInformation.Affinity = uintptr(affinityBitMask)
+	return job.setExtendedInformation(info)
+}
+
+// GetCPUAffinity gets the processor affinity for the job object.
+// The returned affinity is a bitmask.
+func (job *JobObject) GetCPUAffinity() (uint64, error) {
+	info, err := job.getExtendedInformation()
+	if err != nil {
+		return 0, err
+	}
+	return uint64(info.BasicLimitInformation.Affinity), nil
+}
+
+// SetIOLimit sets the IO limits specified on the job object.
+func (job *JobObject) SetIOLimit(maxBandwidth, maxIOPS int64) error {
+	ioInfo, err := job.getIOLimit()
+	if err != nil {
+		return err
+	}
+	ioInfo.ControlFlags |= winapi.JOB_OBJECT_IO_RATE_CONTROL_ENABLE
+	if maxBandwidth != 0 {
+		ioInfo.MaxBandwidth = maxBandwidth
+	}
+	if maxIOPS != 0 {
+		ioInfo.MaxIops = maxIOPS
+	}
+	return job.setIORateControlInfo(ioInfo)
+}
+
+// GetIOMaxBandwidthLimit gets the max bandwidth for the job object.
+func (job *JobObject) GetIOMaxBandwidthLimit() (int64, error) {
+	info, err := job.getIOLimit()
+	if err != nil {
+		return 0, err
+	}
+	return info.MaxBandwidth, nil
+}
+
+// GetIOMaxIopsLimit gets the max iops for the job object.
+func (job *JobObject) GetIOMaxIopsLimit() (int64, error) {
+	info, err := job.getIOLimit()
+	if err != nil {
+		return 0, err
+	}
+	return info.MaxIops, nil
+}
+
+// Helper function for getting a job object's extended information.
+func (job *JobObject) getExtendedInformation() (*windows.JOBOBJECT_EXTENDED_LIMIT_INFORMATION, error) {
+	job.handleLock.RLock()
+	defer job.handleLock.RUnlock()
+
+	if job.handle == 0 {
+		return nil, ErrAlreadyClosed
+	}
+
+	info := windows.JOBOBJECT_EXTENDED_LIMIT_INFORMATION{}
+	if err := winapi.QueryInformationJobObject(
+		job.handle,
+		windows.JobObjectExtendedLimitInformation,
+		uintptr(unsafe.Pointer(&info)),
+		uint32(unsafe.Sizeof(info)),
+		nil,
+	); err != nil {
+		return nil, fmt.Errorf(""query %v returned error: %w"", info, err)
+	}
+	return &info, nil
+}
+
+// Helper function for getting a job object's CPU rate control information.
+func (job *JobObject) getCPURateControlInformation() (*winapi.JOBOBJECT_CPU_RATE_CONTROL_INFORMATION, error) {
+	job.handleLock.RLock()
+	defer job.handleLock.RUnlock()
+
+	if job.handle == 0 {
+		return nil, ErrAlreadyClosed
+	}
+
+	info := winapi.JOBOBJECT_CPU_RATE_CONTROL_INFORMATION{}
+	if err := winapi.QueryInformationJobObject(
+		job.handle,
+		windows.JobObjectCpuRateControlInformation,
+		uintptr(unsafe.Pointer(&info)),
+		uint32(unsafe.Sizeof(info)),
+		nil,
+	); err != nil {
+		return nil, fmt.Errorf(""query %v returned error: %w"", info, err)
+	}
+	return &info, nil
+}
+
+// Helper function for setting a job object's extended information.
+func (job *JobObject) setExtendedInformation(info *windows.JOBOBJECT_EXTENDED_LIMIT_INFORMATION) error {
+	job.handleLock.RLock()
+	defer job.handleLock.RUnlock()
+
+	if job.handle == 0 {
+		return ErrAlreadyClosed
+	}
+
+	if _, err := windows.SetInformationJobObject(
+		job.handle,
+		windows.JobObjectExtendedLimitInformation,
+		uintptr(unsafe.Pointer(info)),
+		uint32(unsafe.Sizeof(*info)),
+	); err != nil {
+		return fmt.Errorf(""failed to set Extended info %v on job object: %w"", info, err)
+	}
+	return nil
+}
+
+// Helper function for querying job handle for IO limit information.
+func (job *JobObject) getIOLimit() (*winapi.JOBOBJECT_IO_RATE_CONTROL_INFORMATION, error) {
+	job.handleLock.RLock()
+	defer job.handleLock.RUnlock()
+
+	if job.handle == 0 {
+		return nil, ErrAlreadyClosed
+	}
+
+	ioInfo := &winapi.JOBOBJECT_IO_RATE_CONTROL_INFORMATION{}
+	var blockCount uint32 = 1
+
+	if _, err := winapi.QueryIoRateControlInformationJobObject(
+		job.handle,
+		nil,
+		&ioInfo,
+		&blockCount,
+	); err != nil {
+		return nil, fmt.Errorf(""query %v returned error: %w"", ioInfo, err)
+	}
+
+	if !isFlagSet(winapi.JOB_OBJECT_IO_RATE_CONTROL_ENABLE, ioInfo.ControlFlags) {
+		return nil, fmt.Errorf(""query %v cannot get IO limits for job object without IO rate control option set"", ioInfo)
+	}
+	return ioInfo, nil
+}
+
+// Helper function for setting a job object's IO rate control information.
+func (job *JobObject) setIORateControlInfo(ioInfo *winapi.JOBOBJECT_IO_RATE_CONTROL_INFORMATION) error {
+	job.handleLock.RLock()
+	defer job.handleLock.RUnlock()
+
+	if job.handle == 0 {
+		return ErrAlreadyClosed
+	}
+
+	if _, err := winapi.SetIoRateControlInformationJobObject(job.handle, ioInfo); err != nil {
+		return fmt.Errorf(""failed to set IO limit info %v on job object: %w"", ioInfo, err)
+	}
+	return nil
+}
+
+// Helper function for setting a job object's CPU rate control information.
+func (job *JobObject) setCPURateControlInfo(cpuInfo *winapi.JOBOBJECT_CPU_RATE_CONTROL_INFORMATION) error {
+	job.handleLock.RLock()
+	defer job.handleLock.RUnlock()
+
+	if job.handle == 0 {
+		return ErrAlreadyClosed
+	}
+	if _, err := windows.SetInformationJobObject(
+		job.handle,
+		windows.JobObjectCpuRateControlInformation,
+		uintptr(unsafe.Pointer(cpuInfo)),
+		uint32(unsafe.Sizeof(cpuInfo)),
+	); err != nil {
+		return fmt.Errorf(""failed to set cpu limit info %v on job object: %w"", cpuInfo, err)
+	}
+	return nil
+}
diff --git a/vendor/github.com/Microsoft/hcsshim/internal/queue/mq.go b/vendor/github.com/Microsoft/hcsshim/internal/queue/mq.go
new file mode 100644
index 0000000000000..e177c9a62997a
--- /dev/null
+++ b/vendor/github.com/Microsoft/hcsshim/internal/queue/mq.go
@@ -0,0 +1,111 @@
+package queue
+
+import (
+	""errors""
+	""sync""
+)
+
+var (
+	ErrQueueClosed = errors.New(""the queue is closed for reading and writing"")
+	ErrQueueEmpty  = errors.New(""the queue is empty"")
+)
+
+// MessageQueue represents a threadsafe message queue to be used to retrieve or
+// write messages to.
+type MessageQueue struct {
+	m        *sync.RWMutex
+	c        *sync.Cond
+	messages []interface{}
+	closed   bool
+}
+
+// NewMessageQueue returns a new MessageQueue.
+func NewMessageQueue() *MessageQueue {
+	m := &sync.RWMutex{}
+	return &MessageQueue{
+		m:        m,
+		c:        sync.NewCond(m),
+		messages: []interface{}{},
+	}
+}
+
+// Write writes `msg` to the queue.
+func (mq *MessageQueue) Write(msg interface{}) error {
+	mq.m.Lock()
+	defer mq.m.Unlock()
+
+	if mq.closed {
+		return ErrQueueClosed
+	}
+	mq.messages = append(mq.messages, msg)
+	// Signal a waiter that there is now a value available in the queue.
+	mq.c.Signal()
+	return nil
+}
+
+// Read will read a value from the queue if available, otherwise return an error.
+func (mq *MessageQueue) Read() (interface{}, error) {
+	mq.m.Lock()
+	defer mq.m.Unlock()
+	if mq.closed {
+		return nil, ErrQueueClosed
+	}
+	if mq.isEmpty() {
+		return nil, ErrQueueEmpty
+	}
+	val := mq.messages[0]
+	mq.messages[0] = nil
+	mq.messages = mq.messages[1:]
+	return val, nil
+}
+
+// ReadOrWait will read a value from the queue if available, else it will wait for a
+// value to become available. This will block forever if nothing gets written or until
+// the queue gets closed.
+func (mq *MessageQueue) ReadOrWait() (interface{}, error) {
+	mq.m.Lock()
+	if mq.closed {
+		mq.m.Unlock()
+		return nil, ErrQueueClosed
+	}
+	if mq.isEmpty() {
+		for !mq.closed && mq.isEmpty() {
+			mq.c.Wait()
+		}
+		mq.m.Unlock()
+		return mq.Read()
+	}
+	val := mq.messages[0]
+	mq.messages[0] = nil
+	mq.messages = mq.messages[1:]
+	mq.m.Unlock()
+	return val, nil
+}
+
+// IsEmpty returns if the queue is empty
+func (mq *MessageQueue) IsEmpty() bool {
+	mq.m.RLock()
+	defer mq.m.RUnlock()
+	return len(mq.messages) == 0
+}
+
+// Nonexported empty check that doesn't lock so we can call this in Read and Write.
+func (mq *MessageQueue) isEmpty() bool {
+	return len(mq.messages) == 0
+}
+
+// Close closes the queue for future writes or reads. Any attempts to read or write from the
+// queue after close will return ErrQueueClosed. This is safe to call multiple times.
+func (mq *MessageQueue) Close() {
+	mq.m.Lock()
+	defer mq.m.Unlock()
+	// Already closed
+	if mq.closed {
+		return
+	}
+	mq.messages = nil
+	mq.closed = true
+	// If there's anybody currently waiting on a value from ReadOrWait, we need to
+	// broadcast so the read(s) can return ErrQueueClosed.
+	mq.c.Broadcast()
+}
diff --git a/vendor/github.com/Microsoft/hcsshim/internal/winapi/iocp.go b/vendor/github.com/Microsoft/hcsshim/internal/winapi/iocp.go
deleted file mode 100644
index 4e609cbf1cdb5..0000000000000
--- a/vendor/github.com/Microsoft/hcsshim/internal/winapi/iocp.go
+++ /dev/null
@@ -1,3 +0,0 @@
-package winapi
-
-//sys GetQueuedCompletionStatus(cphandle windows.Handle, qty *uint32, key *uintptr, overlapped **windows.Overlapped, timeout uint32) (err error)
diff --git a/vendor/github.com/Microsoft/hcsshim/internal/winapi/jobobject.go b/vendor/github.com/Microsoft/hcsshim/internal/winapi/jobobject.go
index ba12b1ad92e34..479649db36347 100644
--- a/vendor/github.com/Microsoft/hcsshim/internal/winapi/jobobject.go
+++ b/vendor/github.com/Microsoft/hcsshim/internal/winapi/jobobject.go
@@ -24,7 +24,10 @@ const (
 // Access rights for creating or opening job objects.
 //
 // https://docs.microsoft.com/en-us/windows/win32/procthread/job-object-security-and-access-rights
-const JOB_OBJECT_ALL_ACCESS = 0x1F001F
+const (
+	JOB_OBJECT_QUERY      = 0x0004
+	JOB_OBJECT_ALL_ACCESS = 0x1F001F
+)
 
 // IO limit flags
 //
@@ -93,7 +96,7 @@ type JOBOBJECT_BASIC_PROCESS_ID_LIST struct {
 
 // AllPids returns all the process Ids in the job object.
 func (p *JOBOBJECT_BASIC_PROCESS_ID_LIST) AllPids() []uintptr {
-	return (*[(1 << 27) - 1]uintptr)(unsafe.Pointer(&p.ProcessIdList[0]))[:p.NumberOfProcessIdsInList]
+	return (*[(1 << 27) - 1]uintptr)(unsafe.Pointer(&p.ProcessIdList[0]))[:p.NumberOfProcessIdsInList:p.NumberOfProcessIdsInList]
 }
 
 // https://docs.microsoft.com/en-us/windows/win32/api/winnt/ns-winnt-jobobject_basic_accounting_information
@@ -162,7 +165,7 @@ type JOBOBJECT_ASSOCIATE_COMPLETION_PORT struct {
 // 		PBOOL  Result
 // );
 //
-//sys IsProcessInJob(procHandle windows.Handle, jobHandle windows.Handle, result *bool) (err error) = kernel32.IsProcessInJob
+//sys IsProcessInJob(procHandle windows.Handle, jobHandle windows.Handle, result *int32) (err error) = kernel32.IsProcessInJob
 
 // BOOL QueryInformationJobObject(
 //		HANDLE             hJob,
diff --git a/vendor/github.com/Microsoft/hcsshim/internal/winapi/process.go b/vendor/github.com/Microsoft/hcsshim/internal/winapi/process.go
index 37839435b9399..5f9e03fd28e8a 100644
--- a/vendor/github.com/Microsoft/hcsshim/internal/winapi/process.go
+++ b/vendor/github.com/Microsoft/hcsshim/internal/winapi/process.go
@@ -6,3 +6,60 @@ const (
 	PROC_THREAD_ATTRIBUTE_PSEUDOCONSOLE = 0x20016
 	PROC_THREAD_ATTRIBUTE_JOB_LIST      = 0x2000D
 )
+
+// ProcessVmCounters corresponds to the _VM_COUNTERS_EX and _VM_COUNTERS_EX2 structures.
+const ProcessVmCounters = 3
+
+// __kernel_entry NTSTATUS NtQueryInformationProcess(
+// 	[in]            HANDLE           ProcessHandle,
+// 	[in]            PROCESSINFOCLASS ProcessInformationClass,
+// 	[out]           PVOID            ProcessInformation,
+// 	[in]            ULONG            ProcessInformationLength,
+// 	[out, optional] PULONG           ReturnLength
+// );
+//
+//sys NtQueryInformationProcess(processHandle windows.Handle, processInfoClass uint32, processInfo uintptr, processInfoLength uint32, returnLength *uint32) (status uint32) = ntdll.NtQueryInformationProcess
+
+// typedef struct _VM_COUNTERS_EX
+// {
+//    SIZE_T PeakVirtualSize;
+//    SIZE_T VirtualSize;
+//    ULONG PageFaultCount;
+//    SIZE_T PeakWorkingSetSize;
+//    SIZE_T WorkingSetSize;
+//    SIZE_T QuotaPeakPagedPoolUsage;
+//    SIZE_T QuotaPagedPoolUsage;
+//    SIZE_T QuotaPeakNonPagedPoolUsage;
+//    SIZE_T QuotaNonPagedPoolUsage;
+//    SIZE_T PagefileUsage;
+//    SIZE_T PeakPagefileUsage;
+//    SIZE_T PrivateUsage;
+// } VM_COUNTERS_EX, *PVM_COUNTERS_EX;
+//
+type VM_COUNTERS_EX struct {
+	PeakVirtualSize            uintptr
+	VirtualSize                uintptr
+	PageFaultCount             uint32
+	PeakWorkingSetSize         uintptr
+	WorkingSetSize             uintptr
+	QuotaPeakPagedPoolUsage    uintptr
+	QuotaPagedPoolUsage        uintptr
+	QuotaPeakNonPagedPoolUsage uintptr
+	QuotaNonPagedPoolUsage     uintptr
+	PagefileUsage              uintptr
+	PeakPagefileUsage          uintptr
+	PrivateUsage               uintptr
+}
+
+// typedef struct _VM_COUNTERS_EX2
+// {
+//    VM_COUNTERS_EX CountersEx;
+//    SIZE_T PrivateWorkingSetSize;
+//    SIZE_T SharedCommitUsage;
+// } VM_COUNTERS_EX2, *PVM_COUNTERS_EX2;
+//
+type VM_COUNTERS_EX2 struct {
+	CountersEx            VM_COUNTERS_EX
+	PrivateWorkingSetSize uintptr
+	SharedCommitUsage     uintptr
+}
diff --git a/vendor/github.com/Microsoft/hcsshim/internal/winapi/winapi.go b/vendor/github.com/Microsoft/hcsshim/internal/winapi/winapi.go
index 1d4ba3c4f8edc..d2cc9d9fba6d9 100644
--- a/vendor/github.com/Microsoft/hcsshim/internal/winapi/winapi.go
+++ b/vendor/github.com/Microsoft/hcsshim/internal/winapi/winapi.go
@@ -2,4 +2,4 @@
 // be thought of as an extension to golang.org/x/sys/windows.
 package winapi
 
-//go:generate go run ..\..\mksyscall_windows.go -output zsyscall_windows.go console.go system.go net.go path.go thread.go iocp.go jobobject.go logon.go memory.go process.go processor.go devices.go filesystem.go errors.go
+//go:generate go run ..\..\mksyscall_windows.go -output zsyscall_windows.go user.go console.go system.go net.go path.go thread.go jobobject.go logon.go memory.go process.go processor.go devices.go filesystem.go errors.go
diff --git a/vendor/github.com/Microsoft/hcsshim/internal/winapi/zsyscall_windows.go b/vendor/github.com/Microsoft/hcsshim/internal/winapi/zsyscall_windows.go
index 4eb64b4c0c463..39fb3e1adc08b 100644
--- a/vendor/github.com/Microsoft/hcsshim/internal/winapi/zsyscall_windows.go
+++ b/vendor/github.com/Microsoft/hcsshim/internal/winapi/zsyscall_windows.go
@@ -50,7 +50,6 @@ var (
 	procSetJobCompartmentId                    = modiphlpapi.NewProc(""SetJobCompartmentId"")
 	procSearchPathW                            = modkernel32.NewProc(""SearchPathW"")
 	procCreateRemoteThread                     = modkernel32.NewProc(""CreateRemoteThread"")
-	procGetQueuedCompletionStatus              = modkernel32.NewProc(""GetQueuedCompletionStatus"")
 	procIsProcessInJob                         = modkernel32.NewProc(""IsProcessInJob"")
 	procQueryInformationJobObject              = modkernel32.NewProc(""QueryInformationJobObject"")
 	procOpenJobObjectW                         = modkernel32.NewProc(""OpenJobObjectW"")
@@ -61,6 +60,7 @@ var (
 	procLogonUserW                             = modadvapi32.NewProc(""LogonUserW"")
 	procLocalAlloc                             = modkernel32.NewProc(""LocalAlloc"")
 	procLocalFree                              = modkernel32.NewProc(""LocalFree"")
+	procNtQueryInformationProcess              = modntdll.NewProc(""NtQueryInformationProcess"")
 	procGetActiveProcessorCount                = modkernel32.NewProc(""GetActiveProcessorCount"")
 	procCM_Get_Device_ID_List_SizeA            = modcfgmgr32.NewProc(""CM_Get_Device_ID_List_SizeA"")
 	procCM_Get_Device_ID_ListA                 = modcfgmgr32.NewProc(""CM_Get_Device_ID_ListA"")
@@ -140,19 +140,7 @@ func CreateRemoteThread(process windows.Handle, sa *windows.SecurityAttributes,
 	return
 }
 
-func GetQueuedCompletionStatus(cphandle windows.Handle, qty *uint32, key *uintptr, overlapped **windows.Overlapped, timeout uint32) (err error) {
-	r1, _, e1 := syscall.Syscall6(procGetQueuedCompletionStatus.Addr(), 5, uintptr(cphandle), uintptr(unsafe.Pointer(qty)), uintptr(unsafe.Pointer(key)), uintptr(unsafe.Pointer(overlapped)), uintptr(timeout), 0)
-	if r1 == 0 {
-		if e1 != 0 {
-			err = errnoErr(e1)
-		} else {
-			err = syscall.EINVAL
-		}
-	}
-	return
-}
-
-func IsProcessInJob(procHandle windows.Handle, jobHandle windows.Handle, result *bool) (err error) {
+func IsProcessInJob(procHandle windows.Handle, jobHandle windows.Handle, result *int32) (err error) {
 	r1, _, e1 := syscall.Syscall(procIsProcessInJob.Addr(), 3, uintptr(procHandle), uintptr(jobHandle), uintptr(unsafe.Pointer(result)))
 	if r1 == 0 {
 		if e1 != 0 {
@@ -256,6 +244,12 @@ func LocalFree(ptr uintptr) {
 	return
 }
 
+func NtQueryInformationProcess(processHandle windows.Handle, processInfoClass uint32, processInfo uintptr, processInfoLength uint32, returnLength *uint32) (status uint32) {
+	r0, _, _ := syscall.Syscall6(procNtQueryInformationProcess.Addr(), 5, uintptr(processHandle), uintptr(processInfoClass), uintptr(processInfo), uintptr(processInfoLength), uintptr(unsafe.Pointer(returnLength)), 0)
+	status = uint32(r0)
+	return
+}
+
 func GetActiveProcessorCount(groupNumber uint16) (amount uint32) {
 	r0, _, _ := syscall.Syscall(procGetActiveProcessorCount.Addr(), 1, uintptr(groupNumber), 0, 0)
 	amount = uint32(r0)
diff --git a/vendor/modules.txt b/vendor/modules.txt
index 31808d0ba5fdd..1d5050a36b464 100644
--- a/vendor/modules.txt
+++ b/vendor/modules.txt
@@ -11,7 +11,7 @@ github.com/Microsoft/go-winio/pkg/fs
 github.com/Microsoft/go-winio/pkg/guid
 github.com/Microsoft/go-winio/pkg/security
 github.com/Microsoft/go-winio/vhd
-# github.com/Microsoft/hcsshim v0.9.2
+# github.com/Microsoft/hcsshim v0.9.3
 ## explicit; go 1.13
 github.com/Microsoft/hcsshim
 github.com/Microsoft/hcsshim/cmd/containerd-shim-runhcs-v1/options
@@ -30,11 +30,13 @@ github.com/Microsoft/hcsshim/internal/hcs/schema2
 github.com/Microsoft/hcsshim/internal/hcserror
 github.com/Microsoft/hcsshim/internal/hns
 github.com/Microsoft/hcsshim/internal/interop
+github.com/Microsoft/hcsshim/internal/jobobject
 github.com/Microsoft/hcsshim/internal/log
 github.com/Microsoft/hcsshim/internal/logfields
 github.com/Microsoft/hcsshim/internal/longpath
 github.com/Microsoft/hcsshim/internal/mergemaps
 github.com/Microsoft/hcsshim/internal/oc
+github.com/Microsoft/hcsshim/internal/queue
 github.com/Microsoft/hcsshim/internal/regstate
 github.com/Microsoft/hcsshim/internal/runhcs
 github.com/Microsoft/hcsshim/internal/safefile",accepted_fault,Runtime Daemon Crash,Runtime Shim Config Error
issta2024_bugs_in_pods_understanding_bugs:84da1a7e50fcb59f,issta2024_bugs_in_pods_understanding_bugs,containerd,https://github.com/containerd/containerd/commit/b10536d64f8dc5d424d8bc048bae73f02d81a942,Reused errdefs define error,Signed-off-by: yanggang <gang.yang@daocloud.io>,no_comments_in_source,committed,2022-12-27T03:09:23+00:00,"[""oci/spec_opts_test.go"", ""snapshots/devmapper/metadata.go""]","diff --git a/oci/spec_opts_test.go b/oci/spec_opts_test.go
index 679e472056bd0..a70225d5e61fc 100644
--- a/oci/spec_opts_test.go
+++ b/oci/spec_opts_test.go
@@ -34,6 +34,7 @@ import (
 	""github.com/stretchr/testify/require""
 
 	""github.com/containerd/containerd/content""
+	""github.com/containerd/containerd/errdefs""
 	""github.com/opencontainers/go-digest""
 	ocispec ""github.com/opencontainers/image-spec/specs-go/v1""
 
@@ -93,41 +94,41 @@ func (i fakeImage) ContentStore() content.Store {
 func (i fakeImage) ReaderAt(ctx context.Context, dec ocispec.Descriptor) (content.ReaderAt, error) {
 	blob, found := i.blobs[dec.Digest.String()]
 	if !found {
-		return nil, errors.New(""not found"")
+		return nil, errdefs.ErrNotFound
 	}
 	return blob, nil
 }
 
 func (i fakeImage) Info(ctx context.Context, dgst digest.Digest) (content.Info, error) {
-	return content.Info{}, errors.New(""not implemented"")
+	return content.Info{}, errdefs.ErrNotImplemented
 }
 
 func (i fakeImage) Update(ctx context.Context, info content.Info, fieldpaths ...string) (content.Info, error) {
-	return content.Info{}, errors.New(""not implemented"")
+	return content.Info{}, errdefs.ErrNotImplemented
 }
 
 func (i fakeImage) Walk(ctx context.Context, fn content.WalkFunc, filters ...string) error {
-	return errors.New(""not implemented"")
+	return errdefs.ErrNotImplemented
 }
 
 func (i fakeImage) Delete(ctx context.Context, dgst digest.Digest) error {
-	return errors.New(""not implemented"")
+	return errdefs.ErrNotImplemented
 }
 
 func (i fakeImage) Status(ctx context.Context, ref string) (content.Status, error) {
-	return content.Status{}, errors.New(""not implemented"")
+	return content.Status{}, errdefs.ErrNotImplemented
 }
 
 func (i fakeImage) ListStatuses(ctx context.Context, filters ...string) ([]content.Status, error) {
-	return nil, errors.New(""not implemented"")
+	return nil, errdefs.ErrNotImplemented
 }
 
 func (i fakeImage) Abort(ctx context.Context, ref string) error {
-	return errors.New(""not implemented"")
+	return errdefs.ErrNotImplemented
 }
 
 func (i fakeImage) Writer(ctx context.Context, opts ...content.WriterOpt) (content.Writer, error) {
-	return nil, errors.New(""not implemented"")
+	return nil, errdefs.ErrNotImplemented
 }
 
 func TestReplaceOrAppendEnvValues(t *testing.T) {
diff --git a/snapshots/devmapper/metadata.go b/snapshots/devmapper/metadata.go
index e944e71c2caf4..00a989cf9468e 100644
--- a/snapshots/devmapper/metadata.go
+++ b/snapshots/devmapper/metadata.go
@@ -26,6 +26,7 @@ import (
 	""fmt""
 	""strconv""
 
+	""github.com/containerd/containerd/errdefs""
 	bolt ""go.etcd.io/bbolt""
 )
 
@@ -50,9 +51,9 @@ var (
 
 var (
 	// ErrNotFound represents an error returned when object not found in meta store
-	ErrNotFound = errors.New(""not found"")
+	ErrNotFound = errdefs.ErrNotFound
 	// ErrAlreadyExists represents an error returned when object can't be duplicated in meta store
-	ErrAlreadyExists = errors.New(""object already exists"")
+	ErrAlreadyExists = errdefs.ErrAlreadyExists
 )
 
 // PoolMetadata keeps device info for the given thin-pool device, generates next available device ids,",accepted_fault,Others,Improper Exception Handling
issta2024_bugs_in_pods_understanding_bugs:84eed044d6da0b10,issta2024_bugs_in_pods_understanding_bugs,containerd,https://github.com/containerd/containerd/commit/42eedc0bc733f579b37874a86ce9f72d41b355a4,Update ctr to make local the default for distribution,"Disable using transfer service by default for now

Signed-off-by: Derek McGowan <derek@mcg.dev>",no_comments_in_source,committed,2022-09-29T05:23:52+00:00,"[""cmd/ctr/commands/images/import.go"", ""cmd/ctr/commands/images/pull.go"", ""cmd/ctr/commands/images/push.go""]","diff --git a/cmd/ctr/commands/images/import.go b/cmd/ctr/commands/images/import.go
index 2c1d4144ead81..cde0bd1ce8d30 100644
--- a/cmd/ctr/commands/images/import.go
+++ b/cmd/ctr/commands/images/import.go
@@ -84,7 +84,7 @@ If foobar.tar contains an OCI ref named ""latest"" and anonymous ref ""sha256:deadb
 			Name:  ""no-unpack"",
 			Usage: ""skip unpacking the images, cannot be used with --discard-unpacked-layers, false by default"",
 		},
-		cli.BoolFlag{
+		cli.BoolTFlag{
 			Name:  ""local"",
 			Usage: ""run import locally rather than through transfer API"",
 		},
@@ -111,7 +111,7 @@ If foobar.tar contains an OCI ref named ""latest"" and anonymous ref ""sha256:deadb
 		}
 		defer cancel()
 
-		if !context.Bool(""local"") {
+		if !context.BoolT(""local"") {
 			var opts []image.StoreOpt
 			prefix := context.String(""base-name"")
 			if prefix == """" {
diff --git a/cmd/ctr/commands/images/pull.go b/cmd/ctr/commands/images/pull.go
index 2728d2ba751a4..a6612148cfe0a 100644
--- a/cmd/ctr/commands/images/pull.go
+++ b/cmd/ctr/commands/images/pull.go
@@ -73,7 +73,7 @@ command. As part of this process, we do the following:
 			Name:  ""max-concurrent-downloads"",
 			Usage: ""Set the max concurrent downloads for each pull"",
 		},
-		cli.BoolFlag{
+		cli.BoolTFlag{
 			Name:  ""local"",
 			Usage: ""Fetch content from local client rather than using transfer service"",
 		},
@@ -92,7 +92,7 @@ command. As part of this process, we do the following:
 		}
 		defer cancel()
 
-		if !context.Bool(""local"") {
+		if !context.BoolT(""local"") {
 			ch, err := commands.NewStaticCredentials(ctx, context, ref)
 			if err != nil {
 				return err
diff --git a/cmd/ctr/commands/images/push.go b/cmd/ctr/commands/images/push.go
index 8937d2930126e..defc25032f95c 100644
--- a/cmd/ctr/commands/images/push.go
+++ b/cmd/ctr/commands/images/push.go
@@ -70,9 +70,9 @@ var pushCommand = cli.Command{
 	}, cli.IntFlag{
 		Name:  ""max-concurrent-uploaded-layers"",
 		Usage: ""set the max concurrent uploaded layers for each push"",
-	}, cli.BoolFlag{
+	}, cli.BoolTFlag{
 		Name:  ""local"",
-		Usage: ""Push content from local client rather than using transfer service"",
+		Usage: ""push content from local client rather than using transfer service"",
 	}, cli.BoolFlag{
 		Name:  ""allow-non-distributable-blobs"",
 		Usage: ""allow pushing blobs that are marked as non-distributable"",
@@ -94,7 +94,7 @@ var pushCommand = cli.Command{
 		}
 		defer cancel()
 
-		if !context.Bool(""local"") {
+		if !context.BoolT(""local"") {
 			ch, err := commands.NewStaticCredentials(ctx, context, ref)
 			if err != nil {
 				return err",accepted_fault,Escalized Privilege,Unsafe API Usage
issta2024_bugs_in_pods_understanding_bugs:893bf62e7fbe8460,issta2024_bugs_in_pods_understanding_bugs,runc,https://github.com/opencontainers/runc/commit/2adeb6f9525d2444277c10a14e613b9ee536d291,nsexec: Remove bogus kill to stage_2_pid,"stage_2_pid is not yet assigned, so this kills the PID -1, but as
the sane_kill() wrapper is just a nop in that case. Just remove these
calls to kill stage_2_pid before it is cloned/assigned.

I've checked by executing the error paths that no binary is left by mistake.

Signed-off-by: Rodrigo Campos <rodrigoca@microsoft.com>",no_comments_in_source,committed,2023-02-06T15:43:40+00:00,"[""libcontainer/nsenter/nsexec.c""]","diff --git a/libcontainer/nsenter/nsexec.c b/libcontainer/nsenter/nsexec.c
index b12f2355c7a..829dcc86343 100644
--- a/libcontainer/nsenter/nsexec.c
+++ b/libcontainer/nsenter/nsexec.c
@@ -1034,7 +1034,6 @@ void nsexec(void)
 					/* Get the stage-2 pid. */
 					if (read(syncfd, &stage2_pid, sizeof(stage2_pid)) != sizeof(stage2_pid)) {
 						sane_kill(stage1_pid, SIGKILL);
-						sane_kill(stage2_pid, SIGKILL);
 						bail(""failed to sync with stage-1: read(stage2_pid)"");
 					}
 
@@ -1231,23 +1230,17 @@ void nsexec(void)
 			/* Ask our parent to send the mount sources fds. */
 			if (config.mountsources) {
 				s = SYNC_MOUNTSOURCES_PLS;
-				if (write(syncfd, &s, sizeof(s)) != sizeof(s)) {
-					sane_kill(stage2_pid, SIGKILL);
+				if (write(syncfd, &s, sizeof(s)) != sizeof(s))
 					bail(""failed to sync with parent: write(SYNC_MOUNTSOURCES_PLS)"");
-				}
 
 				/* Receive and install all mount sources fds. */
 				receive_mountsources(syncfd);
 
 				/* Parent finished to send the mount sources fds. */
-				if (read(syncfd, &s, sizeof(s)) != sizeof(s)) {
-					sane_kill(stage2_pid, SIGKILL);
+				if (read(syncfd, &s, sizeof(s)) != sizeof(s))
 					bail(""failed to sync with parent: read(SYNC_MOUNTSOURCES_ACK)"");
-				}
-				if (s != SYNC_MOUNTSOURCES_ACK) {
-					sane_kill(stage2_pid, SIGKILL);
+				if (s != SYNC_MOUNTSOURCES_ACK)
 					bail(""failed to sync with parent: SYNC_MOUNTSOURCES_ACK: got %u"", s);
-				}
 			}
 
 			/*",accepted_fault,Others,Wrong Code Logic
issta2024_bugs_in_pods_understanding_bugs:89867a1d3112fdb0,issta2024_bugs_in_pods_understanding_bugs,containerd,https://github.com/containerd/containerd/commit/22cd13b3702753b4b28a731a7d8a5c4794307a16,fix nil pointer panic for monitor,Signed-off-by: Ye Sijun <junnplus@gmail.com>,no_comments_in_source,committed,2022-04-20T05:47:09+00:00,"[""runtime/restart/monitor/monitor.go""]","diff --git a/runtime/restart/monitor/monitor.go b/runtime/restart/monitor/monitor.go
index d1f05521704bd..5a8e5622d0497 100644
--- a/runtime/restart/monitor/monitor.go
+++ b/runtime/restart/monitor/monitor.go
@@ -214,21 +214,30 @@ func (m *monitor) monitor(ctx context.Context) ([]change, error) {
 	}
 	var changes []change
 	for _, c := range containers {
+		var (
+			task   containerd.Task
+			status containerd.Status
+			err    error
+		)
 		labels, err := c.Labels(ctx)
 		if err != nil {
 			return nil, err
 		}
 		desiredStatus := containerd.ProcessStatus(labels[restart.StatusLabel])
-		task, err := c.Task(ctx, nil)
-		if err != nil && desiredStatus == containerd.Stopped {
-			continue
-		}
-		status, err := task.Status(ctx)
-		if err != nil && desiredStatus == containerd.Stopped {
-			continue
+		if task, err = c.Task(ctx, nil); err == nil {
+			if status, err = task.Status(ctx); err == nil {
+				if desiredStatus == status.Status {
+					continue
+				}
+			}
 		}
-		if desiredStatus == status.Status {
-			continue
+
+		// Task or Status return error, only desired to stop
+		if err != nil {
+			logrus.WithError(err).Error(""monitor"")
+			if desiredStatus != containerd.Stopped {
+				continue
+			}
 		}
 
 		switch desiredStatus {",accepted_fault,Logging Error,Unsafe API Usage
issta2024_bugs_in_pods_understanding_bugs:8cd99dc15c49d154,issta2024_bugs_in_pods_understanding_bugs,cri-o,https://github.com/cri-o/cri-o/commit/88f5e154d6b92b120ad4ce906d0fa3fb3b1a92a4,server: remove ineffective `updateLock`.,"Remove effectively unused Server.updateLock. It is only
ever RLocked()/RUnlocked(). A leftover that should have
been removed in b56da85fc.

Signed-off-by: Krisztian Litkey <krisztian.litkey@intel.com>",no_comments_in_source,committed,2021-08-27T12:43:20+00:00,"[""server/container_create.go"", ""server/sandbox_run_linux.go"", ""server/server.go""]","diff --git a/server/container_create.go b/server/container_create.go
index df08616358a..2202e6e200a 100644
--- a/server/container_create.go
+++ b/server/container_create.go
@@ -412,8 +412,6 @@ func hostNetwork(containerConfig *types.ContainerConfig) bool {
 func (s *Server) CreateContainer(ctx context.Context, req *types.CreateContainerRequest) (res *types.CreateContainerResponse, retErr error) {
 	log.Infof(ctx, ""Creating container: %s"", translateLabelsToDescription(req.Config.Labels))
 
-	s.updateLock.RLock()
-	defer s.updateLock.RUnlock()
 	sb, err := s.getPodSandboxFromRequest(req.PodSandboxID)
 	if err != nil {
 		if err == sandbox.ErrIDEmpty {
diff --git a/server/sandbox_run_linux.go b/server/sandbox_run_linux.go
index 8d16090f2ce..929a559a333 100644
--- a/server/sandbox_run_linux.go
+++ b/server/sandbox_run_linux.go
@@ -269,9 +269,6 @@ func (s *Server) getSandboxIDMappings(sb *libsandbox.Sandbox) (*idtools.IDMappin
 }
 
 func (s *Server) runPodSandbox(ctx context.Context, req *types.RunPodSandboxRequest) (resp *types.RunPodSandboxResponse, retErr error) {
-	s.updateLock.RLock()
-	defer s.updateLock.RUnlock()
-
 	sbox := sandbox.New()
 	if err := sbox.SetConfig(req.Config); err != nil {
 		return nil, errors.Wrap(err, ""setting sandbox config"")
diff --git a/server/server.go b/server/server.go
index b74c1524833..ccbdc60ade3 100644
--- a/server/server.go
+++ b/server/server.go
@@ -65,8 +65,6 @@ type Server struct {
 	monitorsChan      chan struct{}
 	defaultIDMappings *idtools.IDMappings
 
-	updateLock sync.RWMutex
-
 	// pullOperationsInProgress is used to avoid pulling the same image in parallel. Goroutines
 	// will block on the pullResult.
 	pullOperationsInProgress map[pullArguments]*pullOperation",rejected_candidate,,
issta2024_bugs_in_pods_understanding_bugs:903f04b86788fc87,issta2024_bugs_in_pods_understanding_bugs,cri-o,https://github.com/cri-o/cri-o/commit/1af1f8af2c7e23525102dffbf0899b69e34ed3d2,pinns: Pass sysctls as repeated '-s' arguments,"Use repeated '-s' arguments to pass sysctls keys and values to pinns
to replace the serialization in cri-o and parsing in pinns.

To simplify the logic, this allocates an 'argc/2' sized array to store
the pointers to the sysctls `k=v` pairs. This array will in most cases
be much bigger than what is really needed but this should be safe as
argc is limited in size on Linux.

See: https://github.com/cri-o/cri-o/security/advisories/GHSA-6x2m-w449-qwx7

Signed-off-by: Timothée Ravier <tim@siosm.fr>",no_comments_in_source,committed,2022-03-16T13:20:25+00:00,"[""internal/config/nsmgr/nsmgr.go"", ""pinns/src/pinns.c"", ""pinns/src/sysctl.c"", ""pinns/src/sysctl.h""]","diff --git a/internal/config/nsmgr/nsmgr.go b/internal/config/nsmgr/nsmgr.go
index 6c7d8ced61b..344419b5129 100644
--- a/internal/config/nsmgr/nsmgr.go
+++ b/internal/config/nsmgr/nsmgr.go
@@ -5,7 +5,6 @@ import (
 	""fmt""
 	""os""
 	""path/filepath""
-	""strings""
 	""syscall""
 
 	nspkg ""github.com/containernetworking/plugins/pkg/ns""
@@ -87,12 +86,8 @@ func (mgr *NamespaceManager) NewPodNamespaces(cfg *PodNamespacesConfig) ([]Names
 		""-f"", pinnedNamespace,
 	}
 
-	if len(cfg.Sysctls) != 0 {
-		pinnsSysctls, err := getSysctlForPinns(cfg.Sysctls)
-		if err != nil {
-			return nil, errors.Wrapf(err, ""invalid sysctl"")
-		}
-		pinnsArgs = append(pinnsArgs, ""-s"", pinnsSysctls)
+	for key, value := range cfg.Sysctls {
+		pinnsArgs = append(pinnsArgs, ""-s"", fmt.Sprintf(""%s=%s"", key, value))
 	}
 
 	var rootPair idtools.IDPair
@@ -175,20 +170,6 @@ func getMappingsForPinns(mappings []idtools.IDMap) string {
 	return g.String()
 }
 
-func getSysctlForPinns(sysctls map[string]string) (string, error) {
-	// This assumes there's no valid sysctl value with a `+` in it
-	// and as such errors if one is found.
-	const pinnsSysctlDelim = ""+""
-	g := new(bytes.Buffer)
-	for key, value := range sysctls {
-		if strings.Contains(key, pinnsSysctlDelim) || strings.Contains(value, pinnsSysctlDelim) {
-			return """", errors.Errorf(""'%s=%s' is invalid: %s found yet should not be present"", key, value, pinnsSysctlDelim)
-		}
-		fmt.Fprintf(g, ""'%s=%s'%s"", key, value, pinnsSysctlDelim)
-	}
-	return strings.TrimSuffix(g.String(), pinnsSysctlDelim), nil
-}
-
 // NamespaceFromProcEntry creates a new namespace object from a bind mount from a processes proc entry.
 // The caller is responsible for cleaning up the namespace by calling Namespace.Remove().
 // This function is heavily based on containernetworking ns package found at:
diff --git a/pinns/src/pinns.c b/pinns/src/pinns.c
index dc25d09cb63..f44df477112 100644
--- a/pinns/src/pinns.c
+++ b/pinns/src/pinns.c
@@ -49,7 +49,8 @@ int main(int argc, char **argv) {
   bool bind_user = false;
   bool bind_cgroup = false;
   bool bind_mount = false;
-  char *sysctls = NULL;
+  char **sysctls = NULL;
+  int sysctls_count = 0;
   char res;
 
   static const struct option long_options[] = {
@@ -67,6 +68,8 @@ int main(int argc, char **argv) {
       {""sysctl"", optional_argument, NULL, 's'},
   };
 
+  sysctls = calloc(argc/2, sizeof(char *));
+
   while ((c = getopt_long(argc, argv, ""mpchuUind:f:s:"", long_options, NULL)) != -1) {
     switch (c) {
     case 'u':
@@ -113,7 +116,8 @@ int main(int argc, char **argv) {
       pin_path = optarg;
       break;
     case 's':
-	  sysctls = optarg;
+      sysctls[sysctls_count] = optarg;
+      sysctls_count++;
       break;
     case 'f':
       filename = optarg;
@@ -239,7 +243,7 @@ int main(int argc, char **argv) {
     close(p[0]);
   }
 
-  if (sysctls && configure_sysctls(sysctls) < 0) {
+  if (sysctls_count != 0 && configure_sysctls(sysctls, sysctls_count) < 0) {
     pexit(""Failed to configure sysctls after unshare"");
   }
 
diff --git a/pinns/src/sysctl.c b/pinns/src/sysctl.c
index 058afb9a7e7..52ecd178050 100644
--- a/pinns/src/sysctl.c
+++ b/pinns/src/sysctl.c
@@ -8,37 +8,27 @@
 
 static int separate_sysctl_key_value (char* sysctl_key_value, char** sysctl_key, char** sysctl_value);
 static int write_sysctl_to_file (char * sysctl_key, char* sysctl_value);
-const char *sysctl_delim = ""+"";
 
-int configure_sysctls (char * const sysctls)
+int configure_sysctls (char ** const sysctls, int size)
 {
-  char* sysctl = strtok(sysctls, sysctl_delim);
   char* key = NULL;
   char* value = NULL;
-  while (sysctl)
+
+  for (int i = 0; i < size; ++i)
   {
-    if (separate_sysctl_key_value (sysctl, &key, &value) < 0)
+    if (separate_sysctl_key_value (sysctls[i], &key, &value) < 0)
       return -1;
 
     if (write_sysctl_to_file (key, value) < 0)
       return -1;
-    sysctl = strtok (NULL, sysctl_delim);
   }
 
   return 0;
 }
 
-// key_value should be in the form `'k=v'`
+// key_value should be in the form `k=v`
 static int separate_sysctl_key_value (char* key_value, char** key, char** value)
 {
-  // begin by stripping the `'`, we now have `k=v'`
-  bool quote_stripped = false;
-  if (*key_value == '\'')
-  {
-    key_value++;
-    quote_stripped = true;
-  }
-
   // now find the `=` and convert it to a delimiter
   char * equals_token = strchr (key_value, '=');
   if (!equals_token)
@@ -55,31 +45,21 @@ static int separate_sysctl_key_value (char* key_value, char** key, char** value)
     return -1;
   }
 
-  // we now have `k\0v'`
+  // we now have `k\0v`
   *equals_token = '\0';
-
   // key is now `k`
   *key = key_value;
-
-  // equals_token is now `v'`
+  // equals_token is now `v`
   ++equals_token;
-
-  // if we stripped the beginning single quote
-  // we should find and strip the ending, as well as anything after
-  if (quote_stripped)
-  {
-    char* ending_char = strchr (equals_token, '\'');
-    if (ending_char)
-      *ending_char = '\0';
-  }
-
   // value is now `v`
   *value = equals_token;
+
   if (!strlen (*value))
   {
     nwarnf (""sysctl must be in the form of 'key=value'; value is empty"");
     return -1;
   }
+
   return 0;
 }
 
diff --git a/pinns/src/sysctl.h b/pinns/src/sysctl.h
index 9f90d4e3aef..2a753eb1120 100644
--- a/pinns/src/sysctl.h
+++ b/pinns/src/sysctl.h
@@ -2,6 +2,6 @@
 #if !defined(SYSCTL_H)
 #define SYSCTL_H
 
-int configure_sysctls (char * const sysctls);
+int configure_sysctls (char ** const sysctls, int size);
 
 #endif // SYSCTL_H",accepted_fault,Escalized Privilege,Incorrect System Config
issta2024_bugs_in_pods_understanding_bugs:940977f713d1b9e5,issta2024_bugs_in_pods_understanding_bugs,gvisor,https://github.com/google/gvisor/commit/7dbe1e6670860b7e4e2588c350adabee43bdf05c,Fix connect() not properly setting endpoint state.,"If connect does not set the state to Connecting before taking over the binding
of another endpoint in TIME_WAIT, a race can happen where an segment is
processed without the endpoint having a proper state, causing a panic.

PiperOrigin-RevId: 453109764",no_comments_in_source,committed,2022-06-06T02:08:14+00:00,"[""pkg/tcpip/transport/tcp/endpoint.go"", ""pkg/tcpip/transport/tcp/test/e2e/tcp_test.go""]","diff --git a/pkg/tcpip/transport/tcp/endpoint.go b/pkg/tcpip/transport/tcp/endpoint.go
index c2d9d23ac1..af603b15d8 100644
--- a/pkg/tcpip/transport/tcp/endpoint.go
+++ b/pkg/tcpip/transport/tcp/endpoint.go
@@ -2162,73 +2162,11 @@ func (e *endpoint) Connect(addr tcpip.FullAddress) tcpip.Error {
 	return err
 }
 
-// connect connects the endpoint to its peer.
+// registerEndpoint registers the endpoint with the provided address.
+//
 // +checklocks:e.mu
-func (e *endpoint) connect(addr tcpip.FullAddress, handshake bool) tcpip.Error {
-	connectingAddr := addr.Addr
-
-	addr, netProto, err := e.checkV4MappedLocked(addr)
-	if err != nil {
-		return err
-	}
-
-	if e.EndpointState().connected() {
-		// The endpoint is already connected. If caller hasn't been
-		// notified yet, return success.
-		if !e.isConnectNotified {
-			e.isConnectNotified = true
-			return nil
-		}
-		// Otherwise return that it's already connected.
-		return &tcpip.ErrAlreadyConnected{}
-	}
-
-	nicID := addr.NIC
-	switch e.EndpointState() {
-	case StateBound:
-		// If we're already bound to a NIC but the caller is requesting
-		// that we use a different one now, we cannot proceed.
-		if e.boundNICID == 0 {
-			break
-		}
-
-		if nicID != 0 && nicID != e.boundNICID {
-			return &tcpip.ErrNoRoute{}
-		}
-
-		nicID = e.boundNICID
-
-	case StateInitial:
-		// Nothing to do. We'll eventually fill-in the gaps in the ID (if any)
-		// when we find a route.
-
-	case StateConnecting, StateSynSent, StateSynRecv:
-		// A connection request has already been issued but hasn't completed
-		// yet.
-		return &tcpip.ErrAlreadyConnecting{}
-
-	case StateError:
-		if err := e.hardErrorLocked(); err != nil {
-			return err
-		}
-		return &tcpip.ErrConnectionAborted{}
-
-	default:
-		return &tcpip.ErrInvalidEndpointState{}
-	}
-
-	// Find a route to the desired destination.
-	r, err := e.stack.FindRoute(nicID, e.TransportEndpointInfo.ID.LocalAddress, addr.Addr, netProto, false /* multicastLoop */)
-	if err != nil {
-		return err
-	}
-	defer r.Release()
-
+func (e *endpoint) registerEndpoint(addr tcpip.FullAddress, netProto tcpip.NetworkProtocolNumber, nicID tcpip.NICID) tcpip.Error {
 	netProtos := []tcpip.NetworkProtocolNumber{netProto}
-	e.TransportEndpointInfo.ID.LocalAddress = r.LocalAddress()
-	e.TransportEndpointInfo.ID.RemoteAddress = r.RemoteAddress()
-	e.TransportEndpointInfo.ID.RemotePort = addr.Port
-
 	if e.TransportEndpointInfo.ID.LocalPort != 0 {
 		// The endpoint is bound to a port, attempt to register it.
 		err := e.stack.RegisterTransportEndpoint(netProtos, ProtocolNumber, e.TransportEndpointInfo.ID, e, e.boundPortFlags, e.boundBindToDevice)
@@ -2306,7 +2244,7 @@ func (e *endpoint) connect(addr tcpip.FullAddress, handshake bool) tcpip.Error {
 				// done yet) or the reservation was freed between the check above and
 				// the FindTransportEndpoint below. But rather than retry the same port
 				// we just skip it and move on.
-				transEP := e.stack.FindTransportEndpoint(netProto, ProtocolNumber, transEPID, r.NICID())
+				transEP := e.stack.FindTransportEndpoint(netProto, ProtocolNumber, transEPID, nicID)
 				if transEP == nil {
 					// ReservePort failed but there is no registered endpoint with
 					// demuxer. Which indicates there is at least some endpoint that has
@@ -2377,13 +2315,87 @@ func (e *endpoint) connect(addr tcpip.FullAddress, handshake bool) tcpip.Error {
 			return err
 		}
 	}
+	return nil
+}
 
-	e.isRegistered = true
+// connect connects the endpoint to its peer.
+// +checklocks:e.mu
+func (e *endpoint) connect(addr tcpip.FullAddress, handshake bool) tcpip.Error {
+	connectingAddr := addr.Addr
+
+	addr, netProto, err := e.checkV4MappedLocked(addr)
+	if err != nil {
+		return err
+	}
+
+	if e.EndpointState().connected() {
+		// The endpoint is already connected. If caller hasn't been
+		// notified yet, return success.
+		if !e.isConnectNotified {
+			e.isConnectNotified = true
+			return nil
+		}
+		// Otherwise return that it's already connected.
+		return &tcpip.ErrAlreadyConnected{}
+	}
+
+	nicID := addr.NIC
+	switch e.EndpointState() {
+	case StateBound:
+		// If we're already bound to a NIC but the caller is requesting
+		// that we use a different one now, we cannot proceed.
+		if e.boundNICID == 0 {
+			break
+		}
+
+		if nicID != 0 && nicID != e.boundNICID {
+			return &tcpip.ErrNoRoute{}
+		}
+
+		nicID = e.boundNICID
+
+	case StateInitial:
+		// Nothing to do. We'll eventually fill-in the gaps in the ID (if any)
+		// when we find a route.
+
+	case StateConnecting, StateSynSent, StateSynRecv:
+		// A connection request has already been issued but hasn't completed
+		// yet.
+		return &tcpip.ErrAlreadyConnecting{}
+
+	case StateError:
+		if err := e.hardErrorLocked(); err != nil {
+			return err
+		}
+		return &tcpip.ErrConnectionAborted{}
+
+	default:
+		return &tcpip.ErrInvalidEndpointState{}
+	}
+
+	// Find a route to the desired destination.
+	r, err := e.stack.FindRoute(nicID, e.TransportEndpointInfo.ID.LocalAddress, addr.Addr, netProto, false /* multicastLoop */)
+	if err != nil {
+		return err
+	}
+	defer r.Release()
+
+	e.TransportEndpointInfo.ID.LocalAddress = r.LocalAddress()
+	e.TransportEndpointInfo.ID.RemoteAddress = r.RemoteAddress()
+	e.TransportEndpointInfo.ID.RemotePort = addr.Port
+
+	oldState := e.EndpointState()
 	e.setEndpointState(StateConnecting)
+	if err := e.registerEndpoint(addr, netProto, r.NICID()); err != nil {
+		e.setEndpointState(oldState)
+		return err
+	}
+
+	e.isRegistered = true
 	r.Acquire()
 	e.route = r
 	e.boundNICID = nicID
-	e.effectiveNetProtos = netProtos
+	e.effectiveNetProtos = []tcpip.NetworkProtocolNumber{netProto}
 	e.connectingAddress = connectingAddr
 
 	e.initGSO()
diff --git a/pkg/tcpip/transport/tcp/test/e2e/tcp_test.go b/pkg/tcpip/transport/tcp/test/e2e/tcp_test.go
index f2a31f1a61..c1a7abb320 100644
--- a/pkg/tcpip/transport/tcp/test/e2e/tcp_test.go
+++ b/pkg/tcpip/transport/tcp/test/e2e/tcp_test.go
@@ -4982,6 +4982,105 @@ func TestReusePort(t *testing.T) {
 	}
 }
 
+func TestTimeWaitAssassination(t *testing.T) {
+	var wg sync.WaitGroup
+	defer wg.Wait()
+	// We need to run this test lots of times because it triggers a very rare race
+	// condition in segment processing.
+	initalTestPort := 1024
+	testRuns := 25
+	for port := initalTestPort; port < initalTestPort+testRuns; port++ {
+		wg.Add(1)
+		go func(port uint16) {
+			defer wg.Done()
+			c := context.New(t, e2e.DefaultMTU)
+			defer c.Cleanup()
+
+			twReuse := tcpip.TCPTimeWaitReuseOption(tcpip.TCPTimeWaitReuseGlobal)
+			if err := c.Stack().SetTransportProtocolOption(tcp.ProtocolNumber, &twReuse); err != nil {
+				t.Errorf(""s.TransportProtocolOption(%v, %v) = %v"", tcp.ProtocolNumber, &twReuse, err)
+			}
+
+			if err := c.Stack().SetPortRange(port, port); err != nil {
+				t.Errorf(""got s.SetPortRange(%d, %d) = %s, want = nil"", port, port, err)
+			}
+
+			iss := seqnum.Value(context.TestInitialSequenceNumber)
+			c.CreateConnected(context.TestInitialSequenceNumber, 30000, -1)
+			c.EP.Close()
+
+			checker.IPv4(t, c.GetPacket(), checker.TCP(
+				checker.SrcPort(port),
+				checker.DstPort(context.TestPort),
+				checker.TCPSeqNum(uint32(c.IRS+1)),
+				checker.TCPAckNum(uint32(iss)+1),
+				checker.TCPFlags(header.TCPFlagFin|header.TCPFlagAck)))
+
+			finHeaders := &context.Headers{
+				SrcPort: context.TestPort,
+				DstPort: port,
+				Flags:   header.TCPFlagAck | header.TCPFlagFin,
+				SeqNum:  iss + 1,
+				AckNum:  c.IRS + 2,
+			}
+
+			c.SendPacket(nil, finHeaders)
+
+			// c.EP is in TIME_WAIT. We must allow for a second to pass before the
+			// new endpoint is allowed to take over the old endpoint's binding.
+			time.Sleep(time.Second)
+
+			seq := iss + 1
+			ack := c.IRS + 2
+
+			var wg sync.WaitGroup
+			defer wg.Wait()
+
+			wg.Add(1)
+			go func() {
+				defer wg.Done()
+				// The new endpoint will take over the binding.
+				c.Create(-1)
+				timeout := time.After(5 * time.Second)
+			connect:
+				for {
+					select {
+					case <-timeout:
+						break connect
+					default:
+						err := c.EP.Connect(tcpip.FullAddress{Addr: context.TestAddr, Port: context.TestPort})
+						// It can take some extra time for the port to be available.
+						if _, ok := err.(*tcpip.ErrNoPortAvailable); ok {
+							continue connect
+						}
+						if _, ok := err.(*tcpip.ErrConnectStarted); !ok {
+							t.Errorf(""Unexpected return value from Connect: %v"", err)
+						}
+						break connect
+					}
+				}
+			}()
+
+			// If the new endpoint does not properly transition to connecting before
+			// taking over the port reservation, sending acks will cause the processor
+			// to panic 1-5% of the time.
+			for i := 0; i < 5; i++ {
+				wg.Add(1)
+				go func() {
+					defer wg.Done()
+					c.SendPacket(nil, &context.Headers{
+						SrcPort: context.TestPort,
+						DstPort: port,
+						Flags:   header.TCPFlagAck,
+						SeqNum:  seq,
+						AckNum:  ack,
+					})
+				}()
+			}
+		}(uint16(port))
+	}
+}
+
 func checkRecvBufferSize(t *testing.T, ep tcpip.Endpoint, v int) {
 	t.Helper()",rejected_candidate,,
issta2024_bugs_in_pods_understanding_bugs:94ca4ea81e494754,issta2024_bugs_in_pods_understanding_bugs,containerd,https://github.com/containerd/containerd/commit/e3298cf12785fd7fd0f21ebba06d3309d050e24c,Merge pull request #7092 from junnplus/doc-devmapper,fix: missing sudo for devmapper doc,no_comments_in_source,committed,2022-06-22T17:58:41+00:00,"[""docs/snapshotters/devmapper.md""]","diff --git a/docs/snapshotters/devmapper.md b/docs/snapshotters/devmapper.md
index ae95bad29aed3..9f2f2b537ef7b 100644
--- a/docs/snapshotters/devmapper.md
+++ b/docs/snapshotters/devmapper.md
@@ -63,7 +63,7 @@ set -ex
 DATA_DIR=/var/lib/containerd/devmapper
 POOL_NAME=devpool
 
-mkdir -p ${DATA_DIR}
+sudo mkdir -p ${DATA_DIR}
 
 # Create data file
 sudo touch ""${DATA_DIR}/data""",rejected_candidate,,
issta2024_bugs_in_pods_understanding_bugs:a5a635138541e151,issta2024_bugs_in_pods_understanding_bugs,containerd,https://github.com/containerd/containerd/commit/7beaa5e8594f088b97f637cc98a871c16634225c,Add mount options to blockfile snapshotter,Signed-off-by: Derek McGowan <derek@mcg.dev>,no_comments_in_source,committed,2023-05-23T17:33:23+00:00,"[""snapshots/blockfile/blockfile.go"", ""snapshots/blockfile/blockfile_loopsetup_test.go"", ""snapshots/blockfile/plugin/plugin.go""]","diff --git a/snapshots/blockfile/blockfile.go b/snapshots/blockfile/blockfile.go
index 9886272e2fd06..a504a62ef9771 100644
--- a/snapshots/blockfile/blockfile.go
+++ b/snapshots/blockfile/blockfile.go
@@ -41,6 +41,9 @@ type SnapshotterConfig struct {
 
 	// fsType is the filesystem type for the mount (defaults to ext4)
 	fsType string
+
+	// mountOptions are the base options added to the mount (defaults to [""loop""])
+	mountOptions []string
 }
 
 // Opt is an option to configure the overlay snapshotter
@@ -68,10 +71,19 @@ func WithFSType(fsType string) Opt {
 	}
 }
 
+// WithMountOptions defines the mount options used for the mount
+func WithMountOptions(options []string) Opt {
+	return func(root string, config *SnapshotterConfig) {
+		config.mountOptions = options
+	}
+
+}
+
 type snapshotter struct {
 	root    string
 	scratch string
 	fsType  string
+	options []string
 	ms      *storage.MetaStore
 }
 
@@ -110,6 +122,10 @@ func NewSnapshotter(root string, opts ...Opt) (snapshots.Snapshotter, error) {
 		config.fsType = ""ext4""
 	}
 
+	if config.mountOptions != nil {
+		config.mountOptions = []string{""loop""}
+	}
+
 	ms, err := storage.NewMetaStore(filepath.Join(root, ""metadata.db""))
 	if err != nil {
 		return nil, err
@@ -123,6 +139,7 @@ func NewSnapshotter(root string, opts ...Opt) (snapshots.Snapshotter, error) {
 		root:    root,
 		scratch: scratch,
 		fsType:  config.fsType,
+		options: config.mountOptions,
 		ms:      ms,
 	}, nil
 }
@@ -356,10 +373,8 @@ func (o *snapshotter) getBlockFile(id string) string {
 
 func (o *snapshotter) mounts(s storage.Snapshot) []mount.Mount {
 	var (
-		mountOptions = []string{
-			""loop"",
-		}
-		source string
+		mountOptions = o.options
+		source       string
 	)
 
 	if s.Kind == snapshots.KindView {
diff --git a/snapshots/blockfile/blockfile_loopsetup_test.go b/snapshots/blockfile/blockfile_loopsetup_test.go
index 816f12ffdce3d..06b4dd3060885 100644
--- a/snapshots/blockfile/blockfile_loopsetup_test.go
+++ b/snapshots/blockfile/blockfile_loopsetup_test.go
@@ -66,6 +66,8 @@ func setupSnapshotter(t *testing.T) ([]Opt, error) {
 
 	return []Opt{
 		WithScratchFile(scratch),
+		WithFSType(""ext4""),
+		WithMountOptions([]string{""loop"", ""sync""}),
 	}, nil
 }
 
diff --git a/snapshots/blockfile/plugin/plugin.go b/snapshots/blockfile/plugin/plugin.go
index a3c0f0d5227ac..8381537cf9a0f 100644
--- a/snapshots/blockfile/plugin/plugin.go
+++ b/snapshots/blockfile/plugin/plugin.go
@@ -34,6 +34,9 @@ type Config struct {
 
 	// FSType is the filesystem type for the mount
 	FSType string `toml:""fs_type""`
+
+	// MountOptions are options used for the mount
+	MountOptions []string `toml:""mount_options""`
 }
 
 func init() {
@@ -60,6 +63,9 @@ func init() {
 			if config.FSType != """" {
 				opts = append(opts, blockfile.WithFSType(config.FSType))
 			}
+			if len(config.MountOptions) > 0 {
+				opts = append(opts, blockfile.WithMountOptions(config.MountOptions))
+			}
 
 			return blockfile.NewSnapshotter(root, opts...)
 		},",rejected_candidate,,
issta2024_bugs_in_pods_understanding_bugs:a8ea9515ca40ce36,issta2024_bugs_in_pods_understanding_bugs,containerd,https://github.com/containerd/containerd/commit/98cb6d7eb8c95de40e8d908a3285e94fb16a44e3,cri/sbserver: ignore the NOT_FOUND error in exec cleanup,Signed-off-by: Wei Fu <fuweid89@gmail.com>,no_comments_in_source,committed,2023-03-03T04:19:40+00:00,"[""pkg/cri/sbserver/container_execsync.go""]","diff --git a/pkg/cri/sbserver/container_execsync.go b/pkg/cri/sbserver/container_execsync.go
index 6edd96da7793a..cd67037ac3f8e 100644
--- a/pkg/cri/sbserver/container_execsync.go
+++ b/pkg/cri/sbserver/container_execsync.go
@@ -170,7 +170,7 @@ func (c *criService) execInternal(ctx context.Context, container containerd.Cont
 	defer func() {
 		deferCtx, deferCancel := util.DeferContext()
 		defer deferCancel()
-		if _, err := process.Delete(deferCtx, containerd.WithProcessKill); err != nil {
+		if _, err := process.Delete(deferCtx, containerd.WithProcessKill); err != nil && !errdefs.IsNotFound(err) {
 			log.G(ctx).WithError(err).Errorf(""Failed to delete exec process %q for container %q"", execID, id)
 		}
 	}()",accepted_fault,Plugin Management Error,Improper Exception Handling
issta2024_bugs_in_pods_understanding_bugs:aaf70cc4331717f4,issta2024_bugs_in_pods_understanding_bugs,gvisor,https://github.com/google/gvisor/commit/8f69139e70203ceb0e1a8472f0cdf7a8d4278a11,Add back filesystem type dimensions to benchmarks.,"Fixes a933719841fb (""Add FUSE dimension to gvisor macrobenchmarks."").

PiperOrigin-RevId: 534591592",no_comments_in_source,committed,2023-05-23T23:07:09+00:00,"[""test/benchmarks/fs/fsbench/fsbench.go"", ""test/benchmarks/harness/util.go""]","diff --git a/test/benchmarks/fs/fsbench/fsbench.go b/test/benchmarks/fs/fsbench/fsbench.go
index 3eac6977f5..344188a26a 100644
--- a/test/benchmarks/fs/fsbench/fsbench.go
+++ b/test/benchmarks/fs/fsbench/fsbench.go
@@ -64,7 +64,7 @@ type Variant struct {
 // TypicalVariants returns the typical full set of benchmark variants.
 func TypicalVariants() []Variant {
 	variants := make([]Variant, 0, 8)
-	for _, filesys := range []harness.FileSystemType{harness.FuseFS} {
+	for _, filesys := range []harness.FileSystemType{harness.BindFS, harness.TmpFS, harness.RootFS, harness.FuseFS} {
 		variants = append(variants, Variant{
 			clearCache: true,
 			fsType:     filesys,
diff --git a/test/benchmarks/harness/util.go b/test/benchmarks/harness/util.go
index a511ec06a5..ee6ea2b811 100644
--- a/test/benchmarks/harness/util.go
+++ b/test/benchmarks/harness/util.go
@@ -110,16 +110,15 @@ func MakeMount(machine Machine, fsType FileSystemType, cu *cleanup.Cleanup) ([]m
 		})
 		return mounts, target, nil
 	case FuseFS:
-		mounts = append(mounts, []mount.Mount{
-			{
+		mounts = append(mounts,
+			mount.Mount{
 				Target: target,
 				Type:   mount.TypeTmpfs,
 			},
-			{
+			mount.Mount{
 				Target: ""/fuse"",
 				Type:   mount.TypeTmpfs,
-			},
-		}...)
+			})
 		return mounts, target, nil
 	default:
 		return mounts, """", fmt.Errorf(""illegal mount type not supported: %v"", fsType)",rejected_candidate,,
issta2024_bugs_in_pods_understanding_bugs:ab788932d4a74680,issta2024_bugs_in_pods_understanding_bugs,gvisor,https://github.com/google/gvisor/commit/7f72261ad1d0d6eaa5688d595983e6d7e64b1fa9,test/fifo: check that open blocks and can be interrupted,"and move fifo test cases to a separate test.

PiperOrigin-RevId: 416225961",no_comments_in_source,committed,2021-12-14T08:03:19+00:00,"[""test/syscalls/BUILD"", ""test/syscalls/linux/BUILD"", ""test/syscalls/linux/fifo.cc"", ""test/syscalls/linux/mknod.cc""]","diff --git a/test/syscalls/BUILD b/test/syscalls/BUILD
index 7952fd9695..b4ed6d96ce 100644
--- a/test/syscalls/BUILD
+++ b/test/syscalls/BUILD
@@ -306,6 +306,11 @@ syscall_test(
     test = ""//test/syscalls/linux:mknod_test"",
 )
 
+syscall_test(
+    add_overlay = True,
+    test = ""//test/syscalls/linux:fifo_test"",
+)
+
 syscall_test(
     test = ""//test/syscalls/linux:mlock_test"",
 )
diff --git a/test/syscalls/linux/BUILD b/test/syscalls/linux/BUILD
index 020c4673a7..9b6c67af46 100644
--- a/test/syscalls/linux/BUILD
+++ b/test/syscalls/linux/BUILD
@@ -1263,6 +1263,23 @@ cc_binary(
     ],
 )
 
+cc_binary(
+    name = ""fifo_test"",
+    testonly = 1,
+    srcs = [""fifo.cc""],
+    linkstatic = 1,
+    deps = [
+        ""//test/util:file_descriptor"",
+        gtest,
+        ""//test/util:signal_util"",
+        ""//test/util:temp_path"",
+        ""//test/util:test_main"",
+        ""//test/util:test_util"",
+        ""//test/util:thread_util"",
+        ""//test/util:timer_util"",
+    ],
+)
+
 cc_binary(
     name = ""mlock_test"",
     testonly = 1,
diff --git a/test/syscalls/linux/fifo.cc b/test/syscalls/linux/fifo.cc
new file mode 100644
index 0000000000..52761f6d4e
--- /dev/null
+++ b/test/syscalls/linux/fifo.cc
@@ -0,0 +1,209 @@
+// Copyright 2021 The gVisor Authors.
+//
+// Licensed under the Apache License, Version 2.0 (the ""License"");
+// you may not use this file except in compliance with the License.
+// You may obtain a copy of the License at
+//
+//     http://www.apache.org/licenses/LICENSE-2.0
+//
+// Unless required by applicable law or agreed to in writing, software
+// distributed under the License is distributed on an ""AS IS"" BASIS,
+// WITHOUT WARRANTIES OR CONDITIONS OF ANY KIND, either express or implied.
+// See the License for the specific language governing permissions and
+// limitations under the License.
+
+#include <errno.h>
+#include <fcntl.h>
+#include <sys/socket.h>
+#include <sys/stat.h>
+#include <sys/types.h>
+#include <sys/un.h>
+#include <unistd.h>
+
+#include <vector>
+
+#include ""gtest/gtest.h""
+#include ""test/util/file_descriptor.h""
+#include ""test/util/signal_util.h""
+#include ""test/util/temp_path.h""
+#include ""test/util/test_util.h""
+#include ""test/util/thread_util.h""
+#include ""test/util/timer_util.h""
+
+namespace gvisor {
+namespace testing {
+
+namespace {
+
+PosixErrorOr<FileDescriptor> OpenRetryEINTR(std::string const& path, int flags,
+                                            mode_t mode = 0) {
+  while (true) {
+    auto maybe_fd = Open(path, flags, mode);
+    if (maybe_fd.ok() || maybe_fd.error().errno_value() != EINTR) {
+      return maybe_fd;
+    }
+  }
+}
+
+TEST(FifoTest, MknodAtFIFO) {
+  const TempPath dir = ASSERT_NO_ERRNO_AND_VALUE(TempPath::CreateDir());
+  const std::string fifo_relpath = NewTempRelPath();
+  const std::string fifo = JoinPath(dir.path(), fifo_relpath);
+
+  const FileDescriptor dirfd =
+      ASSERT_NO_ERRNO_AND_VALUE(Open(dir.path().c_str(), O_RDONLY));
+  ASSERT_THAT(mknodat(dirfd.get(), fifo_relpath.c_str(), S_IFIFO | S_IRUSR, 0),
+              SyscallSucceeds());
+
+  struct stat st;
+  ASSERT_THAT(stat(fifo.c_str(), &st), SyscallSucceeds());
+  EXPECT_TRUE(S_ISFIFO(st.st_mode));
+}
+
+TEST(FifoTest, Fifo) {
+  const std::string fifo = NewTempAbsPath();
+  ASSERT_THAT(mknod(fifo.c_str(), S_IFIFO | S_IRUSR | S_IWUSR, 0),
+              SyscallSucceeds());
+
+  struct stat st;
+  ASSERT_THAT(stat(fifo.c_str(), &st), SyscallSucceeds());
+  EXPECT_TRUE(S_ISFIFO(st.st_mode));
+
+  std::string msg = ""some std::string"";
+  std::vector<char> buf(512);
+
+  // Read-end of the pipe.
+  ScopedThread t([&fifo, &buf, &msg]() {
+    FileDescriptor fd =
+        ASSERT_NO_ERRNO_AND_VALUE(OpenRetryEINTR(fifo.c_str(), O_RDONLY));
+    EXPECT_THAT(ReadFd(fd.get(), buf.data(), buf.size()),
+                SyscallSucceedsWithValue(msg.length()));
+    EXPECT_EQ(msg, std::string(buf.data()));
+  });
+
+  // Write-end of the pipe.
+  FileDescriptor wfd =
+      ASSERT_NO_ERRNO_AND_VALUE(OpenRetryEINTR(fifo.c_str(), O_WRONLY));
+  EXPECT_THAT(WriteFd(wfd.get(), msg.c_str(), msg.length()),
+              SyscallSucceedsWithValue(msg.length()));
+}
+
+TEST(FifoTest, FifoOtrunc) {
+  const std::string fifo = NewTempAbsPath();
+  ASSERT_THAT(mknod(fifo.c_str(), S_IFIFO | S_IRUSR | S_IWUSR, 0),
+              SyscallSucceeds());
+
+  struct stat st = {};
+  ASSERT_THAT(stat(fifo.c_str(), &st), SyscallSucceeds());
+  EXPECT_TRUE(S_ISFIFO(st.st_mode));
+
+  std::string msg = ""some std::string"";
+  std::vector<char> buf(512);
+  // Read-end of the pipe.
+  ScopedThread t([&fifo, &buf, &msg]() {
+    FileDescriptor fd =
+        ASSERT_NO_ERRNO_AND_VALUE(OpenRetryEINTR(fifo.c_str(), O_RDONLY));
+    EXPECT_THAT(ReadFd(fd.get(), buf.data(), buf.size()),
+                SyscallSucceedsWithValue(msg.length()));
+    EXPECT_EQ(msg, std::string(buf.data()));
+  });
+
+  // Write-end of the pipe.
+  FileDescriptor wfd = ASSERT_NO_ERRNO_AND_VALUE(
+      OpenRetryEINTR(fifo.c_str(), O_WRONLY | O_TRUNC));
+  EXPECT_THAT(WriteFd(wfd.get(), msg.c_str(), msg.length()),
+              SyscallSucceedsWithValue(msg.length()));
+}
+
+TEST(FifoTest, FifoTruncNoOp) {
+  const std::string fifo = NewTempAbsPath();
+  ASSERT_THAT(mknod(fifo.c_str(), S_IFIFO | S_IRUSR | S_IWUSR, 0),
+              SyscallSucceeds());
+
+  EXPECT_THAT(truncate(fifo.c_str(), 0), SyscallFailsWithErrno(EINVAL));
+
+  struct stat st = {};
+  ASSERT_THAT(stat(fifo.c_str(), &st), SyscallSucceeds());
+  EXPECT_TRUE(S_ISFIFO(st.st_mode));
+
+  std::string msg = ""some std::string"";
+  std::vector<char> buf(512);
+  // Read-end of the pipe.
+  ScopedThread t([&fifo, &buf, &msg]() {
+    FileDescriptor fd =
+        ASSERT_NO_ERRNO_AND_VALUE(OpenRetryEINTR(fifo.c_str(), O_RDONLY));
+    EXPECT_THAT(ReadFd(fd.get(), buf.data(), buf.size()),
+                SyscallSucceedsWithValue(msg.length()));
+    EXPECT_EQ(msg, std::string(buf.data()));
+  });
+
+  FileDescriptor wfd = ASSERT_NO_ERRNO_AND_VALUE(
+      OpenRetryEINTR(fifo.c_str(), O_WRONLY | O_TRUNC));
+  EXPECT_THAT(ftruncate(wfd.get(), 0), SyscallFailsWithErrno(EINVAL));
+  EXPECT_THAT(WriteFd(wfd.get(), msg.c_str(), msg.length()),
+              SyscallSucceedsWithValue(msg.length()));
+  EXPECT_THAT(ftruncate(wfd.get(), 0), SyscallFailsWithErrno(EINVAL));
+}
+
+void TestSigHandler(int sig, siginfo_t* info, void* ucontext) {}
+
+TEST(FifoTest, OpenBlockedAndInterrupted) {
+  constexpr int kSigno = SIGUSR1;
+  constexpr int kSigvalue = 42;
+
+  // Install our signal handler.
+  struct sigaction sa = {};
+  sa.sa_sigaction = TestSigHandler;
+  sigemptyset(&sa.sa_mask);
+  sa.sa_flags = SA_SIGINFO;
+  const auto scoped_sigaction =
+      ASSERT_NO_ERRNO_AND_VALUE(ScopedSigaction(kSigno, sa));
+
+  // Ensure that kSigno is unblocked on at least one thread.
+  const auto scoped_sigmask =
+      ASSERT_NO_ERRNO_AND_VALUE(ScopedSignalMask(SIG_UNBLOCK, kSigno));
+
+  struct sigevent sev = {};
+  sev.sigev_notify = SIGEV_THREAD;
+  sev.sigev_signo = kSigno;
+  sev.sigev_value.sival_int = kSigvalue;
+  auto timer = ASSERT_NO_ERRNO_AND_VALUE(TimerCreate(CLOCK_MONOTONIC, sev));
+
+  constexpr absl::Duration kPeriod = absl::Seconds(1);
+  struct itimerspec its = {};
+  its.it_value = its.it_interval = absl::ToTimespec(kPeriod);
+  ASSERT_NO_ERRNO(timer.Set(0, its));
+
+  const std::string fifo = NewTempAbsPath();
+  ASSERT_THAT(mknod(fifo.c_str(), S_IFIFO | S_IRUSR | S_IWUSR, 0),
+              SyscallSucceeds());
+
+  EXPECT_THAT(open(fifo.c_str(), O_WRONLY), SyscallFailsWithErrno(EINTR));
+  EXPECT_THAT(open(fifo.c_str(), O_RDONLY), SyscallFailsWithErrno(EINTR));
+}
+
+TEST(FifoTest, FifoOpenRDWR) {
+  const std::string fifo = NewTempAbsPath();
+  ASSERT_THAT(mknod(fifo.c_str(), S_IFIFO | S_IRUSR | S_IWUSR, 0),
+              SyscallSucceeds());
+
+  struct stat st;
+  ASSERT_THAT(stat(fifo.c_str(), &st), SyscallSucceeds());
+  EXPECT_TRUE(S_ISFIFO(st.st_mode));
+
+  std::string msg = ""some std::string"";
+  std::vector<char> buf(msg.length() + 1);
+
+  FileDescriptor fd =
+      ASSERT_NO_ERRNO_AND_VALUE(OpenRetryEINTR(fifo.c_str(), O_RDWR));
+  EXPECT_THAT(WriteFd(fd.get(), msg.c_str(), msg.length()),
+              SyscallSucceedsWithValue(msg.length()));
+  EXPECT_THAT(ReadFd(fd.get(), buf.data(), msg.length()),
+              SyscallSucceedsWithValue(msg.length()));
+  EXPECT_EQ(msg, std::string(buf.data()));
+}
+
+}  // namespace
+
+}  // namespace testing
+}  // namespace gvisor
diff --git a/test/syscalls/linux/mknod.cc b/test/syscalls/linux/mknod.cc
index 1635c6d0cf..731a66bd55 100644
--- a/test/syscalls/linux/mknod.cc
+++ b/test/syscalls/linux/mknod.cc
@@ -125,101 +125,6 @@ TEST(MknodTest, Socket) {
   ASSERT_THAT(unlink(filename.c_str()), SyscallSucceeds());
 }
 
-PosixErrorOr<FileDescriptor> OpenRetryEINTR(std::string const& path, int flags,
-                                            mode_t mode = 0) {
-  while (true) {
-    auto maybe_fd = Open(path, flags, mode);
-    if (maybe_fd.ok() || maybe_fd.error().errno_value() != EINTR) {
-      return maybe_fd;
-    }
-  }
-}
-
-TEST(MknodTest, Fifo) {
-  const std::string fifo = NewTempAbsPath();
-  ASSERT_THAT(mknod(fifo.c_str(), S_IFIFO | S_IRUSR | S_IWUSR, 0),
-              SyscallSucceeds());
-
-  struct stat st;
-  ASSERT_THAT(stat(fifo.c_str(), &st), SyscallSucceeds());
-  EXPECT_TRUE(S_ISFIFO(st.st_mode));
-
-  std::string msg = ""some std::string"";
-  std::vector<char> buf(512);
-
-  // Read-end of the pipe.
-  ScopedThread t([&fifo, &buf, &msg]() {
-    FileDescriptor fd =
-        ASSERT_NO_ERRNO_AND_VALUE(OpenRetryEINTR(fifo.c_str(), O_RDONLY));
-    EXPECT_THAT(ReadFd(fd.get(), buf.data(), buf.size()),
-                SyscallSucceedsWithValue(msg.length()));
-    EXPECT_EQ(msg, std::string(buf.data()));
-  });
-
-  // Write-end of the pipe.
-  FileDescriptor wfd =
-      ASSERT_NO_ERRNO_AND_VALUE(OpenRetryEINTR(fifo.c_str(), O_WRONLY));
-  EXPECT_THAT(WriteFd(wfd.get(), msg.c_str(), msg.length()),
-              SyscallSucceedsWithValue(msg.length()));
-}
-
-TEST(MknodTest, FifoOtrunc) {
-  const std::string fifo = NewTempAbsPath();
-  ASSERT_THAT(mknod(fifo.c_str(), S_IFIFO | S_IRUSR | S_IWUSR, 0),
-              SyscallSucceeds());
-
-  struct stat st = {};
-  ASSERT_THAT(stat(fifo.c_str(), &st), SyscallSucceeds());
-  EXPECT_TRUE(S_ISFIFO(st.st_mode));
-
-  std::string msg = ""some std::string"";
-  std::vector<char> buf(512);
-  // Read-end of the pipe.
-  ScopedThread t([&fifo, &buf, &msg]() {
-    FileDescriptor fd =
-        ASSERT_NO_ERRNO_AND_VALUE(OpenRetryEINTR(fifo.c_str(), O_RDONLY));
-    EXPECT_THAT(ReadFd(fd.get(), buf.data(), buf.size()),
-                SyscallSucceedsWithValue(msg.length()));
-    EXPECT_EQ(msg, std::string(buf.data()));
-  });
-
-  // Write-end of the pipe.
-  FileDescriptor wfd = ASSERT_NO_ERRNO_AND_VALUE(
-      OpenRetryEINTR(fifo.c_str(), O_WRONLY | O_TRUNC));
-  EXPECT_THAT(WriteFd(wfd.get(), msg.c_str(), msg.length()),
-              SyscallSucceedsWithValue(msg.length()));
-}
-
-TEST(MknodTest, FifoTruncNoOp) {
-  const std::string fifo = NewTempAbsPath();
-  ASSERT_THAT(mknod(fifo.c_str(), S_IFIFO | S_IRUSR | S_IWUSR, 0),
-              SyscallSucceeds());
-
-  EXPECT_THAT(truncate(fifo.c_str(), 0), SyscallFailsWithErrno(EINVAL));
-
-  struct stat st = {};
-  ASSERT_THAT(stat(fifo.c_str(), &st), SyscallSucceeds());
-  EXPECT_TRUE(S_ISFIFO(st.st_mode));
-
-  std::string msg = ""some std::string"";
-  std::vector<char> buf(512);
-  // Read-end of the pipe.
-  ScopedThread t([&fifo, &buf, &msg]() {
-    FileDescriptor fd =
-        ASSERT_NO_ERRNO_AND_VALUE(OpenRetryEINTR(fifo.c_str(), O_RDONLY));
-    EXPECT_THAT(ReadFd(fd.get(), buf.data(), buf.size()),
-                SyscallSucceedsWithValue(msg.length()));
-    EXPECT_EQ(msg, std::string(buf.data()));
-  });
-
-  FileDescriptor wfd = ASSERT_NO_ERRNO_AND_VALUE(
-      OpenRetryEINTR(fifo.c_str(), O_WRONLY | O_TRUNC));
-  EXPECT_THAT(ftruncate(wfd.get(), 0), SyscallFailsWithErrno(EINVAL));
-  EXPECT_THAT(WriteFd(wfd.get(), msg.c_str(), msg.length()),
-              SyscallSucceedsWithValue(msg.length()));
-  EXPECT_THAT(ftruncate(wfd.get(), 0), SyscallFailsWithErrno(EINVAL));
-}
-
 TEST(MknodTest, MknodAtEmptyPath) {
   auto dir = ASSERT_NO_ERRNO_AND_VALUE(TempPath::CreateDir());
   auto fd =",rejected_candidate,,
issta2024_bugs_in_pods_understanding_bugs:ab7ac1046b52807f,issta2024_bugs_in_pods_understanding_bugs,gvisor,https://github.com/google/gvisor/commit/77dc0f5bc94dff28fa23812f3ad60a8b01e91138,Ignore RST received for a TCP listener,"The current implementation has a bug where TCP listener does not ignore
RSTs from the peer. While handling RST+ACK from the peer, this bug can
complete handshakes that use syncookies. This results in half-open
connection delivered to the accept queue.

Fixes #6076

PiperOrigin-RevId: 376868749",no_comments_in_source,committed,2021-06-01T17:44:30+00:00,"[""pkg/tcpip/transport/tcp/accept.go"", ""pkg/tcpip/transport/tcp/tcp_test.go"", ""test/packetimpact/tests/tcp_syncookie_test.go""]","diff --git a/pkg/tcpip/transport/tcp/accept.go b/pkg/tcpip/transport/tcp/accept.go
index 2c65b737d2..2b5abd3ee3 100644
--- a/pkg/tcpip/transport/tcp/accept.go
+++ b/pkg/tcpip/transport/tcp/accept.go
@@ -560,6 +560,10 @@ func (e *endpoint) handleListenSegment(ctx *listenContext, s *segment) tcpip.Err
 	}
 
 	switch {
+	case s.flags.Contains(header.TCPFlagRst):
+		e.stack.Stats().DroppedPackets.Increment()
+		return nil
+
 	case s.flags == header.TCPFlagSyn:
 		if e.acceptQueueIsFull() {
 			e.stack.Stats().TCP.ListenOverflowSynDrop.Increment()
@@ -611,7 +615,7 @@ func (e *endpoint) handleListenSegment(ctx *listenContext, s *segment) tcpip.Err
 		e.stack.Stats().TCP.ListenOverflowSynCookieSent.Increment()
 		return nil
 
-	case (s.flags & header.TCPFlagAck) != 0:
+	case s.flags.Contains(header.TCPFlagAck):
 		if e.acceptQueueIsFull() {
 			// Silently drop the ack as the application can't accept
 			// the connection at this point. The ack will be
@@ -753,6 +757,7 @@ func (e *endpoint) handleListenSegment(ctx *listenContext, s *segment) tcpip.Err
 		return nil
 
 	default:
+		e.stack.Stats().DroppedPackets.Increment()
 		return nil
 	}
 }
diff --git a/pkg/tcpip/transport/tcp/tcp_test.go b/pkg/tcpip/transport/tcp/tcp_test.go
index e7ede76623..9bbe9bc3e2 100644
--- a/pkg/tcpip/transport/tcp/tcp_test.go
+++ b/pkg/tcpip/transport/tcp/tcp_test.go
@@ -6238,6 +6238,54 @@ func TestPassiveFailedConnectionAttemptIncrement(t *testing.T) {
 	}
 }
 
+func TestListenDropIncrement(t *testing.T) {
+	c := context.New(t, defaultMTU)
+	defer c.Cleanup()
+
+	stats := c.Stack().Stats()
+	c.Create(-1 /*epRcvBuf*/)
+
+	if err := c.EP.Bind(tcpip.FullAddress{Addr: context.StackAddr, Port: context.StackPort}); err != nil {
+		t.Fatalf(""Bind failed: %s"", err)
+	}
+	if err := c.EP.Listen(1 /*backlog*/); err != nil {
+		t.Fatalf(""Listen failed: %s"", err)
+	}
+
+	initialDropped := stats.DroppedPackets.Value()
+
+	// Send RST, FIN segments, that are expected to be dropped by the listener.
+	c.SendPacket(nil, &context.Headers{
+		SrcPort: context.TestPort,
+		DstPort: context.StackPort,
+		Flags:   header.TCPFlagRst,
+	})
+	c.SendPacket(nil, &context.Headers{
+		SrcPort: context.TestPort,
+		DstPort: context.StackPort,
+		Flags:   header.TCPFlagFin,
+	})
+
+	// To ensure that the RST, FIN sent earlier are indeed received and ignored
+	// by the listener, send a SYN and wait for the SYN to be ACKd.
+	irs := seqnum.Value(context.TestInitialSequenceNumber)
+	c.SendPacket(nil, &context.Headers{
+		SrcPort: context.TestPort,
+		DstPort: context.StackPort,
+		Flags:   header.TCPFlagSyn,
+		SeqNum:  irs,
+	})
+	checker.IPv4(t, c.GetPacket(), checker.TCP(checker.SrcPort(context.StackPort),
+		checker.DstPort(context.TestPort),
+		checker.TCPFlags(header.TCPFlagAck|header.TCPFlagSyn),
+		checker.TCPAckNum(uint32(irs)+1),
+	))
+
+	if got, want := stats.DroppedPackets.Value(), initialDropped+2; got != want {
+		t.Fatalf(""got stats.DroppedPackets.Value() = %d, want = %d"", got, want)
+	}
+}
+
 func TestEndpointBindListenAcceptState(t *testing.T) {
 	c := context.New(t, defaultMTU)
 	defer c.Cleanup()
diff --git a/test/packetimpact/tests/tcp_syncookie_test.go b/test/packetimpact/tests/tcp_syncookie_test.go
index 1c21c62ffa..1a016bd1a1 100644
--- a/test/packetimpact/tests/tcp_syncookie_test.go
+++ b/test/packetimpact/tests/tcp_syncookie_test.go
@@ -16,6 +16,8 @@ package tcp_syncookie_test
 
 import (
 	""flag""
+	""fmt""
+	""math""
 	""testing""
 	""time""
 
@@ -28,43 +30,106 @@ func init() {
 	testbench.Initialize(flag.CommandLine)
 }
 
-// TestSynCookie test if the DUT listener is replying back using syn cookies.
-// The test does not complete the handshake by not sending the ACK to SYNACK.
-// When syncookies are not used, this forces the listener to retransmit SYNACK.
-// And when syncookies are being used, there is no such retransmit.
+// TestTCPSynCookie tests for ACK handling for connections in SYNRCVD state
+// connections with and without syncookies. It verifies if the passive open
+// connection is indeed using syncookies before proceeding.
 func TestTCPSynCookie(t *testing.T) {
 	dut := testbench.NewDUT(t)
+	for _, tt := range []struct {
+		accept bool
+		flags  header.TCPFlags
+	}{
+		{accept: true, flags: header.TCPFlagAck},
+		{accept: true, flags: header.TCPFlagAck | header.TCPFlagPsh},
+		{accept: false, flags: header.TCPFlagAck | header.TCPFlagSyn},
+		{accept: true, flags: header.TCPFlagAck | header.TCPFlagFin},
+		{accept: false, flags: header.TCPFlagAck | header.TCPFlagRst},
+		{accept: false, flags: header.TCPFlagRst},
+	} {
+		t.Run(fmt.Sprintf(""flags=%s"", tt.flags), func(t *testing.T) {
+			// Make a copy before parallelizing the test and refer to that
+			// within the test. Otherwise, the test reference could be pointing
+			// to an incorrect variant based on how it is scheduled.
+			test := tt
 
-	// Listening endpoint accepts one more connection than the listen backlog.
-	_, remotePort := dut.CreateListener(t, unix.SOCK_STREAM, unix.IPPROTO_TCP, 1 /*backlog*/)
+			t.Parallel()
 
-	var withoutSynCookieConn testbench.TCPIPv4
-	var withSynCookieConn testbench.TCPIPv4
+			// Listening endpoint accepts one more connection than the listen
+			// backlog. Listener starts using syncookies when it sees a new SYN
+			// and has backlog size of connections in SYNRCVD state. Keep the
+			// listen backlog 1, so that the test can define 2 connections
+			// without and with using syncookies.
+			listenFD, remotePort := dut.CreateListener(t, unix.SOCK_STREAM, unix.IPPROTO_TCP, 1 /*backlog*/)
+			defer dut.Close(t, listenFD)
 
-	// Test if the DUT listener replies to more SYNs than listen backlog+1
-	for _, conn := range []*testbench.TCPIPv4{&withoutSynCookieConn, &withSynCookieConn} {
-		*conn = dut.Net.NewTCPIPv4(t, testbench.TCP{DstPort: &remotePort}, testbench.TCP{SrcPort: &remotePort})
-	}
-	defer withoutSynCookieConn.Close(t)
-	defer withSynCookieConn.Close(t)
+			var withoutSynCookieConn testbench.TCPIPv4
+			var withSynCookieConn testbench.TCPIPv4
 
-	checkSynAck := func(t *testing.T, conn *testbench.TCPIPv4, expectRetransmit bool) {
-		// Expect dut connection to have transitioned to SYN-RCVD state.
-		conn.Send(t, testbench.TCP{Flags: testbench.TCPFlags(header.TCPFlagSyn)})
-		if _, err := conn.ExpectData(t, &testbench.TCP{Flags: testbench.TCPFlags(header.TCPFlagSyn | header.TCPFlagAck)}, nil, time.Second); err != nil {
-			t.Fatalf(""expected SYN-ACK, but got %s"", err)
-		}
+			for _, conn := range []*testbench.TCPIPv4{&withoutSynCookieConn, &withSynCookieConn} {
+				*conn = dut.Net.NewTCPIPv4(t, testbench.TCP{DstPort: &remotePort}, testbench.TCP{SrcPort: &remotePort})
+			}
+			defer withoutSynCookieConn.Close(t)
+			defer withSynCookieConn.Close(t)
 
-		// If the DUT listener is using syn cookies, it will not retransmit SYNACK
-		got, err := conn.ExpectData(t, &testbench.TCP{SeqNum: testbench.Uint32(uint32(*conn.RemoteSeqNum(t) - 1)), Flags: testbench.TCPFlags(header.TCPFlagSyn | header.TCPFlagAck)}, nil, 2*time.Second)
-		if expectRetransmit && err != nil {
-			t.Fatalf(""expected retransmitted SYN-ACK, but got %s"", err)
-		}
-		if !expectRetransmit && err == nil {
-			t.Fatalf(""expected no retransmitted SYN-ACK, but got %s"", got)
-		}
-	}
+			// Setup the 2 connections in SYNRCVD state and verify if one of the
+			// connection is indeed using syncookies by checking for absence of
+			// SYNACK retransmits.
+			for _, c := range []struct {
+				desc             string
+				conn             *testbench.TCPIPv4
+				expectRetransmit bool
+			}{
+				{desc: ""without syncookies"", conn: &withoutSynCookieConn, expectRetransmit: true},
+				{desc: ""with syncookies"", conn: &withSynCookieConn, expectRetransmit: false},
+			} {
+				t.Run(c.desc, func(t *testing.T) {
+					// Expect dut connection to have transitioned to SYNRCVD state.
+					c.conn.Send(t, testbench.TCP{Flags: testbench.TCPFlags(header.TCPFlagSyn)})
+					if _, err := c.conn.ExpectData(t, &testbench.TCP{Flags: testbench.TCPFlags(header.TCPFlagSyn | header.TCPFlagAck)}, nil, time.Second); err != nil {
+						t.Fatalf(""expected SYNACK, but got %s"", err)
+					}
+
+					// If the DUT listener is using syn cookies, it will not retransmit SYNACK.
+					got, err := c.conn.ExpectData(t, &testbench.TCP{SeqNum: testbench.Uint32(uint32(*c.conn.RemoteSeqNum(t) - 1)), Flags: testbench.TCPFlags(header.TCPFlagSyn | header.TCPFlagAck)}, nil, 2*time.Second)
+					if c.expectRetransmit && err != nil {
+						t.Fatalf(""expected retransmitted SYNACK, but got %s"", err)
+					}
+					if !c.expectRetransmit && err == nil {
+						t.Fatalf(""expected no retransmitted SYNACK, but got %s"", got)
+					}
+				})
+			}
 
-	t.Run(""without syncookies"", func(t *testing.T) { checkSynAck(t, &withoutSynCookieConn, true /*expectRetransmit*/) })
-	t.Run(""with syncookies"", func(t *testing.T) { checkSynAck(t, &withSynCookieConn, false /*expectRetransmit*/) })
+			// Check whether ACKs with the given flags completes the handshake.
+			for _, c := range []struct {
+				desc string
+				conn *testbench.TCPIPv4
+			}{
+				{desc: ""with syncookies"", conn: &withSynCookieConn},
+				{desc: ""without syncookies"", conn: &withoutSynCookieConn},
+			} {
+				t.Run(c.desc, func(t *testing.T) {
+					pfds := dut.Poll(t, []unix.PollFd{{Fd: listenFD, Events: math.MaxInt16}}, 0 /*timeout*/)
+					if got, want := len(pfds), 0; got != want {
+						t.Fatalf(""dut.Poll(...) = %d, want = %d"", got, want)
+					}
+
+					c.conn.Send(t, testbench.TCP{Flags: testbench.TCPFlags(test.flags)})
+					pfds = dut.Poll(t, []unix.PollFd{{Fd: listenFD, Events: unix.POLLIN}}, time.Second)
+					want := 0
+					if test.accept {
+						want = 1
+					}
+					if got := len(pfds); got != want {
+						t.Fatalf(""got dut.Poll(...) = %d, want = %d"", got, want)
+					}
+					// Accept the connection to enable poll on any subsequent connection.
+					if test.accept {
+						fd, _ := dut.Accept(t, listenFD)
+						dut.Close(t, fd)
+					}
+				})
+			}
+		})
+	}
 }",accepted_fault,Wrong Container Behavior,Wrong Code Logic
issta2024_bugs_in_pods_understanding_bugs:aefd8b03f92c4449,issta2024_bugs_in_pods_understanding_bugs,gvisor,https://github.com/google/gvisor/commit/a15231dabe4702f166529f5e360358562caeeebc,kvm: fix CPU offsets for arm64,"We have to calculate offsets in the CPU structure,
but we calculate offsets in the CPUArchState structure.

Fixes: 0e492a2b5e6d (""Refactor nogo and provide facts render."")
PiperOrigin-RevId: 427336023",no_comments_in_source,committed,2022-02-09T01:24:47+00:00,"[""pkg/ring0/entry_arm64.s""]","diff --git a/pkg/ring0/entry_arm64.s b/pkg/ring0/entry_arm64.s
index fe2583569c..18385d8c0b 100644
--- a/pkg/ring0/entry_arm64.s
+++ b/pkg/ring0/entry_arm64.s
@@ -15,23 +15,19 @@
 #include ""funcdata.h""
 #include ""textflag.h""
 
-{{ with .CPU }}
-#define CPU_SELF             {{ .self.Offset }}
-#define CPU_REGISTERS        {{ .registers.Offset }}
-{{ end }}
-{{ with .CPUArchState }}
-#define CPU_STACK_TOP        ({{ .stack.Offset }} + {{ .stack.Size }})
-#define CPU_ERROR_CODE       {{ .errorCode.Offset }}
-#define CPU_ERROR_TYPE       {{ .errorType.Offset }}
-#define CPU_FAULT_ADDR       {{ .faultAddr.Offset }}
-#define CPU_FPSTATE_EL0      {{ .el0Fp.Offset }}
-#define CPU_TTBR0_KVM	     {{ .ttbr0Kvm.Offset }}
-#define CPU_TTBR0_APP        {{ .ttbr0App.Offset }}
-#define CPU_VECTOR_CODE      {{ .vecCode.Offset }}
-#define CPU_APP_ADDR         {{ .appAddr.Offset }}
-#define CPU_LAZY_VFP         {{ .lazyVFP.Offset }}
-#define CPU_APP_ASID         {{ .appASID.Offset }}
-{{ end }}
+#define CPU_SELF             {{ .CPU.self.Offset }}
+#define CPU_REGISTERS        {{ .CPU.registers.Offset }}
+#define CPU_STACK_TOP        ({{ .CPU.CPUArchState.Offset }}+{{ .CPUArchState.stack.Offset }} + {{ .CPUArchState.stack.Size }})
+#define CPU_ERROR_CODE       ({{ .CPU.CPUArchState.Offset }}+{{ .CPUArchState.errorCode.Offset }})
+#define CPU_ERROR_TYPE       ({{ .CPU.CPUArchState.Offset }}+{{ .CPUArchState.errorType.Offset }})
+#define CPU_FAULT_ADDR       ({{ .CPU.CPUArchState.Offset }}+{{ .CPUArchState.faultAddr.Offset }})
+#define CPU_FPSTATE_EL0      ({{ .CPU.CPUArchState.Offset }}+{{ .CPUArchState.el0Fp.Offset }})
+#define CPU_TTBR0_KVM       ({{ .CPU.CPUArchState.Offset }}+{{ .CPUArchState.ttbr0Kvm.Offset }})
+#define CPU_TTBR0_APP        ({{ .CPU.CPUArchState.Offset }}+{{ .CPUArchState.ttbr0App.Offset }})
+#define CPU_VECTOR_CODE      ({{ .CPU.CPUArchState.Offset }}+{{ .CPUArchState.vecCode.Offset }})
+#define CPU_APP_ADDR         ({{ .CPU.CPUArchState.Offset }}+{{ .CPUArchState.appAddr.Offset }})
+#define CPU_LAZY_VFP         ({{ .CPU.CPUArchState.Offset }}+{{ .CPUArchState.lazyVFP.Offset }})
+#define CPU_APP_ASID         ({{ .CPU.CPUArchState.Offset }}+{{ .CPUArchState.appASID.Offset }})
 
 // Bits.
 #define _KERNEL_FLAGS {{ .KernelFlagsSet.Value }}",accepted_fault,Incorrect Return Value,Wrong Code Logic
issta2024_bugs_in_pods_understanding_bugs:b1761eb6bef22d54,issta2024_bugs_in_pods_understanding_bugs,runc,https://github.com/opencontainers/runc/commit/0e79754c9b4e4e0c4c662d88b4f6523098d1bc70,Merge pull request #3294 from kolyshkin/xattr,libct/system/xattrs: remove,no_comments_in_source,committed,2021-11-24T19:07:43+00:00,"[""libcontainer/system/xattrs_linux.go""]","diff --git a/libcontainer/system/xattrs_linux.go b/libcontainer/system/xattrs_linux.go
deleted file mode 100644
index 01a54fcf563..00000000000
--- a/libcontainer/system/xattrs_linux.go
+++ /dev/null
@@ -1,36 +0,0 @@
-package system
-
-import ""golang.org/x/sys/unix""
-
-// Returns a []byte slice if the xattr is set and nil otherwise
-// Requires path and its attribute as arguments
-func Lgetxattr(path string, attr string) ([]byte, error) {
-	var sz int
-	// Start with a 128 length byte array
-	dest := make([]byte, 128)
-	sz, errno := unix.Lgetxattr(path, attr, dest)
-
-	//nolint:errorlint // unix errors are bare
-	switch {
-	case errno == unix.ENODATA:
-		return nil, errno
-	case errno == unix.ENOTSUP:
-		return nil, errno
-	case errno == unix.ERANGE:
-		// 128 byte array might just not be good enough,
-		// A dummy buffer is used to get the real size
-		// of the xattrs on disk
-		sz, errno = unix.Lgetxattr(path, attr, []byte{})
-		if errno != nil {
-			return nil, errno
-		}
-		dest = make([]byte, sz)
-		sz, errno = unix.Lgetxattr(path, attr, dest)
-		if errno != nil {
-			return nil, errno
-		}
-	case errno != nil:
-		return nil, errno
-	}
-	return dest[:sz], nil
-}",rejected_candidate,,
issta2024_bugs_in_pods_understanding_bugs:b1a1ba2ee53e7200,issta2024_bugs_in_pods_understanding_bugs,gvisor,https://github.com/google/gvisor/commit/283b80a456aaf4d8881301bd3bceb65fe7300185,Fix logic bug in attaching mounts.,"Before this fix, the vd provided to connectMountAt wouldn't be consumed if
we ran into a dead mount, the caller was responsible. This dead mount
could be rooted at a different vd than the one provided, which meant that we
were DecRef'ing the wrong vd if the method returned an error. The method now
always consumes the vd to simplify its use.

Reported-by: syzbot+e8a05606f54650464cc0@syzkaller.appspotmail.com
PiperOrigin-RevId: 532636615",no_comments_in_source,committed,2023-05-17T01:50:42+00:00,"[""pkg/sentry/vfs/mount.go"", ""test/syscalls/linux/mount.cc""]","diff --git a/pkg/sentry/vfs/mount.go b/pkg/sentry/vfs/mount.go
index 469431a214..8a350e0f43 100644
--- a/pkg/sentry/vfs/mount.go
+++ b/pkg/sentry/vfs/mount.go
@@ -276,18 +276,18 @@ func (vfs *VirtualFilesystem) ConnectMountAt(ctx context.Context, creds *auth.Cr
 	tree := vfs.preparePropagationTree(mnt, vd)
 	cleanup := cleanup.Make(func() {
 		vfs.abortPropagationTree(ctx, tree) // +checklocksforce
+	})
+	defer cleanup.Clean()
+	// Check if the new mount + all the propagation mounts puts us over the max.
+	if uint32(len(tree)+1)+vd.mount.ns.mounts > MountMax {
 		// We need to unlock mountMu first because DecRef takes a lock on the
 		// filesystem mutex in some implementations, which can lead to circular
 		// locking.
 		vfs.mountMu.Unlock()
 		vd.DecRef(ctx)
-	})
-	defer cleanup.Clean()
-	// Check if the new mount + all the propagation mounts puts us over the max.
-	if uint32(len(tree)+1)+vd.mount.ns.mounts > MountMax {
 		return linuxerr.ENOSPC
 	}
-	if err := vfs.connectMountAt(ctx, mnt, vd); err != nil {
+	if err := vfs.connectMountAtLocked(ctx, mnt, vd); err != nil {
 		return err
 	}
 	vfs.commitPropagationTree(ctx, tree)
@@ -296,20 +296,20 @@ func (vfs *VirtualFilesystem) ConnectMountAt(ctx context.Context, creds *auth.Cr
 	return nil
 }
 
-// connectMountAtLocked attaches mnt at vd. If the method returns an error that
-// is not nil, then it did not consume a reference on vd and the caller is
-// responsible for calling DecRef.
+// connectMountAtLocked attaches mnt at vd. This method consumes a reference on
+// vd.
 //
 // Preconditions:
 //   - mnt must be disconnected.
 //   - vfs.mountMu must be locked.
 //
 // +checklocks:vfs.mountMu
-func (vfs *VirtualFilesystem) connectMountAt(ctx context.Context, mnt *Mount, vd VirtualDentry) error {
+func (vfs *VirtualFilesystem) connectMountAtLocked(ctx context.Context, mnt *Mount, vd VirtualDentry) error {
 	vd.dentry.mu.Lock()
 	for {
 		if vd.mount.umounted || vd.dentry.dead {
 			vd.dentry.mu.Unlock()
+			vd.DecRef(ctx)
 			return linuxerr.ENOENT
 		}
 		// vd might have been mounted over between vfs.GetDentryAt() and
@@ -408,14 +408,15 @@ func (vfs *VirtualFilesystem) BindAt(ctx context.Context, creds *auth.Credential
 		// Checklocks doesn't work with anon functions.
 		vfs.setPropagation(clone, Private)  // +checklocksforce
 		vfs.abortPropagationTree(ctx, tree) // +checklocksforce
-		vfs.mountMu.Unlock()
-		targetVd.DecRef(ctx)
 	})
 	defer cleanup.Clean()
 	if uint32(1+len(tree))+targetVd.mount.ns.mounts > MountMax {
+		vfs.mountMu.Unlock()
+		targetVd.DecRef(ctx)
 		return nil, linuxerr.ENOSPC
 	}
-	if err := vfs.connectMountAt(ctx, clone, targetVd); err != nil {
+	if err := vfs.connectMountAtLocked(ctx, clone, targetVd); err != nil {
+		vfs.mountMu.Unlock()
 		return nil, err
 	}
 	vfs.commitPropagationTree(ctx, tree)
diff --git a/test/syscalls/linux/mount.cc b/test/syscalls/linux/mount.cc
index 21e5b7585d..e9e8dbd669 100644
--- a/test/syscalls/linux/mount.cc
+++ b/test/syscalls/linux/mount.cc
@@ -24,6 +24,7 @@
 #include <unistd.h>
 
 #include <cstdint>
+#include <cstdlib>
 #include <functional>
 #include <iostream>
 #include <memory>
@@ -1418,6 +1419,26 @@ TEST(MountTest, MountInfoHasRoot) {
   }
 }
 
+TEST(MountTest, DeadMountsAreDecRefd) {
+  SKIP_IF(!ASSERT_NO_ERRNO_AND_VALUE(HaveCapability(CAP_SYS_ADMIN)));
+  DisableSave ds;
+  std::string home = NewTempAbsPath();
+  ASSERT_NO_ERRNO(Mkdir(home));
+  ASSERT_THAT(chdir(home.c_str()), SyscallSucceeds());
+  constexpr char dirpath[] = ""./file"";
+
+  for (int i = 0; i < 10; ++i) {
+    const auto rest = [&] {
+      mkdir(dirpath, 0);
+      mount(dirpath, ""."", 0, MS_BIND, 0);
+      rmdir(dirpath);
+      mkdir(dirpath, 0);
+      mount(dirpath, ""."", 0, MS_BIND, 0);
+    };
+    EXPECT_THAT(InForkedProcess(rest), IsPosixErrorOkAndHolds(0));
+  }
+}
+
 }  // namespace
 
 }  // namespace testing",accepted_fault,Escalized Privilege,Wrong Code Logic
issta2024_bugs_in_pods_understanding_bugs:b24293255fa34c13,issta2024_bugs_in_pods_understanding_bugs,containerd,https://github.com/containerd/containerd/commit/9a0331c47763f4712d08943bbd45309be00ff59f,maintenance: Remove WithWindowsNetworkNamespace from pkg/cri,"Old TODO stating that pkg/cri/opts's `WithWindowsNetworkNamespace`
should be moved to the main containerd pkg was out of date as thats
already been done (well, to the /oci package). This just removes it
and swaps all uses of `WithWindowsNetworkNamespace` to the oci
packages impl.

Signed-off-by: Danny Canter <danny@dcantah.dev>",no_comments_in_source,committed,2022-10-23T13:45:32+00:00,"[""pkg/cri/opts/spec_windows.go"", ""pkg/cri/sbserver/container_create_windows.go"", ""pkg/cri/sbserver/podsandbox/sandbox_run_windows.go"", ""pkg/cri/server/container_create_windows.go"", ""pkg/cri/server/sandbox_run_windows.go""]","diff --git a/pkg/cri/opts/spec_windows.go b/pkg/cri/opts/spec_windows.go
index 7b5badcaae418..76598730dcd52 100644
--- a/pkg/cri/opts/spec_windows.go
+++ b/pkg/cri/opts/spec_windows.go
@@ -32,21 +32,6 @@ import (
 	osinterface ""github.com/containerd/containerd/pkg/os""
 )
 
-// WithWindowsNetworkNamespace sets windows network namespace for container.
-// TODO(windows): Move this into container/containerd.
-func WithWindowsNetworkNamespace(path string) oci.SpecOpts {
-	return func(ctx context.Context, client oci.Client, c *containers.Container, s *runtimespec.Spec) error {
-		if s.Windows == nil {
-			s.Windows = &runtimespec.Windows{}
-		}
-		if s.Windows.Network == nil {
-			s.Windows.Network = &runtimespec.WindowsNetwork{}
-		}
-		s.Windows.Network.NetworkNamespace = path
-		return nil
-	}
-}
-
 // namedPipePath returns true if the given path is to a named pipe.
 func namedPipePath(p string) bool {
 	return strings.HasPrefix(p, `\\.\pipe\`)
diff --git a/pkg/cri/sbserver/container_create_windows.go b/pkg/cri/sbserver/container_create_windows.go
index 6cc98cff44bca..8607b109b0211 100644
--- a/pkg/cri/sbserver/container_create_windows.go
+++ b/pkg/cri/sbserver/container_create_windows.go
@@ -85,7 +85,7 @@ func (c *criService) containerSpec(
 		// Clear the root location since hcsshim expects it.
 		// NOTE: readonly rootfs doesn't work on windows.
 		customopts.WithoutRoot,
-		customopts.WithWindowsNetworkNamespace(netNSPath),
+		oci.WithWindowsNetworkNamespace(netNSPath),
 		oci.WithHostname(sandboxConfig.GetHostname()),
 	)
 
diff --git a/pkg/cri/sbserver/podsandbox/sandbox_run_windows.go b/pkg/cri/sbserver/podsandbox/sandbox_run_windows.go
index 569281b32b62d..877807fabf776 100644
--- a/pkg/cri/sbserver/podsandbox/sandbox_run_windows.go
+++ b/pkg/cri/sbserver/podsandbox/sandbox_run_windows.go
@@ -51,7 +51,7 @@ func (c *Controller) sandboxContainerSpec(id string, config *runtime.PodSandboxC
 		// Clear the root location since hcsshim expects it.
 		// NOTE: readonly rootfs doesn't work on windows.
 		customopts.WithoutRoot,
-		customopts.WithWindowsNetworkNamespace(nsPath),
+		oci.WithWindowsNetworkNamespace(nsPath),
 	)
 
 	specOpts = append(specOpts, customopts.WithWindowsDefaultSandboxShares)
diff --git a/pkg/cri/server/container_create_windows.go b/pkg/cri/server/container_create_windows.go
index 51682c1984a6a..a795664c58790 100644
--- a/pkg/cri/server/container_create_windows.go
+++ b/pkg/cri/server/container_create_windows.go
@@ -85,7 +85,7 @@ func (c *criService) containerSpec(
 		// Clear the root location since hcsshim expects it.
 		// NOTE: readonly rootfs doesn't work on windows.
 		customopts.WithoutRoot,
-		customopts.WithWindowsNetworkNamespace(netNSPath),
+		oci.WithWindowsNetworkNamespace(netNSPath),
 		oci.WithHostname(sandboxConfig.GetHostname()),
 	)
 
diff --git a/pkg/cri/server/sandbox_run_windows.go b/pkg/cri/server/sandbox_run_windows.go
index 1a103db1e21c2..2204f7f193f2f 100644
--- a/pkg/cri/server/sandbox_run_windows.go
+++ b/pkg/cri/server/sandbox_run_windows.go
@@ -51,7 +51,7 @@ func (c *criService) sandboxContainerSpec(id string, config *runtime.PodSandboxC
 		// Clear the root location since hcsshim expects it.
 		// NOTE: readonly rootfs doesn't work on windows.
 		customopts.WithoutRoot,
-		customopts.WithWindowsNetworkNamespace(nsPath),
+		oci.WithWindowsNetworkNamespace(nsPath),
 	)
 
 	specOpts = append(specOpts, customopts.WithWindowsDefaultSandboxShares)",rejected_candidate,,
issta2024_bugs_in_pods_understanding_bugs:b43422b1f0fea762,issta2024_bugs_in_pods_understanding_bugs,gvisor,https://github.com/google/gvisor/commit/d1dae8d69e10368b00f8f80f322fee6633680d87,Merge pull request #6924 from zhuangel:blog-content-fix,PiperOrigin-RevId: 420084017,no_comments_in_source,committed,2022-01-06T17:56:49+00:00,"[""website/assets/images/2021-12-02-flamegraph-figure2.png"", ""website/blog/2021-12-02-running-gvisor-in-production-at-scale-in-ant.md""]","diff --git a/website/assets/images/2021-12-02-flamegraph-figure2.png b/website/assets/images/2021-12-02-flamegraph-figure2.png
index eb83149750..f287e40435 100644
Binary files a/website/assets/images/2021-12-02-flamegraph-figure2.png and b/website/assets/images/2021-12-02-flamegraph-figure2.png differ
diff --git a/website/blog/2021-12-02-running-gvisor-in-production-at-scale-in-ant.md b/website/blog/2021-12-02-running-gvisor-in-production-at-scale-in-ant.md
index 67af51380c..d00e7e0586 100644
--- a/website/blog/2021-12-02-running-gvisor-in-production-at-scale-in-ant.md
+++ b/website/blog/2021-12-02-running-gvisor-in-production-at-scale-in-ant.md
@@ -25,10 +25,10 @@ overhead; another 25% have <3% overhead. Some of our most valued application are
 the focus of our optimization, and get even better performance compared with
 runc.
 
-The rest of this blog is organized as follows: - First, we analyze the cost of
-different syscall paths in gVisor. - Then, a way to profile a whole picture of a
-instance is proposed to find out if some slow syscall paths are encountered. -
-Some invisible overhead in Go runtime is discussed. - At last, a short summary
+The rest of this blog is organized as follows: * First, we analyze the cost of
+different syscall paths in gVisor. * Then, a way to profile a whole picture of a
+instance is proposed to find out if some slow syscall paths are encountered.
+Some invisible overhead in Go runtime is discussed. * At last, a short summary
 on performance optimization with some other factors on production adoption.
 
 For convenience of discussion, we are targeting KVM-based, or hypervisor-based
@@ -114,14 +114,14 @@ on a Intel(R) Xeon(R) CPU E5-2650 v2 platform, using
 As we can see, for KVM platform, the syscall interception costs more than 10x
 than a native Linux syscall.
 
-             | getpid benchmark (ns)
------------- | ---------------------
+getpid       | benchmark (ns)
+------------ | --------------
 Native       | 62
 Native-KPTI  | 236
 runsc-KVM    | 830
 runsc-ptrace | 6249
 
-*   ""Native"" stands for using vanilla linux kernel.
+\* ""Native"" stands for using vanilla linux kernel.
 
 To understand the structural cost of syscall interception, we did a
 [quantitative analysis](https://github.com/google/gvisor/issues/2354) on kvm",rejected_candidate,,
issta2024_bugs_in_pods_understanding_bugs:b9856e61d320f90f,issta2024_bugs_in_pods_understanding_bugs,gvisor,https://github.com/google/gvisor/commit/f53c349d519a01cf603bf845a4b2a382e30b1715,Add support for bind mounting.,"This change adds limited support for the MS_BIND flag. MS_REC is not yet
implemented.

PiperOrigin-RevId: 478030021",no_comments_in_source,committed,2022-09-30T17:48:46+00:00,"[""pkg/sentry/syscalls/linux/vfs2/mount.go"", ""pkg/sentry/vfs/mount.go"", ""test/syscalls/linux/mount.cc""]","diff --git a/pkg/sentry/syscalls/linux/vfs2/mount.go b/pkg/sentry/syscalls/linux/vfs2/mount.go
index fd0ab4c768..4fcd9e87cb 100644
--- a/pkg/sentry/syscalls/linux/vfs2/mount.go
+++ b/pkg/sentry/syscalls/linux/vfs2/mount.go
@@ -17,6 +17,7 @@ package vfs2
 import (
 	""gvisor.dev/gvisor/pkg/abi/linux""
 	""gvisor.dev/gvisor/pkg/errors/linuxerr""
+	""gvisor.dev/gvisor/pkg/fspath""
 	""gvisor.dev/gvisor/pkg/hostarch""
 	""gvisor.dev/gvisor/pkg/sentry/arch""
 	""gvisor.dev/gvisor/pkg/sentry/kernel""
@@ -71,9 +72,8 @@ func Mount(t *kernel.Task, args arch.SyscallArguments) (uintptr, *kernel.Syscall
 		return 0, nil, linuxerr.EPERM
 	}
 
-	const unsupportedOps = linux.MS_REMOUNT | linux.MS_BIND |
-		linux.MS_SHARED | linux.MS_PRIVATE | linux.MS_SLAVE |
-		linux.MS_UNBINDABLE | linux.MS_MOVE
+	const unsupportedOps = linux.MS_REMOUNT | linux.MS_SHARED | linux.MS_PRIVATE |
+		linux.MS_SLAVE | linux.MS_UNBINDABLE | linux.MS_MOVE
 
 	// Silently allow MS_NOSUID, since we don't implement set-id bits
 	// anyway.
@@ -109,7 +109,23 @@ func Mount(t *kernel.Task, args arch.SyscallArguments) (uintptr, *kernel.Syscall
 		return 0, nil, err
 	}
 	defer target.Release(t)
-	_, err = t.Kernel().VFS().MountAt(t, creds, source, &target.pop, fsType, &opts)
+
+	if flags&linux.MS_BIND == linux.MS_BIND {
+		var sourcePath fspath.Path
+		sourcePath, err = copyInPath(t, sourceAddr)
+		if err != nil {
+			return 0, nil, err
+		}
+		var sourceTpop taskPathOperation
+		sourceTpop, err = getTaskPathOperation(t, linux.AT_FDCWD, sourcePath, disallowEmptyPath, nofollowFinalSymlink)
+		if err != nil {
+			return 0, nil, err
+		}
+		defer sourceTpop.Release(t)
+		_, err = t.Kernel().VFS().BindAt(t, creds, &sourceTpop.pop, &target.pop)
+	} else {
+		_, err = t.Kernel().VFS().MountAt(t, creds, source, &target.pop, fsType, &opts)
+	}
 	return 0, nil, err
 }
 
diff --git a/pkg/sentry/vfs/mount.go b/pkg/sentry/vfs/mount.go
index 4ef4a90f8c..bf54665880 100644
--- a/pkg/sentry/vfs/mount.go
+++ b/pkg/sentry/vfs/mount.go
@@ -271,6 +271,26 @@ func (vfs *VirtualFilesystem) ConnectMountAt(ctx context.Context, creds *auth.Cr
 	return nil
 }
 
+// BindAt creates a clone of the source path's parent mount and mounts it at
+// the target path. The new mount's root dentry is one pointed to by the source
+// path.
+//
+// TODO(b/249121230): Support recursive bind mounting.
+func (vfs *VirtualFilesystem) BindAt(ctx context.Context, creds *auth.Credentials, source, target *PathOperation) (*Mount, error) {
+	vd, err := vfs.GetDentryAt(ctx, creds, source, &GetDentryOptions{})
+	if err != nil {
+		return nil, err
+	}
+	defer vd.DecRef(ctx)
+	opts := vd.mount.Options()
+	mnt := vfs.NewDisconnectedMount(vd.mount.fs, vd.dentry, &opts)
+	defer mnt.DecRef(ctx)
+	if err := vfs.ConnectMountAt(ctx, creds, mnt, target); err != nil {
+		return nil, err
+	}
+	return mnt, nil
+}
+
 // MountAt creates and mounts a Filesystem configured by the given arguments.
 // The VirtualFilesystem will hold a reference to the Mount until it is
 // unmounted.
diff --git a/test/syscalls/linux/mount.cc b/test/syscalls/linux/mount.cc
index bc8d7127b1..3ce7cd29cf 100644
--- a/test/syscalls/linux/mount.cc
+++ b/test/syscalls/linux/mount.cc
@@ -759,6 +759,68 @@ TEST(MountTest, TmpfsSizeMmap) {
               ::testing::KilledBySignal(SIGBUS), """");
   EXPECT_THAT(munmap(addr, 2 * kPageSize), SyscallSucceeds());
 }
+
+TEST(MountTest, SimpleBind) {
+  SKIP_IF(!ASSERT_NO_ERRNO_AND_VALUE(HaveCapability(CAP_SYS_ADMIN)));
+
+  auto const dir1 = ASSERT_NO_ERRNO_AND_VALUE(TempPath::CreateDir());
+  auto const dir2 = ASSERT_NO_ERRNO_AND_VALUE(TempPath::CreateDir());
+  auto const mount = ASSERT_NO_ERRNO_AND_VALUE(
+      Mount("""", dir1.path(), ""tmpfs"", 0, ""mode=0123"", 0));
+  auto const child1 =
+      ASSERT_NO_ERRNO_AND_VALUE(TempPath::CreateDirIn(dir1.path()));
+  auto const child2 =
+      ASSERT_NO_ERRNO_AND_VALUE(TempPath::CreateDirIn(dir1.path()));
+  auto const bind_mount = Mount(dir1.path(), dir2.path(), """", MS_BIND, """", 0);
+
+  // Write to child1 in dir1.
+  const std::string filename = ""foo.txt"";
+  const std::string contents = ""barbaz"";
+  ASSERT_NO_ERRNO(CreateWithContents(JoinPath(child1.path(), filename),
+                                     contents, O_WRONLY));
+  // Verify both directories have the same nodes.
+  std::vector<std::string> child_names = {std::string(Basename(child1.path())),
+                                          std::string(Basename(child2.path()))};
+  ASSERT_NO_ERRNO(DirContains(dir1.path(), child_names, {}));
+  ASSERT_NO_ERRNO(DirContains(dir2.path(), child_names, {}));
+
+  const std::string dir1_filepath =
+      JoinPath(dir1.path(), Basename(child1.path()), filename);
+  const std::string dir2_filepath =
+      JoinPath(dir2.path(), Basename(child1.path()), filename);
+
+  std::string output;
+  ASSERT_NO_ERRNO(GetContents(dir1_filepath, &output));
+  ASSERT_TRUE(output == contents);
+  ASSERT_NO_ERRNO(GetContents(dir2_filepath, &output));
+  ASSERT_TRUE(output == contents);
+}
+
+TEST(MountTest, BindToSelf) {
+  // Test that we can turn a normal directory into a mount with MS_BIND.
+  SKIP_IF(!ASSERT_NO_ERRNO_AND_VALUE(HaveCapability(CAP_SYS_ADMIN)));
+  auto const dir = ASSERT_NO_ERRNO_AND_VALUE(TempPath::CreateDir());
+
+  const std::vector<ProcMountsEntry> mounts_before =
+      ASSERT_NO_ERRNO_AND_VALUE(ProcSelfMountsEntries());
+  for (const auto& e : mounts_before) {
+    ASSERT_TRUE(e.mount_point != dir.path());
+  }
+
+  auto const mount = ASSERT_NO_ERRNO_AND_VALUE(
+      Mount(dir.path(), dir.path(), """", MS_BIND, """", 0));
+
+  const std::vector<ProcMountsEntry> mounts_after =
+      ASSERT_NO_ERRNO_AND_VALUE(ProcSelfMountsEntries());
+  bool found = false;
+  for (const auto& e : mounts_after) {
+    if (e.mount_point == dir.path()) {
+      found = true;
+    }
+  }
+  ASSERT_TRUE(found);
+}
+
 }  // namespace
 
 }  // namespace testing",rejected_candidate,,
issta2024_bugs_in_pods_understanding_bugs:b9fb6e593904ea7c,issta2024_bugs_in_pods_understanding_bugs,containerd,https://github.com/containerd/containerd/commit/73dbbf5bfa4ff2c9a2f6c91dc7c4dc29ace5fa4c,Update to Go 1.17.1,Signed-off-by: Phil Estes <estesp@amazon.com>,no_comments_in_source,committed,2021-09-13T14:21:03+00:00,"["".github/workflows/ci.yml"", "".github/workflows/nightly.yml"", "".github/workflows/release.yml"", "".zuul/playbooks/containerd-build/integration-test.yaml"", "".zuul/playbooks/containerd-build/run.yaml"", "".zuul/playbooks/containerd-build/unit-test.yaml"", ""Vagrantfile"", ""contrib/Dockerfile.test""]","diff --git a/.github/workflows/ci.yml b/.github/workflows/ci.yml
index c72c7e4422578..2b55d943e4700 100644
--- a/.github/workflows/ci.yml
+++ b/.github/workflows/ci.yml
@@ -20,7 +20,7 @@ jobs:
 
     strategy:
       matrix:
-        go-version: [1.17]
+        go-version: [1.17.1]
         os: [ubuntu-18.04, macos-10.15, windows-2019]
 
     steps:
@@ -46,7 +46,7 @@ jobs:
     steps:
       - uses: actions/setup-go@v2
         with:
-          go-version: '1.17'
+          go-version: '1.17.1'
 
       - uses: actions/checkout@v2
         with:
@@ -78,7 +78,7 @@ jobs:
     steps:
       - uses: actions/setup-go@v2
         with:
-          go-version: '1.17'
+          go-version: '1.17.1'
 
       - uses: actions/checkout@v2
         with:
@@ -111,7 +111,7 @@ jobs:
     steps:
       - uses: actions/setup-go@v2
         with:
-          go-version: '1.17'
+          go-version: '1.17.1'
       - uses: actions/checkout@v2
       - run: go get github.com/cpuguy83/go-md2man/v2@v2.0.1
       - run: make man
@@ -145,7 +145,7 @@ jobs:
     steps:
       - uses: actions/setup-go@v2
         with:
-          go-version: '1.17'
+          go-version: '1.17.1'
       - uses: actions/checkout@v2
       - run: |
           set -e -x
@@ -202,7 +202,7 @@ jobs:
     strategy:
       matrix:
         os: [ubuntu-18.04, macos-10.15, windows-2019]
-        go-version: ['1.17']
+        go-version: ['1.17.1']
 
     steps:
       - uses: actions/setup-go@v2
@@ -244,7 +244,7 @@ jobs:
     steps:
       - uses: actions/setup-go@v2
         with:
-          go-version: '1.17'
+          go-version: '1.17.1'
 
       - uses: actions/checkout@v2
         with:
@@ -325,7 +325,7 @@ jobs:
     steps:
       - uses: actions/setup-go@v2
         with:
-          go-version: '1.17'
+          go-version: '1.17.1'
 
       - uses: actions/checkout@v2
 
@@ -444,7 +444,7 @@ jobs:
     steps:
       - uses: actions/setup-go@v2
         with:
-          go-version: '1.17'
+          go-version: '1.17.1'
       - uses: actions/checkout@v2
       - run: sudo -E PATH=$PATH script/setup/install-gotestsum
       - name: Tests
diff --git a/.github/workflows/nightly.yml b/.github/workflows/nightly.yml
index 5c69bacf9b2f8..2831ee1ca476c 100644
--- a/.github/workflows/nightly.yml
+++ b/.github/workflows/nightly.yml
@@ -18,7 +18,7 @@ jobs:
     steps:
       - uses: actions/setup-go@v2
         with:
-          go-version: '1.17'
+          go-version: '1.17.1'
 
       - uses: actions/checkout@v2
         with:
@@ -135,7 +135,7 @@ jobs:
     steps:
       - uses: actions/setup-go@v2
         with:
-          go-version: '1.17'
+          go-version: '1.17.1'
 
       - uses: actions/checkout@v2
         with:
diff --git a/.github/workflows/release.yml b/.github/workflows/release.yml
index 6d597bb159c50..42cb5324b8469 100644
--- a/.github/workflows/release.yml
+++ b/.github/workflows/release.yml
@@ -62,7 +62,7 @@ jobs:
       - name: Install Go
         uses: actions/setup-go@v2
         with:
-          go-version: '1.17'
+          go-version: '1.17.1'
 
       - name: Set env
         shell: bash
diff --git a/.zuul/playbooks/containerd-build/integration-test.yaml b/.zuul/playbooks/containerd-build/integration-test.yaml
index d0e76228a5601..3ccdd96f65605 100644
--- a/.zuul/playbooks/containerd-build/integration-test.yaml
+++ b/.zuul/playbooks/containerd-build/integration-test.yaml
@@ -2,7 +2,7 @@
   become: yes
   roles:
   - role: config-golang
-    go_version: '1.17'
+    go_version: '1.17.1'
     arch: arm64
   tasks:
   - name: Install pre-requisites
diff --git a/.zuul/playbooks/containerd-build/run.yaml b/.zuul/playbooks/containerd-build/run.yaml
index 1afde4e5feef6..2aef5a1b4a467 100644
--- a/.zuul/playbooks/containerd-build/run.yaml
+++ b/.zuul/playbooks/containerd-build/run.yaml
@@ -2,7 +2,7 @@
   become: yes
   roles:
   - role: config-golang
-    go_version: '1.17'
+    go_version: '1.17.1'
     arch: arm64
   tasks:
   - name: Build containerd
diff --git a/.zuul/playbooks/containerd-build/unit-test.yaml b/.zuul/playbooks/containerd-build/unit-test.yaml
index b62e06ce2fa80..dcae814a97a76 100644
--- a/.zuul/playbooks/containerd-build/unit-test.yaml
+++ b/.zuul/playbooks/containerd-build/unit-test.yaml
@@ -2,7 +2,7 @@
   become: yes
   roles:
   - role: config-golang
-    go_version: '1.17'
+    go_version: '1.17.1'
     arch: arm64
   tasks:
   - name: Build and test containerd
diff --git a/Vagrantfile b/Vagrantfile
index a8ee500ba80c8..90310e822afa6 100644
--- a/Vagrantfile
+++ b/Vagrantfile
@@ -77,7 +77,7 @@ Vagrant.configure(""2"") do |config|
   config.vm.provision ""install-golang"", type: ""shell"", run: ""once"" do |sh|
     sh.upload_path = ""/tmp/vagrant-install-golang""
     sh.env = {
-        'GO_VERSION': ENV['GO_VERSION'] || ""1.17"",
+        'GO_VERSION': ENV['GO_VERSION'] || ""1.17.1"",
     }
     sh.inline = <<~SHELL
         #!/usr/bin/env bash
diff --git a/contrib/Dockerfile.test b/contrib/Dockerfile.test
index 8b2f51b6c2ded..e552b6841fead 100644
--- a/contrib/Dockerfile.test
+++ b/contrib/Dockerfile.test
@@ -10,7 +10,7 @@
 #
 # docker build -t containerd-test --build-arg RUNC_VERSION=v1.0.0-rc94 -f Dockerfile.test ../
 
-ARG GOLANG_VERSION=1.17
+ARG GOLANG_VERSION=1.17.1
 ARG GOLANG_IMAGE=golang
 
 FROM ${GOLANG_IMAGE}:${GOLANG_VERSION} AS golang",rejected_candidate,,
issta2024_bugs_in_pods_understanding_bugs:bdc4e994fba06c6d,issta2024_bugs_in_pods_understanding_bugs,containerd,https://github.com/containerd/containerd/commit/e306680f44340c0ce3e398bd7e2dbd3cde9134e4,Merge pull request #7607 from jess-sol/main,Support default hosts.toml configuration,no_comments_in_source,committed,2022-11-04T17:22:00+00:00,"[""docs/hosts.md"", ""remotes/docker/config/config_unix.go"", ""remotes/docker/config/config_windows.go""]","diff --git a/docs/hosts.md b/docs/hosts.md
index e6c5ac8552434..0298c930538b2 100644
--- a/docs/hosts.md
+++ b/docs/hosts.md
@@ -73,6 +73,9 @@ $ tree /etc/containerd/certs.d
     └── hosts.toml
 ```
 
+Optionally the `_default` registry host namespace can be used as a fallback, if no
+other namespace matches.
+
 The `/v2` portion of the pull request format shown above refers to the version of the
 distribution api. If not included in the pull request, `/v2` is added by default for all
 clients compliant to the distribution specification linked above.
@@ -157,6 +160,21 @@ server = ""https://registry-1.docker.io""    # Exclude this to not use upstream
   ca = ""docker-mirror.crt""                 # Or absolute path /etc/containerd/certs.d/docker.io/docker-mirror.crt
 ```
 
+### Setup Default Mirror for All Registries
+
+```
+$ tree /etc/containerd/certs.d
+/etc/containerd/certs.d
+└── _default
+    └── hosts.toml
+
+$ cat /etc/containerd/certs.d/_default/hosts.toml
+server = ""https://registry.example.com""
+
+[host.""https://registry.example.com""]
+  capabilities = [""pull"", ""resolve""]
+```
+
 ### Bypass TLS Verification Example
 
 To bypass the TLS verification for a private registry at `192.168.31.250:5000`
diff --git a/remotes/docker/config/config_unix.go b/remotes/docker/config/config_unix.go
index 092b82a873e21..6967f680d43ee 100644
--- a/remotes/docker/config/config_unix.go
+++ b/remotes/docker/config/config_unix.go
@@ -24,16 +24,18 @@ import (
 	""path/filepath""
 )
 
-func hostPaths(root, host string) []string {
+func hostPaths(root, host string) (hosts []string) {
 	ch := hostDirectory(host)
-	if ch == host {
-		return []string{filepath.Join(root, host)}
+	if ch != host {
+		hosts = append(hosts, filepath.Join(root, ch))
 	}
 
-	return []string{
-		filepath.Join(root, ch),
+	hosts = append(hosts,
 		filepath.Join(root, host),
-	}
+		filepath.Join(root, ""_default""),
+	)
+
+	return
 }
 
 func rootSystemPool() (*x509.CertPool, error) {
diff --git a/remotes/docker/config/config_windows.go b/remotes/docker/config/config_windows.go
index 4a9d3361e2f8d..4697728b9c687 100644
--- a/remotes/docker/config/config_windows.go
+++ b/remotes/docker/config/config_windows.go
@@ -22,16 +22,18 @@ import (
 	""strings""
 )
 
-func hostPaths(root, host string) []string {
+func hostPaths(root, host string) (hosts []string) {
 	ch := hostDirectory(host)
-	if ch == host {
-		return []string{filepath.Join(root, host)}
+	if ch != host {
+		hosts = append(hosts, filepath.Join(root, strings.Replace(ch, "":"", """", -1)))
 	}
 
-	return []string{
-		filepath.Join(root, strings.Replace(ch, "":"", """", -1)),
+	hosts = append(hosts,
 		filepath.Join(root, strings.Replace(host, "":"", """", -1)),
-	}
+		filepath.Join(root, ""_default""),
+	)
+
+	return
 }
 
 func rootSystemPool() (*x509.CertPool, error) {",rejected_candidate,,
issta2024_bugs_in_pods_understanding_bugs:c4f908d4cdbeacd8,issta2024_bugs_in_pods_understanding_bugs,containerd,https://github.com/containerd/containerd/commit/96fda588b96a23164fdae8750b8a35ec59ef3cb7,Merge pull request #6065 from dmcgowan/mirror-action-custom-tag,Update mirror images to take target image name,no_comments_in_source,committed,2021-09-29T15:21:59+00:00,"["".github/workflows/images.yml""]","diff --git a/.github/workflows/images.yml b/.github/workflows/images.yml
index 90193c35c1874..55562a34fb227 100644
--- a/.github/workflows/images.yml
+++ b/.github/workflows/images.yml
@@ -6,6 +6,9 @@ on:
         description: ""Upstream image to mirror""
         required: true
         default: ""docker.io/library/busybox:1.32""
+      image:
+        description: ""Target image name (override)""
+
 
 jobs:
   mirror:
@@ -56,7 +59,12 @@ jobs:
           sleep 5
 
           upstream=${{ github.event.inputs.upstream }}
-          mirror=""ghcr.io/containerd/${upstream##*/}""
+          target=${{ github.event.inputs.image }}
+          if [[ ""$target"" == """" ]]; then
+            mirror=""ghcr.io/containerd/${upstream##*/}""
+          else
+            mirror=""ghcr.io/containerd/${target}""
+          fi
 
           echo ""Mirroring $upstream to $mirror""",rejected_candidate,,
issta2024_bugs_in_pods_understanding_bugs:c71b5c7f6094a191,issta2024_bugs_in_pods_understanding_bugs,runc,https://github.com/opencontainers/runc/commit/4e0d6898f67fd49a36bd5409864571ee83226f9a,Merge pull request #3370 from kolyshkin/bump-gofumpt,"ci: bump golangci-lint to v1.44, golangci-lint-action to v3",no_comments_in_source,committed,2022-03-08T11:57:11+00:00,"["".github/workflows/validate.yml"", ""libcontainer/cgroups/ebpf/devicefilter/devicefilter_test.go"", ""libcontainer/process_linux.go"", ""update.go""]","diff --git a/.github/workflows/validate.yml b/.github/workflows/validate.yml
index 055340640f2..74cc90b14ff 100644
--- a/.github/workflows/validate.yml
+++ b/.github/workflows/validate.yml
@@ -7,6 +7,8 @@ on:
       - master
       - release-*
   pull_request:
+env:
+  GO_VERSION: 1.17.x
 
 jobs:
 
@@ -14,14 +16,16 @@ jobs:
     runs-on: ubuntu-20.04
     steps:
       - uses: actions/checkout@v3
+      - uses: actions/setup-go@v2
+        with:
+          go-version: ""${{ env.GO_VERSION }}""
       - name: install deps
         run: |
           sudo apt -q update
           sudo apt -q install libseccomp-dev
-      - uses: golangci/golangci-lint-action@v2
+      - uses: golangci/golangci-lint-action@v3
         with:
-          # must be specified without patch version
-          version: v1.42
+          version: v1.44
 
   lint-extra:
     # Extra linters, only checking new code from pull requests.
@@ -31,16 +35,18 @@ jobs:
       contents: read
     steps:
       - uses: actions/checkout@v3
+      - uses: actions/setup-go@v2
+        with:
+          go-version: ""${{ env.GO_VERSION }}""
       - name: install deps
         run: |
           sudo apt -q update
           sudo apt -q install libseccomp-dev
-      - uses: golangci/golangci-lint-action@v2
+      - uses: golangci/golangci-lint-action@v3
         with:
           only-new-issues: true
           args: --config .golangci-extra.yml
-          # must be specified without patch version
-          version: v1.43
+          version: v1.44
 
 
   compile-buildtags:
@@ -53,7 +59,7 @@ jobs:
       - name: install go
         uses: actions/setup-go@v2
         with:
-          go-version: 1.x # Latest stable
+          go-version: ""${{ env.GO_VERSION }}""
       - name: compile with no build tags
         run: make BUILDTAGS=""""
 
@@ -120,7 +126,7 @@ jobs:
     - name: install go
       uses: actions/setup-go@v2
       with:
-        go-version: 1.x # Latest stable
+        go-version: ""${{ env.GO_VERSION }}""
     - name: cache go mod and $GOCACHE
       uses: actions/cache@v2
       with:
diff --git a/libcontainer/cgroups/ebpf/devicefilter/devicefilter_test.go b/libcontainer/cgroups/ebpf/devicefilter/devicefilter_test.go
index a8fc562d038..d279335821d 100644
--- a/libcontainer/cgroups/ebpf/devicefilter/devicefilter_test.go
+++ b/libcontainer/cgroups/ebpf/devicefilter/devicefilter_test.go
@@ -153,8 +153,7 @@ func TestDeviceFilter_Privileged(t *testing.T) {
 			Allow:       true,
 		},
 	}
-	expected :=
-		`
+	expected := `
 // load parameters into registers
         0: LdXMemW dst: r2 src: r1 off: 0 imm: 0
         1: And32Imm dst: r2 imm: 65535
diff --git a/libcontainer/process_linux.go b/libcontainer/process_linux.go
index ae91d5b900f..c2ee2da6b13 100644
--- a/libcontainer/process_linux.go
+++ b/libcontainer/process_linux.go
@@ -39,13 +39,9 @@ type parentProcess interface {
 
 	// startTime returns the process start time.
 	startTime() (uint64, error)
-
 	signal(os.Signal) error
-
 	externalDescriptors() []string
-
 	setExternalDescriptors(fds []string)
-
 	forwardChildLogs() chan error
 }
 
diff --git a/update.go b/update.go
index d02e7af90d3..9ce5a2e835b 100644
--- a/update.go
+++ b/update.go
@@ -194,7 +194,6 @@ other options are ignored.
 				opt  string
 				dest *uint64
 			}{
-
 				{""cpu-period"", r.CPU.Period},
 				{""cpu-rt-period"", r.CPU.RealtimePeriod},
 				{""cpu-share"", r.CPU.Shares},
@@ -211,7 +210,6 @@ other options are ignored.
 				opt  string
 				dest *int64
 			}{
-
 				{""cpu-quota"", r.CPU.Quota},
 				{""cpu-rt-runtime"", r.CPU.RealtimeRuntime},
 			} {",rejected_candidate,,
issta2024_bugs_in_pods_understanding_bugs:c82958dfeb9b997b,issta2024_bugs_in_pods_understanding_bugs,cri-o,https://github.com/cri-o/cri-o/commit/cbfab09d5801bf94f6e2ec3d85cf30f33f59c3b0,server: fix segfault when using cgroupv2,Signed-off-by: Peter Hunt <pehunt@redhat.com>,no_comments_in_source,committed,2021-11-08T20:59:54+00:00,"[""server/container_create_linux.go""]","diff --git a/server/container_create_linux.go b/server/container_create_linux.go
index 95126ef2518..1ba25b75011 100644
--- a/server/container_create_linux.go
+++ b/server/container_create_linux.go
@@ -395,7 +395,10 @@ func (s *Server) createSandboxContainer(ctx context.Context, ctr ctrIface.Contai
 				}
 			}
 
-			if node.CgroupIsV2() {
+			if node.CgroupIsV2() && len(resources.Unified) != 0 {
+				if specgen.Config.Linux.Resources.Unified == nil {
+					specgen.Config.Linux.Resources.Unified = make(map[string]string, len(resources.Unified))
+				}
 				for key, value := range resources.Unified {
 					specgen.Config.Linux.Resources.Unified[key] = value
 				}",accepted_fault,Out of Memory,Incorrect Image or Config Parsing
issta2024_bugs_in_pods_understanding_bugs:c9e44f98f749b1a5,issta2024_bugs_in_pods_understanding_bugs,containerd,https://github.com/containerd/containerd/commit/0b33a45fad92ac1df4a676d76fcce89d7ee2ae51,cri: fix Mirrors deprecation comment,Signed-off-by: Kay Yan <kay.yan@daocloud.io>,no_comments_in_source,committed,2023-02-01T12:42:50+00:00,"[""pkg/cri/config/config.go""]","diff --git a/pkg/cri/config/config.go b/pkg/cri/config/config.go
index ccb925f3e13e1..946baa9bcf599 100644
--- a/pkg/cri/config/config.go
+++ b/pkg/cri/config/config.go
@@ -206,7 +206,7 @@ type Registry struct {
 	ConfigPath string `toml:""config_path"" json:""configPath""`
 	// Mirrors are namespace to mirror mapping for all namespaces.
 	// This option will not be used when ConfigPath is provided.
-	// DEPRECATED: Use ConfigPath instead. Remove in containerd 1.7.
+	// DEPRECATED: Use ConfigPath instead. Remove in containerd 2.0.
 	Mirrors map[string]Mirror `toml:""mirrors"" json:""mirrors""`
 	// Configs are configs for each registry.
 	// The key is the domain name or IP of the registry.",rejected_candidate,,
issta2024_bugs_in_pods_understanding_bugs:cb8f892e1b04df54,issta2024_bugs_in_pods_understanding_bugs,containerd,https://github.com/containerd/containerd/commit/b324a4b8e2a8edd5f396d759d3dbdcd80c15e4bc,Merge pull request #8467 from alexellis/add-openfaas-adopters,Add faasd and actuated into the ADOPTERS file,no_comments_in_source,committed,2023-05-03T19:40:28+00:00,"[""ADOPTERS.md""]","diff --git a/ADOPTERS.md b/ADOPTERS.md
index c5e60df7b41ad..fabf3d8519d99 100644
--- a/ADOPTERS.md
+++ b/ADOPTERS.md
@@ -8,6 +8,8 @@ has extremely broad production usage as a component of the [Docker engine](https
 stack. Note that this includes any use of the open source [Moby engine project](https://github.com/moby/moby);
 including the Balena project listed below.
 
+**[faasd by OpenFaaS](https://github.com/openfaas/faasd)** - faasd in an Open Source project for serverless functions. It takes the same OpenFaaS components that usually run on Kubernetes and instead launches containers directly on a single host using CNI for networking. It's ideal for edge and for deploying functions without having to think about managing and maintaining Kubernetes.
+
 **_[IBM Cloud Kubernetes Service (IKS)](https://www.ibm.com/cloud/container-service)_** - offers containerd as the CRI runtime for v1.11 and higher versions.
 
 **_[IBM Cloud Private (ICP)](https://www.ibm.com/cloud/private)_** - IBM's on-premises cloud offering has containerd as a ""tech preview"" CRI runtime for the Kubernetes offered within this product for the past two releases, and plans to fully migrate to containerd in a future release.
@@ -56,6 +58,8 @@ including the Balena project listed below.
 
 **_Deckhouse_** - [Deckhouse Kubernetes Platform](https://deckhouse.io/) from Flant allows you to manage Kubernetes clusters anywhere in a fully automatic and uniform fashion. It uses containerd as the default CRI runtime.
 
+**_[Actuated](https://actuated.dev)** - Actuated is a platform for running self-hosted CI in securely-isolated Firecracker VMs. Actuated uses containerd's image pulling facility to distribute and update the root filesystem for VMs for CI agents.
+
 **_Other Projects_** - While the above list provides a cross-section of well known uses of containerd, the simplicity and clear API layer for containerd has inspired many smaller projects around providing simple container management platforms. Several examples of building higher layer functionality on top of the containerd base have come from various containerd community participants:
  - Michael Crosby's [boss](https://github.com/crosbymichael/boss) project,
  - Evan Hazlett's [stellar](https://github.com/ehazlett/stellar) project,",rejected_candidate,,
issta2024_bugs_in_pods_understanding_bugs:cf241626f0faf81d,issta2024_bugs_in_pods_understanding_bugs,gvisor,https://github.com/google/gvisor/commit/d2b48375709b96fb2e353aeb393b48bea271ea80,fix nogo error,"Avoids messages like:
error checking types: pkg/sync/runtime_unsafe.go:105:21: predeclared any requires go1.18 or later

PiperOrigin-RevId: 525559255",no_comments_in_source,committed,2023-04-19T21:58:31+00:00,"[""pkg/sentry/platform/kvm/bluepill_unsafe.go"", ""pkg/sentry/platform/kvm/machine_unsafe.go"", ""pkg/sentry/platform/ptrace/subprocess_unsafe.go"", ""pkg/sentry/platform/systrap/subprocess_unsafe.go"", ""pkg/sync/runtime_unsafe.go"", ""pkg/tcpip/link/rawfile/blockingpoll_yield_unsafe.go""]","diff --git a/pkg/sentry/platform/kvm/bluepill_unsafe.go b/pkg/sentry/platform/kvm/bluepill_unsafe.go
index 853b5789d7..81bd9f814c 100644
--- a/pkg/sentry/platform/kvm/bluepill_unsafe.go
+++ b/pkg/sentry/platform/kvm/bluepill_unsafe.go
@@ -12,8 +12,8 @@
 // See the License for the specific language governing permissions and
 // limitations under the License.
 
-//go:build go1.12
-// +build go1.12
+//go:build go1.18
+// +build go1.18
 
 // //go:linkname directives type-checked by checklinkname. Any other
 // non-linkname assumptions outside the Go 1 compatibility guarantee should
diff --git a/pkg/sentry/platform/kvm/machine_unsafe.go b/pkg/sentry/platform/kvm/machine_unsafe.go
index 28d1566ab8..b20a988a09 100644
--- a/pkg/sentry/platform/kvm/machine_unsafe.go
+++ b/pkg/sentry/platform/kvm/machine_unsafe.go
@@ -12,8 +12,8 @@
 // See the License for the specific language governing permissions and
 // limitations under the License.
 
-//go:build go1.12
-// +build go1.12
+//go:build go1.18
+// +build go1.18
 
 // //go:linkname directives type-checked by checklinkname. Any other
 // non-linkname assumptions outside the Go 1 compatibility guarantee should
diff --git a/pkg/sentry/platform/ptrace/subprocess_unsafe.go b/pkg/sentry/platform/ptrace/subprocess_unsafe.go
index 3047222006..3a0f3d4d8d 100644
--- a/pkg/sentry/platform/ptrace/subprocess_unsafe.go
+++ b/pkg/sentry/platform/ptrace/subprocess_unsafe.go
@@ -12,8 +12,8 @@
 // See the License for the specific language governing permissions and
 // limitations under the License.
 
-//go:build go1.12
-// +build go1.12
+//go:build go1.18
+// +build go1.18
 
 // //go:linkname directives type-checked by checklinkname. Any other
 // non-linkname assumptions outside the Go 1 compatibility guarantee should
diff --git a/pkg/sentry/platform/systrap/subprocess_unsafe.go b/pkg/sentry/platform/systrap/subprocess_unsafe.go
index 3f7a3d44eb..c724ad9d8c 100644
--- a/pkg/sentry/platform/systrap/subprocess_unsafe.go
+++ b/pkg/sentry/platform/systrap/subprocess_unsafe.go
@@ -12,8 +12,8 @@
 // See the License for the specific language governing permissions and
 // limitations under the License.
 
-//go:build go1.12
-// +build go1.12
+//go:build go1.18
+// +build go1.18
 
 // //go:linkname directives type-checked by checklinkname. Any other
 // non-linkname assumptions outside the Go 1 compatibility guarantee should
diff --git a/pkg/sync/runtime_unsafe.go b/pkg/sync/runtime_unsafe.go
index cfccde758e..91cda67bb0 100644
--- a/pkg/sync/runtime_unsafe.go
+++ b/pkg/sync/runtime_unsafe.go
@@ -3,8 +3,8 @@
 // Use of this source code is governed by a BSD-style
 // license that can be found in the LICENSE file.
 
-//go:build go1.13 && !go1.22
-// +build go1.13,!go1.22
+//go:build go1.18 && !go1.22
+// +build go1.18,!go1.22
 
 // //go:linkname directives type-checked by checklinkname. Any other
 // non-linkname assumptions outside the Go 1 compatibility guarantee should
diff --git a/pkg/tcpip/link/rawfile/blockingpoll_yield_unsafe.go b/pkg/tcpip/link/rawfile/blockingpoll_yield_unsafe.go
index 0b7b9e3de3..9662411c5a 100644
--- a/pkg/tcpip/link/rawfile/blockingpoll_yield_unsafe.go
+++ b/pkg/tcpip/link/rawfile/blockingpoll_yield_unsafe.go
@@ -12,9 +12,9 @@
 // See the License for the specific language governing permissions and
 // limitations under the License.
 
-//go:build ((linux && amd64) || (linux && arm64)) && go1.12
+//go:build ((linux && amd64) || (linux && arm64)) && go1.18
 // +build linux,amd64 linux,arm64
-// +build go1.12
+// +build go1.18
 
 // //go:linkname directives type-checked by checklinkname. Any other
 // non-linkname assumptions outside the Go 1 compatibility guarantee should
@@ -37,7 +37,7 @@ import (
 //go:noescape
 func BlockingPoll(fds *PollEvent, nfds int, timeout *unix.Timespec) (int, unix.Errno)
 
-// Use go:linkname to call into the runtime. As of Go 1.12 this has to
+// Use go:linkname to call into the runtime. As of Go 1.13 this has to
 // be done from Go code so that we make an ABIInternal call to an
 // ABIInternal function; see https://golang.org/issue/27539.",accepted_fault,Plugin Management Error,Incorrect 3rd Party Library Usage
issta2024_bugs_in_pods_understanding_bugs:d113784ad9a12312,issta2024_bugs_in_pods_understanding_bugs,gvisor,https://github.com/google/gvisor/commit/3f1642e4bc86c6e7febc6b2dd2b83ad48c5ee201,Remove ring0 floating point save/load functions on amd64.,"ring0.Save/LoadFloatingPoint() are only usable if the caller can ensure that Go
will not clobber floating point registers before/after calling them
respectively. Due to regabig in Go 1.17, this is no longer the case; regabig
(among other things) maintains a zeroed XMM15 during ABIInternal execution,
including by zeroing it after ABI0-to-ABIInternal transitions. In
ring0.sysenter/exception, this happens in
ring0.kernelSyscall/kernelException.abi0 respectively; in
ring0.CPU.SwitchToUser, this happens after returning from
ring0.sysret/iret.abi0. Delete these functions and do floating point save/load
in assembly.

While arm64 doesn't appear to be immediately affected (so this CL permits us to
resume usage of Go 1.17), its use of Save/LoadFloatingPoint() still seems to be
incorrect for the same fundamental reason (Go code can't sanely assume what
registers the Go compiler will or won't use) and should be fixed eventually.

PiperOrigin-RevId: 401895658",no_comments_in_source,committed,2021-10-09T01:00:36+00:00,"[""pkg/ring0/defs.go"", ""pkg/ring0/defs_amd64.go"", ""pkg/ring0/entry_amd64.go"", ""pkg/ring0/entry_amd64.s"", ""pkg/ring0/kernel.go"", ""pkg/ring0/kernel_amd64.go"", ""pkg/ring0/lib_amd64.go""]","diff --git a/pkg/ring0/defs.go b/pkg/ring0/defs.go
index b6e2012e82..38ce9be1e6 100644
--- a/pkg/ring0/defs.go
+++ b/pkg/ring0/defs.go
@@ -77,6 +77,9 @@ type CPU struct {
 	// calls and exceptions via the Registers function.
 	registers arch.Registers
 
+	// floatingPointState holds floating point state.
+	floatingPointState fpu.State
+
 	// hooks are kernel hooks.
 	hooks Hooks
 }
@@ -90,6 +93,15 @@ func (c *CPU) Registers() *arch.Registers {
 	return &c.registers
 }
 
+// FloatingPointState returns the kernel floating point state.
+//
+// This is explicitly safe to call during KernelException and KernelSyscall.
+//
+//go:nosplit
+func (c *CPU) FloatingPointState() *fpu.State {
+	return &c.floatingPointState
+}
+
 // SwitchOpts are passed to the Switch function.
 type SwitchOpts struct {
 	// Registers are the user register state.
diff --git a/pkg/ring0/defs_amd64.go b/pkg/ring0/defs_amd64.go
index 24f6e4cded..81e90dbf7a 100644
--- a/pkg/ring0/defs_amd64.go
+++ b/pkg/ring0/defs_amd64.go
@@ -116,6 +116,11 @@ type CPUArchState struct {
 	errorType uintptr
 
 	*kernelEntry
+
+	// Copies of global variables, stored in CPU so that they can be used by
+	// syscall and exception handlers (in the upper address space).
+	hasXSAVE    bool
+	hasXSAVEOPT bool
 }
 
 // ErrorCode returns the last error code.
diff --git a/pkg/ring0/entry_amd64.go b/pkg/ring0/entry_amd64.go
index afd646b0b8..13ad4e4df9 100644
--- a/pkg/ring0/entry_amd64.go
+++ b/pkg/ring0/entry_amd64.go
@@ -39,11 +39,6 @@ func sysenter()
 // assembly to get the ABI0 (i.e., primary) address.
 func addrOfSysenter() uintptr
 
-// swapgs swaps the current GS value.
-//
-// This must be called prior to sysret/iret.
-func swapgs()
-
 // jumpToKernel jumps to the kernel version of the current RIP.
 func jumpToKernel()
 
diff --git a/pkg/ring0/entry_amd64.s b/pkg/ring0/entry_amd64.s
index 520bd9f57a..d2913f190c 100644
--- a/pkg/ring0/entry_amd64.s
+++ b/pkg/ring0/entry_amd64.s
@@ -142,8 +142,103 @@ TEXT ·jumpToUser(SB),NOSPLIT,$0
 	MOVQ AX, 0(SP)
 	RET
 
+// See kernel_amd64.go.
+//
+// The 16-byte frame size is for the saved values of MXCSR and the x87 control
+// word.
+TEXT ·doSwitchToUser(SB),NOSPLIT,$16-48
+	// We are passed pointers to heap objects, but do not store them in our
+	// local frame.
+	NO_LOCAL_POINTERS
+
+	// MXCSR and the x87 control word are the only floating point state
+	// that is callee-save and thus we must save.
+	STMXCSR mxcsr-0(SP)
+	FSTCW cw-8(SP)
+
+	// Restore application floating point state.
+	MOVQ cpu+0(FP), SI
+	MOVQ fpState+16(FP), DI
+	MOVB ·hasXSAVE(SB), BX
+	TESTB BX, BX
+	JZ no_xrstor
+	// Use xrstor to restore all available fp state. For now, we restore
+	// everything unconditionally by setting the implicit operand edx:eax
+	// (the ""requested feature bitmap"") to all 1's.
+	MOVL $0xffffffff, AX
+	MOVL $0xffffffff, DX
+	BYTE $0x48; BYTE $0x0f; BYTE $0xae; BYTE $0x2f // XRSTOR64 0(DI)
+	JMP fprestore_done
+no_xrstor:
+	// Fall back to fxrstor if xsave is not available.
+	FXRSTOR64 0(DI)
+fprestore_done:
+
+	// Set application GS.
+	MOVQ regs+8(FP), R8
+	SWAP_GS()
+	MOVQ PTRACE_GS_BASE(R8), AX
+	PUSHQ AX
+	CALL ·writeGS(SB)
+	POPQ AX
+
+	// Call sysret() or iret().
+	MOVQ userCR3+24(FP), CX
+	MOVQ needIRET+32(FP), R9
+	ADDQ $-32, SP
+	MOVQ SI, 0(SP)  // cpu
+	MOVQ R8, 8(SP)  // regs
+	MOVQ CX, 16(SP) // userCR3
+	TESTQ R9, R9
+	JNZ do_iret
+	CALL ·sysret(SB)
+	JMP done_sysret_or_iret
+do_iret:
+	CALL ·iret(SB)
+done_sysret_or_iret:
+	MOVQ 24(SP), AX // vector
+	ADDQ $32, SP
+	MOVQ AX, vector+40(FP)
+
+	// Save application floating point state.
+	MOVQ fpState+16(FP), DI
+	MOVB ·hasXSAVE(SB), BX
+	MOVB ·hasXSAVEOPT(SB), CX
+	TESTB BX, BX
+	JZ no_xsave
+	// Use xsave/xsaveopt to save all extended state.
+	// We save everything unconditionally by setting RFBM to all 1's.
+	MOVL $0xffffffff, AX
+	MOVL $0xffffffff, DX
+	TESTB CX, CX
+	JZ no_xsaveopt
+	BYTE $0x48; BYTE $0x0f; BYTE $0xae; BYTE $0x37; // XSAVEOPT64 0(DI)
+	JMP fpsave_done
+no_xsaveopt:
+	BYTE $0x48; BYTE $0x0f; BYTE $0xae; BYTE $0x27; // XSAVE64 0(DI)
+	JMP fpsave_done
+no_xsave:
+	FXSAVE64 0(DI)
+fpsave_done:
+
+	// Restore MXCSR and the x87 control word after one of the two floating
+	// point save cases above, to ensure the application versions are saved
+	// before being clobbered here.
+	LDMXCSR mxcsr-0(SP)
+
+	// FLDCW is a ""waiting"" x87 instruction, meaning it checks for pending
+	// unmasked exceptions before executing. Thus if userspace has unmasked
+	// an exception and has one pending, it can be raised by FLDCW even
+	// though the new control word will mask exceptions. To prevent this,
+	// we must first clear pending exceptions (which will be restored by
+	// XRSTOR, et al).
+	BYTE $0xDB; BYTE $0xE2; // FNCLEX
+	FLDCW cw-8(SP)
+
+	RET
+
 // See entry_amd64.go.
-TEXT ·sysret(SB),NOSPLIT,$0-24
+TEXT ·sysret(SB),NOSPLIT,$0-32
 	// Set application FS. We can't do this in Go because Go code needs FS.
 	MOVQ regs+8(FP), AX
 	MOVQ PTRACE_FS_BASE(AX), AX
@@ -182,9 +277,11 @@ TEXT ·sysret(SB),NOSPLIT,$0-24
 	POPQ AX                             // Restore AX.
 	POPQ SP                             // Restore SP.
 	SYSRET64()
+	// sysenter or exception will write our return value and return to our
+	// caller.
 
 // See entry_amd64.go.
-TEXT ·iret(SB),NOSPLIT,$0-24
+TEXT ·iret(SB),NOSPLIT,$0-32
 	// Set application FS. We can't do this in Go because Go code needs FS.
 	MOVQ regs+8(FP), AX
 	MOVQ PTRACE_FS_BASE(AX), AX
@@ -220,6 +317,8 @@ TEXT ·iret(SB),NOSPLIT,$0-24
 	WRITE_CR3()                         // Switch to userCR3.
 	POPQ AX                             // Restore AX.
 	IRET()
+	// sysenter or exception will write our return value and return to our
+	// caller.
 
 // See entry_amd64.go.
 TEXT ·resume(SB),NOSPLIT,$0
@@ -324,11 +423,39 @@ kernel:
 	MOVQ $0,  CPU_ERROR_CODE(AX)                // Clear error code.
 	MOVQ $0,  CPU_ERROR_TYPE(AX)                // Set error type to kernel.
 
+	// Save floating point state. CPU.floatingPointState is a slice, so the
+	// first word of CPU.floatingPointState is a pointer to the destination
+	// array.
+	MOVQ CPU_FPU_STATE(AX), DI
+	MOVB CPU_HAS_XSAVE(AX), BX
+	MOVB CPU_HAS_XSAVEOPT(AX), CX
+	TESTB BX, BX
+	JZ no_xsave
+	// Use xsave/xsaveopt to save all extended state.
+	// We save everything unconditionally by setting RFBM to all 1's.
+	MOVL $0xffffffff, AX
+	MOVL $0xffffffff, DX
+	TESTB CX, CX
+	JZ no_xsaveopt
+	BYTE $0x48; BYTE $0x0f; BYTE $0xae; BYTE $0x37; // XSAVEOPT64 0(DI)
+	JMP fpsave_done
+no_xsaveopt:
+	BYTE $0x48; BYTE $0x0f; BYTE $0xae; BYTE $0x27; // XSAVE64 0(DI)
+	JMP fpsave_done
+no_xsave:
+	FXSAVE64 0(DI)
+fpsave_done:
+
 	// Call the syscall trampoline.
 	LOAD_KERNEL_STACK(GS)
-	PUSHQ AX                // First argument (vCPU).
-	CALL ·kernelSyscall(SB) // Call the trampoline.
-	POPQ AX                 // Pop vCPU.
+	MOVQ ENTRY_CPU_SELF(GS), AX // AX contains the vCPU.
+	PUSHQ AX                    // First argument (vCPU).
+	CALL ·kernelSyscall(SB)     // Call the trampoline.
+	POPQ AX                     // Pop vCPU.
+
+	// We only trigger a bluepill entry in the bluepill function, and can
+	// therefore be guaranteed that there is no floating point state to be
+	// loaded on resuming from halt.
 	JMP ·resume(SB)
 
 ADDR_OF_FUNC(·addrOfSysenter(SB), ·sysenter(SB));
@@ -416,15 +543,43 @@ kernel:
 	MOVQ 8(SP), BX              // Load the error code.
 	MOVQ BX, CPU_ERROR_CODE(AX) // Copy out to the CPU.
 	MOVQ $0, CPU_ERROR_TYPE(AX) // Set error type to kernel.
-	MOVQ 0(SP), BX              // BX contains the vector.
+
+	// Save floating point state. CPU.floatingPointState is a slice, so the
+	// first word of CPU.floatingPointState is a pointer to the destination
+	// array.
+	MOVQ CPU_FPU_STATE(AX), DI
+	MOVB CPU_HAS_XSAVE(AX), BX
+	MOVB CPU_HAS_XSAVEOPT(AX), CX
+	TESTB BX, BX
+	JZ no_xsave
+	// Use xsave/xsaveopt to save all extended state.
+	// We save everything unconditionally by setting RFBM to all 1's.
+	MOVL $0xffffffff, AX
+	MOVL $0xffffffff, DX
+	TESTB CX, CX
+	JZ no_xsaveopt
+	BYTE $0x48; BYTE $0x0f; BYTE $0xae; BYTE $0x37; // XSAVEOPT64 0(DI)
+	JMP fpsave_done
+no_xsaveopt:
+	BYTE $0x48; BYTE $0x0f; BYTE $0xae; BYTE $0x27; // XSAVE64 0(DI)
+	JMP fpsave_done
+no_xsave:
+	FXSAVE64 0(DI)
+fpsave_done:
 
 	// Call the exception trampoline.
+	MOVQ 0(SP), BX              // BX contains the vector.
 	LOAD_KERNEL_STACK(GS)
-	PUSHQ BX                  // Second argument (vector).
-	PUSHQ AX                  // First argument (vCPU).
-	CALL ·kernelException(SB) // Call the trampoline.
-	POPQ BX                   // Pop vector.
-	POPQ AX                   // Pop vCPU.
+	MOVQ ENTRY_CPU_SELF(GS), AX // AX contains the vCPU.
+	PUSHQ BX                    // Second argument (vector).
+	PUSHQ AX                    // First argument (vCPU).
+	CALL ·kernelException(SB)   // Call the trampoline.
+	POPQ BX                     // Pop vector.
+	POPQ AX                     // Pop vCPU.
+
+	// We only trigger a bluepill entry in the bluepill function, and can
+	// therefore be guaranteed that there is no floating point state to be
+	// loaded on resuming from halt.
 	JMP ·resume(SB)
 
 #define EXCEPTION_WITH_ERROR(value, symbol, addr) \
diff --git a/pkg/ring0/kernel.go b/pkg/ring0/kernel.go
index 292f9d0cc5..e7dd849291 100644
--- a/pkg/ring0/kernel.go
+++ b/pkg/ring0/kernel.go
@@ -14,6 +14,10 @@
 
 package ring0
 
+import (
+	""gvisor.dev/gvisor/pkg/sentry/arch/fpu""
+)
+
 // Init initializes a new kernel.
 //
 //go:nosplit
@@ -80,6 +84,7 @@ func (c *CPU) Init(k *Kernel, cpuID int, hooks Hooks) {
 	c.self = c    // Set self reference.
 	c.kernel = k  // Set kernel reference.
 	c.init(cpuID) // Perform architectural init.
+	c.floatingPointState = fpu.NewState()
 
 	// Require hooks.
 	if hooks != nil {
diff --git a/pkg/ring0/kernel_amd64.go b/pkg/ring0/kernel_amd64.go
index 4a4c0ae268..7e55011b5f 100644
--- a/pkg/ring0/kernel_amd64.go
+++ b/pkg/ring0/kernel_amd64.go
@@ -143,6 +143,9 @@ func (c *CPU) init(cpuID int) {
 
 	// Set mandatory flags.
 	c.registers.Eflags = KernelFlagsSet
+
+	c.hasXSAVE = hasXSAVE
+	c.hasXSAVEOPT = hasXSAVEOPT
 }
 
 // StackTop returns the kernel's stack address.
@@ -248,19 +251,21 @@ func (c *CPU) SwitchToUser(switchOpts SwitchOpts) (vector Vector) {
 	regs.Ss = uint64(Udata)   // Ditto.
 
 	// Perform the switch.
-	swapgs()                                                       // GS will be swapped on return.
-	WriteGS(uintptr(regs.Gs_base))                                 // escapes: no. Set application GS.
-	LoadFloatingPoint(switchOpts.FloatingPointState.BytePointer()) // escapes: no. Copy in floating point.
+	needIRET := uint64(0)
 	if switchOpts.FullRestore {
-		vector = iret(c, regs, uintptr(userCR3))
-	} else {
-		vector = sysret(c, regs, uintptr(userCR3))
+		needIRET = 1
 	}
-	SaveFloatingPoint(switchOpts.FloatingPointState.BytePointer()) // escapes: no. Copy out floating point.
-	RestoreKernelFPState()                                         // escapes: no. Restore kernel MXCSR.
+	vector = doSwitchToUser(c, regs, switchOpts.FloatingPointState.BytePointer(), userCR3, needIRET) // escapes: no.
 	return
 }
 
+func doSwitchToUser(
+	cpu *CPU, // +0(FP)
+	regs *arch.Registers, // +8(FP)
+	fpState *byte, // +16(FP)
+	userCR3 uint64, // +24(FP)
+	needIRET uint64) Vector // +32(FP), +40(FP)
+
 var (
 	sentryXCR0     uintptr
 	sentryXCR0Once sync.Once
@@ -287,7 +292,7 @@ func initSentryXCR0() {
 //go:nosplit
 func startGo(c *CPU) {
 	// Save per-cpu.
-	WriteGS(kernelAddr(c.kernelEntry))
+	writeGS(kernelAddr(c.kernelEntry))
 
 	//
 	// TODO(mpratt): Note that per the note above, this should be done
diff --git a/pkg/ring0/lib_amd64.go b/pkg/ring0/lib_amd64.go
index 05c394ff54..c42a5b205b 100644
--- a/pkg/ring0/lib_amd64.go
+++ b/pkg/ring0/lib_amd64.go
@@ -21,29 +21,6 @@ import (
 	""gvisor.dev/gvisor/pkg/cpuid""
 )
 
-// LoadFloatingPoint loads floating point state by the most efficient mechanism
-// available (set by Init).
-var LoadFloatingPoint func(*byte)
-
-// SaveFloatingPoint saves floating point state by the most efficient mechanism
-// available (set by Init).
-var SaveFloatingPoint func(*byte)
-
-// fxrstor uses fxrstor64 to load floating point state.
-func fxrstor(*byte)
-
-// xrstor uses xrstor to load floating point state.
-func xrstor(*byte)
-
-// fxsave uses fxsave64 to save floating point state.
-func fxsave(*byte)
-
-// xsave uses xsave to save floating point state.
-func xsave(*byte)
-
-// xsaveopt uses xsaveopt to save floating point state.
-func xsaveopt(*byte)
-
 // writeFS sets the FS base address (selects one of wrfsbase or wrfsmsr).
 func writeFS(addr uintptr)
 
@@ -53,8 +30,8 @@ func wrfsbase(addr uintptr)
 // wrfsmsr writes to the GS_BASE MSR.
 func wrfsmsr(addr uintptr)
 
-// WriteGS sets the GS address (set by init).
-var WriteGS func(addr uintptr)
+// writeGS sets the GS address (selects one of wrgsbase or wrgsmsr).
+func writeGS(addr uintptr)
 
 // wrgsbase writes to the GS base address.
 func wrgsbase(addr uintptr)
@@ -106,19 +83,4 @@ func Init(featureSet *cpuid.FeatureSet) {
 	hasXSAVE = featureSet.UseXsave()
 	hasFSGSBASE = featureSet.HasFeature(cpuid.X86FeatureFSGSBase)
 	validXCR0Mask = uintptr(featureSet.ValidXCR0Mask())
-	if hasXSAVEOPT {
-		SaveFloatingPoint = xsaveopt
-		LoadFloatingPoint = xrstor
-	} else if hasXSAVE {
-		SaveFloatingPoint = xsave
-		LoadFloatingPoint = xrstor
-	} else {
-		SaveFloatingPoint = fxsave
-		LoadFloatingPoint = fxrstor
-	}
-	if hasFSGSBASE {
-		WriteGS = wrgsbase
-	} else {
-		WriteGS = wrgsmsr
-	}
 }
diff --git a/pkg/ring0/lib_amd64.s b/pkg/ring0/lib_amd64.s
index 8ed98fc848..0f283aaaea 100644
--- a/pkg/ring0/lib_amd64.s
+++ b/pkg/ring0/lib_amd64.s
@@ -128,6 +128,29 @@ TEXT ·wrfsmsr(SB),NOSPLIT,$0-8
 	BYTE $0x0f; BYTE $0x30;
 	RET
 
+// writeGS writes to the GS base.
+//
+// This is written in assembly because it must be callable from assembly (ABI0)
+// without an intermediate transition to ABIInternal.
+//
+// Preconditions: must be running in the lower address space, as it accesses
+// global data.
+TEXT ·writeGS(SB),NOSPLIT,$8-8
+	MOVQ addr+0(FP), AX
+
+	CMPB ·hasFSGSBASE(SB), $1
+	JNE msr
+
+	PUSHQ AX
+	CALL ·wrgsbase(SB)
+	POPQ AX
+	RET
+msr:
+	PUSHQ AX
+	CALL ·wrgsmsr(SB)
+	POPQ AX
+	RET
+
 // wrgsbase writes to the GS base.
 //
 // The code corresponds to:
diff --git a/pkg/ring0/offsets_amd64.go b/pkg/ring0/offsets_amd64.go
index 75f6218b37..38fe27c351 100644
--- a/pkg/ring0/offsets_amd64.go
+++ b/pkg/ring0/offsets_amd64.go
@@ -35,6 +35,9 @@ func Emit(w io.Writer) {
 	fmt.Fprintf(w, ""#define CPU_ERROR_CODE       0x%02x\n"", reflect.ValueOf(&c.errorCode).Pointer()-reflect.ValueOf(c).Pointer())
 	fmt.Fprintf(w, ""#define CPU_ERROR_TYPE       0x%02x\n"", reflect.ValueOf(&c.errorType).Pointer()-reflect.ValueOf(c).Pointer())
 	fmt.Fprintf(w, ""#define CPU_ENTRY            0x%02x\n"", reflect.ValueOf(&c.kernelEntry).Pointer()-reflect.ValueOf(c).Pointer())
+	fmt.Fprintf(w, ""#define CPU_HAS_XSAVE        0x%02x\n"", reflect.ValueOf(&c.hasXSAVE).Pointer()-reflect.ValueOf(c).Pointer())
+	fmt.Fprintf(w, ""#define CPU_HAS_XSAVEOPT     0x%02x\n"", reflect.ValueOf(&c.hasXSAVEOPT).Pointer()-reflect.ValueOf(c).Pointer())
+	fmt.Fprintf(w, ""#define CPU_FPU_STATE        0x%02x\n"", reflect.ValueOf(&c.floatingPointState).Pointer()-reflect.ValueOf(c).Pointer())
 
 	e := &kernelEntry{}
 	fmt.Fprintf(w, ""\n// CPU entry offsets.\n"")
diff --git a/pkg/sentry/platform/kvm/bluepill_amd64.go b/pkg/sentry/platform/kvm/bluepill_amd64.go
index 0567c8d327..b2db2bb9f9 100644
--- a/pkg/sentry/platform/kvm/bluepill_amd64.go
+++ b/pkg/sentry/platform/kvm/bluepill_amd64.go
@@ -71,10 +71,6 @@ func (c *vCPU) KernelSyscall() {
 	if regs.Rax != ^uint64(0) {
 		regs.Rip -= 2 // Rewind.
 	}
-	// We only trigger a bluepill entry in the bluepill function, and can
-	// therefore be guaranteed that there is no floating point state to be
-	// loaded on resuming from halt. We only worry about saving on exit.
-	ring0.SaveFloatingPoint(c.floatingPointState.BytePointer()) // escapes: no.
 	// N.B. Since KernelSyscall is called when the kernel makes a syscall,
 	// FS_BASE is already set for correct execution of this function.
 	//
@@ -112,8 +108,6 @@ func (c *vCPU) KernelException(vector ring0.Vector) {
 		regs.Rip = 0
 	}
 	// See above.
-	ring0.SaveFloatingPoint(c.floatingPointState.BytePointer()) // escapes: no.
-	// See above.
 	ring0.HaltAndWriteFSBase(regs) // escapes: no, reload host segment.
 }
 
@@ -144,5 +138,5 @@ func bluepillArchExit(c *vCPU, context *arch.SignalContext64) {
 	// Set the context pointer to the saved floating point state. This is
 	// where the guest data has been serialized, the kernel will restore
 	// from this new pointer value.
-	context.Fpstate = uint64(uintptrValue(c.floatingPointState.BytePointer()))
+	context.Fpstate = uint64(uintptrValue(c.FloatingPointState().BytePointer())) // escapes: no.
 }
diff --git a/pkg/sentry/platform/kvm/bluepill_arm64.go b/pkg/sentry/platform/kvm/bluepill_arm64.go
index acb0cb05fd..df772d620a 100644
--- a/pkg/sentry/platform/kvm/bluepill_arm64.go
+++ b/pkg/sentry/platform/kvm/bluepill_arm64.go
@@ -70,7 +70,7 @@ func bluepillArchExit(c *vCPU, context *arch.SignalContext64) {
 
 	lazyVfp := c.GetLazyVFP()
 	if lazyVfp != 0 {
-		fpsimd := fpsimdPtr(c.floatingPointState.BytePointer())
+		fpsimd := fpsimdPtr(c.FloatingPointState().BytePointer()) // escapes: no
 		context.Fpsimd64.Fpsr = fpsimd.Fpsr
 		context.Fpsimd64.Fpcr = fpsimd.Fpcr
 		context.Fpsimd64.Vregs = fpsimd.Vregs
@@ -90,12 +90,12 @@ func (c *vCPU) KernelSyscall() {
 
 	fpDisableTrap := ring0.CPACREL1()
 	if fpDisableTrap != 0 {
-		fpsimd := fpsimdPtr(c.floatingPointState.BytePointer())
+		fpsimd := fpsimdPtr(c.FloatingPointState().BytePointer()) // escapes: no
 		fpcr := ring0.GetFPCR()
 		fpsr := ring0.GetFPSR()
 		fpsimd.Fpcr = uint32(fpcr)
 		fpsimd.Fpsr = uint32(fpsr)
-		ring0.SaveVRegs(c.floatingPointState.BytePointer())
+		ring0.SaveVRegs(c.FloatingPointState().BytePointer()) // escapes: no
 	}
 
 	ring0.Halt()
@@ -114,12 +114,12 @@ func (c *vCPU) KernelException(vector ring0.Vector) {
 
 	fpDisableTrap := ring0.CPACREL1()
 	if fpDisableTrap != 0 {
-		fpsimd := fpsimdPtr(c.floatingPointState.BytePointer())
+		fpsimd := fpsimdPtr(c.FloatingPointState().BytePointer()) // escapes: no
 		fpcr := ring0.GetFPCR()
 		fpsr := ring0.GetFPSR()
 		fpsimd.Fpcr = uint32(fpcr)
 		fpsimd.Fpsr = uint32(fpsr)
-		ring0.SaveVRegs(c.floatingPointState.BytePointer())
+		ring0.SaveVRegs(c.FloatingPointState().BytePointer()) // escapes: no
 	}
 
 	ring0.Halt()
diff --git a/pkg/sentry/platform/kvm/machine_amd64.go b/pkg/sentry/platform/kvm/machine_amd64.go
index ab1e036b71..5bc0238990 100644
--- a/pkg/sentry/platform/kvm/machine_amd64.go
+++ b/pkg/sentry/platform/kvm/machine_amd64.go
@@ -29,7 +29,6 @@ import (
 	""gvisor.dev/gvisor/pkg/hostarch""
 	""gvisor.dev/gvisor/pkg/ring0""
 	""gvisor.dev/gvisor/pkg/ring0/pagetables""
-	""gvisor.dev/gvisor/pkg/sentry/arch/fpu""
 	""gvisor.dev/gvisor/pkg/sentry/platform""
 	ktime ""gvisor.dev/gvisor/pkg/sentry/time""
 )
@@ -72,10 +71,6 @@ type vCPUArchState struct {
 	//
 	// This starts above fixedKernelPCID.
 	PCIDs *pagetables.PCIDs
-
-	// floatingPointState is the floating point state buffer used in guest
-	// to host transitions. See usage in bluepill_amd64.go.
-	floatingPointState fpu.State
 }
 
 const (
@@ -152,12 +147,6 @@ func (c *vCPU) initArchState() error {
 		return fmt.Errorf(""error setting user registers: %v"", errno)
 	}
 
-	// Allocate some floating point state save area for the local vCPU.
-	// This will be saved prior to leaving the guest, and we restore from
-	// this always. We cannot use the pointer in the context alone because
-	// we don't know how large the area there is in reality.
-	c.floatingPointState = fpu.NewState()
-
 	// Set the time offset to the host native time.
 	return c.setSystemTime()
 }
diff --git a/pkg/sentry/platform/kvm/machine_arm64.go b/pkg/sentry/platform/kvm/machine_arm64.go
index 08d98c4794..31998a6006 100644
--- a/pkg/sentry/platform/kvm/machine_arm64.go
+++ b/pkg/sentry/platform/kvm/machine_arm64.go
@@ -26,7 +26,6 @@ import (
 	""gvisor.dev/gvisor/pkg/hostarch""
 	""gvisor.dev/gvisor/pkg/ring0""
 	""gvisor.dev/gvisor/pkg/ring0/pagetables""
-	""gvisor.dev/gvisor/pkg/sentry/arch/fpu""
 	""gvisor.dev/gvisor/pkg/sentry/platform""
 )
 
@@ -40,10 +39,6 @@ type vCPUArchState struct {
 	//
 	// This starts above fixedKernelPCID.
 	PCIDs *pagetables.PCIDs
-
-	// floatingPointState is the floating point state buffer used in guest
-	// to host transitions. See usage in bluepill_arm64.go.
-	floatingPointState fpu.State
 }
 
 const (
diff --git a/pkg/sentry/platform/kvm/machine_arm64_unsafe.go b/pkg/sentry/platform/kvm/machine_arm64_unsafe.go
index 7e8e19dcbe..e73d5c5448 100644
--- a/pkg/sentry/platform/kvm/machine_arm64_unsafe.go
+++ b/pkg/sentry/platform/kvm/machine_arm64_unsafe.go
@@ -28,7 +28,6 @@ import (
 	""gvisor.dev/gvisor/pkg/hostarch""
 	""gvisor.dev/gvisor/pkg/ring0""
 	""gvisor.dev/gvisor/pkg/ring0/pagetables""
-	""gvisor.dev/gvisor/pkg/sentry/arch/fpu""
 	""gvisor.dev/gvisor/pkg/sentry/platform""
 	ktime ""gvisor.dev/gvisor/pkg/sentry/time""
 )
@@ -159,8 +158,6 @@ func (c *vCPU) initArchState() error {
 		c.PCIDs = pagetables.NewPCIDs(fixedKernelPCID+1, poolPCIDs)
 	}
 
-	c.floatingPointState = fpu.NewState()
-
 	return c.setSystemTime()
 }",rejected_candidate,,
issta2024_bugs_in_pods_understanding_bugs:d22853d4e2685cee,issta2024_bugs_in_pods_understanding_bugs,containerd,https://github.com/containerd/containerd/commit/89eebc4c0fcbdef9b75440de25ce51b1cece6dc6,Fix wrong error returned for image index lookup,"Seems like this was the wrong error given that we are looking up image
label.

Signed-off-by: Brian Goff <cpuguy83@gmail.com>",no_comments_in_source,committed,2021-11-12T00:18:32+00:00,"[""container_restore_opts.go""]","diff --git a/container_restore_opts.go b/container_restore_opts.go
index fb60e8de9d695..8150d8e696ad2 100644
--- a/container_restore_opts.go
+++ b/container_restore_opts.go
@@ -46,7 +46,7 @@ func WithRestoreImage(ctx context.Context, id string, client *Client, checkpoint
 	return func(ctx context.Context, client *Client, c *containers.Container) error {
 		name, ok := index.Annotations[checkpointImageNameLabel]
 		if !ok || name == """" {
-			return ErrRuntimeNameNotFoundInIndex
+			return ErrImageNameNotFoundInIndex
 		}
 		snapshotter, ok := index.Annotations[checkpointSnapshotterNameLabel]
 		if !ok || name == """" {",accepted_fault,Incorrect Return Value,Improper Exception Handling
issta2024_bugs_in_pods_understanding_bugs:d70d2bd6d120024e,issta2024_bugs_in_pods_understanding_bugs,gvisor,https://github.com/google/gvisor/commit/d860782ada6ac484a816bf39cd6cc90c4193dd5f,Merge pull request #8679 from avagin:cpp-warnings,PiperOrigin-RevId: 523157922,no_comments_in_source,committed,2023-04-10T17:59:51+00:00,"[""Makefile"", ""WORKSPACE"", ""examples/seccheck/BUILD"", ""examples/seccheck/server.cc"", ""test/syscalls/linux/BUILD"", ""test/syscalls/linux/cgroup.cc"", ""test/syscalls/linux/chroot.cc"", ""test/syscalls/linux/fork.cc"", ""test/syscalls/linux/futex.cc"", ""test/syscalls/linux/mount.cc"", ""test/syscalls/linux/pipe_external.cc"", ""test/syscalls/linux/pivot_root.cc"", ""test/syscalls/linux/poll.cc"", ""test/syscalls/linux/proc.cc"", ""test/syscalls/linux/process_vm_read_write.cc"", ""test/syscalls/linux/readv.cc"", ""test/syscalls/linux/readv_socket.cc"", ""test/syscalls/linux/sigstop.cc"", ""test/syscalls/linux/socket_generic_stress.cc"", ""test/syscalls/linux/tcp_socket.cc"", ""test/syscalls/linux/uidgid.cc""]","diff --git a/Makefile b/Makefile
index 81d228c874..07b9287536 100644
--- a/Makefile
+++ b/Makefile
@@ -227,7 +227,7 @@ network-tests: iptables-tests packetdrill-tests packetimpact-tests
 .PHONY: network-tests
 
 syscall-tests: $(RUNTIME_BIN) ## Run all system call tests.
-	@$(call test,--test_env=RUNTIME=$(RUNTIME_BIN) $(PARTITIONS) test/syscalls/...)
+	@$(call test,--test_env=RUNTIME=$(RUNTIME_BIN) --cxxopt=-Werror $(PARTITIONS) test/syscalls/...)
 .PHONY: syscall-tests
 
 packetimpact-tests:
diff --git a/WORKSPACE b/WORKSPACE
index 0f3a99090b..277548afb7 100644
--- a/WORKSPACE
+++ b/WORKSPACE
@@ -29,11 +29,11 @@ bazel_skylib_workspace()
 # Load license rules.
 http_archive(
     name = ""rules_license"",
+    sha256 = ""6157e1e68378532d0241ecd15d3c45f6e5cfd98fc10846045509fb2a7cc9e381"",
     urls = [
         ""https://github.com/bazelbuild/rules_license/releases/download/0.0.4/rules_license-0.0.4.tar.gz"",
         ""https://mirror.bazel.build/github.com/bazelbuild/rules_license/releases/download/0.0.4/rules_license-0.0.4.tar.gz"",
     ],
-    sha256 = ""6157e1e68378532d0241ecd15d3c45f6e5cfd98fc10846045509fb2a7cc9e381"",
 )
 
 # Load go bazel rules and gazelle.
@@ -1430,10 +1430,10 @@ http_archive(
     name = ""com_github_grpc_grpc"",
     patch_args = [""-p1""],
     patches = [""//tools:grpc_extra_deps.patch""],
-    sha256 = ""b55696fb249669744de3e71acc54a9382bea0dce7cd5ba379b356b12b82d4229"",
-    strip_prefix = ""grpc-1.51.1"",
+    sha256 = ""ec125d7fdb77ecc25b01050a0d5d32616594834d3fe163b016768e2ae42a2df6"",
+    strip_prefix = ""grpc-1.52.1"",
     urls = [
-        ""https://github.com/grpc/grpc/archive/v1.51.1.tar.gz"",
+        ""https://github.com/grpc/grpc/archive/v1.52.1.tar.gz"",
     ],
 )
 
@@ -1457,11 +1457,11 @@ http_archive(
 
 http_archive(
     name = ""com_google_benchmark"",
-    sha256 = ""3c6a165b6ecc948967a1ead710d4a181d7b0fbcaa183ef7ea84604994966221a"",
-    strip_prefix = ""benchmark-1.5.0"",
+    sha256 = ""6430e4092653380d9dc4ccb45a1e2dc9259d581f4866dc0759713126056bc1d7"",
+    strip_prefix = ""benchmark-1.7.1"",
     urls = [
-        ""https://mirror.bazel.build/github.com/google/benchmark/archive/v1.5.0.tar.gz"",
-        ""https://github.com/google/benchmark/archive/v1.5.0.tar.gz"",
+        ""https://mirror.bazel.build/github.com/google/benchmark/archive/v1.7.1.tar.gz"",
+        ""https://github.com/google/benchmark/archive/v1.7.1.tar.gz"",
     ],
 )
 
diff --git a/examples/seccheck/BUILD b/examples/seccheck/BUILD
index 557154522c..9db11222ff 100644
--- a/examples/seccheck/BUILD
+++ b/examples/seccheck/BUILD
@@ -8,6 +8,14 @@ package(
 cc_binary(
     name = ""server_cc"",
     srcs = [""server.cc""],
+    # gcc reports the false warning:
+    # examples/seccheck/server.cc:147:19: error: 'buf' may be used uninitialized
+    # More details are here:
+    # https://gcc.gnu.org/bugzilla/show_bug.cgi?id=101831
+    copts = [
+        ""-Wno-maybe-uninitialized"",
+        ""-Wno-unknown-warning-option"",
+    ],
     visibility = [""//:sandbox""],
     deps = [
         # any_cc_proto placeholder,
diff --git a/examples/seccheck/server.cc b/examples/seccheck/server.cc
index 0b491e93a3..7ac8599072 100644
--- a/examples/seccheck/server.cc
+++ b/examples/seccheck/server.cc
@@ -204,7 +204,7 @@ bool handshake(int client_fd) {
   if (bytes < 0) {
     printf(""Error receiving handshake message: %d\n"", errno);
     return false;
-  } else if (bytes == buf.size()) {
+  } else if (bytes == (int)buf.size()) {
     // Protect against the handshake becoming larger than the buffer allocated
     // for it.
     printf(""handshake message too big\n"");
diff --git a/test/syscalls/linux/BUILD b/test/syscalls/linux/BUILD
index 54e36ecdbd..5925a5d3df 100644
--- a/test/syscalls/linux/BUILD
+++ b/test/syscalls/linux/BUILD
@@ -1661,6 +1661,9 @@ cc_binary(
     name = ""poll_test"",
     testonly = 1,
     srcs = [""poll.cc""],
+    copts = [
+        ""-Wno-unknown-warning-option"",
+    ],
     linkstatic = 1,
     deps = [
         "":base_poll_test"",
@@ -4078,6 +4081,9 @@ cc_binary(
     name = ""uidgid_test"",
     testonly = 1,
     srcs = [""uidgid.cc""],
+    copts = [
+        ""-Wno-unknown-warning-option"",
+    ],
     linkstatic = 1,
     deps = [
         ""//test/util:capability_util"",
diff --git a/test/syscalls/linux/cgroup.cc b/test/syscalls/linux/cgroup.cc
index ee2de49e91..3b09dfa043 100644
--- a/test/syscalls/linux/cgroup.cc
+++ b/test/syscalls/linux/cgroup.cc
@@ -19,6 +19,8 @@
 #include <sys/mount.h>
 #include <unistd.h>
 
+#include <cstdint>
+
 #include ""gtest/gtest.h""
 #include ""absl/container/flat_hash_map.h""
 #include ""absl/container/flat_hash_set.h""
@@ -857,17 +859,17 @@ PosixErrorOr<std::vector<bool>> ParseBitmap(std::string s) {
   for (const std::string_view& t : absl::StrSplit(s, ',')) {
     std::vector<std::string> parts = absl::StrSplit(t, absl::MaxSplits('-', 2));
     if (parts.size() == 2) {
-      ASSIGN_OR_RETURN_ERRNO(int64_t start, Atoi<int64_t>(parts[0]));
-      ASSIGN_OR_RETURN_ERRNO(int64_t end, Atoi<int64_t>(parts[1]));
+      ASSIGN_OR_RETURN_ERRNO(uint64_t start, Atoi<uint64_t>(parts[0]));
+      ASSIGN_OR_RETURN_ERRNO(uint64_t end, Atoi<uint64_t>(parts[1]));
       // Note: start and end are indices into bitmap.
       if (end >= bitmap.size()) {
         bitmap.resize(end + 1, false);
       }
-      for (int i = start; i <= end; ++i) {
+      for (uint64_t i = start; i <= end; ++i) {
         bitmap[i] = true;
       }
     } else {  // parts.size() == 1, 0 not possible.
-      ASSIGN_OR_RETURN_ERRNO(int64_t i, Atoi<int64_t>(parts[0]));
+      ASSIGN_OR_RETURN_ERRNO(uint64_t i, Atoi<uint64_t>(parts[0]));
       if (i >= bitmap.size()) {
         bitmap.resize(i + 1, false);
       }
diff --git a/test/syscalls/linux/chroot.cc b/test/syscalls/linux/chroot.cc
index c186a3ab65..e9462338f1 100644
--- a/test/syscalls/linux/chroot.cc
+++ b/test/syscalls/linux/chroot.cc
@@ -178,7 +178,7 @@ TEST(ChrootTest, CreatesNewRoot) {
 
     // getcwd should return ""/"".
     TEST_CHECK_SUCCESS(syscall(__NR_getcwd, buf, sizeof(buf)));
-    TEST_CHECK_SUCCESS(strcmp(buf, ""/"") == 0);
+    TEST_PCHECK(strcmp(buf, ""/"") == 0);
 
     // Statting '.', '..', '/', and '/..' all return the same dev and inode.
     struct stat statbuf_dot;
diff --git a/test/syscalls/linux/fork.cc b/test/syscalls/linux/fork.cc
index 853f6231ac..e3180d3093 100644
--- a/test/syscalls/linux/fork.cc
+++ b/test/syscalls/linux/fork.cc
@@ -362,7 +362,7 @@ TEST_F(ForkTest, SigAltStack) {
     MaybeSave();
 
     TEST_CHECK((oss.ss_flags & SS_DISABLE) == 0);
-    TEST_CHECK(oss.ss_size == SIGSTKSZ);
+    TEST_CHECK(oss.ss_size == (size_t)SIGSTKSZ);
     TEST_CHECK(oss.ss_sp == stack.ss_sp);
 
     Exit(0);
diff --git a/test/syscalls/linux/futex.cc b/test/syscalls/linux/futex.cc
index 3f108b7d7d..9540a944c1 100644
--- a/test/syscalls/linux/futex.cc
+++ b/test/syscalls/linux/futex.cc
@@ -694,7 +694,7 @@ TEST_P(PrivateAndSharedFutexTest, PIWaiters) {
 
   // Wait until the thread blocks on the futex, setting the waiters bit.
   auto start = absl::Now();
-  while (a.load() != (FUTEX_WAITERS | gettid())) {
+  while (a.load() != (int)(gettid() | FUTEX_WAITERS)) {
     ASSERT_LT(absl::Now() - start, absl::Seconds(5));
     absl::SleepFor(absl::Milliseconds(100));
   }
diff --git a/test/syscalls/linux/mount.cc b/test/syscalls/linux/mount.cc
index ea34c34778..21e5b7585d 100644
--- a/test/syscalls/linux/mount.cc
+++ b/test/syscalls/linux/mount.cc
@@ -23,6 +23,7 @@
 #include <sys/stat.h>
 #include <unistd.h>
 
+#include <cstdint>
 #include <functional>
 #include <iostream>
 #include <memory>
@@ -1042,7 +1043,7 @@ TEST(MountTest, SetMountPropagationOfStackedMounts) {
 
   std::vector<ProcMountInfoEntry> mounts =
       ASSERT_NO_ERRNO_AND_VALUE(ProcSelfMountInfoEntries());
-  int parent_mount_id;
+  uint64_t parent_mount_id;
   for (const auto& e : mounts) {
     if (e.mount_point == dir.path()) {
       parent_mount_id = e.id;
diff --git a/test/syscalls/linux/pipe_external.cc b/test/syscalls/linux/pipe_external.cc
index 4ce85c3cc0..54cb93622c 100644
--- a/test/syscalls/linux/pipe_external.cc
+++ b/test/syscalls/linux/pipe_external.cc
@@ -85,7 +85,7 @@ TEST_P(HostPipeTest, Write) {
   ssize_t length = 0;
   while (length < 1024 * 1024) {
     char buf[1024];
-    for (int i = 0; i < sizeof(buf); ++i) {
+    for (unsigned int i = 0; i < sizeof(buf); ++i) {
       buf[i] = i + lastValue;
     }
 
diff --git a/test/syscalls/linux/pivot_root.cc b/test/syscalls/linux/pivot_root.cc
index d7a5c10e67..fe5651910d 100644
--- a/test/syscalls/linux/pivot_root.cc
+++ b/test/syscalls/linux/pivot_root.cc
@@ -107,7 +107,7 @@ TEST(PivotRootTest, CreatesNewRoot) {
     TEST_CHECK_SUCCESS(stat(file_in_new_root_new_path.c_str(), &statbuf));
     // getcwd should return ""/"".
     TEST_CHECK_SUCCESS(syscall(__NR_getcwd, buf, sizeof(buf)));
-    TEST_CHECK_SUCCESS(strcmp(buf, ""/"") == 0);
+    TEST_PCHECK(strcmp(buf, ""/"") == 0);
     // Statting '.', '..', '/', and '/..' all return the same dev and inode.
     struct stat statbuf_dot;
     TEST_CHECK_SUCCESS(stat(""."", &statbuf_dot));
diff --git a/test/syscalls/linux/poll.cc b/test/syscalls/linux/poll.cc
index a80192599c..979da3ff5a 100644
--- a/test/syscalls/linux/poll.cc
+++ b/test/syscalls/linux/poll.cc
@@ -42,6 +42,9 @@ class PollTest : public BasePollTest {
   void TearDown() override { BasePollTest::TearDown(); }
 };
 
+#pragma GCC diagnostic push
+#pragma GCC diagnostic ignored ""-Wnonnull""
+#pragma GCC diagnostic ignored ""-Wstringop-overflow""
 TEST_F(PollTest, InvalidFds) {
   // fds is invalid because it's null, but we tell ppoll the length is non-zero.
   EXPECT_THAT(poll(nullptr, 1, 1), SyscallFailsWithErrno(EFAULT));
@@ -64,6 +67,7 @@ TEST_F(PollTest, NegativeTimeout) {
   EXPECT_THAT(poll(nullptr, 0, -1), SyscallFailsWithErrno(EINTR));
   EXPECT_TRUE(TimerFired());
 }
+#pragma GCC diagnostic pop
 
 void NonBlockingReadableTest(int16_t mask) {
   // Create a pipe.
diff --git a/test/syscalls/linux/proc.cc b/test/syscalls/linux/proc.cc
index 1fde07a451..ada832135e 100644
--- a/test/syscalls/linux/proc.cc
+++ b/test/syscalls/linux/proc.cc
@@ -1255,7 +1255,7 @@ TEST(ProcCpuinfo, RequiredFieldsArePresent) {
 
   // Check that the usual fields are there. We don't really care about the
   // contents.
-  for (const std::string& field : required_fields) {
+  for (const char* field : required_fields) {
     EXPECT_THAT(proc_cpuinfo, HasSubstr(field));
   }
 }
diff --git a/test/syscalls/linux/process_vm_read_write.cc b/test/syscalls/linux/process_vm_read_write.cc
index 094e200c61..c0b4d10c26 100644
--- a/test/syscalls/linux/process_vm_read_write.cc
+++ b/test/syscalls/linux/process_vm_read_write.cc
@@ -52,7 +52,7 @@ class TestIovecs {
   TestIovecs(std::vector<std::string>& data) {
     data_ = std::vector<std::string>(data.size());
     initial_ = std::vector<std::string>(data.size());
-    for (int i = 0; i < data.size(); ++i) {
+    for (size_t i = 0; i < data.size(); ++i) {
       data_[i] = data[i];
       initial_[i] = data[i];
       struct iovec iov;
@@ -87,7 +87,7 @@ class TestIovecs {
 
   std::vector<struct iovec*> marshal() {
     std::vector<struct iovec*> ret(iovecs_.size());
-    for (int i = 0; i < iovecs_.size(); ++i) {
+    for (size_t i = 0; i < iovecs_.size(); ++i) {
       ret[i] = &iovecs_[i];
     }
     return ret;
@@ -111,7 +111,7 @@ struct ProcessVMTestCase {
 using ProcessVMTest = ::testing::TestWithParam<ProcessVMTestCase>;
 
 bool ProcessVMCallsNotSupported() {
-  struct iovec iov;
+  struct iovec iov = {};
   // Flags should be 0.
   ssize_t ret = process_vm_readv(0, &iov, 1, &iov, 1, 10);
   if (ret != 0 && errno == ENOSYS) return true;
@@ -245,7 +245,7 @@ INSTANTIATE_TEST_SUITE_P(
 
 TEST(ProcessVMInvalidTest, NonZeroFlags) {
   SKIP_IF(ProcessVMCallsNotSupported());
-  struct iovec iov;
+  struct iovec iov = {};
   // Flags should be 0.
   EXPECT_THAT(process_vm_readv(0, &iov, 1, &iov, 1, 10),
               SyscallFailsWithErrno(EINVAL));
@@ -255,7 +255,7 @@ TEST(ProcessVMInvalidTest, NonZeroFlags) {
 
 TEST(ProcessVMInvalidTest, NullLocalIovec) {
   SKIP_IF(ProcessVMCallsNotSupported());
-  struct iovec iov;
+  struct iovec iov = {};
   pid_t child = fork();
   if (child == 0) {
     while (true) {
diff --git a/test/syscalls/linux/readv.cc b/test/syscalls/linux/readv.cc
index 5ce61beb2f..3eddfb066b 100644
--- a/test/syscalls/linux/readv.cc
+++ b/test/syscalls/linux/readv.cc
@@ -104,16 +104,21 @@ TEST_F(ReadvTest, BadFileDescriptor) {
   iov[0].iov_base = buffer;
   iov[0].iov_len = 1024;
 
-  ASSERT_THAT(readv(-1, iov, 1024), SyscallFailsWithErrno(EBADF));
+  ASSERT_THAT(readv(-1, iov, 1), SyscallFailsWithErrno(EBADF));
 }
-
 TEST_F(ReadvTest, BadIovecsPointer_File) {
+#pragma GCC diagnostic push
+#pragma GCC diagnostic ignored ""-Wnonnull""
   ASSERT_THAT(readv(test_file_fd_.get(), nullptr, 1),
               SyscallFailsWithErrno(EFAULT));
+#pragma GCC diagnostic pop
 }
 
 TEST_F(ReadvTest, BadIovecsPointer_Pipe) {
+#pragma GCC diagnostic push
+#pragma GCC diagnostic ignored ""-Wnonnull""
   ASSERT_THAT(readv(test_pipe_[0], nullptr, 1), SyscallFailsWithErrno(EFAULT));
+#pragma GCC diagnostic pop
 }
 
 TEST_F(ReadvTest, BadIovecBase_File) {
diff --git a/test/syscalls/linux/readv_socket.cc b/test/syscalls/linux/readv_socket.cc
index dd6fb7008b..c695279104 100644
--- a/test/syscalls/linux/readv_socket.cc
+++ b/test/syscalls/linux/readv_socket.cc
@@ -139,13 +139,19 @@ TEST_F(ReadvSocketTest, ReadIovecsCompletelyFilled_DgramSocket) {
 }
 
 TEST_F(ReadvSocketTest, BadIovecsPointer_StreamSocket) {
+#pragma GCC diagnostic push
+#pragma GCC diagnostic ignored ""-Wnonnull""
   ASSERT_THAT(readv(test_unix_stream_socket_[0], nullptr, 1),
               SyscallFailsWithErrno(EFAULT));
+#pragma GCC diagnostic pop
 }
 
 TEST_F(ReadvSocketTest, BadIovecsPointer_DgramSocket) {
+#pragma GCC diagnostic push
+#pragma GCC diagnostic ignored ""-Wnonnull""
   ASSERT_THAT(readv(test_unix_dgram_socket_[0], nullptr, 1),
               SyscallFailsWithErrno(EFAULT));
+#pragma GCC diagnostic pop
 }
 
 TEST_F(ReadvSocketTest, BadIovecBase_StreamSocket) {
diff --git a/test/syscalls/linux/sigstop.cc b/test/syscalls/linux/sigstop.cc
index cafb6bff95..c4edb14f7f 100644
--- a/test/syscalls/linux/sigstop.cc
+++ b/test/syscalls/linux/sigstop.cc
@@ -128,8 +128,8 @@ TEST(SigstopTest, RestartSyscall) {
   pid_t pid;
   constexpr absl::Duration kStopDelay = absl::Seconds(5);
   constexpr absl::Duration kStartupDelay = absl::Seconds(5);
-  constexpr uint64_t kSleepDelay = 15;
-  constexpr uint64_t kErrorDelay = 3;
+  constexpr int64_t kSleepDelay = 15;
+  constexpr int64_t kErrorDelay = 3;
 
   const DisableSave ds;  // Timing-related.
 
diff --git a/test/syscalls/linux/socket_generic_stress.cc b/test/syscalls/linux/socket_generic_stress.cc
index 51901a3a08..95825c8387 100644
--- a/test/syscalls/linux/socket_generic_stress.cc
+++ b/test/syscalls/linux/socket_generic_stress.cc
@@ -220,7 +220,7 @@ TEST_P(DataTransferStressTest, BigDataTransfer) {
 
   const std::string chunk = ""Though this upload be but little, it is fierce."";
   std::string big_string;
-  while (big_string.size() < 31 << kShift) {
+  while (big_string.size() < size_t(31 << kShift)) {
     big_string += chunk;
   }
   absl::string_view data = big_string;
diff --git a/test/syscalls/linux/tcp_socket.cc b/test/syscalls/linux/tcp_socket.cc
index 6c2fa318fc..37b7add32b 100644
--- a/test/syscalls/linux/tcp_socket.cc
+++ b/test/syscalls/linux/tcp_socket.cc
@@ -799,7 +799,7 @@ TEST_P(TcpSocketTest, TcpInq) {
 
 TEST_P(TcpSocketTest, Tiocinq) {
   char buf[1024];
-  size_t size = sizeof(buf);
+  int size = sizeof(buf);
   ASSERT_THAT(RetryEINTR(write)(connected_.get(), buf, size),
               SyscallSucceedsWithValue(size));
 
diff --git a/test/syscalls/linux/uidgid.cc b/test/syscalls/linux/uidgid.cc
index d95a3e010a..e863cc5a6f 100644
--- a/test/syscalls/linux/uidgid.cc
+++ b/test/syscalls/linux/uidgid.cc
@@ -76,7 +76,10 @@ TEST(UidGidTest, Getgroups) {
 
   // ""EINVAL: size is less than the number of supplementary group IDs, but is
   // not zero.""
+#pragma GCC diagnostic push
+#pragma GCC diagnostic ignored ""-Wstringop-overflow=""
   EXPECT_THAT(getgroups(-1, nullptr), SyscallFailsWithErrno(EINVAL));
+#pragma GCC diagnostic pop
 
   // Testing for EFAULT requires actually having groups, which isn't guaranteed
   // here; see the setgroups test below.
diff --git a/test/syscalls/linux/xattr.cc b/test/syscalls/linux/xattr.cc
index 317b1c1172..114de00403 100644
--- a/test/syscalls/linux/xattr.cc
+++ b/test/syscalls/linux/xattr.cc
@@ -254,8 +254,7 @@ TEST_F(XattrTest, SetXattrZeroSize) {
   EXPECT_THAT(setxattr(path, name, &val, 0, /*flags=*/0), SyscallSucceeds());
 
   char buf = '-';
-  EXPECT_THAT(getxattr(path, name, &buf, XATTR_SIZE_MAX),
-              SyscallSucceedsWithValue(0));
+  EXPECT_THAT(getxattr(path, name, &buf, 1), SyscallSucceedsWithValue(0));
   EXPECT_EQ(buf, '-');
 }
 
@@ -277,8 +276,11 @@ TEST_F(XattrTest, SetXattrSizeTooLarge) {
 TEST_F(XattrTest, SetXattrNullValueAndNonzeroSize) {
   const char* path = test_file_name_.c_str();
   const char name[] = ""user.test"";
+#pragma GCC diagnostic push
+#pragma GCC diagnostic ignored ""-Wnonnull""
   EXPECT_THAT(setxattr(path, name, nullptr, 1, /*flags=*/0),
               SyscallFailsWithErrno(EFAULT));
+#pragma GCC diagnostic pop
 
   EXPECT_THAT(getxattr(path, name, nullptr, 0), SyscallFailsWithErrno(ENODATA));
 }
@@ -441,8 +443,11 @@ TEST_F(XattrTest, GetXattrNullValue) {
   size_t size = sizeof(val);
   EXPECT_THAT(setxattr(path, name, &val, size, /*flags=*/0), SyscallSucceeds());
 
+#pragma GCC diagnostic push
+#pragma GCC diagnostic ignored ""-Wnonnull""
   EXPECT_THAT(getxattr(path, name, nullptr, size),
               SyscallFailsWithErrno(EFAULT));
+#pragma GCC diagnostic pop
 }
 
 TEST_F(XattrTest, GetXattrNullValueAndZeroSize) {
@@ -453,7 +458,10 @@ TEST_F(XattrTest, GetXattrNullValueAndZeroSize) {
   // Set value with zero size.
   EXPECT_THAT(setxattr(path, name, &val, 0, /*flags=*/0), SyscallSucceeds());
   // Get value with nonzero size.
+#pragma GCC diagnostic push
+#pragma GCC diagnostic ignored ""-Wnonnull""
   EXPECT_THAT(getxattr(path, name, nullptr, size), SyscallSucceedsWithValue(0));
+#pragma GCC diagnostic pop
 
   // Set value with nonzero size.
   EXPECT_THAT(setxattr(path, name, &val, size, /*flags=*/0), SyscallSucceeds());
@@ -503,8 +511,11 @@ TEST_F(XattrTest, ListXattrNoXattrs) {
 
   // ListXattr should succeed if there are no attributes, even if the buffer
   // passed in is a nullptr.
+#pragma GCC diagnostic push
+#pragma GCC diagnostic ignored ""-Wnonnull""
   EXPECT_THAT(listxattr(path, nullptr, sizeof(list)),
               SyscallSucceedsWithValue(0));
+#pragma GCC diagnostic pop
 }
 
 TEST_F(XattrTest, ListXattrNullBuffer) {
@@ -512,8 +523,11 @@ TEST_F(XattrTest, ListXattrNullBuffer) {
   const char name[] = ""user.test"";
   EXPECT_THAT(setxattr(path, name, nullptr, 0, /*flags=*/0), SyscallSucceeds());
 
+#pragma GCC diagnostic push
+#pragma GCC diagnostic ignored ""-Wnonnull""
   EXPECT_THAT(listxattr(path, nullptr, sizeof(name)),
               SyscallFailsWithErrno(EFAULT));
+#pragma GCC diagnostic pop
 }
 
 TEST_F(XattrTest, ListXattrSizeTooSmall) {
diff --git a/test/util/platform_util.cc b/test/util/platform_util.cc
index 840d8652ac..8e4cbb9de3 100644
--- a/test/util/platform_util.cc
+++ b/test/util/platform_util.cc
@@ -37,6 +37,7 @@ PlatformSupport PlatformSupport32Bit() {
   }
   std::cerr << ""GVISOR_PLATFORM_SUPPORT variable undefined"" << std::endl;
   TEST_CHECK(false);
+  __builtin_unreachable();
 }
 
 PlatformSupport PlatformSupportAlignmentCheck() {
@@ -58,6 +59,7 @@ PlatformSupport PlatformSupportAlignmentCheck() {
   }
   std::cerr << ""GVISOR_PLATFORM_SUPPORT variable undefined"" << std::endl;
   TEST_CHECK(false);
+  __builtin_unreachable();
 }
 
 PlatformSupport PlatformSupportMultiProcess() {
@@ -77,6 +79,7 @@ PlatformSupport PlatformSupportMultiProcess() {
   }
   std::cerr << ""GVISOR_PLATFORM_SUPPORT variable undefined"" << std::endl;
   TEST_CHECK(false);
+  __builtin_unreachable();
 }
 
 PlatformSupport PlatformSupportInt3() {
@@ -95,6 +98,7 @@ PlatformSupport PlatformSupportInt3() {
   }
   std::cerr << ""GVISOR_PLATFORM_SUPPORT variable undefined"" << std::endl;
   TEST_CHECK(false);
+  __builtin_unreachable();
 }
 
 PlatformSupport PlatformSupportVsyscall() {
@@ -113,6 +117,7 @@ PlatformSupport PlatformSupportVsyscall() {
   }
   std::cerr << ""GVISOR_PLATFORM_SUPPORT variable undefined"" << std::endl;
   TEST_CHECK(false);
+  __builtin_unreachable();
 }
 
 }  // namespace testing
diff --git a/test/util/test_util_impl.cc b/test/util/test_util_impl.cc
index 6b68268987..704402f143 100644
--- a/test/util/test_util_impl.cc
+++ b/test/util/test_util_impl.cc
@@ -21,8 +21,9 @@
 #include ""test/util/logging.h""
 
 extern bool FLAGS_gtest_list_tests;
+namespace benchmark {
 extern bool FLAGS_benchmark_list_tests;
-extern std::string FLAGS_benchmark_filter;
+}
 
 namespace gvisor {
 namespace testing {
@@ -44,7 +45,7 @@ int RunAllTests() {
   if (::testing::FLAGS_gtest_list_tests) {
     return RUN_ALL_TESTS();
   }
-  if (FLAGS_benchmark_list_tests) {
+  if (::benchmark::FLAGS_benchmark_list_tests) {
     benchmark::RunSpecifiedBenchmarks();
     return 0;
   }",rejected_candidate,,
issta2024_bugs_in_pods_understanding_bugs:d76f90ba29ad0377,issta2024_bugs_in_pods_understanding_bugs,containerd,https://github.com/containerd/containerd/commit/63a7d8a7ff291066b0684e8a62ff598684b8056e,fix pusher concurrent close channel,Signed-off-by: rongfu.leng <rongfu.leng@daocloud.io>,no_comments_in_source,committed,2022-10-04T14:11:15+00:00,"[""remotes/docker/pusher.go"", ""remotes/docker/pusher_test.go""]","diff --git a/remotes/docker/pusher.go b/remotes/docker/pusher.go
index f674be718c367..a509cfe3c0dd0 100644
--- a/remotes/docker/pusher.go
+++ b/remotes/docker/pusher.go
@@ -24,6 +24,7 @@ import (
 	""net/http""
 	""net/url""
 	""strings""
+	""sync""
 	""time""
 
 	""github.com/containerd/containerd/content""
@@ -320,9 +321,10 @@ type pushWriter struct {
 
 	pipe *io.PipeWriter
 
-	pipeC chan *io.PipeWriter
-	respC chan *http.Response
-	errC  chan error
+	pipeC     chan *io.PipeWriter
+	respC     chan *http.Response
+	closeOnce sync.Once
+	errC      chan error
 
 	isManifest bool
 
@@ -398,14 +400,9 @@ func (pw *pushWriter) Write(p []byte) (n int, err error) {
 func (pw *pushWriter) Close() error {
 	// Ensure pipeC is closed but handle `Close()` being
 	// called multiple times without panicking
-	select {
-	case _, ok := <-pw.pipeC:
-		if ok {
-			close(pw.pipeC)
-		}
-	default:
+	pw.closeOnce.Do(func() {
 		close(pw.pipeC)
-	}
+	})
 	if pw.pipe != nil {
 		status, err := pw.tracker.GetStatus(pw.ref)
 		if err == nil && !status.Committed {
diff --git a/remotes/docker/pusher_test.go b/remotes/docker/pusher_test.go
index bed661da0df3f..e74f5c4d77dfa 100644
--- a/remotes/docker/pusher_test.go
+++ b/remotes/docker/pusher_test.go
@@ -293,7 +293,7 @@ func Test_dockerPusher_push(t *testing.T) {
 		dp               dockerPusher
 		dockerBaseObject string
 		args             args
-		checkerFunc      func(writer pushWriter) bool
+		checkerFunc      func(writer *pushWriter) bool
 		wantErr          error
 	}{
 		{
@@ -306,7 +306,7 @@ func Test_dockerPusher_push(t *testing.T) {
 				ref:               fmt.Sprintf(""manifest-%s"", manifestContentDigest.String()),
 				unavailableOnFail: false,
 			},
-			checkerFunc: func(writer pushWriter) bool {
+			checkerFunc: func(writer *pushWriter) bool {
 				select {
 				case resp := <-writer.respC:
 					// 201 should be the response code when uploading a new manifest
@@ -340,7 +340,7 @@ func Test_dockerPusher_push(t *testing.T) {
 				ref:               fmt.Sprintf(""layer-%s"", layerContentDigest.String()),
 				unavailableOnFail: false,
 			},
-			checkerFunc: func(writer pushWriter) bool {
+			checkerFunc: func(writer *pushWriter) bool {
 				select {
 				case resp := <-writer.respC:
 					// 201 should be the response code when uploading a new blob
@@ -379,7 +379,7 @@ func Test_dockerPusher_push(t *testing.T) {
 			}
 
 			// test whether a proper response has been received after the push operation
-			assert.True(t, test.checkerFunc(*pw))
+			assert.True(t, test.checkerFunc(pw))
 
 		})
 	}",accepted_fault,Wrong Container Behavior,Wrong Code Logic
issta2024_bugs_in_pods_understanding_bugs:daa60af19b875eff,issta2024_bugs_in_pods_understanding_bugs,containerd,https://github.com/containerd/containerd/commit/1a88cf5242445657258e0c744def5017d7cfb492,Merge pull request #6267 from dmcgowan/prepare-v1.6.0-beta.3,Prepare release notes for v1.6.0-beta.3,no_comments_in_source,committed,2021-11-19T17:41:32+00:00,"["".github/workflows/release.yml"", ""go.mod"", ""integration/client/go.mod"", ""releases/v1.6.0-beta.toml"", ""vendor/modules.txt"", ""version/version.go""]","diff --git a/.github/workflows/release.yml b/.github/workflows/release.yml
index 9dab7b859ccbd..56681e764be8c 100644
--- a/.github/workflows/release.yml
+++ b/.github/workflows/release.yml
@@ -130,8 +130,9 @@ jobs:
         with:
           token: ${{ secrets.GITHUB_TOKEN }}
           fail_on_unmatched_files: true
+          name: containerd ${{ needs.check.outputs.stringver }}
           draft: false
           prerelease: ${{ contains(github.ref, 'beta') || contains(github.ref, 'rc') }}
           body_path: ./builds/containerd-release-notes/release-notes.md
           files: |
-            builds/release-tars-**/*
\ No newline at end of file
+            builds/release-tars-**/*
diff --git a/go.mod b/go.mod
index c14a00b04784f..e91a2d5a26886 100644
--- a/go.mod
+++ b/go.mod
@@ -10,7 +10,7 @@ require (
 	github.com/containerd/btrfs v1.0.0
 	github.com/containerd/cgroups v1.0.2
 	github.com/containerd/console v1.0.3
-	github.com/containerd/containerd/api v1.6.0-beta.1
+	github.com/containerd/containerd/api v1.6.0-beta.3
 	github.com/containerd/continuity v0.2.0
 	github.com/containerd/fifo v1.0.0
 	github.com/containerd/go-cni v1.1.1-0.20211026134925-aa8bf14323a5
diff --git a/integration/client/go.mod b/integration/client/go.mod
index ea9e0bd0ad992..8591a56e5a707 100644
--- a/integration/client/go.mod
+++ b/integration/client/go.mod
@@ -8,7 +8,7 @@ require (
 	github.com/containerd/cgroups v1.0.2
 	// the actual version of containerd is replaced with the code at the root of this repository
 	github.com/containerd/containerd v1.5.7
-	github.com/containerd/containerd/api v1.6.0-beta.1
+	github.com/containerd/containerd/api v1.6.0-beta.3
 	github.com/containerd/go-runc v1.0.0
 	github.com/containerd/ttrpc v1.1.0
 	github.com/containerd/typeurl v1.0.2
diff --git a/releases/v1.6.0-beta.toml b/releases/v1.6.0-beta.toml
index 19191a3f0cd50..2bf981434dcb7 100644
--- a/releases/v1.6.0-beta.toml
+++ b/releases/v1.6.0-beta.toml
@@ -24,6 +24,7 @@ support to increase overall compatibility and stability.
 * **Split task manager into shim and task manager** ([#5918](https://github.com/containerd/containerd/pull/5918))
 * **Add runc shim support for core scheduling** ([#6011](https://github.com/containerd/containerd/pull/6011))
 * **Update shim client connect attempt to fail fast when shim errors** ([#6031](https://github.com/containerd/containerd/pull/6031))
+* **Add support for absolute path to shim binaries** ([#6206](https://github.com/containerd/containerd/pull/6206))
 
 #### Windows
 
@@ -37,7 +38,9 @@ support to increase overall compatibility and stability.
 * **Add support for unified resources field for cgroups v2** ([#5627](https://github.com/containerd/containerd/pull/5627))
 * **Add IP preference configuration for reporting pod IP** ([#5964](https://github.com/containerd/containerd/pull/5964))
 * **Implement new CRI pod sandbox stats API** ([#6113](https://github.com/containerd/containerd/pull/6113))
+* **Add sandbox and container latency metrics** ([#6111](https://github.com/containerd/containerd/pull/6111))
 * **Add namespace to ttrpc and grpc plugin connections** ([#6130](https://github.com/containerd/containerd/pull/6130))
+* **Add option to allow ping sockets and privileged ports with no capabilities** ([#6170](https://github.com/containerd/containerd/pull/6170))
 
 #### Other
 
diff --git a/vendor/modules.txt b/vendor/modules.txt
index 9f024b921140b..343d39f598222 100644
--- a/vendor/modules.txt
+++ b/vendor/modules.txt
@@ -78,7 +78,7 @@ github.com/containerd/cgroups/v2/stats
 # github.com/containerd/console v1.0.3
 ## explicit
 github.com/containerd/console
-# github.com/containerd/containerd/api v1.6.0-beta.1 => ./api
+# github.com/containerd/containerd/api v1.6.0-beta.3 => ./api
 ## explicit
 github.com/containerd/containerd/api/events
 github.com/containerd/containerd/api/services/containers/v1
diff --git a/version/version.go b/version/version.go
index 516d3f077ffc2..3c5ef97c3f6d6 100644
--- a/version/version.go
+++ b/version/version.go
@@ -23,7 +23,7 @@ var (
 	Package = ""github.com/containerd/containerd""
 
 	// Version holds the complete version number. Filled in at linking time.
-	Version = ""1.6.0-beta.2+unknown""
+	Version = ""1.6.0-beta.3+unknown""
 
 	// Revision is filled with the VCS (e.g. git) revision being used to build
 	// the program at linking time.",rejected_candidate,,
issta2024_bugs_in_pods_understanding_bugs:dc2e82573f1c5562,issta2024_bugs_in_pods_understanding_bugs,runc,https://github.com/opencontainers/runc/commit/b76b6b9338917bcdb258d512a582d613a477e58d,Allow mounting of /proc/sys/kernel/ns_last_pid,"The CAP_CHECKPOINT_RESTORE linux capability provides the ability to
update /proc/sys/kernel/ns_last_pid. However, because this file is under
/proc, and by default both K8s and CRI-O specify that /proc/sys should
be mounted as Read-Only, by default even with the capability specified,
a process will not be able to write to ns_last_pid.

To get around this, a pod author can specify a volume mount and a
hostpath to bind-mount /proc/sys/kernel/ns_last_pid. However, runc does
not allow specifying mounts under /proc.

This commit adds /proc/sys/kernel/ns_last_pid to the validProcMounts
string array to enable a pod author to mount ns_last_pid as read-write.
The default remains unchanged; unless explicitly requested as a volume
mount, ns_last_pid will remain read-only regardless of whether or not
CAP_CHECKPOINT_RESTORE is specified.

Signed-off-by: Irwin D'Souza <dsouzai.gh@gmail.com>",no_comments_in_source,committed,2022-04-07T18:08:59+00:00,"[""libcontainer/rootfs_linux.go"", ""libcontainer/rootfs_linux_test.go""]","diff --git a/libcontainer/rootfs_linux.go b/libcontainer/rootfs_linux.go
index 5290a45ec73..e8d8211b198 100644
--- a/libcontainer/rootfs_linux.go
+++ b/libcontainer/rootfs_linux.go
@@ -554,6 +554,7 @@ func checkProcMount(rootfs, dest, source string) error {
 		""/proc/loadavg"",
 		""/proc/slabinfo"",
 		""/proc/net/dev"",
+		""/proc/sys/kernel/ns_last_pid"",
 	}
 	for _, valid := range validProcMounts {
 		path, err := filepath.Rel(filepath.Join(rootfs, valid), dest)
diff --git a/libcontainer/rootfs_linux_test.go b/libcontainer/rootfs_linux_test.go
index e3bfdc50315..8709a5e47f7 100644
--- a/libcontainer/rootfs_linux_test.go
+++ b/libcontainer/rootfs_linux_test.go
@@ -38,6 +38,14 @@ func TestCheckMountDestFalsePositive(t *testing.T) {
 	}
 }
 
+func TestCheckMountDestNsLastPid(t *testing.T) {
+	dest := ""/rootfs/proc/sys/kernel/ns_last_pid""
+	err := checkProcMount(""/rootfs"", dest, ""/proc"")
+	if err != nil {
+		t.Fatal(""/proc/sys/kernel/ns_last_pid should not return an error"")
+	}
+}
+
 func TestNeedsSetupDev(t *testing.T) {
 	config := &configs.Config{
 		Mounts: []*configs.Mount{",accepted_fault,Access Permission Denied,Incorrect Mount Options
issta2024_bugs_in_pods_understanding_bugs:dd9b124290b0ab9b,issta2024_bugs_in_pods_understanding_bugs,containerd,https://github.com/containerd/containerd/commit/e72a56a1e97b2068fe7772fe5fd8835caefc62b4,Merge pull request #5662 from thaJeztah/fix_destdir,Makefile: fix DESTDIR and PREFIX concatenation,no_comments_in_source,committed,2021-06-25T14:41:16+00:00,"[""Makefile""]","diff --git a/Makefile b/Makefile
index f53c10ab76e93..a6e3c63235938 100644
--- a/Makefile
+++ b/Makefile
@@ -255,8 +255,8 @@ man/%: docs/man/%.md FORCE
 	go-md2man -in ""$<"" -out ""$@""
 
 define installmanpage
-$(INSTALL) -d $(DESTDIR)/$(MANDIR)/man$(2);
-gzip -c $(1) >$(DESTDIR)/$(MANDIR)/man$(2)/$(3).gz;
+$(INSTALL) -d $(DESTDIR)$(MANDIR)/man$(2);
+gzip -c $(1) >$(DESTDIR)$(MANDIR)/man$(2)/$(3).gz;
 endef
 
 install-man: man
@@ -351,12 +351,12 @@ clean-test: ## clean up debris from previously failed tests
 
 install: ## install binaries
 	@echo ""$(WHALE) $@ $(BINARIES)""
-	@$(INSTALL) -d $(DESTDIR)/$(PREFIX)/bin
-	@$(INSTALL) $(BINARIES) $(DESTDIR)/$(PREFIX)/bin
+	@$(INSTALL) -d $(DESTDIR)$(PREFIX)/bin
+	@$(INSTALL) $(BINARIES) $(DESTDIR)$(PREFIX)/bin
 
 uninstall:
 	@echo ""$(WHALE) $@""
-	@rm -f $(addprefix $(DESTDIR)/$(PREFIX)/bin/,$(notdir $(BINARIES)))
+	@rm -f $(addprefix $(DESTDIR)$(PREFIX)/bin/,$(notdir $(BINARIES)))
 
 ifeq ($(GOOS),windows)
 install-deps:",rejected_candidate,,
issta2024_bugs_in_pods_understanding_bugs:de80090698adc953,issta2024_bugs_in_pods_understanding_bugs,containerd,https://github.com/containerd/containerd/commit/c040f83825c532cf6bbe2b5f7518d266489c6c7f,Fix default config for Darwin,Signed-off-by: Maksym Pavlenko <pavlenko.maksym@gmail.com>,no_comments_in_source,committed,2022-12-07T23:21:08+00:00,"[""cmd/containerd/command/config.go"", ""cmd/containerd/command/config_linux.go"", ""cmd/containerd/command/config_unsupported.go"", ""cmd/containerd/command/config_windows.go""]","diff --git a/cmd/containerd/command/config.go b/cmd/containerd/command/config.go
index e2d0097f58c6c..522f99b8bcacc 100644
--- a/cmd/containerd/command/config.go
+++ b/cmd/containerd/command/config.go
@@ -92,6 +92,10 @@ func outputConfig(cfg *srvconfig.Config) error {
 	return err
 }
 
+func defaultConfig() *srvconfig.Config {
+	return platformAgnosticDefaultConfig()
+}
+
 var configCommand = cli.Command{
 	Name:  ""config"",
 	Usage: ""information on the containerd config"",
diff --git a/cmd/containerd/command/config_linux.go b/cmd/containerd/command/config_linux.go
deleted file mode 100644
index df8e856cfa384..0000000000000
--- a/cmd/containerd/command/config_linux.go
+++ /dev/null
@@ -1,25 +0,0 @@
-/*
-   Copyright The containerd Authors.
-
-   Licensed under the Apache License, Version 2.0 (the ""License"");
-   you may not use this file except in compliance with the License.
-   You may obtain a copy of the License at
-
-       http://www.apache.org/licenses/LICENSE-2.0
-
-   Unless required by applicable law or agreed to in writing, software
-   distributed under the License is distributed on an ""AS IS"" BASIS,
-   WITHOUT WARRANTIES OR CONDITIONS OF ANY KIND, either express or implied.
-   See the License for the specific language governing permissions and
-   limitations under the License.
-*/
-
-package command
-
-import (
-	srvconfig ""github.com/containerd/containerd/services/server/config""
-)
-
-func defaultConfig() *srvconfig.Config {
-	return platformAgnosticDefaultConfig()
-}
diff --git a/cmd/containerd/command/config_unsupported.go b/cmd/containerd/command/config_unsupported.go
deleted file mode 100644
index 3d935dedef6e1..0000000000000
--- a/cmd/containerd/command/config_unsupported.go
+++ /dev/null
@@ -1,34 +0,0 @@
-//go:build !linux && !windows && !solaris
-// +build !linux,!windows,!solaris
-
-/*
-   Copyright The containerd Authors.
-
-   Licensed under the Apache License, Version 2.0 (the ""License"");
-   you may not use this file except in compliance with the License.
-   You may obtain a copy of the License at
-
-       http://www.apache.org/licenses/LICENSE-2.0
-
-   Unless required by applicable law or agreed to in writing, software
-   distributed under the License is distributed on an ""AS IS"" BASIS,
-   WITHOUT WARRANTIES OR CONDITIONS OF ANY KIND, either express or implied.
-   See the License for the specific language governing permissions and
-   limitations under the License.
-*/
-
-package command
-
-import (
-	""github.com/containerd/containerd/defaults""
-	srvconfig ""github.com/containerd/containerd/services/server/config""
-)
-
-func defaultConfig() *srvconfig.Config {
-	cfg := platformAgnosticDefaultConfig()
-	cfg.Debug = srvconfig.Debug{
-		Level:   ""info"",
-		Address: defaults.DefaultDebugAddress,
-	}
-	return cfg
-}
diff --git a/cmd/containerd/command/config_windows.go b/cmd/containerd/command/config_windows.go
deleted file mode 100644
index df8e856cfa384..0000000000000
--- a/cmd/containerd/command/config_windows.go
+++ /dev/null
@@ -1,25 +0,0 @@
-/*
-   Copyright The containerd Authors.
-
-   Licensed under the Apache License, Version 2.0 (the ""License"");
-   you may not use this file except in compliance with the License.
-   You may obtain a copy of the License at
-
-       http://www.apache.org/licenses/LICENSE-2.0
-
-   Unless required by applicable law or agreed to in writing, software
-   distributed under the License is distributed on an ""AS IS"" BASIS,
-   WITHOUT WARRANTIES OR CONDITIONS OF ANY KIND, either express or implied.
-   See the License for the specific language governing permissions and
-   limitations under the License.
-*/
-
-package command
-
-import (
-	srvconfig ""github.com/containerd/containerd/services/server/config""
-)
-
-func defaultConfig() *srvconfig.Config {
-	return platformAgnosticDefaultConfig()
-}",accepted_fault,Build Failure,Build Configuration Error
issta2024_bugs_in_pods_understanding_bugs:e2f5d1e1f7459f74,issta2024_bugs_in_pods_understanding_bugs,gvisor,https://github.com/google/gvisor/commit/ce194f2c1c1443de9c1efa374dcf6d6554457a4c,Automated rollback of changelist 407638912,PiperOrigin-RevId: 410665707,no_comments_in_source,committed,2021-11-18T01:04:21+00:00,"[""pkg/sentry/fs/gofer/BUILD"", ""pkg/sentry/fs/gofer/socket.go"", ""pkg/sentry/fs/host/BUILD"", ""pkg/sentry/fs/host/socket.go"", ""pkg/sentry/fs/host/socket_test.go"", ""pkg/sentry/fsimpl/gofer/BUILD"", ""pkg/sentry/fsimpl/gofer/socket.go"", ""pkg/sentry/fsimpl/host/socket.go"", ""pkg/sentry/socket/netfilter/netfilter.go"", ""pkg/sentry/socket/netlink/provider.go"", ""pkg/sentry/socket/netlink/provider_vfs2.go"", ""pkg/sentry/socket/netlink/route/BUILD"", ""pkg/sentry/socket/netlink/route/protocol.go"", ""pkg/sentry/socket/netlink/socket.go""]","diff --git a/pkg/sentry/fs/gofer/BUILD b/pkg/sentry/fs/gofer/BUILD
index 73372a829a..ee2f287d93 100644
--- a/pkg/sentry/fs/gofer/BUILD
+++ b/pkg/sentry/fs/gofer/BUILD
@@ -49,7 +49,6 @@ go_library(
         ""//pkg/sentry/socket/unix/transport"",
         ""//pkg/sync"",
         ""//pkg/syserr"",
-        ""//pkg/tcpip"",
         ""//pkg/unet"",
         ""//pkg/usermem"",
         ""//pkg/waiter"",
diff --git a/pkg/sentry/fs/gofer/socket.go b/pkg/sentry/fs/gofer/socket.go
index 16bb9110a0..3080128b11 100644
--- a/pkg/sentry/fs/gofer/socket.go
+++ b/pkg/sentry/fs/gofer/socket.go
@@ -23,7 +23,6 @@ import (
 	""gvisor.dev/gvisor/pkg/sentry/fs/host""
 	""gvisor.dev/gvisor/pkg/sentry/socket/unix/transport""
 	""gvisor.dev/gvisor/pkg/syserr""
-	""gvisor.dev/gvisor/pkg/tcpip""
 	""gvisor.dev/gvisor/pkg/waiter""
 )
 
@@ -96,7 +95,7 @@ func (e *endpoint) BidirectionalConnect(ctx context.Context, ce transport.Connec
 	}
 	if ce.Listening() {
 		ce.Unlock()
-		return tcpip.SyserrInvalidEndpointState
+		return syserr.ErrInvalidEndpointState
 	}
 
 	hostFile, err := e.file.Connect(cf)
diff --git a/pkg/sentry/fs/host/BUILD b/pkg/sentry/fs/host/BUILD
index 78e5cef9d3..921612e9cd 100644
--- a/pkg/sentry/fs/host/BUILD
+++ b/pkg/sentry/fs/host/BUILD
@@ -77,6 +77,7 @@ go_test(
         ""//pkg/sentry/kernel/time"",
         ""//pkg/sentry/socket"",
         ""//pkg/sentry/socket/unix/transport"",
+        ""//pkg/syserr"",
         ""//pkg/tcpip"",
         ""//pkg/usermem"",
         ""//pkg/waiter"",
diff --git a/pkg/sentry/fs/host/socket.go b/pkg/sentry/fs/host/socket.go
index 17ee77af48..54c421775a 100644
--- a/pkg/sentry/fs/host/socket.go
+++ b/pkg/sentry/fs/host/socket.go
@@ -82,7 +82,7 @@ func (c *ConnectedEndpoint) init() *syserr.Error {
 
 	if family != unix.AF_UNIX {
 		// We only allow Unix sockets.
-		return tcpip.SyserrInvalidEndpointState
+		return syserr.ErrInvalidEndpointState
 	}
 
 	stype, err := unix.GetsockoptInt(c.file.FD(), unix.SOL_SOCKET, unix.SO_TYPE)
@@ -200,7 +200,7 @@ func (c *ConnectedEndpoint) Send(ctx context.Context, data [][]byte, controlMess
 	defer c.mu.RUnlock()
 
 	if !controlMessages.Empty() {
-		return 0, false, tcpip.SyserrInvalidEndpointState
+		return 0, false, syserr.ErrInvalidEndpointState
 	}
 
 	// Since stream sockets don't preserve message boundaries, we can write
diff --git a/pkg/sentry/fs/host/socket_test.go b/pkg/sentry/fs/host/socket_test.go
index bf7fc1a81c..f7014b6b11 100644
--- a/pkg/sentry/fs/host/socket_test.go
+++ b/pkg/sentry/fs/host/socket_test.go
@@ -25,6 +25,7 @@ import (
 	ktime ""gvisor.dev/gvisor/pkg/sentry/kernel/time""
 	""gvisor.dev/gvisor/pkg/sentry/socket""
 	""gvisor.dev/gvisor/pkg/sentry/socket/unix/transport""
+	""gvisor.dev/gvisor/pkg/syserr""
 	""gvisor.dev/gvisor/pkg/tcpip""
 	""gvisor.dev/gvisor/pkg/usermem""
 	""gvisor.dev/gvisor/pkg/waiter""
@@ -177,11 +178,11 @@ func TestListen(t *testing.T) {
 	socket2 := sfile2.FileOperations.(socket.Socket)
 
 	// Socketpairs can not be listened to.
-	if err := socket1.Listen(nil, 64); err != tcpip.SyserrInvalidEndpointState {
-		t.Fatalf(""socket1.Listen(nil, 64) => %v, want tcpip.SyserrInvalidEndpointState"", err)
+	if err := socket1.Listen(nil, 64); err != syserr.ErrInvalidEndpointState {
+		t.Fatalf(""socket1.Listen(nil, 64) => %v, want syserr.ErrInvalidEndpointState"", err)
 	}
-	if err := socket2.Listen(nil, 64); err != tcpip.SyserrInvalidEndpointState {
-		t.Fatalf(""socket2.Listen(nil, 64) => %v, want tcpip.SyserrInvalidEndpointState"", err)
+	if err := socket2.Listen(nil, 64); err != syserr.ErrInvalidEndpointState {
+		t.Fatalf(""socket2.Listen(nil, 64) => %v, want syserr.ErrInvalidEndpointState"", err)
 	}
 
 	// Create a Unix socket, do not bind it.
@@ -197,8 +198,8 @@ func TestListen(t *testing.T) {
 	socket3 := sfile3.FileOperations.(socket.Socket)
 
 	// This socket is not bound so we can't listen on it.
-	if err := socket3.Listen(nil, 64); err != tcpip.SyserrInvalidEndpointState {
-		t.Fatalf(""socket3.Listen(nil, 64) => %v, want tcpip.SyserrInvalidEndpointState"", err)
+	if err := socket3.Listen(nil, 64); err != syserr.ErrInvalidEndpointState {
+		t.Fatalf(""socket3.Listen(nil, 64) => %v, want syserr.ErrInvalidEndpointState"", err)
 	}
 }
 
diff --git a/pkg/sentry/fsimpl/gofer/BUILD b/pkg/sentry/fsimpl/gofer/BUILD
index d622d0a75c..509dd0e1a0 100644
--- a/pkg/sentry/fsimpl/gofer/BUILD
+++ b/pkg/sentry/fsimpl/gofer/BUILD
@@ -82,7 +82,6 @@ go_library(
         ""//pkg/sentry/vfs"",
         ""//pkg/sync"",
         ""//pkg/syserr"",
-        ""//pkg/tcpip"",
         ""//pkg/unet"",
         ""//pkg/usermem"",
         ""//pkg/waiter"",
diff --git a/pkg/sentry/fsimpl/gofer/socket.go b/pkg/sentry/fsimpl/gofer/socket.go
index 88d832e1f4..b66ebb5a44 100644
--- a/pkg/sentry/fsimpl/gofer/socket.go
+++ b/pkg/sentry/fsimpl/gofer/socket.go
@@ -23,7 +23,6 @@ import (
 	""gvisor.dev/gvisor/pkg/sentry/fsimpl/host""
 	""gvisor.dev/gvisor/pkg/sentry/socket/unix/transport""
 	""gvisor.dev/gvisor/pkg/syserr""
-	""gvisor.dev/gvisor/pkg/tcpip""
 	""gvisor.dev/gvisor/pkg/waiter""
 )
 
@@ -70,7 +69,7 @@ func (e *endpoint) BidirectionalConnect(ctx context.Context, ce transport.Connec
 	}
 	if ce.Listening() {
 		ce.Unlock()
-		return tcpip.SyserrInvalidEndpointState
+		return syserr.ErrInvalidEndpointState
 	}
 
 	c, err := e.newConnectedEndpoint(ctx, ce.Type(), ce.WaiterQueue())
diff --git a/pkg/sentry/fsimpl/host/socket.go b/pkg/sentry/fsimpl/host/socket.go
index 9f8559d20d..709d5747d6 100644
--- a/pkg/sentry/fsimpl/host/socket.go
+++ b/pkg/sentry/fsimpl/host/socket.go
@@ -97,7 +97,7 @@ func (c *ConnectedEndpoint) initFromOptions() *syserr.Error {
 
 	if family != unix.AF_UNIX {
 		// We only allow Unix sockets.
-		return tcpip.SyserrInvalidEndpointState
+		return syserr.ErrInvalidEndpointState
 	}
 
 	stype, err := unix.GetsockoptInt(c.fd, unix.SOL_SOCKET, unix.SO_TYPE)
@@ -147,7 +147,7 @@ func (c *ConnectedEndpoint) Send(ctx context.Context, data [][]byte, controlMess
 	defer c.mu.RUnlock()
 
 	if !controlMessages.Empty() {
-		return 0, false, tcpip.SyserrInvalidEndpointState
+		return 0, false, syserr.ErrInvalidEndpointState
 	}
 
 	// Since stream sockets don't preserve message boundaries, we can write
diff --git a/pkg/sentry/socket/netfilter/netfilter.go b/pkg/sentry/socket/netfilter/netfilter.go
index 51491e3a67..ef907e1a4d 100644
--- a/pkg/sentry/socket/netfilter/netfilter.go
+++ b/pkg/sentry/socket/netfilter/netfilter.go
@@ -289,7 +289,7 @@ func SetEntries(task *kernel.Task, stk *stack.Stack, optVal []byte, ipv6 bool) *
 	// - There are no chains without an unconditional final rule.
 	// - There are no chains without an unconditional underflow rule.
 
-	return tcpip.TranslateNetstackError(stk.IPTables().ReplaceTable(nameToID[replace.Name.String()], table, ipv6))
+	return syserr.TranslateNetstackError(stk.IPTables().ReplaceTable(nameToID[replace.Name.String()], table, ipv6))
 }
 
 // parseMatchers parses 0 or more matchers from optVal. optVal should contain
diff --git a/pkg/sentry/socket/netlink/provider.go b/pkg/sentry/socket/netlink/provider.go
index 936e741f83..31e3748337 100644
--- a/pkg/sentry/socket/netlink/provider.go
+++ b/pkg/sentry/socket/netlink/provider.go
@@ -23,7 +23,6 @@ import (
 	""gvisor.dev/gvisor/pkg/sentry/kernel""
 	""gvisor.dev/gvisor/pkg/sentry/socket""
 	""gvisor.dev/gvisor/pkg/syserr""
-	""gvisor.dev/gvisor/pkg/tcpip""
 )
 
 // Protocol is the implementation of a netlink socket protocol.
@@ -105,7 +104,7 @@ func (*socketProvider) Socket(t *kernel.Task, stype linux.SockType, protocol int
 // Pair implements socket.Provider.Pair by returning an error.
 func (*socketProvider) Pair(*kernel.Task, linux.SockType, int) (*fs.File, *fs.File, *syserr.Error) {
 	// Netlink sockets never supports creating socket pairs.
-	return nil, nil, tcpip.SyserrNotSupported
+	return nil, nil, syserr.ErrNotSupported
 }
 
 // LINT.ThenChange(./provider_vfs2.go)
diff --git a/pkg/sentry/socket/netlink/provider_vfs2.go b/pkg/sentry/socket/netlink/provider_vfs2.go
index 1cbeb60b5a..f061c5d62f 100644
--- a/pkg/sentry/socket/netlink/provider_vfs2.go
+++ b/pkg/sentry/socket/netlink/provider_vfs2.go
@@ -20,7 +20,6 @@ import (
 	""gvisor.dev/gvisor/pkg/sentry/kernel""
 	""gvisor.dev/gvisor/pkg/sentry/vfs""
 	""gvisor.dev/gvisor/pkg/syserr""
-	""gvisor.dev/gvisor/pkg/tcpip""
 )
 
 // socketProviderVFS2 implements socket.Provider.
@@ -67,5 +66,5 @@ func (*socketProviderVFS2) Socket(t *kernel.Task, stype linux.SockType, protocol
 // Pair implements socket.Provider.Pair by returning an error.
 func (*socketProviderVFS2) Pair(*kernel.Task, linux.SockType, int) (*vfs.FileDescription, *vfs.FileDescription, *syserr.Error) {
 	// Netlink sockets never supports creating socket pairs.
-	return nil, nil, tcpip.SyserrNotSupported
+	return nil, nil, syserr.ErrNotSupported
 }
diff --git a/pkg/sentry/socket/netlink/route/BUILD b/pkg/sentry/socket/netlink/route/BUILD
index 2cc80b40e7..c6c04b4e35 100644
--- a/pkg/sentry/socket/netlink/route/BUILD
+++ b/pkg/sentry/socket/netlink/route/BUILD
@@ -17,7 +17,6 @@ go_library(
         ""//pkg/sentry/kernel/auth"",
         ""//pkg/sentry/socket/netlink"",
         ""//pkg/syserr"",
-        ""//pkg/tcpip"",
         ""@org_golang_x_sys//unix:go_default_library"",
     ],
 )
diff --git a/pkg/sentry/socket/netlink/route/protocol.go b/pkg/sentry/socket/netlink/route/protocol.go
index 6f5cbfef9d..d526acb732 100644
--- a/pkg/sentry/socket/netlink/route/protocol.go
+++ b/pkg/sentry/socket/netlink/route/protocol.go
@@ -27,7 +27,6 @@ import (
 	""gvisor.dev/gvisor/pkg/sentry/kernel/auth""
 	""gvisor.dev/gvisor/pkg/sentry/socket/netlink""
 	""gvisor.dev/gvisor/pkg/syserr""
-	""gvisor.dev/gvisor/pkg/tcpip""
 )
 
 // commandKind describes the operational class of a message type.
@@ -361,7 +360,7 @@ func parseForDestination(msg *netlink.Message) ([]byte, *syserr.Error) {
 	// commit bc234301af12. Note we don't check this flag for backward
 	// compatibility.
 	if rtMsg.Flags != 0 && rtMsg.Flags != linux.RTM_F_LOOKUP_TABLE {
-		return nil, tcpip.SyserrNotSupported
+		return nil, syserr.ErrNotSupported
 	}
 
 	// Expect first attribute is RTA_DST.
@@ -394,7 +393,7 @@ func (p *Protocol) dumpRoutes(ctx context.Context, msg *netlink.Message, ms *net
 		route, err := fillRoute(routeTables, dst)
 		if err != nil {
 			// TODO(gvisor.dev/issue/1237): return NLMSG_ERROR with ENETUNREACH.
-			return tcpip.SyserrNotSupported
+			return syserr.ErrNotSupported
 		}
 		routeTables = append([]inet.Route{}, route)
 	} else if hdr.Flags&linux.NLM_F_DUMP == linux.NLM_F_DUMP {
@@ -402,7 +401,7 @@ func (p *Protocol) dumpRoutes(ctx context.Context, msg *netlink.Message, ms *net
 		ms.Multi = true
 	} else {
 		// TODO(b/68878065): Only above cases are supported.
-		return tcpip.SyserrNotSupported
+		return syserr.ErrNotSupported
 	}
 
 	for _, rt := range routeTables {
@@ -490,7 +489,7 @@ func (p *Protocol) newAddr(ctx context.Context, msg *netlink.Message, ms *netlin
 			}
 		case linux.IFA_ADDRESS:
 		default:
-			return tcpip.SyserrNotSupported
+			return syserr.ErrNotSupported
 		}
 	}
 	return nil
@@ -531,11 +530,11 @@ func (p *Protocol) delAddr(ctx context.Context, msg *netlink.Message, ms *netlin
 				Addr:      value,
 			})
 			if err != nil {
-				return tcpip.SyserrBadLocalAddress
+				return syserr.ErrBadLocalAddress
 			}
 		case linux.IFA_ADDRESS:
 		default:
-			return tcpip.SyserrNotSupported
+			return syserr.ErrNotSupported
 		}
 	}
 
@@ -573,7 +572,7 @@ func (p *Protocol) ProcessMessage(ctx context.Context, msg *netlink.Message, ms
 		case linux.RTM_GETROUTE:
 			return p.dumpRoutes(ctx, msg, ms)
 		default:
-			return tcpip.SyserrNotSupported
+			return syserr.ErrNotSupported
 		}
 	} else if hdr.Flags&linux.NLM_F_REQUEST == linux.NLM_F_REQUEST {
 		switch hdr.Type {
@@ -588,10 +587,10 @@ func (p *Protocol) ProcessMessage(ctx context.Context, msg *netlink.Message, ms
 		case linux.RTM_DELADDR:
 			return p.delAddr(ctx, msg, ms)
 		default:
-			return tcpip.SyserrNotSupported
+			return syserr.ErrNotSupported
 		}
 	}
-	return tcpip.SyserrNotSupported
+	return syserr.ErrNotSupported
 }
 
 // init registers the NETLINK_ROUTE provider.
diff --git a/pkg/sentry/socket/netlink/socket.go b/pkg/sentry/socket/netlink/socket.go
index 22ceed20d9..a2c1f72849 100644
--- a/pkg/sentry/socket/netlink/socket.go
+++ b/pkg/sentry/socket/netlink/socket.go
@@ -312,19 +312,19 @@ func (s *socketOpsCommon) Connect(t *kernel.Task, sockaddr []byte, blocking bool
 // Accept implements socket.Socket.Accept.
 func (s *socketOpsCommon) Accept(t *kernel.Task, peerRequested bool, flags int, blocking bool) (int32, linux.SockAddr, uint32, *syserr.Error) {
 	// Netlink sockets never support accept.
-	return 0, nil, 0, tcpip.SyserrNotSupported
+	return 0, nil, 0, syserr.ErrNotSupported
 }
 
 // Listen implements socket.Socket.Listen.
 func (s *socketOpsCommon) Listen(t *kernel.Task, backlog int) *syserr.Error {
 	// Netlink sockets never support listen.
-	return tcpip.SyserrNotSupported
+	return syserr.ErrNotSupported
 }
 
 // Shutdown implements socket.Socket.Shutdown.
 func (s *socketOpsCommon) Shutdown(t *kernel.Task, how int) *syserr.Error {
 	// Netlink sockets never support shutdown.
-	return tcpip.SyserrNotSupported
+	return syserr.ErrNotSupported
 }
 
 // GetSockOpt implements socket.Socket.GetSockOpt.
diff --git a/pkg/sentry/socket/netstack/netstack.go b/pkg/sentry/socket/netstack/netstack.go
index 82b3d428f6..87db719f93 100644
--- a/pkg/sentry/socket/netstack/netstack.go
+++ b/pkg/sentry/socket/netstack/netstack.go
@@ -492,7 +492,7 @@ func (s *SocketOperations) WriteTo(_ context.Context, _ *fs.File, dst io.Writer,
 		Peek: dup,
 	})
 	if err != nil {
-		return 0, tcpip.TranslateNetstackError(err).ToError()
+		return 0, syserr.TranslateNetstackError(err).ToError()
 	}
 	return int64(res.Count), nil
 }
@@ -505,7 +505,7 @@ func (s *SocketOperations) Write(ctx context.Context, _ *fs.File, src usermem.IO
 		return 0, linuxerr.ErrWouldBlock
 	}
 	if err != nil {
-		return 0, tcpip.TranslateNetstackError(err).ToError()
+		return 0, syserr.TranslateNetstackError(err).ToError()
 	}
 
 	if n < src.NumBytes() {
@@ -548,7 +548,7 @@ func (s *SocketOperations) ReadFrom(_ context.Context, _ *fs.File, r io.Reader,
 	if _, ok := err.(*tcpip.ErrBadBuffer); ok {
 		return n, f.err
 	}
-	return n, tcpip.TranslateNetstackError(err).ToError()
+	return n, syserr.TranslateNetstackError(err).ToError()
 }
 
 // Readiness returns a mask of ready events for socket s.
@@ -600,7 +600,7 @@ func (s *socketOpsCommon) Connect(t *kernel.Task, sockaddr []byte, blocking bool
 		if _, ok := err.(*tcpip.ErrNotSupported); ok {
 			return syserr.ErrAddressFamilyNotSupported
 		}
-		return tcpip.TranslateNetstackError(err)
+		return syserr.TranslateNetstackError(err)
 	}
 
 	if !s.checkFamily(family, false /* exact */) {
@@ -610,7 +610,7 @@ func (s *socketOpsCommon) Connect(t *kernel.Task, sockaddr []byte, blocking bool
 
 	// Always return right away in the non-blocking case.
 	if !blocking {
-		return tcpip.TranslateNetstackError(s.Endpoint.Connect(addr))
+		return syserr.TranslateNetstackError(s.Endpoint.Connect(addr))
 	}
 
 	// Register for notification when the endpoint becomes writable, then
@@ -627,9 +627,9 @@ func (s *socketOpsCommon) Connect(t *kernel.Task, sockaddr []byte, blocking bool
 			// find an available local ephemeral port.
 			return syserr.ErrAddressNotAvailable
 		}
-		return tcpip.TranslateNetstackError(err)
+		return syserr.TranslateNetstackError(err)
 	default:
-		return tcpip.TranslateNetstackError(err)
+		return syserr.TranslateNetstackError(err)
 	}
 
 	// It's pending, so we have to wait for a notification, and fetch the
@@ -639,7 +639,7 @@ func (s *socketOpsCommon) Connect(t *kernel.Task, sockaddr []byte, blocking bool
 	}
 
 	// Call Connect() again after blocking to find connect's result.
-	return tcpip.TranslateNetstackError(s.Endpoint.Connect(addr))
+	return syserr.TranslateNetstackError(s.Endpoint.Connect(addr))
 }
 
 // Bind implements the linux syscall bind(2) for sockets backed by
@@ -699,13 +699,13 @@ func (s *socketOpsCommon) Bind(_ *kernel.Task, sockaddr []byte) *syserr.Error {
 		err = &tcpip.ErrPortInUse{}
 	}
 
-	return tcpip.TranslateNetstackError(err)
+	return syserr.TranslateNetstackError(err)
 }
 
 // Listen implements the linux syscall listen(2) for sockets backed by
 // tcpip.Endpoint.
 func (s *socketOpsCommon) Listen(_ *kernel.Task, backlog int) *syserr.Error {
-	return tcpip.TranslateNetstackError(s.Endpoint.Listen(backlog))
+	return syserr.TranslateNetstackError(s.Endpoint.Listen(backlog))
 }
 
 // blockingAccept implements a blocking version of accept(2), that is, if no
@@ -721,7 +721,7 @@ func (s *socketOpsCommon) blockingAccept(t *kernel.Task, peerAddr *tcpip.FullAdd
 	for {
 		ep, wq, err := s.Endpoint.Accept(peerAddr)
 		if _, ok := err.(*tcpip.ErrWouldBlock); !ok {
-			return ep, wq, tcpip.TranslateNetstackError(err)
+			return ep, wq, syserr.TranslateNetstackError(err)
 		}
 
 		if err := t.Block(ch); err != nil {
@@ -740,7 +740,7 @@ func (s *SocketOperations) Accept(t *kernel.Task, peerRequested bool, flags int,
 	ep, wq, terr := s.Endpoint.Accept(peerAddr)
 	if terr != nil {
 		if _, ok := terr.(*tcpip.ErrWouldBlock); !ok || !blocking {
-			return 0, nil, 0, tcpip.TranslateNetstackError(terr)
+			return 0, nil, 0, syserr.TranslateNetstackError(terr)
 		}
 
 		var err *syserr.Error
@@ -802,7 +802,7 @@ func (s *socketOpsCommon) Shutdown(_ *kernel.Task, how int) *syserr.Error {
 	}
 
 	// Issue shutdown request.
-	return tcpip.TranslateNetstackError(s.Endpoint.Shutdown(f))
+	return syserr.TranslateNetstackError(s.Endpoint.Shutdown(f))
 }
 
 // GetSockOpt implements the linux syscall getsockopt(2) for sockets backed by
@@ -891,7 +891,7 @@ func getSockOptSocket(t *kernel.Task, s socket.SocketOps, ep commonEndpoint, fam
 			return &optP, nil
 		}
 
-		optP := primitive.Int32(tcpip.TranslateNetstackError(err).ToLinux())
+		optP := primitive.Int32(syserr.TranslateNetstackError(err).ToLinux())
 		return &optP, nil
 
 	case linux.SO_PEERCRED:
@@ -976,7 +976,7 @@ func getSockOptSocket(t *kernel.Task, s socket.SocketOps, ep commonEndpoint, fam
 		if !ok {
 			// The NICID no longer indicates a valid interface, probably because that
 			// interface was removed.
-			return nil, tcpip.SyserrUnknownDevice
+			return nil, syserr.ErrUnknownDevice
 		}
 
 		name := primitive.ByteSlice(append([]byte(nic.Name), 0))
@@ -1069,7 +1069,7 @@ func getSockOptSocket(t *kernel.Task, s socket.SocketOps, ep commonEndpoint, fam
 func getSockOptTCP(t *kernel.Task, s socket.SocketOps, ep commonEndpoint, name, outLen int) (marshal.Marshallable, *syserr.Error) {
 	if _, skType, skProto := s.Type(); !isTCPSocket(skType, skProto) {
 		log.Warningf(""SOL_TCP options are only supported on TCP sockets: skType, skProto = %v, %d"", skType, skProto)
-		return nil, tcpip.SyserrUnknownProtocolOption
+		return nil, syserr.ErrUnknownProtocolOption
 	}
 
 	switch name {
@@ -1104,7 +1104,7 @@ func getSockOptTCP(t *kernel.Task, s socket.SocketOps, ep commonEndpoint, name,
 
 		v, err := ep.GetSockOptInt(tcpip.MaxSegOption)
 		if err != nil {
-			return nil, tcpip.TranslateNetstackError(err)
+			return nil, syserr.TranslateNetstackError(err)
 		}
 		vP := primitive.Int32(v)
 		return &vP, nil
@@ -1116,7 +1116,7 @@ func getSockOptTCP(t *kernel.Task, s socket.SocketOps, ep commonEndpoint, name,
 
 		var v tcpip.KeepaliveIdleOption
 		if err := ep.GetSockOpt(&v); err != nil {
-			return nil, tcpip.TranslateNetstackError(err)
+			return nil, syserr.TranslateNetstackError(err)
 		}
 		keepAliveIdle := primitive.Int32(time.Duration(v) / time.Second)
 		return &keepAliveIdle, nil
@@ -1128,7 +1128,7 @@ func getSockOptTCP(t *kernel.Task, s socket.SocketOps, ep commonEndpoint, name,
 
 		var v tcpip.KeepaliveIntervalOption
 		if err := ep.GetSockOpt(&v); err != nil {
-			return nil, tcpip.TranslateNetstackError(err)
+			return nil, syserr.TranslateNetstackError(err)
 		}
 		keepAliveInterval := primitive.Int32(time.Duration(v) / time.Second)
 		return &keepAliveInterval, nil
@@ -1140,7 +1140,7 @@ func getSockOptTCP(t *kernel.Task, s socket.SocketOps, ep commonEndpoint, name,
 
 		v, err := ep.GetSockOptInt(tcpip.KeepaliveCountOption)
 		if err != nil {
-			return nil, tcpip.TranslateNetstackError(err)
+			return nil, syserr.TranslateNetstackError(err)
 		}
 		vP := primitive.Int32(v)
 		return &vP, nil
@@ -1152,7 +1152,7 @@ func getSockOptTCP(t *kernel.Task, s socket.SocketOps, ep commonEndpoint, name,
 
 		var v tcpip.TCPUserTimeoutOption
 		if err := ep.GetSockOpt(&v); err != nil {
-			return nil, tcpip.TranslateNetstackError(err)
+			return nil, syserr.TranslateNetstackError(err)
 		}
 		tcpUserTimeout := primitive.Int32(time.Duration(v) / time.Millisecond)
 		return &tcpUserTimeout, nil
@@ -1160,7 +1160,7 @@ func getSockOptTCP(t *kernel.Task, s socket.SocketOps, ep commonEndpoint, name,
 	case linux.TCP_INFO:
 		var v tcpip.TCPInfoOption
 		if err := ep.GetSockOpt(&v); err != nil {
-			return nil, tcpip.TranslateNetstackError(err)
+			return nil, syserr.TranslateNetstackError(err)
 		}
 
 		// TODO(b/64800844): Translate fields once they are added to
@@ -1214,7 +1214,7 @@ func getSockOptTCP(t *kernel.Task, s socket.SocketOps, ep commonEndpoint, name,
 
 		var v tcpip.CongestionControlOption
 		if err := ep.GetSockOpt(&v); err != nil {
-			return nil, tcpip.TranslateNetstackError(err)
+			return nil, syserr.TranslateNetstackError(err)
 		}
 
 		// We match linux behaviour here where it returns the lower of
@@ -1240,7 +1240,7 @@ func getSockOptTCP(t *kernel.Task, s socket.SocketOps, ep commonEndpoint, name,
 
 		var v tcpip.TCPLingerTimeoutOption
 		if err := ep.GetSockOpt(&v); err != nil {
-			return nil, tcpip.TranslateNetstackError(err)
+			return nil, syserr.TranslateNetstackError(err)
 		}
 		var lingerTimeout primitive.Int32
 		if v >= 0 {
@@ -1257,7 +1257,7 @@ func getSockOptTCP(t *kernel.Task, s socket.SocketOps, ep commonEndpoint, name,
 
 		var v tcpip.TCPDeferAcceptOption
 		if err := ep.GetSockOpt(&v); err != nil {
-			return nil, tcpip.TranslateNetstackError(err)
+			return nil, syserr.TranslateNetstackError(err)
 		}
 
 		tcpDeferAccept := primitive.Int32(time.Duration(v) / time.Second)
@@ -1270,7 +1270,7 @@ func getSockOptTCP(t *kernel.Task, s socket.SocketOps, ep commonEndpoint, name,
 
 		v, err := ep.GetSockOptInt(tcpip.TCPSynCountOption)
 		if err != nil {
-			return nil, tcpip.TranslateNetstackError(err)
+			return nil, syserr.TranslateNetstackError(err)
 		}
 		vP := primitive.Int32(v)
 		return &vP, nil
@@ -1282,7 +1282,7 @@ func getSockOptTCP(t *kernel.Task, s socket.SocketOps, ep commonEndpoint, name,
 
 		v, err := ep.GetSockOptInt(tcpip.TCPWindowClampOption)
 		if err != nil {
-			return nil, tcpip.TranslateNetstackError(err)
+			return nil, syserr.TranslateNetstackError(err)
 		}
 		vP := primitive.Int32(v)
 		return &vP, nil
@@ -1296,12 +1296,12 @@ func getSockOptTCP(t *kernel.Task, s socket.SocketOps, ep commonEndpoint, name,
 func getSockOptIPv6(t *kernel.Task, s socket.SocketOps, ep commonEndpoint, name int, outPtr hostarch.Addr, outLen int) (marshal.Marshallable, *syserr.Error) {
 	if _, ok := ep.(tcpip.Endpoint); !ok {
 		log.Warningf(""SOL_IPV6 options not supported on endpoints other than tcpip.Endpoint: option = %d"", name)
-		return nil, tcpip.SyserrUnknownProtocolOption
+		return nil, syserr.ErrUnknownProtocolOption
 	}
 
 	family, skType, _ := s.Type()
 	if family != linux.AF_INET6 {
-		return nil, tcpip.SyserrUnknownProtocolOption
+		return nil, syserr.ErrUnknownProtocolOption
 	}
 
 	switch name {
@@ -1324,7 +1324,7 @@ func getSockOptIPv6(t *kernel.Task, s socket.SocketOps, ep commonEndpoint, name
 		}
 		v, err := ep.GetSockOptInt(tcpip.IPv6TrafficClassOption)
 		if err != nil {
-			return nil, tcpip.TranslateNetstackError(err)
+			return nil, syserr.TranslateNetstackError(err)
 		}
 
 		uintv := primitive.Uint32(v)
@@ -1376,7 +1376,7 @@ func getSockOptIPv6(t *kernel.Task, s socket.SocketOps, ep commonEndpoint, name
 
 		var v tcpip.OriginalDestinationOption
 		if err := ep.GetSockOpt(&v); err != nil {
-			return nil, tcpip.TranslateNetstackError(err)
+			return nil, syserr.TranslateNetstackError(err)
 		}
 
 		a, _ := socket.ConvertAddress(linux.AF_INET6, tcpip.FullAddress(v))
@@ -1452,7 +1452,7 @@ func getSockOptIPv6(t *kernel.Task, s socket.SocketOps, ep commonEndpoint, name
 func getSockOptIP(t *kernel.Task, s socket.SocketOps, ep commonEndpoint, name int, outPtr hostarch.Addr, outLen int, _ int) (marshal.Marshallable, *syserr.Error) {
 	if _, ok := ep.(tcpip.Endpoint); !ok {
 		log.Warningf(""SOL_IP options not supported on endpoints other than tcpip.Endpoint: option = %d"", name)
-		return nil, tcpip.SyserrUnknownProtocolOption
+		return nil, syserr.ErrUnknownProtocolOption
 	}
 
 	switch name {
@@ -1463,7 +1463,7 @@ func getSockOptIP(t *kernel.Task, s socket.SocketOps, ep commonEndpoint, name in
 
 		v, err := ep.GetSockOptInt(tcpip.TTLOption)
 		if err != nil {
-			return nil, tcpip.TranslateNetstackError(err)
+			return nil, syserr.TranslateNetstackError(err)
 		}
 
 		// Fill in the default value, if needed.
@@ -1481,7 +1481,7 @@ func getSockOptIP(t *kernel.Task, s socket.SocketOps, ep commonEndpoint, name in
 
 		v, err := ep.GetSockOptInt(tcpip.MulticastTTLOption)
 		if err != nil {
-			return nil, tcpip.TranslateNetstackError(err)
+			return nil, syserr.TranslateNetstackError(err)
 		}
 
 		vP := primitive.Int32(v)
@@ -1494,7 +1494,7 @@ func getSockOptIP(t *kernel.Task, s socket.SocketOps, ep commonEndpoint, name in
 
 		var v tcpip.MulticastInterfaceOption
 		if err := ep.GetSockOpt(&v); err != nil {
-			return nil, tcpip.TranslateNetstackError(err)
+			return nil, syserr.TranslateNetstackError(err)
 		}
 
 		a, _ := socket.ConvertAddress(linux.AF_INET, tcpip.FullAddress{Addr: v.InterfaceAddr})
@@ -1517,7 +1517,7 @@ func getSockOptIP(t *kernel.Task, s socket.SocketOps, ep commonEndpoint, name in
 		}
 		v, err := ep.GetSockOptInt(tcpip.IPv4TOSOption)
 		if err != nil {
-			return nil, tcpip.TranslateNetstackError(err)
+			return nil, syserr.TranslateNetstackError(err)
 		}
 		if outLen < sizeOfInt32 {
 			vP := primitive.Uint8(v)
@@ -1573,7 +1573,7 @@ func getSockOptIP(t *kernel.Task, s socket.SocketOps, ep commonEndpoint, name in
 
 		var v tcpip.OriginalDestinationOption
 		if err := ep.GetSockOpt(&v); err != nil {
-			return nil, tcpip.TranslateNetstackError(err)
+			return nil, syserr.TranslateNetstackError(err)
 		}
 
 		a, _ := socket.ConvertAddress(linux.AF_INET, tcpip.FullAddress(v))
@@ -1793,7 +1793,7 @@ func setSockOptSocket(t *kernel.Task, s socket.SocketOps, ep commonEndpoint, nam
 		}
 		name := string(optVal[:n])
 		if name == """" {
-			return tcpip.TranslateNetstackError(ep.SocketOptions().SetBindToDevice(0))
+			return syserr.TranslateNetstackError(ep.SocketOptions().SetBindToDevice(0))
 		}
 		s := t.NetworkContext()
 		if s == nil {
@@ -1801,10 +1801,10 @@ func setSockOptSocket(t *kernel.Task, s socket.SocketOps, ep commonEndpoint, nam
 		}
 		for nicID, nic := range s.Interfaces() {
 			if nic.Name == name {
-				return tcpip.TranslateNetstackError(ep.SocketOptions().SetBindToDevice(nicID))
+				return syserr.TranslateNetstackError(ep.SocketOptions().SetBindToDevice(nicID))
 			}
 		}
-		return tcpip.SyserrUnknownDevice
+		return syserr.ErrUnknownDevice
 
 	case linux.SO_BROADCAST:
 		if len(optVal) < sizeOfInt32 {
@@ -1898,7 +1898,7 @@ func setSockOptSocket(t *kernel.Task, s socket.SocketOps, ep commonEndpoint, nam
 	case linux.SO_DETACH_FILTER:
 		// optval is ignored.
 		var v tcpip.SocketDetachFilterOption
-		return tcpip.TranslateNetstackError(ep.SetSockOpt(&v))
+		return syserr.TranslateNetstackError(ep.SetSockOpt(&v))
 
 	default:
 		socket.SetSockOptEmitUnimplementedEvent(t, name)
@@ -1911,7 +1911,7 @@ func setSockOptSocket(t *kernel.Task, s socket.SocketOps, ep commonEndpoint, nam
 func setSockOptTCP(t *kernel.Task, s socket.SocketOps, ep commonEndpoint, name int, optVal []byte) *syserr.Error {
 	if _, skType, skProto := s.Type(); !isTCPSocket(skType, skProto) {
 		log.Warningf(""SOL_TCP options are only supported on TCP sockets: skType, skProto = %v, %d"", skType, skProto)
-		return tcpip.SyserrUnknownProtocolOption
+		return syserr.ErrUnknownProtocolOption
 	}
 
 	switch name {
@@ -1948,7 +1948,7 @@ func setSockOptTCP(t *kernel.Task, s socket.SocketOps, ep commonEndpoint, name i
 		}
 
 		v := hostarch.ByteOrder.Uint32(optVal)
-		return tcpip.TranslateNetstackError(ep.SetSockOptInt(tcpip.MaxSegOption, int(v)))
+		return syserr.TranslateNetstackError(ep.SetSockOptInt(tcpip.MaxSegOption, int(v)))
 
 	case linux.TCP_KEEPIDLE:
 		if len(optVal) < sizeOfInt32 {
@@ -1960,7 +1960,7 @@ func setSockOptTCP(t *kernel.Task, s socket.SocketOps, ep commonEndpoint, name i
 			return syserr.ErrInvalidArgument
 		}
 		opt := tcpip.KeepaliveIdleOption(time.Second * time.Duration(v))
-		return tcpip.TranslateNetstackError(ep.SetSockOpt(&opt))
+		return syserr.TranslateNetstackError(ep.SetSockOpt(&opt))
 
 	case linux.TCP_KEEPINTVL:
 		if len(optVal) < sizeOfInt32 {
@@ -1972,7 +1972,7 @@ func setSockOptTCP(t *kernel.Task, s socket.SocketOps, ep commonEndpoint, name i
 			return syserr.ErrInvalidArgument
 		}
 		opt := tcpip.KeepaliveIntervalOption(time.Second * time.Duration(v))
-		return tcpip.TranslateNetstackError(ep.SetSockOpt(&opt))
+		return syserr.TranslateNetstackError(ep.SetSockOpt(&opt))
 
 	case linux.TCP_KEEPCNT:
 		if len(optVal) < sizeOfInt32 {
@@ -1983,7 +1983,7 @@ func setSockOptTCP(t *kernel.Task, s socket.SocketOps, ep commonEndpoint, name i
 		if v < 1 || v > linux.MAX_TCP_KEEPCNT {
 			return syserr.ErrInvalidArgument
 		}
-		return tcpip.TranslateNetstackError(ep.SetSockOptInt(tcpip.KeepaliveCountOption, int(v)))
+		return syserr.TranslateNetstackError(ep.SetSockOptInt(tcpip.KeepaliveCountOption, int(v)))
 
 	case linux.TCP_USER_TIMEOUT:
 		if len(optVal) < sizeOfInt32 {
@@ -1995,12 +1995,12 @@ func setSockOptTCP(t *kernel.Task, s socket.SocketOps, ep commonEndpoint, name i
 			return syserr.ErrInvalidArgument
 		}
 		opt := tcpip.TCPUserTimeoutOption(time.Millisecond * time.Duration(v))
-		return tcpip.TranslateNetstackError(ep.SetSockOpt(&opt))
+		return syserr.TranslateNetstackError(ep.SetSockOpt(&opt))
 
 	case linux.TCP_CONGESTION:
 		v := tcpip.CongestionControlOption(optVal)
 		if err := ep.SetSockOpt(&v); err != nil {
-			return tcpip.TranslateNetstackError(err)
+			return syserr.TranslateNetstackError(err)
 		}
 		return nil
 
@@ -2011,7 +2011,7 @@ func setSockOptTCP(t *kernel.Task, s socket.SocketOps, ep commonEndpoint, name i
 
 		v := int32(hostarch.ByteOrder.Uint32(optVal))
 		opt := tcpip.TCPLingerTimeoutOption(time.Second * time.Duration(v))
-		return tcpip.TranslateNetstackError(ep.SetSockOpt(&opt))
+		return syserr.TranslateNetstackError(ep.SetSockOpt(&opt))
 
 	case linux.TCP_DEFER_ACCEPT:
 		if len(optVal) < sizeOfInt32 {
@@ -2022,7 +2022,7 @@ func setSockOptTCP(t *kernel.Task, s socket.SocketOps, ep commonEndpoint, name i
 			v = 0
 		}
 		opt := tcpip.TCPDeferAcceptOption(time.Second * time.Duration(v))
-		return tcpip.TranslateNetstackError(ep.SetSockOpt(&opt))
+		return syserr.TranslateNetstackError(ep.SetSockOpt(&opt))
 
 	case linux.TCP_SYNCNT:
 		if len(optVal) < sizeOfInt32 {
@@ -2030,7 +2030,7 @@ func setSockOptTCP(t *kernel.Task, s socket.SocketOps, ep commonEndpoint, name i
 		}
 		v := hostarch.ByteOrder.Uint32(optVal)
 
-		return tcpip.TranslateNetstackError(ep.SetSockOptInt(tcpip.TCPSynCountOption, int(v)))
+		return syserr.TranslateNetstackError(ep.SetSockOptInt(tcpip.TCPSynCountOption, int(v)))
 
 	case linux.TCP_WINDOW_CLAMP:
 		if len(optVal) < sizeOfInt32 {
@@ -2038,7 +2038,7 @@ func setSockOptTCP(t *kernel.Task, s socket.SocketOps, ep commonEndpoint, name i
 		}
 		v := hostarch.ByteOrder.Uint32(optVal)
 
-		return tcpip.TranslateNetstackError(ep.SetSockOptInt(tcpip.TCPWindowClampOption, int(v)))
+		return syserr.TranslateNetstackError(ep.SetSockOptInt(tcpip.TCPWindowClampOption, int(v)))
 
 	case linux.TCP_REPAIR_OPTIONS:
 		t.Kernel().EmitUnimplementedEvent(t)
@@ -2054,12 +2054,12 @@ func setSockOptTCP(t *kernel.Task, s socket.SocketOps, ep commonEndpoint, name i
 func setSockOptIPv6(t *kernel.Task, s socket.SocketOps, ep commonEndpoint, name int, optVal []byte) *syserr.Error {
 	if _, ok := ep.(tcpip.Endpoint); !ok {
 		log.Warningf(""SOL_IPV6 options not supported on endpoints other than tcpip.Endpoint: option = %d"", name)
-		return tcpip.SyserrUnknownProtocolOption
+		return syserr.ErrUnknownProtocolOption
 	}
 
 	family, skType, skProto := s.Type()
 	if family != linux.AF_INET6 {
-		return tcpip.SyserrUnknownProtocolOption
+		return syserr.ErrUnknownProtocolOption
 	}
 
 	switch name {
@@ -2069,9 +2069,9 @@ func setSockOptIPv6(t *kernel.Task, s socket.SocketOps, ep commonEndpoint, name
 		}
 
 		if isTCPSocket(skType, skProto) && tcp.EndpointState(ep.State()) != tcp.StateInitial {
-			return tcpip.SyserrInvalidEndpointState
+			return syserr.ErrInvalidEndpointState
 		} else if isUDPSocket(skType, skProto) && transport.DatagramEndpointState(ep.State()) != transport.DatagramEndpointStateInitial {
-			return tcpip.SyserrInvalidEndpointState
+			return syserr.ErrInvalidEndpointState
 		}
 
 		v := hostarch.ByteOrder.Uint32(optVal)
@@ -2084,7 +2084,7 @@ func setSockOptIPv6(t *kernel.Task, s socket.SocketOps, ep commonEndpoint, name
 			return err
 		}
 
-		return tcpip.TranslateNetstackError(ep.SetSockOpt(&tcpip.AddMembershipOption{
+		return syserr.TranslateNetstackError(ep.SetSockOpt(&tcpip.AddMembershipOption{
 			NIC:           tcpip.NICID(req.InterfaceIndex),
 			MulticastAddr: tcpip.Address(req.MulticastAddr[:]),
 		}))
@@ -2095,7 +2095,7 @@ func setSockOptIPv6(t *kernel.Task, s socket.SocketOps, ep commonEndpoint, name
 			return err
 		}
 
-		return tcpip.TranslateNetstackError(ep.SetSockOpt(&tcpip.RemoveMembershipOption{
+		return syserr.TranslateNetstackError(ep.SetSockOpt(&tcpip.RemoveMembershipOption{
 			NIC:           tcpip.NICID(req.InterfaceIndex),
 			MulticastAddr: tcpip.Address(req.MulticastAddr[:]),
 		}))
@@ -2145,7 +2145,7 @@ func setSockOptIPv6(t *kernel.Task, s socket.SocketOps, ep commonEndpoint, name
 		if v == -1 {
 			v = 0
 		}
-		return tcpip.TranslateNetstackError(ep.SetSockOptInt(tcpip.IPv6TrafficClassOption, int(v)))
+		return syserr.TranslateNetstackError(ep.SetSockOptInt(tcpip.IPv6TrafficClassOption, int(v)))
 
 	case linux.IPV6_RECVTCLASS:
 		v, err := parseIntOrChar(optVal)
@@ -2260,7 +2260,7 @@ func parseIntOrChar(buf []byte) (int32, *syserr.Error) {
 func setSockOptIP(t *kernel.Task, s socket.SocketOps, ep commonEndpoint, name int, optVal []byte) *syserr.Error {
 	if _, ok := ep.(tcpip.Endpoint); !ok {
 		log.Warningf(""SOL_IP options not supported on endpoints other than tcpip.Endpoint: option = %d"", name)
-		return tcpip.SyserrUnknownProtocolOption
+		return syserr.ErrUnknownProtocolOption
 	}
 
 	switch name {
@@ -2277,7 +2277,7 @@ func setSockOptIP(t *kernel.Task, s socket.SocketOps, ep commonEndpoint, name in
 		if v < 0 || v > 255 {
 			return syserr.ErrInvalidArgument
 		}
-		return tcpip.TranslateNetstackError(ep.SetSockOptInt(tcpip.MulticastTTLOption, int(v)))
+		return syserr.TranslateNetstackError(ep.SetSockOptInt(tcpip.MulticastTTLOption, int(v)))
 
 	case linux.IP_ADD_MEMBERSHIP:
 		req, err := copyInMulticastRequest(optVal, false /* allowAddr */)
@@ -2285,7 +2285,7 @@ func setSockOptIP(t *kernel.Task, s socket.SocketOps, ep commonEndpoint, name in
 			return err
 		}
 
-		return tcpip.TranslateNetstackError(ep.SetSockOpt(&tcpip.AddMembershipOption{
+		return syserr.TranslateNetstackError(ep.SetSockOpt(&tcpip.AddMembershipOption{
 			NIC: tcpip.NICID(req.InterfaceIndex),
 			// TODO(igudger): Change AddMembership to use the standard
 			// any address representation.
@@ -2299,7 +2299,7 @@ func setSockOptIP(t *kernel.Task, s socket.SocketOps, ep commonEndpoint, name in
 			return err
 		}
 
-		return tcpip.TranslateNetstackError(ep.SetSockOpt(&tcpip.RemoveMembershipOption{
+		return syserr.TranslateNetstackError(ep.SetSockOpt(&tcpip.RemoveMembershipOption{
 			NIC: tcpip.NICID(req.InterfaceIndex),
 			// TODO(igudger): Change DropMembership to use the standard
 			// any address representation.
@@ -2313,7 +2313,7 @@ func setSockOptIP(t *kernel.Task, s socket.SocketOps, ep commonEndpoint, name in
 			return err
 		}
 
-		return tcpip.TranslateNetstackError(ep.SetSockOpt(&tcpip.MulticastInterfaceOption{
+		return syserr.TranslateNetstackError(ep.SetSockOpt(&tcpip.MulticastInterfaceOption{
 			NIC:           tcpip.NICID(req.InterfaceIndex),
 			InterfaceAddr: socket.BytesToIPAddress(req.InterfaceAddr[:]),
 		}))
@@ -2344,7 +2344,7 @@ func setSockOptIP(t *kernel.Task, s socket.SocketOps, ep commonEndpoint, name in
 		} else if v < 1 || v > 255 {
 			return syserr.ErrInvalidArgument
 		}
-		return tcpip.TranslateNetstackError(ep.SetSockOptInt(tcpip.TTLOption, int(v)))
+		return syserr.TranslateNetstackError(ep.SetSockOptInt(tcpip.TTLOption, int(v)))
 
 	case linux.IP_TOS:
 		if len(optVal) == 0 {
@@ -2354,7 +2354,7 @@ func setSockOptIP(t *kernel.Task, s socket.SocketOps, ep commonEndpoint, name in
 		if err != nil {
 			return err
 		}
-		return tcpip.TranslateNetstackError(ep.SetSockOptInt(tcpip.IPv4TOSOption, int(v)))
+		return syserr.TranslateNetstackError(ep.SetSockOptInt(tcpip.IPv4TOSOption, int(v)))
 
 	case linux.IP_RECVTOS:
 		v, err := parseIntOrChar(optVal)
@@ -2594,7 +2594,7 @@ func emitUnimplementedEventIP(t *kernel.Task, name int) {
 func (s *socketOpsCommon) GetSockName(*kernel.Task) (linux.SockAddr, uint32, *syserr.Error) {
 	addr, err := s.Endpoint.GetLocalAddress()
 	if err != nil {
-		return nil, 0, tcpip.TranslateNetstackError(err)
+		return nil, 0, syserr.TranslateNetstackError(err)
 	}
 
 	a, l := socket.ConvertAddress(s.family, addr)
@@ -2606,7 +2606,7 @@ func (s *socketOpsCommon) GetSockName(*kernel.Task) (linux.SockAddr, uint32, *sy
 func (s *socketOpsCommon) GetPeerName(*kernel.Task) (linux.SockAddr, uint32, *syserr.Error) {
 	addr, err := s.Endpoint.GetRemoteAddress()
 	if err != nil {
-		return nil, 0, tcpip.TranslateNetstackError(err)
+		return nil, 0, syserr.TranslateNetstackError(err)
 	}
 
 	a, l := socket.ConvertAddress(s.family, addr)
@@ -2679,7 +2679,7 @@ func (s *socketOpsCommon) nonBlockingRead(ctx context.Context, dst usermem.IOSeq
 		err = nil
 	}
 	if err != nil {
-		return 0, 0, nil, 0, socket.ControlMessages{}, tcpip.TranslateNetstackError(err)
+		return 0, 0, nil, 0, socket.ControlMessages{}, syserr.TranslateNetstackError(err)
 	}
 	// Set the control message, even if 0 bytes were read.
 	s.updateTimestamp(res.ControlMessages)
@@ -2717,7 +2717,7 @@ func (s *socketOpsCommon) nonBlockingRead(ctx context.Context, dst usermem.IOSeq
 			// We need to query it from socket option.
 			rql, err := s.Endpoint.GetSockOptInt(tcpip.ReceiveQueueSizeOption)
 			if err != nil {
-				return 0, 0, nil, 0, socket.ControlMessages{}, tcpip.TranslateNetstackError(err)
+				return 0, 0, nil, 0, socket.ControlMessages{}, syserr.TranslateNetstackError(err)
 			}
 			msgLen := int(dst.NumBytes())
 			if msgLen > rql {
@@ -2731,7 +2731,7 @@ func (s *socketOpsCommon) nonBlockingRead(ctx context.Context, dst usermem.IOSeq
 
 	cmsg := s.controlMessages(res.ControlMessages)
 	s.fillCmsgInq(&cmsg)
-	return res.Count, 0, nil, 0, cmsg, tcpip.TranslateNetstackError(err)
+	return res.Count, 0, nil, 0, cmsg, syserr.TranslateNetstackError(err)
 }
 
 func (s *socketOpsCommon) controlMessages(cm tcpip.ControlMessages) socket.ControlMessages {
@@ -2838,7 +2838,7 @@ func (s *socketOpsCommon) RecvMsg(t *kernel.Task, dst usermem.IOSequence, flags
 	}
 	n, msgFlags, senderAddr, senderAddrLen, controlMessages, err = s.nonBlockingRead(t, dst, peek, trunc, senderRequested)
 
-	if s.isPacketBased() && err == tcpip.SyserrClosedForReceive && flags&linux.MSG_DONTWAIT != 0 {
+	if s.isPacketBased() && err == syserr.ErrClosedForReceive && flags&linux.MSG_DONTWAIT != 0 {
 		// In this situation we should return EAGAIN.
 		return 0, 0, nil, 0, socket.ControlMessages{}, syserr.ErrTryAgain
 	}
@@ -2931,7 +2931,7 @@ func (s *socketOpsCommon) SendMsg(t *kernel.Task, src usermem.IOSequence, to []b
 		n, err := s.Endpoint.Write(r, opts)
 		total += n
 		if flags&linux.MSG_DONTWAIT != 0 {
-			return int(total), tcpip.TranslateNetstackError(err)
+			return int(total), syserr.TranslateNetstackError(err)
 		}
 		block := true
 		switch err.(type) {
@@ -2962,7 +2962,7 @@ func (s *socketOpsCommon) SendMsg(t *kernel.Task, src usermem.IOSequence, to []b
 			}
 			continue
 		}
-		return int(total), tcpip.TranslateNetstackError(err)
+		return int(total), syserr.TranslateNetstackError(err)
 	}
 }
 
@@ -2995,7 +2995,7 @@ func (s *socketOpsCommon) ioctl(ctx context.Context, io usermem.IO, args arch.Sy
 	case linux.TIOCINQ:
 		v, terr := s.Endpoint.GetSockOptInt(tcpip.ReceiveQueueSizeOption)
 		if terr != nil {
-			return 0, tcpip.TranslateNetstackError(terr).ToError()
+			return 0, syserr.TranslateNetstackError(terr).ToError()
 		}
 
 		if v > math.MaxInt32 {
@@ -3061,7 +3061,7 @@ func Ioctl(ctx context.Context, ep commonEndpoint, io usermem.IO, args arch.Sysc
 	case linux.TIOCINQ:
 		v, terr := ep.GetSockOptInt(tcpip.ReceiveQueueSizeOption)
 		if terr != nil {
-			return 0, tcpip.TranslateNetstackError(terr).ToError()
+			return 0, syserr.TranslateNetstackError(terr).ToError()
 		}
 
 		if v > math.MaxInt32 {
@@ -3075,7 +3075,7 @@ func Ioctl(ctx context.Context, ep commonEndpoint, io usermem.IO, args arch.Sysc
 	case linux.TIOCOUTQ:
 		v, terr := ep.GetSockOptInt(tcpip.SendQueueSizeOption)
 		if terr != nil {
-			return 0, tcpip.TranslateNetstackError(terr).ToError()
+			return 0, syserr.TranslateNetstackError(terr).ToError()
 		}
 
 		if v > math.MaxInt32 {
diff --git a/pkg/sentry/socket/netstack/netstack_vfs2.go b/pkg/sentry/socket/netstack/netstack_vfs2.go
index 157ddd2604..f35f52d9ca 100644
--- a/pkg/sentry/socket/netstack/netstack_vfs2.go
+++ b/pkg/sentry/socket/netstack/netstack_vfs2.go
@@ -134,7 +134,7 @@ func (s *SocketVFS2) Write(ctx context.Context, src usermem.IOSequence, opts vfs
 		return 0, linuxerr.ErrWouldBlock
 	}
 	if err != nil {
-		return 0, tcpip.TranslateNetstackError(err).ToError()
+		return 0, syserr.TranslateNetstackError(err).ToError()
 	}
 
 	if n < src.NumBytes() {
@@ -155,7 +155,7 @@ func (s *SocketVFS2) Accept(t *kernel.Task, peerRequested bool, flags int, block
 	ep, wq, terr := s.Endpoint.Accept(peerAddr)
 	if terr != nil {
 		if _, ok := terr.(*tcpip.ErrWouldBlock); !ok || !blocking {
-			return 0, nil, 0, tcpip.TranslateNetstackError(terr)
+			return 0, nil, 0, syserr.TranslateNetstackError(terr)
 		}
 
 		var err *syserr.Error
diff --git a/pkg/sentry/socket/netstack/provider.go b/pkg/sentry/socket/netstack/provider.go
index c9fc9497f3..8605ad5077 100644
--- a/pkg/sentry/socket/netstack/provider.go
+++ b/pkg/sentry/socket/netstack/provider.go
@@ -131,7 +131,7 @@ func (p *provider) Socket(t *kernel.Task, stype linux.SockType, protocol int) (*
 		}
 	}
 	if e != nil {
-		return nil, tcpip.TranslateNetstackError(e)
+		return nil, syserr.TranslateNetstackError(e)
 	}
 
 	return New(t, p.family, stype, int(transProto), wq, ep)
@@ -162,7 +162,7 @@ func packetSocket(t *kernel.Task, epStack *Stack, stype linux.SockType, protocol
 	wq := &waiter.Queue{}
 	ep, err := epStack.Stack.NewPacketEndpoint(cooked, netProto, wq)
 	if err != nil {
-		return nil, tcpip.TranslateNetstackError(err)
+		return nil, syserr.TranslateNetstackError(err)
 	}
 
 	return New(t, linux.AF_PACKET, stype, protocol, wq, ep)
diff --git a/pkg/sentry/socket/netstack/provider_vfs2.go b/pkg/sentry/socket/netstack/provider_vfs2.go
index ac7456483a..ba1cc79e9e 100644
--- a/pkg/sentry/socket/netstack/provider_vfs2.go
+++ b/pkg/sentry/socket/netstack/provider_vfs2.go
@@ -76,7 +76,7 @@ func (p *providerVFS2) Socket(t *kernel.Task, stype linux.SockType, protocol int
 		}
 	}
 	if e != nil {
-		return nil, tcpip.TranslateNetstackError(e)
+		return nil, syserr.TranslateNetstackError(e)
 	}
 
 	return NewVFS2(t, p.family, stype, int(transProto), wq, ep)
@@ -107,7 +107,7 @@ func packetSocketVFS2(t *kernel.Task, epStack *Stack, stype linux.SockType, prot
 	wq := &waiter.Queue{}
 	ep, err := epStack.Stack.NewPacketEndpoint(cooked, netProto, wq)
 	if err != nil {
-		return nil, tcpip.TranslateNetstackError(err)
+		return nil, syserr.TranslateNetstackError(err)
 	}
 
 	return NewVFS2(t, linux.AF_PACKET, stype, protocol, wq, ep)
diff --git a/pkg/sentry/socket/netstack/stack.go b/pkg/sentry/socket/netstack/stack.go
index 19f76e7bca..ea199f223d 100644
--- a/pkg/sentry/socket/netstack/stack.go
+++ b/pkg/sentry/socket/netstack/stack.go
@@ -74,7 +74,7 @@ func (s *Stack) Interfaces() map[int32]inet.Interface {
 // RemoveInterface implements inet.Stack.RemoveInterface.
 func (s *Stack) RemoveInterface(idx int32) error {
 	nic := tcpip.NICID(idx)
-	return tcpip.TranslateNetstackError(s.Stack.RemoveNIC(nic)).ToError()
+	return syserr.TranslateNetstackError(s.Stack.RemoveNIC(nic)).ToError()
 }
 
 // InterfaceAddrs implements inet.Stack.InterfaceAddrs.
@@ -156,7 +156,7 @@ func (s *Stack) AddInterfaceAddr(idx int32, addr inet.InterfaceAddr) error {
 	// Attach address to interface.
 	nicID := tcpip.NICID(idx)
 	if err := s.Stack.AddProtocolAddress(nicID, protocolAddress, stack.AddressProperties{}); err != nil {
-		return tcpip.TranslateNetstackError(err).ToError()
+		return syserr.TranslateNetstackError(err).ToError()
 	}
 
 	// Add route for local network if it doesn't exist already.
@@ -188,7 +188,7 @@ func (s *Stack) RemoveInterfaceAddr(idx int32, addr inet.InterfaceAddr) error {
 	// Remove addresses matching the address and prefix.
 	nicID := tcpip.NICID(idx)
 	if err := s.Stack.RemoveAddress(nicID, protocolAddress.AddressWithPrefix.Address); err != nil {
-		return tcpip.TranslateNetstackError(err).ToError()
+		return syserr.TranslateNetstackError(err).ToError()
 	}
 
 	// Remove the corresponding local network route if it exists.
@@ -212,7 +212,7 @@ func (s *Stack) TCPReceiveBufferSize() (inet.TCPBufferSize, error) {
 		Min:     rs.Min,
 		Default: rs.Default,
 		Max:     rs.Max,
-	}, tcpip.TranslateNetstackError(err).ToError()
+	}, syserr.TranslateNetstackError(err).ToError()
 }
 
 // SetTCPReceiveBufferSize implements inet.Stack.SetTCPReceiveBufferSize.
@@ -222,7 +222,7 @@ func (s *Stack) SetTCPReceiveBufferSize(size inet.TCPBufferSize) error {
 		Default: size.Default,
 		Max:     size.Max,
 	}
-	return tcpip.TranslateNetstackError(s.Stack.SetTransportProtocolOption(tcp.ProtocolNumber, &rs)).ToError()
+	return syserr.TranslateNetstackError(s.Stack.SetTransportProtocolOption(tcp.ProtocolNumber, &rs)).ToError()
 }
 
 // TCPSendBufferSize implements inet.Stack.TCPSendBufferSize.
@@ -233,7 +233,7 @@ func (s *Stack) TCPSendBufferSize() (inet.TCPBufferSize, error) {
 		Min:     ss.Min,
 		Default: ss.Default,
 		Max:     ss.Max,
-	}, tcpip.TranslateNetstackError(err).ToError()
+	}, syserr.TranslateNetstackError(err).ToError()
 }
 
 // SetTCPSendBufferSize implements inet.Stack.SetTCPSendBufferSize.
@@ -243,27 +243,27 @@ func (s *Stack) SetTCPSendBufferSize(size inet.TCPBufferSize) error {
 		Default: size.Default,
 		Max:     size.Max,
 	}
-	return tcpip.TranslateNetstackError(s.Stack.SetTransportProtocolOption(tcp.ProtocolNumber, &ss)).ToError()
+	return syserr.TranslateNetstackError(s.Stack.SetTransportProtocolOption(tcp.ProtocolNumber, &ss)).ToError()
 }
 
 // TCPSACKEnabled implements inet.Stack.TCPSACKEnabled.
 func (s *Stack) TCPSACKEnabled() (bool, error) {
 	var sack tcpip.TCPSACKEnabled
 	err := s.Stack.TransportProtocolOption(tcp.ProtocolNumber, &sack)
-	return bool(sack), tcpip.TranslateNetstackError(err).ToError()
+	return bool(sack), syserr.TranslateNetstackError(err).ToError()
 }
 
 // SetTCPSACKEnabled implements inet.Stack.SetTCPSACKEnabled.
 func (s *Stack) SetTCPSACKEnabled(enabled bool) error {
 	opt := tcpip.TCPSACKEnabled(enabled)
-	return tcpip.TranslateNetstackError(s.Stack.SetTransportProtocolOption(tcp.ProtocolNumber, &opt)).ToError()
+	return syserr.TranslateNetstackError(s.Stack.SetTransportProtocolOption(tcp.ProtocolNumber, &opt)).ToError()
 }
 
 // TCPRecovery implements inet.Stack.TCPRecovery.
 func (s *Stack) TCPRecovery() (inet.TCPLossRecovery, error) {
 	var recovery tcpip.TCPRecovery
 	if err := s.Stack.TransportProtocolOption(tcp.ProtocolNumber, &recovery); err != nil {
-		return 0, tcpip.TranslateNetstackError(err).ToError()
+		return 0, syserr.TranslateNetstackError(err).ToError()
 	}
 	return inet.TCPLossRecovery(recovery), nil
 }
@@ -271,7 +271,7 @@ func (s *Stack) TCPRecovery() (inet.TCPLossRecovery, error) {
 // SetTCPRecovery implements inet.Stack.SetTCPRecovery.
 func (s *Stack) SetTCPRecovery(recovery inet.TCPLossRecovery) error {
 	opt := tcpip.TCPRecovery(recovery)
-	return tcpip.TranslateNetstackError(s.Stack.SetTransportProtocolOption(tcp.ProtocolNumber, &opt)).ToError()
+	return syserr.TranslateNetstackError(s.Stack.SetTransportProtocolOption(tcp.ProtocolNumber, &opt)).ToError()
 }
 
 // Statistics implements inet.Stack.Statistics.
@@ -479,5 +479,5 @@ func (s *Stack) PortRange() (uint16, uint16) {
 
 // SetPortRange implements inet.Stack.SetPortRange.
 func (s *Stack) SetPortRange(start uint16, end uint16) error {
-	return tcpip.TranslateNetstackError(s.Stack.SetPortRange(start, end)).ToError()
+	return syserr.TranslateNetstackError(s.Stack.SetPortRange(start, end)).ToError()
 }
diff --git a/pkg/sentry/socket/socket.go b/pkg/sentry/socket/socket.go
index 01073df721..4b7e485bd5 100644
--- a/pkg/sentry/socket/socket.go
+++ b/pkg/sentry/socket/socket.go
@@ -92,7 +92,7 @@ func sockErrCmsgToLinux(sockErr *tcpip.SockError) linux.SockErrCMsg {
 	}
 
 	ee := linux.SockExtendedErr{
-		Errno:  uint32(tcpip.TranslateNetstackError(sockErr.Err).ToLinux()),
+		Errno:  uint32(syserr.TranslateNetstackError(sockErr.Err).ToLinux()),
 		Origin: errOriginToLinux(sockErr.Cause.Origin()),
 		Type:   sockErr.Cause.Type(),
 		Code:   sockErr.Cause.Code(),
diff --git a/pkg/sentry/socket/unix/transport/connectioned.go b/pkg/sentry/socket/unix/transport/connectioned.go
index 690d4de240..dc6bc78fdc 100644
--- a/pkg/sentry/socket/unix/transport/connectioned.go
+++ b/pkg/sentry/socket/unix/transport/connectioned.go
@@ -260,7 +260,7 @@ func (e *connectionedEndpoint) BidirectionalConnect(ctx context.Context, ce Conn
 
 	// Check if ce is e to avoid a deadlock.
 	if ce, ok := ce.(*connectionedEndpoint); ok && ce == e {
-		return tcpip.SyserrInvalidEndpointState
+		return syserr.ErrInvalidEndpointState
 	}
 
 	// Do a dance to safely acquire locks on both endpoints.
@@ -281,7 +281,7 @@ func (e *connectionedEndpoint) BidirectionalConnect(ctx context.Context, ce Conn
 	if ce.Listening() {
 		e.Unlock()
 		ce.Unlock()
-		return tcpip.SyserrInvalidEndpointState
+		return syserr.ErrInvalidEndpointState
 	}
 
 	// Check bound state.
@@ -384,7 +384,7 @@ func (e *connectionedEndpoint) Listen(backlog int) *syserr.Error {
 		// Adjust the size of the channel iff we can fix existing
 		// pending connections into the new one.
 		if len(e.acceptedChan) > backlog {
-			return tcpip.SyserrInvalidEndpointState
+			return syserr.ErrInvalidEndpointState
 		}
 		origChan := e.acceptedChan
 		e.acceptedChan = make(chan *connectionedEndpoint, backlog)
@@ -395,7 +395,7 @@ func (e *connectionedEndpoint) Listen(backlog int) *syserr.Error {
 		return nil
 	}
 	if !e.isBound() {
-		return tcpip.SyserrInvalidEndpointState
+		return syserr.ErrInvalidEndpointState
 	}
 
 	// Normal case.
@@ -409,7 +409,7 @@ func (e *connectionedEndpoint) Accept(peerAddr *tcpip.FullAddress) (Endpoint, *s
 
 	if !e.Listening() {
 		e.Unlock()
-		return nil, tcpip.SyserrInvalidEndpointState
+		return nil, syserr.ErrInvalidEndpointState
 	}
 
 	select {
@@ -422,7 +422,7 @@ func (e *connectionedEndpoint) Accept(peerAddr *tcpip.FullAddress) (Endpoint, *s
 			if c != nil {
 				addr, err := c.GetLocalAddress()
 				if err != nil {
-					return nil, tcpip.TranslateNetstackError(err)
+					return nil, syserr.TranslateNetstackError(err)
 				}
 				*peerAddr = addr
 			}
@@ -448,11 +448,11 @@ func (e *connectionedEndpoint) Bind(addr tcpip.FullAddress, commit func() *syser
 	e.Lock()
 	defer e.Unlock()
 	if e.isBound() || e.Listening() {
-		return tcpip.SyserrAlreadyBound
+		return syserr.ErrAlreadyBound
 	}
 	if addr.Addr == """" {
 		// The empty string is not permitted.
-		return tcpip.SyserrBadLocalAddress
+		return syserr.ErrBadLocalAddress
 	}
 	if commit != nil {
 		if err := commit(); err != nil {
@@ -471,7 +471,7 @@ func (e *connectionedEndpoint) SendMsg(ctx context.Context, data [][]byte, c Con
 	// Stream sockets do not support specifying the endpoint. Seqpacket
 	// sockets ignore the passed endpoint.
 	if e.stype == linux.SOCK_STREAM && to != nil {
-		return 0, tcpip.SyserrNotSupported
+		return 0, syserr.ErrNotSupported
 	}
 	return e.baseEndpoint.SendMsg(ctx, data, c, to)
 }
diff --git a/pkg/sentry/socket/unix/transport/connectionless.go b/pkg/sentry/socket/unix/transport/connectionless.go
index 6f4d4feb88..61311718e9 100644
--- a/pkg/sentry/socket/unix/transport/connectionless.go
+++ b/pkg/sentry/socket/unix/transport/connectionless.go
@@ -109,7 +109,7 @@ func (e *connectionlessEndpoint) SendMsg(ctx context.Context, data [][]byte, c C
 
 	connected, err := to.UnidirectionalConnect(ctx)
 	if err != nil {
-		return 0, tcpip.SyserrInvalidEndpointState
+		return 0, syserr.ErrInvalidEndpointState
 	}
 	defer connected.Release(ctx)
 
@@ -148,12 +148,12 @@ func (e *connectionlessEndpoint) Connect(ctx context.Context, server BoundEndpoi
 
 // Listen starts listening on the connection.
 func (*connectionlessEndpoint) Listen(int) *syserr.Error {
-	return tcpip.SyserrNotSupported
+	return syserr.ErrNotSupported
 }
 
 // Accept accepts a new connection.
 func (*connectionlessEndpoint) Accept(*tcpip.FullAddress) (Endpoint, *syserr.Error) {
-	return nil, tcpip.SyserrNotSupported
+	return nil, syserr.ErrNotSupported
 }
 
 // Bind binds the connection.
@@ -168,11 +168,11 @@ func (e *connectionlessEndpoint) Bind(addr tcpip.FullAddress, commit func() *sys
 	e.Lock()
 	defer e.Unlock()
 	if e.isBound() {
-		return tcpip.SyserrAlreadyBound
+		return syserr.ErrAlreadyBound
 	}
 	if addr.Addr == """" {
 		// The empty string is not permitted.
-		return tcpip.SyserrBadLocalAddress
+		return syserr.ErrBadLocalAddress
 	}
 	if commit != nil {
 		if err := commit(); err != nil {
diff --git a/pkg/sentry/socket/unix/transport/queue.go b/pkg/sentry/socket/unix/transport/queue.go
index 3a57ed0efc..188ad3bd9f 100644
--- a/pkg/sentry/socket/unix/transport/queue.go
+++ b/pkg/sentry/socket/unix/transport/queue.go
@@ -120,7 +120,7 @@ func (q *queue) Enqueue(ctx context.Context, data [][]byte, c ControlMessages, f
 
 	if q.closed {
 		q.mu.Unlock()
-		return 0, false, tcpip.SyserrClosedForSend
+		return 0, false, syserr.ErrClosedForSend
 	}
 
 	for _, d := range data {
@@ -188,7 +188,7 @@ func (q *queue) Dequeue() (e *message, notify bool, err *syserr.Error) {
 	if q.dataList.Front() == nil {
 		err := syserr.ErrWouldBlock
 		if q.closed {
-			err = tcpip.SyserrClosedForReceive
+			err = syserr.ErrClosedForReceive
 			if q.unread {
 				err = syserr.ErrConnectionReset
 			}
@@ -219,7 +219,7 @@ func (q *queue) Peek() (*message, *syserr.Error) {
 	if q.dataList.Front() == nil {
 		err := syserr.ErrWouldBlock
 		if q.closed {
-			if err = tcpip.SyserrClosedForReceive; q.unread {
+			if err = syserr.ErrClosedForReceive; q.unread {
 				err = syserr.ErrConnectionReset
 			}
 		}
diff --git a/pkg/sentry/socket/unix/unix.go b/pkg/sentry/socket/unix/unix.go
index c6e8f4aff1..9db9976c46 100644
--- a/pkg/sentry/socket/unix/unix.go
+++ b/pkg/sentry/socket/unix/unix.go
@@ -167,7 +167,7 @@ func extractPath(sockaddr []byte) (string, *syserr.Error) {
 func (s *socketOpsCommon) GetPeerName(t *kernel.Task) (linux.SockAddr, uint32, *syserr.Error) {
 	addr, err := s.ep.GetRemoteAddress()
 	if err != nil {
-		return nil, 0, tcpip.TranslateNetstackError(err)
+		return nil, 0, syserr.TranslateNetstackError(err)
 	}
 
 	a, l := socket.ConvertAddress(linux.AF_UNIX, addr)
@@ -179,7 +179,7 @@ func (s *socketOpsCommon) GetPeerName(t *kernel.Task) (linux.SockAddr, uint32, *
 func (s *socketOpsCommon) GetSockName(t *kernel.Task) (linux.SockAddr, uint32, *syserr.Error) {
 	addr, err := s.ep.GetLocalAddress()
 	if err != nil {
-		return nil, 0, tcpip.TranslateNetstackError(err)
+		return nil, 0, syserr.TranslateNetstackError(err)
 	}
 
 	a, l := socket.ConvertAddress(linux.AF_UNIX, addr)
@@ -288,13 +288,13 @@ func (s *SocketOperations) Bind(t *kernel.Task, sockaddr []byte) *syserr.Error {
 		// Is it abstract?
 		if p[0] == 0 {
 			if t.IsNetworkNamespaced() {
-				return tcpip.SyserrInvalidEndpointState
+				return syserr.ErrInvalidEndpointState
 			}
 			asn := t.AbstractSockets()
 			name := p[1:]
 			if err := asn.Bind(t, name, bep, s); err != nil {
-				// tcpip.SyserrPortInUse corresponds to EADDRINUSE.
-				return tcpip.SyserrPortInUse
+				// syserr.ErrPortInUse corresponds to EADDRINUSE.
+				return syserr.ErrPortInUse
 			}
 			s.abstractName = name
 			s.abstractNamespace = asn
@@ -326,7 +326,7 @@ func (s *SocketOperations) Bind(t *kernel.Task, sockaddr []byte) *syserr.Error {
 				d, err = t.MountNamespace().FindInode(t, root, cwd, subPath, &remainingTraversals)
 				if err != nil {
 					// No path available.
-					return tcpip.SyserrNoSuchFile
+					return syserr.ErrNoSuchFile
 				}
 				defer d.DecRef(t)
 				name = p[lastSlash+1:]
@@ -340,7 +340,7 @@ func (s *SocketOperations) Bind(t *kernel.Task, sockaddr []byte) *syserr.Error {
 			// unresolved until VFS2 replaces this code.
 			childDir, err := d.Bind(t, t.FSContext().RootDirectory(), name, bep, fs.FilePermissions{User: fs.PermMask{Read: true}})
 			if err != nil {
-				return tcpip.SyserrPortInUse
+				return syserr.ErrPortInUse
 			}
 			childDir.DecRef(t)
 		}
@@ -477,7 +477,7 @@ func (s *socketOpsCommon) SendMsg(t *kernel.Task, src usermem.IOSequence, to []b
 			if s.State() == linux.SS_CONNECTED {
 				return 0, syserr.ErrAlreadyConnected
 			}
-			return 0, tcpip.SyserrNotSupported
+			return 0, syserr.ErrNotSupported
 		default:
 			ep, err := extractEndpoint(t, to)
 			if err != nil {
diff --git a/pkg/sentry/socket/unix/unix_vfs2.go b/pkg/sentry/socket/unix/unix_vfs2.go
index a3fb9d3304..e48776f59e 100644
--- a/pkg/sentry/socket/unix/unix_vfs2.go
+++ b/pkg/sentry/socket/unix/unix_vfs2.go
@@ -202,13 +202,13 @@ func (s *SocketVFS2) Bind(t *kernel.Task, sockaddr []byte) *syserr.Error {
 		// Is it abstract?
 		if p[0] == 0 {
 			if t.IsNetworkNamespaced() {
-				return tcpip.SyserrInvalidEndpointState
+				return syserr.ErrInvalidEndpointState
 			}
 			asn := t.AbstractSockets()
 			name := p[1:]
 			if err := asn.Bind(t, name, bep, s); err != nil {
-				// tcpip.SyserrPortInUse corresponds to EADDRINUSE.
-				return tcpip.SyserrPortInUse
+				// syserr.ErrPortInUse corresponds to EADDRINUSE.
+				return syserr.ErrPortInUse
 			}
 			s.abstractName = name
 			s.abstractNamespace = asn
diff --git a/pkg/syserr/BUILD b/pkg/syserr/BUILD
index e12193785d..56c778a972 100644
--- a/pkg/syserr/BUILD
+++ b/pkg/syserr/BUILD
@@ -7,6 +7,7 @@ go_library(
     srcs = [
         ""host_darwin.go"",
         ""host_linux.go"",
+        ""netstack.go"",
         ""syserr.go"",
     ],
     visibility = [""//visibility:public""],
@@ -15,6 +16,7 @@ go_library(
         ""//pkg/errors"",
         ""//pkg/errors/linuxerr"",
         ""//pkg/safecopy"",
+        ""//pkg/tcpip"",
         ""@org_golang_x_sys//unix:go_default_library"",
     ],
 )
diff --git a/pkg/syserr/netstack.go b/pkg/syserr/netstack.go
new file mode 100644
index 0000000000..eb44f12549
--- /dev/null
+++ b/pkg/syserr/netstack.go
@@ -0,0 +1,146 @@
+// Copyright 2018 The gVisor Authors.
+//
+// Licensed under the Apache License, Version 2.0 (the ""License"");
+// you may not use this file except in compliance with the License.
+// You may obtain a copy of the License at
+//
+//     http://www.apache.org/licenses/LICENSE-2.0
+//
+// Unless required by applicable law or agreed to in writing, software
+// distributed under the License is distributed on an ""AS IS"" BASIS,
+// WITHOUT WARRANTIES OR CONDITIONS OF ANY KIND, either express or implied.
+// See the License for the specific language governing permissions and
+// limitations under the License.
+
+package syserr
+
+import (
+	""fmt""
+
+	""gvisor.dev/gvisor/pkg/abi/linux/errno""
+	""gvisor.dev/gvisor/pkg/tcpip""
+)
+
+// LINT.IfChange
+
+// Mapping for tcpip.Error types.
+var (
+	ErrUnknownProtocol       = New((&tcpip.ErrUnknownProtocol{}).String(), errno.EINVAL)
+	ErrUnknownNICID          = New((&tcpip.ErrUnknownNICID{}).String(), errno.ENODEV)
+	ErrUnknownDevice         = New((&tcpip.ErrUnknownDevice{}).String(), errno.ENODEV)
+	ErrUnknownProtocolOption = New((&tcpip.ErrUnknownProtocolOption{}).String(), errno.ENOPROTOOPT)
+	ErrDuplicateNICID        = New((&tcpip.ErrDuplicateNICID{}).String(), errno.EEXIST)
+	ErrDuplicateAddress      = New((&tcpip.ErrDuplicateAddress{}).String(), errno.EEXIST)
+	ErrAlreadyBound          = New((&tcpip.ErrAlreadyBound{}).String(), errno.EINVAL)
+	ErrInvalidEndpointState  = New((&tcpip.ErrInvalidEndpointState{}).String(), errno.EINVAL)
+	ErrAlreadyConnecting     = New((&tcpip.ErrAlreadyConnecting{}).String(), errno.EALREADY)
+	ErrNoPortAvailable       = New((&tcpip.ErrNoPortAvailable{}).String(), errno.EAGAIN)
+	ErrPortInUse             = New((&tcpip.ErrPortInUse{}).String(), errno.EADDRINUSE)
+	ErrBadLocalAddress       = New((&tcpip.ErrBadLocalAddress{}).String(), errno.EADDRNOTAVAIL)
+	ErrClosedForSend         = New((&tcpip.ErrClosedForSend{}).String(), errno.EPIPE)
+	ErrClosedForReceive      = New((&tcpip.ErrClosedForReceive{}).String(), errno.NOERRNO)
+	ErrTimeout               = New((&tcpip.ErrTimeout{}).String(), errno.ETIMEDOUT)
+	ErrAborted               = New((&tcpip.ErrAborted{}).String(), errno.EPIPE)
+	ErrConnectStarted        = New((&tcpip.ErrConnectStarted{}).String(), errno.EINPROGRESS)
+	ErrDestinationRequired   = New((&tcpip.ErrDestinationRequired{}).String(), errno.EDESTADDRREQ)
+	ErrNotSupported          = New((&tcpip.ErrNotSupported{}).String(), errno.EOPNOTSUPP)
+	ErrQueueSizeNotSupported = New((&tcpip.ErrQueueSizeNotSupported{}).String(), errno.ENOTTY)
+	ErrNoSuchFile            = New((&tcpip.ErrNoSuchFile{}).String(), errno.ENOENT)
+	ErrInvalidOptionValue    = New((&tcpip.ErrInvalidOptionValue{}).String(), errno.EINVAL)
+	ErrBroadcastDisabled     = New((&tcpip.ErrBroadcastDisabled{}).String(), errno.EACCES)
+	ErrNotPermittedNet       = New((&tcpip.ErrNotPermitted{}).String(), errno.EPERM)
+	ErrBadBuffer             = New((&tcpip.ErrBadBuffer{}).String(), errno.EFAULT)
+	ErrMalformedHeader       = New((&tcpip.ErrMalformedHeader{}).String(), errno.EINVAL)
+	ErrInvalidPortRange      = New((&tcpip.ErrInvalidPortRange{}).String(), errno.EINVAL)
+)
+
+// TranslateNetstackError converts an error from the tcpip package to a sentry
+// internal error.
+func TranslateNetstackError(err tcpip.Error) *Error {
+	switch err.(type) {
+	case nil:
+		return nil
+	case *tcpip.ErrUnknownProtocol:
+		return ErrUnknownProtocol
+	case *tcpip.ErrUnknownNICID:
+		return ErrUnknownNICID
+	case *tcpip.ErrUnknownDevice:
+		return ErrUnknownDevice
+	case *tcpip.ErrUnknownProtocolOption:
+		return ErrUnknownProtocolOption
+	case *tcpip.ErrDuplicateNICID:
+		return ErrDuplicateNICID
+	case *tcpip.ErrDuplicateAddress:
+		return ErrDuplicateAddress
+	case *tcpip.ErrNoRoute:
+		return ErrNoRoute
+	case *tcpip.ErrAlreadyBound:
+		return ErrAlreadyBound
+	case *tcpip.ErrInvalidEndpointState:
+		return ErrInvalidEndpointState
+	case *tcpip.ErrAlreadyConnecting:
+		return ErrAlreadyConnecting
+	case *tcpip.ErrAlreadyConnected:
+		return ErrAlreadyConnected
+	case *tcpip.ErrNoPortAvailable:
+		return ErrNoPortAvailable
+	case *tcpip.ErrPortInUse:
+		return ErrPortInUse
+	case *tcpip.ErrBadLocalAddress:
+		return ErrBadLocalAddress
+	case *tcpip.ErrClosedForSend:
+		return ErrClosedForSend
+	case *tcpip.ErrClosedForReceive:
+		return ErrClosedForReceive
+	case *tcpip.ErrWouldBlock:
+		return ErrWouldBlock
+	case *tcpip.ErrConnectionRefused:
+		return ErrConnectionRefused
+	case *tcpip.ErrTimeout:
+		return ErrTimeout
+	case *tcpip.ErrAborted:
+		return ErrAborted
+	case *tcpip.ErrConnectStarted:
+		return ErrConnectStarted
+	case *tcpip.ErrDestinationRequired:
+		return ErrDestinationRequired
+	case *tcpip.ErrNotSupported:
+		return ErrNotSupported
+	case *tcpip.ErrQueueSizeNotSupported:
+		return ErrQueueSizeNotSupported
+	case *tcpip.ErrNotConnected:
+		return ErrNotConnected
+	case *tcpip.ErrConnectionReset:
+		return ErrConnectionReset
+	case *tcpip.ErrConnectionAborted:
+		return ErrConnectionAborted
+	case *tcpip.ErrNoSuchFile:
+		return ErrNoSuchFile
+	case *tcpip.ErrInvalidOptionValue:
+		return ErrInvalidOptionValue
+	case *tcpip.ErrBadAddress:
+		return ErrBadAddress
+	case *tcpip.ErrNetworkUnreachable:
+		return ErrNetworkUnreachable
+	case *tcpip.ErrMessageTooLong:
+		return ErrMessageTooLong
+	case *tcpip.ErrNoBufferSpace:
+		return ErrNoBufferSpace
+	case *tcpip.ErrBroadcastDisabled:
+		return ErrBroadcastDisabled
+	case *tcpip.ErrNotPermitted:
+		return ErrNotPermittedNet
+	case *tcpip.ErrAddressFamilyNotSupported:
+		return ErrAddressFamilyNotSupported
+	case *tcpip.ErrBadBuffer:
+		return ErrBadBuffer
+	case *tcpip.ErrMalformedHeader:
+		return ErrMalformedHeader
+	case *tcpip.ErrInvalidPortRange:
+		return ErrInvalidPortRange
+	default:
+		panic(fmt.Sprintf(""unknown error %T"", err))
+	}
+}
+
+// LINT.ThenChange(../tcpip/errors.go)
diff --git a/pkg/tcpip/BUILD b/pkg/tcpip/BUILD
index b0c059bf1c..5631795d5f 100644
--- a/pkg/tcpip/BUILD
+++ b/pkg/tcpip/BUILD
@@ -24,17 +24,14 @@ go_library(
         ""socketops.go"",
         ""stdclock.go"",
         ""stdclock_state.go"",
-        ""syserr.go"",
         ""tcpip.go"",
         ""tcpip_state.go"",
         ""timer.go"",
     ],
     visibility = [""//visibility:public""],
     deps = [
-        ""//pkg/abi/linux/errno"",
         ""//pkg/atomicbitops"",
         ""//pkg/sync"",
-        ""//pkg/syserr"",
         ""//pkg/tcpip/buffer"",
         ""//pkg/waiter"",
     ],
@@ -53,25 +50,13 @@ deps_test(
         ""//pkg/linewriter"",
         ""//pkg/log"",
         ""//pkg/rand"",
+        ""//pkg/refs"",
+        ""//pkg/refsvfs2"",
         ""//pkg/sleep"",
         ""//pkg/state"",
         ""//pkg/state/wire"",
         ""//pkg/sync"",
         ""//pkg/waiter"",
-        ""//pkg/refsvfs2"",
-        ""//pkg/refs"",
-        ""//pkg/syserr"",
-        ""//pkg/abi/linux/errno"",
-        ""//pkg/errors"",
-        ""//pkg/errors/linuxerr"",
-        ""//pkg/safecopy"",
-        ""//pkg/sighandling"",
-        ""//pkg/abi/linux"",
-        ""//pkg/abi:abi"",
-        ""//pkg/bits"",
-        ""//pkg/hostarch"",
-        ""//pkg/marshal"",
-        ""//pkg/marshal/primitive"",
 
         # Other deps.
         ""@com_github_google_btree//:go_default_library"",
diff --git a/pkg/tcpip/syserr.go b/pkg/tcpip/syserr.go
deleted file mode 100644
index c73a0fb79e..0000000000
--- a/pkg/tcpip/syserr.go
+++ /dev/null
@@ -1,146 +0,0 @@
-// Copyright 2018 The gVisor Authors.
-//
-// Licensed under the Apache License, Version 2.0 (the ""License"");
-// you may not use this file except in compliance with the License.
-// You may obtain a copy of the License at
-//
-//     http://www.apache.org/licenses/LICENSE-2.0
-//
-// Unless required by applicable law or agreed to in writing, software
-// distributed under the License is distributed on an ""AS IS"" BASIS,
-// WITHOUT WARRANTIES OR CONDITIONS OF ANY KIND, either express or implied.
-// See the License for the specific language governing permissions and
-// limitations under the License.
-
-package tcpip
-
-import (
-	""fmt""
-
-	""gvisor.dev/gvisor/pkg/abi/linux/errno""
-	""gvisor.dev/gvisor/pkg/syserr""
-)
-
-// LINT.IfChange
-
-// Mapping for tcpip.Error types.
-var (
-	SyserrUnknownProtocol       = syserr.New((&ErrUnknownProtocol{}).String(), errno.EINVAL)
-	SyserrUnknownNICID          = syserr.New((&ErrUnknownNICID{}).String(), errno.ENODEV)
-	SyserrUnknownDevice         = syserr.New((&ErrUnknownDevice{}).String(), errno.ENODEV)
-	SyserrUnknownProtocolOption = syserr.New((&ErrUnknownProtocolOption{}).String(), errno.ENOPROTOOPT)
-	SyserrDuplicateNICID        = syserr.New((&ErrDuplicateNICID{}).String(), errno.EEXIST)
-	SyserrDuplicateAddress      = syserr.New((&ErrDuplicateAddress{}).String(), errno.EEXIST)
-	SyserrAlreadyBound          = syserr.New((&ErrAlreadyBound{}).String(), errno.EINVAL)
-	SyserrInvalidEndpointState  = syserr.New((&ErrInvalidEndpointState{}).String(), errno.EINVAL)
-	SyserrAlreadyConnecting     = syserr.New((&ErrAlreadyConnecting{}).String(), errno.EALREADY)
-	SyserrNoPortAvailable       = syserr.New((&ErrNoPortAvailable{}).String(), errno.EAGAIN)
-	SyserrPortInUse             = syserr.New((&ErrPortInUse{}).String(), errno.EADDRINUSE)
-	SyserrBadLocalAddress       = syserr.New((&ErrBadLocalAddress{}).String(), errno.EADDRNOTAVAIL)
-	SyserrClosedForSend         = syserr.New((&ErrClosedForSend{}).String(), errno.EPIPE)
-	SyserrClosedForReceive      = syserr.New((&ErrClosedForReceive{}).String(), errno.NOERRNO)
-	SyserrTimeout               = syserr.New((&ErrTimeout{}).String(), errno.ETIMEDOUT)
-	SyserrAborted               = syserr.New((&ErrAborted{}).String(), errno.EPIPE)
-	SyserrConnectStarted        = syserr.New((&ErrConnectStarted{}).String(), errno.EINPROGRESS)
-	SyserrDestinationRequired   = syserr.New((&ErrDestinationRequired{}).String(), errno.EDESTADDRREQ)
-	SyserrNotSupported          = syserr.New((&ErrNotSupported{}).String(), errno.EOPNOTSUPP)
-	SyserrQueueSizeNotSupported = syserr.New((&ErrQueueSizeNotSupported{}).String(), errno.ENOTTY)
-	SyserrNoSuchFile            = syserr.New((&ErrNoSuchFile{}).String(), errno.ENOENT)
-	SyserrInvalidOptionValue    = syserr.New((&ErrInvalidOptionValue{}).String(), errno.EINVAL)
-	SyserrBroadcastDisabled     = syserr.New((&ErrBroadcastDisabled{}).String(), errno.EACCES)
-	SyserrNotPermittedNet       = syserr.New((&ErrNotPermitted{}).String(), errno.EPERM)
-	SyserrBadBuffer             = syserr.New((&ErrBadBuffer{}).String(), errno.EFAULT)
-	SyserrMalformedHeader       = syserr.New((&ErrMalformedHeader{}).String(), errno.EINVAL)
-	SyserrInvalidPortRange      = syserr.New((&ErrInvalidPortRange{}).String(), errno.EINVAL)
-)
-
-// TranslateNetstackError converts an error from the tcpip package to a sentry
-// internal error.
-func TranslateNetstackError(err Error) *syserr.Error {
-	switch err.(type) {
-	case nil:
-		return nil
-	case *ErrUnknownProtocol:
-		return SyserrUnknownProtocol
-	case *ErrUnknownNICID:
-		return SyserrUnknownNICID
-	case *ErrUnknownDevice:
-		return SyserrUnknownDevice
-	case *ErrUnknownProtocolOption:
-		return SyserrUnknownProtocolOption
-	case *ErrDuplicateNICID:
-		return SyserrDuplicateNICID
-	case *ErrDuplicateAddress:
-		return SyserrDuplicateAddress
-	case *ErrNoRoute:
-		return syserr.ErrNoRoute
-	case *ErrAlreadyBound:
-		return SyserrAlreadyBound
-	case *ErrInvalidEndpointState:
-		return SyserrInvalidEndpointState
-	case *ErrAlreadyConnecting:
-		return SyserrAlreadyConnecting
-	case *ErrAlreadyConnected:
-		return syserr.ErrAlreadyConnected
-	case *ErrNoPortAvailable:
-		return SyserrNoPortAvailable
-	case *ErrPortInUse:
-		return SyserrPortInUse
-	case *ErrBadLocalAddress:
-		return SyserrBadLocalAddress
-	case *ErrClosedForSend:
-		return SyserrClosedForSend
-	case *ErrClosedForReceive:
-		return SyserrClosedForReceive
-	case *ErrWouldBlock:
-		return syserr.ErrWouldBlock
-	case *ErrConnectionRefused:
-		return syserr.ErrConnectionRefused
-	case *ErrTimeout:
-		return SyserrTimeout
-	case *ErrAborted:
-		return SyserrAborted
-	case *ErrConnectStarted:
-		return SyserrConnectStarted
-	case *ErrDestinationRequired:
-		return SyserrDestinationRequired
-	case *ErrNotSupported:
-		return SyserrNotSupported
-	case *ErrQueueSizeNotSupported:
-		return SyserrQueueSizeNotSupported
-	case *ErrNotConnected:
-		return syserr.ErrNotConnected
-	case *ErrConnectionReset:
-		return syserr.ErrConnectionReset
-	case *ErrConnectionAborted:
-		return syserr.ErrConnectionAborted
-	case *ErrNoSuchFile:
-		return SyserrNoSuchFile
-	case *ErrInvalidOptionValue:
-		return SyserrInvalidOptionValue
-	case *ErrBadAddress:
-		return syserr.ErrBadAddress
-	case *ErrNetworkUnreachable:
-		return syserr.ErrNetworkUnreachable
-	case *ErrMessageTooLong:
-		return syserr.ErrMessageTooLong
-	case *ErrNoBufferSpace:
-		return syserr.ErrNoBufferSpace
-	case *ErrBroadcastDisabled:
-		return SyserrBroadcastDisabled
-	case *ErrNotPermitted:
-		return SyserrNotPermittedNet
-	case *ErrAddressFamilyNotSupported:
-		return syserr.ErrAddressFamilyNotSupported
-	case *ErrBadBuffer:
-		return SyserrBadBuffer
-	case *ErrMalformedHeader:
-		return SyserrMalformedHeader
-	case *ErrInvalidPortRange:
-		return SyserrInvalidPortRange
-	default:
-		panic(fmt.Sprintf(""unknown error %T"", err))
-	}
-}
-
-// LINT.ThenChange(../tcpip/errors.go)",rejected_candidate,,
issta2024_bugs_in_pods_understanding_bugs:e3d9644dd6f4a410,issta2024_bugs_in_pods_understanding_bugs,containerd,https://github.com/containerd/containerd/commit/978ff393d2544f729284cd2dfb70e497c4038a7c,Add validations for Windows HostProcess CRI configs,"HostProcess containers require every container in the pod to be a
host process container and have the corresponding field set. The Kubelet
usually enforces this so we'd error before even getting here but we recently
found a bug in this logic so better to be safe than sorry.

Signed-off-by: Daniel Canter <dcanter@microsoft.com>",no_comments_in_source,committed,2022-05-27T06:34:41+00:00,"[""integration/main_test.go"", ""integration/windows_hostprocess_test.go"", ""pkg/cri/server/container_create_windows.go"", ""pkg/cri/server/container_create_windows_test.go""]","diff --git a/integration/main_test.go b/integration/main_test.go
index b82c56cb3ab2b..ed1e8f5ef100a 100644
--- a/integration/main_test.go
+++ b/integration/main_test.go
@@ -194,8 +194,8 @@ func PodSandboxConfigWithCleanup(t *testing.T, name, ns string, opts ...PodSandb
 	return sb, sbConfig
 }
 
-// Set Windows HostProcess.
-func WithWindowsHostProcess(p *runtime.PodSandboxConfig) { //nolint:unused
+// Set Windows HostProcess on the pod.
+func WithWindowsHostProcessPod(p *runtime.PodSandboxConfig) { //nolint:unused
 	if p.Windows == nil {
 		p.Windows = &runtime.WindowsPodSandboxConfig{}
 	}
@@ -252,6 +252,18 @@ func WithWindowsUsername(username string) ContainerOpts { //nolint:unused
 	}
 }
 
+func WithWindowsHostProcessContainer() ContainerOpts { //nolint:unused
+	return func(c *runtime.ContainerConfig) {
+		if c.Windows == nil {
+			c.Windows = &runtime.WindowsContainerConfig{}
+		}
+		if c.Windows.SecurityContext == nil {
+			c.Windows.SecurityContext = &runtime.WindowsContainerSecurityContext{}
+		}
+		c.Windows.SecurityContext.HostProcess = true
+	}
+}
+
 // Add container command.
 func WithCommand(cmd string, args ...string) ContainerOpts {
 	return func(c *runtime.ContainerConfig) {
diff --git a/integration/windows_hostprocess_test.go b/integration/windows_hostprocess_test.go
index 9e84421609f07..11495961d9e97 100644
--- a/integration/windows_hostprocess_test.go
+++ b/integration/windows_hostprocess_test.go
@@ -32,6 +32,7 @@ var (
 	defaultCommand       = WithCommand(""Powershell"", ""/c"", ""$env:CONTAINER_SANDBOX_MOUNT_POINT/pause.exe"")
 	localServiceUsername = WithWindowsUsername(""NT AUTHORITY\\Local service"")
 	localSystemUsername  = WithWindowsUsername(""NT AUTHORITY\\System"")
+	hpcContainerOpt      = WithWindowsHostProcessContainer()
 )
 
 // Tests to verify the Windows HostProcess
@@ -39,34 +40,34 @@ func TestWindowsHostProcess(t *testing.T) {
 	EnsureImageExists(t, pauseImage)
 
 	t.Run(""run as Local Service"", func(t *testing.T) {
-		runHostProcess(t, false, pauseImage, localServiceUsername, defaultCommand)
+		runHostProcess(t, false, pauseImage, hpcContainerOpt, localServiceUsername, defaultCommand)
 	})
 	t.Run(""run as Local System"", func(t *testing.T) {
-		runHostProcess(t, false, pauseImage, localSystemUsername, defaultCommand)
+		runHostProcess(t, false, pauseImage, hpcContainerOpt, localSystemUsername, defaultCommand)
 	})
 	t.Run(""run as unacceptable user"", func(t *testing.T) {
-		runHostProcess(t, true, pauseImage, WithWindowsUsername(""Guest""), defaultCommand)
+		runHostProcess(t, true, pauseImage, hpcContainerOpt, WithWindowsUsername(""Guest""), defaultCommand)
 	})
 	t.Run(""run command on host"", func(t *testing.T) {
 		cmd := WithCommand(""Powershell"", ""/c"", ""Get-Command containerd.exe"")
-		runHostProcess(t, false, pauseImage, localServiceUsername, cmd)
+		runHostProcess(t, false, pauseImage, hpcContainerOpt, localServiceUsername, cmd)
 	})
 	t.Run(""run withHostNetwork"", func(t *testing.T) {
 		hostname, err := os.Hostname()
 		require.NoError(t, err)
 		cmd := WithCommand(""Powershell"", ""/c"", fmt.Sprintf(""if ($env:COMPUTERNAME -ne %s) { exit -1 }"", hostname))
-		runHostProcess(t, false, pauseImage, localServiceUsername, cmd)
+		runHostProcess(t, false, pauseImage, hpcContainerOpt, localServiceUsername, cmd)
 	})
 	t.Run(""run with a different os.version image"", func(t *testing.T) {
 		image := ""docker.io/e2eteam/busybox:1.29-windows-amd64-1909""
 		EnsureImageExists(t, image)
-		runHostProcess(t, false, image, localServiceUsername, defaultCommand)
+		runHostProcess(t, false, image, hpcContainerOpt, localServiceUsername, defaultCommand)
 	})
 }
 
 func runHostProcess(t *testing.T, expectErr bool, image string, opts ...ContainerOpts) {
 	t.Logf(""Create a pod config and run sandbox container"")
-	sb, sbConfig := PodSandboxConfigWithCleanup(t, ""sandbox1"", ""hostprocess"", WithWindowsHostProcess)
+	sb, sbConfig := PodSandboxConfigWithCleanup(t, ""sandbox1"", ""hostprocess"", WithWindowsHostProcessPod)
 
 	t.Logf(""Create a container config and run container in a pod"")
 	containerConfig := ContainerConfig(
diff --git a/pkg/cri/server/container_create_windows.go b/pkg/cri/server/container_create_windows.go
index 2343682f50671..6b14818b36130 100644
--- a/pkg/cri/server/container_create_windows.go
+++ b/pkg/cri/server/container_create_windows.go
@@ -17,6 +17,7 @@
 package server
 
 import (
+	""errors""
 	""strconv""
 
 	""github.com/containerd/containerd/oci""
@@ -50,6 +51,16 @@ func (c *criService) containerSpec(
 	specOpts := []oci.SpecOpts{
 		customopts.WithProcessArgs(config, imageConfig),
 	}
+
+	// All containers in a pod need to have HostProcess set if it was set on the pod,
+	// and vice versa no containers in the pod can be HostProcess if the pods spec
+	// didn't have the field set. The only case that is valid is if these are the same value.
+	cntrHpc := config.GetWindows().GetSecurityContext().GetHostProcess()
+	sandboxHpc := sandboxConfig.GetWindows().GetSecurityContext().GetHostProcess()
+	if cntrHpc != sandboxHpc {
+		return nil, errors.New(""pod spec and all containers inside must have the HostProcess field set to be valid"")
+	}
+
 	if config.GetWorkingDir() != """" {
 		specOpts = append(specOpts, oci.WithProcessCwd(config.GetWorkingDir()))
 	} else if imageConfig.WorkingDir != """" {
@@ -120,7 +131,7 @@ func (c *criService) containerSpec(
 		customopts.WithAnnotation(annotations.SandboxName, sandboxConfig.GetMetadata().GetName()),
 		customopts.WithAnnotation(annotations.ContainerName, containerName),
 		customopts.WithAnnotation(annotations.ImageName, imageName),
-		customopts.WithAnnotation(annotations.WindowsHostProcess, strconv.FormatBool(sandboxConfig.GetWindows().GetSecurityContext().GetHostProcess())),
+		customopts.WithAnnotation(annotations.WindowsHostProcess, strconv.FormatBool(sandboxHpc)),
 	)
 	return c.runtimeSpec(id, ociRuntime.BaseRuntimeSpec, specOpts...)
 }
diff --git a/pkg/cri/server/container_create_windows_test.go b/pkg/cri/server/container_create_windows_test.go
index 7d7d2e9a13fb1..476d14b7f7fef 100644
--- a/pkg/cri/server/container_create_windows_test.go
+++ b/pkg/cri/server/container_create_windows_test.go
@@ -83,6 +83,7 @@ func getCreateContainerTestData() (*runtime.ContainerConfig, *runtime.PodSandbox
 			Namespace: ""test-sandbox-ns"",
 			Attempt:   2,
 		},
+		Windows:     &runtime.WindowsPodSandboxConfig{},
 		Hostname:    ""test-hostname"",
 		Annotations: map[string]string{""c"": ""d""},
 	}
@@ -195,3 +196,52 @@ func TestMountNamedPipe(t *testing.T) {
 	specCheck(t, testID, testSandboxID, testPid, spec)
 	checkMount(t, spec.Mounts, `\\.\pipe\foo`, `\\.\pipe\foo`, """", []string{""rw""}, nil)
 }
+
+func TestHostProcessRequirements(t *testing.T) {
+	testID := ""test-id""
+	testSandboxID := ""sandbox-id""
+	testContainerName := ""container-name""
+	testPid := uint32(1234)
+	containerConfig, sandboxConfig, imageConfig, _ := getCreateContainerTestData()
+	ociRuntime := config.Runtime{}
+	c := newTestCRIService()
+	for desc, test := range map[string]struct {
+		containerHostProcess bool
+		sandboxHostProcess   bool
+		expectError          bool
+	}{
+		""hostprocess container in non-hostprocess sandbox should fail"": {
+			containerHostProcess: true,
+			sandboxHostProcess:   false,
+			expectError:          true,
+		},
+		""hostprocess container in hostprocess sandbox should be fine"": {
+			containerHostProcess: true,
+			sandboxHostProcess:   true,
+			expectError:          false,
+		},
+		""non-hostprocess container in hostprocess sandbox should fail"": {
+			containerHostProcess: false,
+			sandboxHostProcess:   true,
+			expectError:          true,
+		},
+		""non-hostprocess container in non-hostprocess sandbox should be fine"": {
+			containerHostProcess: false,
+			sandboxHostProcess:   false,
+			expectError:          false,
+		},
+	} {
+		t.Run(desc, func(t *testing.T) {
+			containerConfig.Windows.SecurityContext.HostProcess = test.containerHostProcess
+			sandboxConfig.Windows.SecurityContext = &runtime.WindowsSandboxSecurityContext{
+				HostProcess: test.sandboxHostProcess,
+			}
+			_, err := c.containerSpec(testID, testSandboxID, testPid, """", testContainerName, testImageName, containerConfig, sandboxConfig, imageConfig, nil, ociRuntime)
+			if test.expectError {
+				assert.Error(t, err)
+			} else {
+				assert.NoError(t, err)
+			}
+		})
+	}
+}",accepted_fault,Plugin Management Error,Plugin Config Error
issta2024_bugs_in_pods_understanding_bugs:e59f6dc10e53e4fa,issta2024_bugs_in_pods_understanding_bugs,containerd,https://github.com/containerd/containerd/commit/9a994877cc6e380cff6793a0b0d8c134eb37a1e4,docs: fix RELEASES.md gRPC API anchor,Signed-off-by: Samuel Karp <skarp@amazon.com>,no_comments_in_source,committed,2021-11-24T18:15:02+00:00,"[""RELEASES.md""]","diff --git a/RELEASES.md b/RELEASES.md
index a20015bad8fa8..43a96b66f0f73 100644
--- a/RELEASES.md
+++ b/RELEASES.md
@@ -190,7 +190,7 @@ containerd versions:
 
 | Component        | Status   | Stabilized Version | Links         |
 |------------------|----------|--------------------|---------------|
-| GRPC API         | Stable   | 1.0                | [api/](api) |
+| GRPC API         | Stable   | 1.0                | [gRPC API](#grpc-api) |
 | Metrics API      | Stable   | 1.0                | - |
 | Runtime Shim API | Stable   | 1.2                | - |
 | Daemon Config    | Stable   | 1.0			       | - |
@@ -214,7 +214,7 @@ version jump.
 To ensure compatibility, we have collected the entire GRPC API symbol set into
 a single file. At each _minor_ release of containerd, we will move the current
 `next.pb.txt` file to a file named for the minor version, such as `1.0.pb.txt`,
-enumerating the support services and messages. See [api/](api) for details.
+enumerating the support services and messages.
 
 Note that new services may be added in _minor_ releases. New service methods
 and new fields on messages may be added if they are optional.",rejected_candidate,,
issta2024_bugs_in_pods_understanding_bugs:e5bff2c8beec2389,issta2024_bugs_in_pods_understanding_bugs,containerd,https://github.com/containerd/containerd/commit/8ba285f6b257867bdb05a3c4e2ddeaa6817872bb,fix unable to checkpoint the container more than once,Signed-off-by: Iceber Gu <wei.cai-nat@daocloud.io>,no_comments_in_source,committed,2023-04-17T06:02:18+00:00,"[""services/tasks/local.go""]","diff --git a/services/tasks/local.go b/services/tasks/local.go
index b33b4b73adf75..a7892a824a63d 100644
--- a/services/tasks/local.go
+++ b/services/tasks/local.go
@@ -664,7 +664,7 @@ func (l *local) writeContent(ctx context.Context, mediaType, ref string, r io.Re
 	if err != nil {
 		return nil, err
 	}
-	if err := writer.Commit(ctx, 0, """"); err != nil {
+	if err := writer.Commit(ctx, 0, """"); err != nil && !errdefs.IsAlreadyExists(err) {
 		return nil, err
 	}
 	return &types.Descriptor{",accepted_fault,Wrong Container Behavior,Incorrect 3rd Party Library Usage
issta2024_bugs_in_pods_understanding_bugs:e9c8beb704a6112b,issta2024_bugs_in_pods_understanding_bugs,gvisor,https://github.com/google/gvisor/commit/4503ba3f5efdf74079a9dba2242a38d51d0cf58d,Fix data race when using UNSHARE in close_range.,"Also add test that fails under gotsan without the fix.

PiperOrigin-RevId: 433857741",no_comments_in_source,committed,2022-03-10T22:51:25+00:00,"[""pkg/sentry/kernel/fd_table.go"", ""test/syscalls/linux/BUILD"", ""test/syscalls/linux/close_range.cc""]","diff --git a/pkg/sentry/kernel/fd_table.go b/pkg/sentry/kernel/fd_table.go
index fc11c6a264..6fc4785af9 100644
--- a/pkg/sentry/kernel/fd_table.go
+++ b/pkg/sentry/kernel/fd_table.go
@@ -760,6 +760,9 @@ func (f *FDTable) RemoveNextInRange(ctx context.Context, startFd int32, endFd in
 
 // GetLastFd returns the last set FD in the FDTable bitmap.
 func (f *FDTable) GetLastFd() int32 {
+	f.mu.Lock()
+	defer f.mu.Unlock()
+
 	last := f.fdBitmap.Maximum()
 	if last > bitmap.MaxBitEntryLimit {
 		return MaxFdLimit
diff --git a/test/syscalls/linux/BUILD b/test/syscalls/linux/BUILD
index 37c6946c8c..724c9577d1 100644
--- a/test/syscalls/linux/BUILD
+++ b/test/syscalls/linux/BUILD
@@ -4542,5 +4542,6 @@ cc_binary(
         ""//test/util:temp_path"",
         ""//test/util:test_main"",
         ""//test/util:test_util"",
+        ""//test/util:thread_util"",
     ],
 )
diff --git a/test/syscalls/linux/close_range.cc b/test/syscalls/linux/close_range.cc
index e4cba1e209..89df52e581 100644
--- a/test/syscalls/linux/close_range.cc
+++ b/test/syscalls/linux/close_range.cc
@@ -23,6 +23,7 @@
 #include ""test/util/posix_error.h""
 #include ""test/util/temp_path.h""
 #include ""test/util/test_util.h""
+#include ""test/util/thread_util.h""
 
 namespace gvisor {
 namespace testing {
@@ -367,6 +368,37 @@ TEST_F(CloseRangeTest, InvalidFlags) {
               SyscallFailsWithErrno(EINVAL));
 }
 
+// Test that calling close_range concurrently while creating new files yields
+// expected results.
+TEST_F(CloseRangeTest, ConcurrentCalls) {
+  SKIP_IF(!IsRunningOnGvisor() && close_range(1, 0, 0) < 0 && errno == ENOSYS);
+  const int num_files_in_range = 10;
+  const unsigned int flags = CLOSE_RANGE_UNSHARE;
+  const int num_threads = 100;
+  std::unique_ptr<ScopedThread> threads[num_threads];
+
+  CreateFiles(num_files_in_range);
+  OpenFilesRdwr();
+
+  auto cr_call = []() {
+    EXPECT_THAT(close_range(num_files_in_range / 2,
+                            num_files_in_range + num_threads, flags),
+                SyscallSucceeds());
+  };
+  auto open_file_call = []() {
+    auto file = NewTempAbsPath();
+    EXPECT_THAT(open(file.c_str(), O_CREAT, 0644), SyscallSucceeds());
+  };
+
+  for (int i = 0; i < num_threads; i++) {
+    if (i % 2 == 0) {
+      threads[i] = std::make_unique<ScopedThread>(cr_call);
+    } else {
+      threads[i] = std::make_unique<ScopedThread>(open_file_call);
+    }
+  }
+}
+
 }  // namespace
 
 }  // namespace testing",accepted_fault,Wrong Container Behavior,Incorrect 3rd Party Library Usage
issta2024_bugs_in_pods_understanding_bugs:ecd1a532c1d96a01,issta2024_bugs_in_pods_understanding_bugs,containerd,https://github.com/containerd/containerd/commit/1753e5af7ad2e958bb692efa654b2ae429a4222f,Reused errdefs for error,Signed-off-by: xin.li <xin.li@daocloud.io>,no_comments_in_source,committed,2023-01-02T13:39:14+00:00,"[""pkg/cri/server/bandwidth/fake_shaper.go"", ""pkg/cri/server/bandwidth/unsupported.go""]","diff --git a/pkg/cri/server/bandwidth/fake_shaper.go b/pkg/cri/server/bandwidth/fake_shaper.go
index 4d46517c0cd77..99bfd338a75d9 100644
--- a/pkg/cri/server/bandwidth/fake_shaper.go
+++ b/pkg/cri/server/bandwidth/fake_shaper.go
@@ -33,7 +33,7 @@ limitations under the License.
 package bandwidth
 
 import (
-	""errors""
+	""github.com/containerd/containerd/errdefs""
 
 	""k8s.io/apimachinery/pkg/api/resource""
 )
@@ -47,7 +47,7 @@ type FakeShaper struct {
 
 // Limit is not implemented
 func (f *FakeShaper) Limit(cidr string, egress, ingress *resource.Quantity) error {
-	return errors.New(""unimplemented"")
+	return errdefs.ErrNotImplemented
 }
 
 // Reset appends a particular CIDR to the set of ResetCIDRs being managed by this shaper
@@ -58,12 +58,12 @@ func (f *FakeShaper) Reset(cidr string) error {
 
 // ReconcileInterface is not implemented
 func (f *FakeShaper) ReconcileInterface() error {
-	return errors.New(""unimplemented"")
+	return errdefs.ErrNotImplemented
 }
 
 // ReconcileCIDR is not implemented
 func (f *FakeShaper) ReconcileCIDR(cidr string, egress, ingress *resource.Quantity) error {
-	return errors.New(""unimplemented"")
+	return errdefs.ErrNotImplemented
 }
 
 // GetCIDRs returns the set of CIDRs that are being managed by this shaper
diff --git a/pkg/cri/server/bandwidth/unsupported.go b/pkg/cri/server/bandwidth/unsupported.go
index 08b629fda6a3e..26bda16ef449c 100644
--- a/pkg/cri/server/bandwidth/unsupported.go
+++ b/pkg/cri/server/bandwidth/unsupported.go
@@ -35,7 +35,7 @@ limitations under the License.
 package bandwidth
 
 import (
-	""errors""
+	""github.com/containerd/containerd/errdefs""
 
 	""k8s.io/apimachinery/pkg/api/resource""
 )
@@ -49,7 +49,7 @@ func NewTCShaper(iface string) Shaper {
 }
 
 func (f *unsupportedShaper) Limit(cidr string, egress, ingress *resource.Quantity) error {
-	return errors.New(""unimplemented"")
+	return errdefs.ErrNotImplemented
 }
 
 func (f *unsupportedShaper) Reset(cidr string) error {
@@ -57,11 +57,11 @@ func (f *unsupportedShaper) Reset(cidr string) error {
 }
 
 func (f *unsupportedShaper) ReconcileInterface() error {
-	return errors.New(""unimplemented"")
+	return errdefs.ErrNotImplemented
 }
 
 func (f *unsupportedShaper) ReconcileCIDR(cidr string, egress, ingress *resource.Quantity) error {
-	return errors.New(""unimplemented"")
+	return errdefs.ErrNotImplemented
 }
 
 func (f *unsupportedShaper) GetCIDRs() ([]string, error) {",accepted_fault,Others,Improper Exception Handling
issta2024_bugs_in_pods_understanding_bugs:ed8cd44244318489,issta2024_bugs_in_pods_understanding_bugs,gvisor,https://github.com/google/gvisor/commit/82793c5e9056547c20ddbfa1190a65585a420d1e,netstack: fix Mac build error,"- Stub out sighandling functions with panics on Darwin
- Put Linux-specific errors into their own syserr file

Not sure how best to get automated tests running, so I'll leave that for a later
change.

Fixes #6839.
Related to #1270.

PiperOrigin-RevId: 409516969",no_comments_in_source,committed,2021-11-12T23:21:47+00:00,"[""pkg/sighandling/BUILD"", ""pkg/sighandling/sighandling_darwin.go"", ""pkg/sighandling/sighandling_unsafe.go → pkg/sighandling/sighandling_linux_unsafe.go"", ""pkg/syserr/BUILD"", ""pkg/syserr/host_darwin.go"", ""pkg/syserr/host_linux.go"", ""pkg/syserr/syserr.go""]","diff --git a/pkg/sighandling/BUILD b/pkg/sighandling/BUILD
index 72f10f9822..b0a6c8a9e1 100644
--- a/pkg/sighandling/BUILD
+++ b/pkg/sighandling/BUILD
@@ -6,7 +6,8 @@ go_library(
     name = ""sighandling"",
     srcs = [
         ""sighandling.go"",
-        ""sighandling_unsafe.go"",
+        ""sighandling_darwin.go"",
+        ""sighandling_linux_unsafe.go"",
     ],
     visibility = [""//:sandbox""],
     deps = [
diff --git a/pkg/sighandling/sighandling_darwin.go b/pkg/sighandling/sighandling_darwin.go
new file mode 100644
index 0000000000..e7f5ce54c2
--- /dev/null
+++ b/pkg/sighandling/sighandling_darwin.go
@@ -0,0 +1,40 @@
+// Copyright 2021 The gVisor Authors.
+//
+// Licensed under the Apache License, Version 2.0 (the ""License"");
+// you may not use this file except in compliance with the License.
+// You may obtain a copy of the License at
+//
+//     http://www.apache.org/licenses/LICENSE-2.0
+//
+// Unless required by applicable law or agreed to in writing, software
+// distributed under the License is distributed on an ""AS IS"" BASIS,
+// WITHOUT WARRANTIES OR CONDITIONS OF ANY KIND, either express or implied.
+// See the License for the specific language governing permissions and
+// limitations under the License.
+
+//go:build darwin
+// +build darwin
+
+package sighandling
+
+import (
+	""errors""
+
+	""golang.org/x/sys/unix""
+)
+
+// IgnoreChildStop sets the SA_NOCLDSTOP flag, causing child processes to not
+// generate SIGCHLD when they stop.
+func IgnoreChildStop() error {
+	return errors.New(""IgnoreChildStop not supported on Darwin"")
+}
+
+// ReplaceSignalHandler replaces the existing signal handler for the provided
+// signal with the function pointer at `handler`. This bypasses the Go runtime
+// signal handlers, and should only be used for low-level signal handlers where
+// use of signal.Notify is not appropriate.
+//
+// It stores the value of the previously set handler in previous.
+func ReplaceSignalHandler(sig unix.Signal, handler uintptr, previous *uintptr) error {
+	return errors.New(""ReplaceSignalHandler not supported on Darwin"")
+}
diff --git a/pkg/sighandling/sighandling_unsafe.go b/pkg/sighandling/sighandling_linux_unsafe.go
similarity index 98%
rename from pkg/sighandling/sighandling_unsafe.go
rename to pkg/sighandling/sighandling_linux_unsafe.go
index 7deeda0428..68bdfac167 100644
--- a/pkg/sighandling/sighandling_unsafe.go
+++ b/pkg/sighandling/sighandling_linux_unsafe.go
@@ -12,6 +12,9 @@
 // See the License for the specific language governing permissions and
 // limitations under the License.
 
+//go:build linux
+// +build linux
+
 package sighandling
 
 import (
diff --git a/pkg/syserr/BUILD b/pkg/syserr/BUILD
index 551fbb70fe..e12193785d 100644
--- a/pkg/syserr/BUILD
+++ b/pkg/syserr/BUILD
@@ -5,6 +5,7 @@ package(licenses = [""notice""])
 go_library(
     name = ""syserr"",
     srcs = [
+        ""host_darwin.go"",
         ""host_linux.go"",
         ""syserr.go"",
     ],
diff --git a/pkg/syserr/host_darwin.go b/pkg/syserr/host_darwin.go
new file mode 100644
index 0000000000..f68728cde4
--- /dev/null
+++ b/pkg/syserr/host_darwin.go
@@ -0,0 +1,50 @@
+// Copyright 2021 The gVisor Authors.
+//
+// Licensed under the Apache License, Version 2.0 (the ""License"");
+// you may not use this file except in compliance with the License.
+// You may obtain a copy of the License at
+//
+//     http://www.apache.org/licenses/LICENSE-2.0
+//
+// Unless required by applicable law or agreed to in writing, software
+// distributed under the License is distributed on an ""AS IS"" BASIS,
+// WITHOUT WARRANTIES OR CONDITIONS OF ANY KIND, either express or implied.
+// See the License for the specific language governing permissions and
+// limitations under the License.
+
+//go:build darwin
+// +build darwin
+
+package syserr
+
+import (
+	""fmt""
+
+	""golang.org/x/sys/unix""
+)
+
+const maxErrno = 107
+
+type darwinHostTranslation struct {
+	err *Error
+	ok  bool
+}
+
+var darwinHostTranslations [maxErrno]darwinHostTranslation
+
+// FromHost translates a unix.Errno to a corresponding Error value.
+func FromHost(err unix.Errno) *Error {
+	if int(err) >= len(darwinHostTranslations) || !darwinHostTranslations[err].ok {
+		panic(fmt.Sprintf(""unknown host errno %q (%d)"", err.Error(), err))
+	}
+	return darwinHostTranslations[err].err
+}
+
+// TODO(gvisor.dev/issue/1270): We currently only add translations for errors
+// that exist both on Darwin and Linux.
+func addHostTranslation(host unix.Errno, trans *Error) {
+	if darwinHostTranslations[host].ok {
+		panic(fmt.Sprintf(""duplicate translation for host errno %q (%d)"", host.Error(), host))
+	}
+	darwinHostTranslations[host] = darwinHostTranslation{err: trans, ok: true}
+}
diff --git a/pkg/syserr/host_linux.go b/pkg/syserr/host_linux.go
index fb92738af6..2792e31013 100644
--- a/pkg/syserr/host_linux.go
+++ b/pkg/syserr/host_linux.go
@@ -21,6 +21,7 @@ import (
 	""fmt""
 
 	""golang.org/x/sys/unix""
+	""gvisor.dev/gvisor/pkg/abi/linux/errno""
 )
 
 const maxErrno = 134
@@ -40,9 +41,57 @@ func FromHost(err unix.Errno) *Error {
 	return linuxHostTranslations[err].err
 }
 
-func addLinuxHostTranslation(host unix.Errno, trans *Error) {
+func addHostTranslation(host unix.Errno, trans *Error) {
 	if linuxHostTranslations[host].ok {
 		panic(fmt.Sprintf(""duplicate translation for host errno %q (%d)"", host.Error(), host))
 	}
 	linuxHostTranslations[host] = linuxHostTranslation{err: trans, ok: true}
 }
+
+// TODO(b/34162363): Remove or replace most of these errors.
+//
+// Some of the errors should be replaced with package specific errors and
+// others should be removed entirely.
+var (
+	ErrDeadlock                  = newWithHost(""resource deadlock would occur"", errno.EDEADLOCK, unix.EDEADLOCK)
+	ErrChannelOutOfRange         = newWithHost(""channel number out of range"", errno.ECHRNG, unix.ECHRNG)
+	ErrLevelTwoNotSynced         = newWithHost(""level 2 not synchronized"", errno.EL2NSYNC, unix.EL2NSYNC)
+	ErrLevelThreeHalted          = newWithHost(""level 3 halted"", errno.EL3HLT, unix.EL3HLT)
+	ErrLevelThreeReset           = newWithHost(""level 3 reset"", errno.EL3RST, unix.EL3RST)
+	ErrLinkNumberOutOfRange      = newWithHost(""link number out of range"", errno.ELNRNG, unix.ELNRNG)
+	ErrProtocolDriverNotAttached = newWithHost(""protocol driver not attached"", errno.EUNATCH, unix.EUNATCH)
+	ErrNoCSIAvailable            = newWithHost(""no CSI structure available"", errno.ENOCSI, unix.ENOCSI)
+	ErrLevelTwoHalted            = newWithHost(""level 2 halted"", errno.EL2HLT, unix.EL2HLT)
+	ErrInvalidExchange           = newWithHost(""invalid exchange"", errno.EBADE, unix.EBADE)
+	ErrInvalidRequestDescriptor  = newWithHost(""invalid request descriptor"", errno.EBADR, unix.EBADR)
+	ErrExchangeFull              = newWithHost(""exchange full"", errno.EXFULL, unix.EXFULL)
+	ErrNoAnode                   = newWithHost(""no anode"", errno.ENOANO, unix.ENOANO)
+	ErrInvalidRequestCode        = newWithHost(""invalid request code"", errno.EBADRQC, unix.EBADRQC)
+	ErrInvalidSlot               = newWithHost(""invalid slot"", errno.EBADSLT, unix.EBADSLT)
+	ErrBadFontFile               = newWithHost(""bad font file format"", errno.EBFONT, unix.EBFONT)
+	ErrMachineNotOnNetwork       = newWithHost(""machine is not on the network"", errno.ENONET, unix.ENONET)
+	ErrPackageNotInstalled       = newWithHost(""package not installed"", errno.ENOPKG, unix.ENOPKG)
+	ErrAdvertise                 = newWithHost(""advertise error"", errno.EADV, unix.EADV)
+	ErrSRMount                   = newWithHost(""srmount error"", errno.ESRMNT, unix.ESRMNT)
+	ErrSendCommunication         = newWithHost(""communication error on send"", errno.ECOMM, unix.ECOMM)
+	ErrRFS                       = newWithHost(""RFS specific error"", errno.EDOTDOT, unix.EDOTDOT)
+	ErrNetworkNameNotUnique      = newWithHost(""name not unique on network"", errno.ENOTUNIQ, unix.ENOTUNIQ)
+	ErrFDInBadState              = newWithHost(""file descriptor in bad state"", errno.EBADFD, unix.EBADFD)
+	ErrRemoteAddressChanged      = newWithHost(""remote address changed"", errno.EREMCHG, unix.EREMCHG)
+	ErrSharedLibraryInaccessible = newWithHost(""can not access a needed shared library"", errno.ELIBACC, unix.ELIBACC)
+	ErrCorruptedSharedLibrary    = newWithHost(""accessing a corrupted shared library"", errno.ELIBBAD, unix.ELIBBAD)
+	ErrLibSectionCorrupted       = newWithHost("".lib section in a.out corrupted"", errno.ELIBSCN, unix.ELIBSCN)
+	ErrTooManySharedLibraries    = newWithHost(""attempting to link in too many shared libraries"", errno.ELIBMAX, unix.ELIBMAX)
+	ErrSharedLibraryExeced       = newWithHost(""cannot exec a shared library directly"", errno.ELIBEXEC, unix.ELIBEXEC)
+	ErrShouldRestart             = newWithHost(""interrupted system call should be restarted"", errno.ERESTART, unix.ERESTART)
+	ErrStreamPipe                = newWithHost(""streams pipe error"", errno.ESTRPIPE, unix.ESTRPIPE)
+	ErrStructureNeedsCleaning    = newWithHost(""structure needs cleaning"", errno.EUCLEAN, unix.EUCLEAN)
+	ErrIsNamedFile               = newWithHost(""is a named type file"", errno.ENOTNAM, unix.ENOTNAM)
+	ErrRemoteIO                  = newWithHost(""remote I/O error"", errno.EREMOTEIO, unix.EREMOTEIO)
+	ErrNoMedium                  = newWithHost(""no medium found"", errno.ENOMEDIUM, unix.ENOMEDIUM)
+	ErrWrongMediumType           = newWithHost(""wrong medium type"", errno.EMEDIUMTYPE, unix.EMEDIUMTYPE)
+	ErrNoKey                     = newWithHost(""required key not available"", errno.ENOKEY, unix.ENOKEY)
+	ErrKeyExpired                = newWithHost(""key has expired"", errno.EKEYEXPIRED, unix.EKEYEXPIRED)
+	ErrKeyRevoked                = newWithHost(""key has been revoked"", errno.EKEYREVOKED, unix.EKEYREVOKED)
+	ErrKeyRejected               = newWithHost(""key was rejected by service"", errno.EKEYREJECTED, unix.EKEYREJECTED)
+)
diff --git a/pkg/syserr/syserr.go b/pkg/syserr/syserr.go
index 17d0b3e1a1..ca50f12392 100644
--- a/pkg/syserr/syserr.go
+++ b/pkg/syserr/syserr.go
@@ -76,7 +76,7 @@ func NewDynamic(message string, linuxTranslation errno.Errno) *Error {
 
 func newWithHost(message string, linuxTranslation errno.Errno, hostErrno unix.Errno) *Error {
 	e := New(message, linuxTranslation)
-	addLinuxHostTranslation(hostErrno, e)
+	addHostTranslation(hostErrno, e)
 	return e
 }
 
@@ -129,6 +129,8 @@ func (e *Error) ToLinux() errno.Errno {
 //
 // Some of the errors should be replaced with package specific errors and
 // others should be removed entirely.
+//
+// Note that some errors are declared in platform-specific files.
 var (
 	ErrNotPermitted               = newWithHost(""operation not permitted"", errno.EPERM, unix.EPERM)
 	ErrNoFileOrDir                = newWithHost(""no such file or directory"", errno.ENOENT, unix.ENOENT)
@@ -164,7 +166,6 @@ var (
 	ErrBrokenPipe                 = newWithHost(""broken pipe"", errno.EPIPE, unix.EPIPE)
 	ErrDomain                     = newWithHost(""math argument out of domain of func"", errno.EDOM, unix.EDOM)
 	ErrRange                      = newWithHost(""math result not representable"", errno.ERANGE, unix.ERANGE)
-	ErrDeadlock                   = newWithHost(""resource deadlock would occur"", errno.EDEADLOCK, unix.EDEADLOCK)
 	ErrNameTooLong                = newWithHost(""file name too long"", errno.ENAMETOOLONG, unix.ENAMETOOLONG)
 	ErrNoLocksAvailable           = newWithHost(""no record locks available"", errno.ENOLCK, unix.ENOLCK)
 	ErrInvalidSyscall             = newWithHost(""invalid system call number"", errno.ENOSYS, unix.ENOSYS)
@@ -172,48 +173,17 @@ var (
 	ErrLinkLoop                   = newWithHost(""too many symbolic links encountered"", errno.ELOOP, unix.ELOOP)
 	ErrNoMessage                  = newWithHost(""no message of desired type"", errno.ENOMSG, unix.ENOMSG)
 	ErrIdentifierRemoved          = newWithHost(""identifier removed"", errno.EIDRM, unix.EIDRM)
-	ErrChannelOutOfRange          = newWithHost(""channel number out of range"", errno.ECHRNG, unix.ECHRNG)
-	ErrLevelTwoNotSynced          = newWithHost(""level 2 not synchronized"", errno.EL2NSYNC, unix.EL2NSYNC)
-	ErrLevelThreeHalted           = newWithHost(""level 3 halted"", errno.EL3HLT, unix.EL3HLT)
-	ErrLevelThreeReset            = newWithHost(""level 3 reset"", errno.EL3RST, unix.EL3RST)
-	ErrLinkNumberOutOfRange       = newWithHost(""link number out of range"", errno.ELNRNG, unix.ELNRNG)
-	ErrProtocolDriverNotAttached  = newWithHost(""protocol driver not attached"", errno.EUNATCH, unix.EUNATCH)
-	ErrNoCSIAvailable             = newWithHost(""no CSI structure available"", errno.ENOCSI, unix.ENOCSI)
-	ErrLevelTwoHalted             = newWithHost(""level 2 halted"", errno.EL2HLT, unix.EL2HLT)
-	ErrInvalidExchange            = newWithHost(""invalid exchange"", errno.EBADE, unix.EBADE)
-	ErrInvalidRequestDescriptor   = newWithHost(""invalid request descriptor"", errno.EBADR, unix.EBADR)
-	ErrExchangeFull               = newWithHost(""exchange full"", errno.EXFULL, unix.EXFULL)
-	ErrNoAnode                    = newWithHost(""no anode"", errno.ENOANO, unix.ENOANO)
-	ErrInvalidRequestCode         = newWithHost(""invalid request code"", errno.EBADRQC, unix.EBADRQC)
-	ErrInvalidSlot                = newWithHost(""invalid slot"", errno.EBADSLT, unix.EBADSLT)
-	ErrBadFontFile                = newWithHost(""bad font file format"", errno.EBFONT, unix.EBFONT)
 	ErrNotStream                  = newWithHost(""device not a stream"", errno.ENOSTR, unix.ENOSTR)
 	ErrNoDataAvailable            = newWithHost(""no data available"", errno.ENODATA, unix.ENODATA)
 	ErrTimerExpired               = newWithHost(""timer expired"", errno.ETIME, unix.ETIME)
 	ErrStreamsResourceDepleted    = newWithHost(""out of streams resources"", errno.ENOSR, unix.ENOSR)
-	ErrMachineNotOnNetwork        = newWithHost(""machine is not on the network"", errno.ENONET, unix.ENONET)
-	ErrPackageNotInstalled        = newWithHost(""package not installed"", errno.ENOPKG, unix.ENOPKG)
 	ErrIsRemote                   = newWithHost(""object is remote"", errno.EREMOTE, unix.EREMOTE)
 	ErrNoLink                     = newWithHost(""link has been severed"", errno.ENOLINK, unix.ENOLINK)
-	ErrAdvertise                  = newWithHost(""advertise error"", errno.EADV, unix.EADV)
-	ErrSRMount                    = newWithHost(""srmount error"", errno.ESRMNT, unix.ESRMNT)
-	ErrSendCommunication          = newWithHost(""communication error on send"", errno.ECOMM, unix.ECOMM)
 	ErrProtocol                   = newWithHost(""protocol error"", errno.EPROTO, unix.EPROTO)
 	ErrMultihopAttempted          = newWithHost(""multihop attempted"", errno.EMULTIHOP, unix.EMULTIHOP)
-	ErrRFS                        = newWithHost(""RFS specific error"", errno.EDOTDOT, unix.EDOTDOT)
 	ErrInvalidDataMessage         = newWithHost(""not a data message"", errno.EBADMSG, unix.EBADMSG)
 	ErrOverflow                   = newWithHost(""value too large for defined data type"", errno.EOVERFLOW, unix.EOVERFLOW)
-	ErrNetworkNameNotUnique       = newWithHost(""name not unique on network"", errno.ENOTUNIQ, unix.ENOTUNIQ)
-	ErrFDInBadState               = newWithHost(""file descriptor in bad state"", errno.EBADFD, unix.EBADFD)
-	ErrRemoteAddressChanged       = newWithHost(""remote address changed"", errno.EREMCHG, unix.EREMCHG)
-	ErrSharedLibraryInaccessible  = newWithHost(""can not access a needed shared library"", errno.ELIBACC, unix.ELIBACC)
-	ErrCorruptedSharedLibrary     = newWithHost(""accessing a corrupted shared library"", errno.ELIBBAD, unix.ELIBBAD)
-	ErrLibSectionCorrupted        = newWithHost("".lib section in a.out corrupted"", errno.ELIBSCN, unix.ELIBSCN)
-	ErrTooManySharedLibraries     = newWithHost(""attempting to link in too many shared libraries"", errno.ELIBMAX, unix.ELIBMAX)
-	ErrSharedLibraryExeced        = newWithHost(""cannot exec a shared library directly"", errno.ELIBEXEC, unix.ELIBEXEC)
 	ErrIllegalByteSequence        = newWithHost(""illegal byte sequence"", errno.EILSEQ, unix.EILSEQ)
-	ErrShouldRestart              = newWithHost(""interrupted system call should be restarted"", errno.ERESTART, unix.ERESTART)
-	ErrStreamPipe                 = newWithHost(""streams pipe error"", errno.ESTRPIPE, unix.ESTRPIPE)
 	ErrTooManyUsers               = newWithHost(""too many users"", errno.EUSERS, unix.EUSERS)
 	ErrNotASocket                 = newWithHost(""socket operation on non-socket"", errno.ENOTSOCK, unix.ENOTSOCK)
 	ErrDestinationAddressRequired = newWithHost(""destination address required"", errno.EDESTADDRREQ, unix.EDESTADDRREQ)
@@ -244,17 +214,8 @@ var (
 	ErrAlreadyInProgress          = newWithHost(""operation already in progress"", errno.EALREADY, unix.EALREADY)
 	ErrInProgress                 = newWithHost(""operation now in progress"", errno.EINPROGRESS, unix.EINPROGRESS)
 	ErrStaleFileHandle            = newWithHost(""stale file handle"", errno.ESTALE, unix.ESTALE)
-	ErrStructureNeedsCleaning     = newWithHost(""structure needs cleaning"", errno.EUCLEAN, unix.EUCLEAN)
-	ErrIsNamedFile                = newWithHost(""is a named type file"", errno.ENOTNAM, unix.ENOTNAM)
-	ErrRemoteIO                   = newWithHost(""remote I/O error"", errno.EREMOTEIO, unix.EREMOTEIO)
 	ErrQuotaExceeded              = newWithHost(""quota exceeded"", errno.EDQUOT, unix.EDQUOT)
-	ErrNoMedium                   = newWithHost(""no medium found"", errno.ENOMEDIUM, unix.ENOMEDIUM)
-	ErrWrongMediumType            = newWithHost(""wrong medium type"", errno.EMEDIUMTYPE, unix.EMEDIUMTYPE)
 	ErrCanceled                   = newWithHost(""operation canceled"", errno.ECANCELED, unix.ECANCELED)
-	ErrNoKey                      = newWithHost(""required key not available"", errno.ENOKEY, unix.ENOKEY)
-	ErrKeyExpired                 = newWithHost(""key has expired"", errno.EKEYEXPIRED, unix.EKEYEXPIRED)
-	ErrKeyRevoked                 = newWithHost(""key has been revoked"", errno.EKEYREVOKED, unix.EKEYREVOKED)
-	ErrKeyRejected                = newWithHost(""key was rejected by service"", errno.EKEYREJECTED, unix.EKEYREJECTED)
 	ErrOwnerDied                  = newWithHost(""owner died"", errno.EOWNERDEAD, unix.EOWNERDEAD)
 	ErrNotRecoverable             = newWithHost(""state not recoverable"", errno.ENOTRECOVERABLE, unix.ENOTRECOVERABLE)",accepted_fault,Build Failure,Build Configuration Error
issta2024_bugs_in_pods_understanding_bugs:eda9af527569a608,issta2024_bugs_in_pods_understanding_bugs,cri-o,https://github.com/cri-o/cri-o/commit/a86fbb63eb684be2cc58f8eba62d032dddc3c1c7,Fixed issues found by shellcheck,Signed-off-by: Nicholas Dille <nicholas.dille@mailbox.org>,no_comments_in_source,committed,2023-04-03T20:46:19+00:00,"[""scripts/get""]","diff --git a/scripts/get b/scripts/get
index c2fe76988cd..c7661b56592 100755
--- a/scripts/get
+++ b/scripts/get
@@ -164,10 +164,10 @@ if command -v cosign >/dev/null; then
     for BLOB in ""${BLOBS[@]}""; do
         echo ""Verifying blob $BLOB""
         COSIGN_EXPERIMENTAL=1 cosign verify-blob ""$BLOB"" \
-            --certificate-identity https://github.com/cri-o/cri-o/.github/workflows/test.yml@refs/tags/$VERSION \
+            --certificate-identity ""https://github.com/cri-o/cri-o/.github/workflows/test.yml@refs/tags/$VERSION"" \
             --certificate-oidc-issuer https://token.actions.githubusercontent.com \
             --certificate-github-workflow-repository cri-o/cri-o \
-            --certificate-github-workflow-ref refs/tags/$VERSION \
+            --certificate-github-workflow-ref ""refs/tags/$VERSION"" \
             --signature ""$BLOB.sig"" \
             --certificate ""$BLOB.cert""
     done",accepted_fault,Build Failure,Build Configuration Error
issta2024_bugs_in_pods_understanding_bugs:f38ecc4519f20a7f,issta2024_bugs_in_pods_understanding_bugs,runc,https://github.com/opencontainers/runc/commit/8f1b4d4a6f5cc1798c148bcf29cfdbdb465c44e3,"libct/cg: mv fscommon.{Open,Read,Write}File to cgroups","This is a better place as cgroups itself is using these.
Should help with moving more stuff common in between fs and fs2 to
fscommon.

Looks big, but this is just moving the code around:

 fscommon/{fscommon,open}.go -> cgroups/file.go
 fscommon/fscommon_test.go   -> cgroups/file_test.go

and fixes for TestMode moved to a different package.

There's no functional change.

Signed-off-by: Kir Kolyshkin <kolyshkin@gmail.com>",no_comments_in_source,committed,2021-06-11T20:31:19+00:00,"[""libcontainer/cgroups/fscommon/open.go → libcontainer/cgroups/file.go"", ""...ntainer/cgroups/fscommon/fscommon_test.go → libcontainer/cgroups/file_test.go"", ""libcontainer/cgroups/fs/fs_test.go"", ""libcontainer/cgroups/fs/util_test.go"", ""libcontainer/cgroups/fs2/io_test.go"", ""libcontainer/cgroups/fscommon/fscommon.go"", ""libcontainer/cgroups/fscommon/utils.go"", ""libcontainer/cgroups/fscommon/utils_test.go"", ""libcontainer/cgroups/utils.go""]","diff --git a/libcontainer/cgroups/fscommon/open.go b/libcontainer/cgroups/file.go
similarity index 72%
rename from libcontainer/cgroups/fscommon/open.go
rename to libcontainer/cgroups/file.go
index e95876a2176..5f6ab9fd699 100644
--- a/libcontainer/cgroups/fscommon/open.go
+++ b/libcontainer/cgroups/file.go
@@ -1,6 +1,7 @@
-package fscommon
+package cgroups
 
 import (
+	""bytes""
 	""os""
 	""strings""
 	""sync""
@@ -10,6 +11,54 @@ import (
 	""golang.org/x/sys/unix""
 )
 
+// OpenFile opens a cgroup file in a given dir with given flags.
+// It is supposed to be used for cgroup files only.
+func OpenFile(dir, file string, flags int) (*os.File, error) {
+	if dir == """" {
+		return nil, errors.Errorf(""no directory specified for %s"", file)
+	}
+	return openFile(dir, file, flags)
+}
+
+// ReadFile reads data from a cgroup file in dir.
+// It is supposed to be used for cgroup files only.
+func ReadFile(dir, file string) (string, error) {
+	fd, err := OpenFile(dir, file, unix.O_RDONLY)
+	if err != nil {
+		return """", err
+	}
+	defer fd.Close()
+	var buf bytes.Buffer
+
+	_, err = buf.ReadFrom(fd)
+	return buf.String(), err
+}
+
+// WriteFile writes data to a cgroup file in dir.
+// It is supposed to be used for cgroup files only.
+func WriteFile(dir, file, data string) error {
+	fd, err := OpenFile(dir, file, unix.O_WRONLY)
+	if err != nil {
+		return err
+	}
+	defer fd.Close()
+	if err := retryingWriteFile(fd, data); err != nil {
+		return errors.Wrapf(err, ""failed to write %q"", data)
+	}
+	return nil
+}
+
+func retryingWriteFile(fd *os.File, data string) error {
+	for {
+		_, err := fd.Write([]byte(data))
+		if errors.Is(err, unix.EINTR) {
+			logrus.Infof(""interrupted while writing %s to %s"", data, fd.Name())
+			continue
+		}
+		return err
+	}
+}
+
 const (
 	cgroupfsDir    = ""/sys/fs/cgroup""
 	cgroupfsPrefix = cgroupfsDir + ""/""
@@ -60,10 +109,7 @@ func prepareOpenat2() error {
 
 // OpenFile opens a cgroup file in a given dir with given flags.
 // It is supposed to be used for cgroup files only.
-func OpenFile(dir, file string, flags int) (*os.File, error) {
-	if dir == """" {
-		return nil, errors.Errorf(""no directory specified for %s"", file)
-	}
+func openFile(dir, file string, flags int) (*os.File, error) {
 	mode := os.FileMode(0)
 	if TestMode && flags&os.O_WRONLY != 0 {
 		// ""emulate"" cgroup fs for unit tests
diff --git a/libcontainer/cgroups/fscommon/fscommon_test.go b/libcontainer/cgroups/file_test.go
similarity index 98%
rename from libcontainer/cgroups/fscommon/fscommon_test.go
rename to libcontainer/cgroups/file_test.go
index bed66cbbe5f..4b2cb895007 100644
--- a/libcontainer/cgroups/fscommon/fscommon_test.go
+++ b/libcontainer/cgroups/file_test.go
@@ -1,6 +1,6 @@
 // +build linux
 
-package fscommon
+package cgroups
 
 import (
 	""fmt""
diff --git a/libcontainer/cgroups/fs/fs_test.go b/libcontainer/cgroups/fs/fs_test.go
index b19b26e44b3..1d16ca5e76d 100644
--- a/libcontainer/cgroups/fs/fs_test.go
+++ b/libcontainer/cgroups/fs/fs_test.go
@@ -8,7 +8,6 @@ import (
 	""testing""
 
 	""github.com/opencontainers/runc/libcontainer/cgroups""
-	""github.com/opencontainers/runc/libcontainer/cgroups/fscommon""
 	""github.com/opencontainers/runc/libcontainer/configs""
 )
 
@@ -113,9 +112,9 @@ func BenchmarkGetStats(b *testing.B) {
 
 	// Unset TestMode as we work with real cgroupfs here,
 	// and we want OpenFile to perform the fstype check.
-	fscommon.TestMode = false
+	cgroups.TestMode = false
 	defer func() {
-		fscommon.TestMode = true
+		cgroups.TestMode = true
 	}()
 
 	cg := &configs.Cgroup{
diff --git a/libcontainer/cgroups/fs/util_test.go b/libcontainer/cgroups/fs/util_test.go
index 572c3882bb1..bd73febc8e8 100644
--- a/libcontainer/cgroups/fs/util_test.go
+++ b/libcontainer/cgroups/fs/util_test.go
@@ -13,12 +13,13 @@ import (
 	""path/filepath""
 	""testing""
 
+	""github.com/opencontainers/runc/libcontainer/cgroups""
 	""github.com/opencontainers/runc/libcontainer/cgroups/fscommon""
 	""github.com/opencontainers/runc/libcontainer/configs""
 )
 
 func init() {
-	fscommon.TestMode = true
+	cgroups.TestMode = true
 }
 
 type cgroupTestUtil struct {
diff --git a/libcontainer/cgroups/fs2/io_test.go b/libcontainer/cgroups/fs2/io_test.go
index 71e5c7185a9..9b27061732c 100644
--- a/libcontainer/cgroups/fs2/io_test.go
+++ b/libcontainer/cgroups/fs2/io_test.go
@@ -9,7 +9,6 @@ import (
 	""testing""
 
 	""github.com/opencontainers/runc/libcontainer/cgroups""
-	""github.com/opencontainers/runc/libcontainer/cgroups/fscommon""
 )
 
 const exampleIoStatData = `254:1 rbytes=6901432320 wbytes=14245535744 rios=263278 wios=248603 dbytes=0 dios=0
@@ -59,7 +58,7 @@ func sortBlkioStats(stats *cgroups.BlkioStats) {
 
 func TestStatIo(t *testing.T) {
 	// We're using a fake cgroupfs.
-	fscommon.TestMode = true
+	cgroups.TestMode = true
 
 	fakeCgroupDir, err := ioutil.TempDir("""", ""runc-stat-io-test.*"")
 	if err != nil {
diff --git a/libcontainer/cgroups/fscommon/fscommon.go b/libcontainer/cgroups/fscommon/fscommon.go
deleted file mode 100644
index ae2613cdbd1..00000000000
--- a/libcontainer/cgroups/fscommon/fscommon.go
+++ /dev/null
@@ -1,51 +0,0 @@
-// +build linux
-
-package fscommon
-
-import (
-	""bytes""
-	""os""
-
-	""github.com/pkg/errors""
-	""github.com/sirupsen/logrus""
-	""golang.org/x/sys/unix""
-)
-
-// WriteFile writes data to a cgroup file in dir.
-// It is supposed to be used for cgroup files only.
-func WriteFile(dir, file, data string) error {
-	fd, err := OpenFile(dir, file, unix.O_WRONLY)
-	if err != nil {
-		return err
-	}
-	defer fd.Close()
-	if err := retryingWriteFile(fd, data); err != nil {
-		return errors.Wrapf(err, ""failed to write %q"", data)
-	}
-	return nil
-}
-
-// ReadFile reads data from a cgroup file in dir.
-// It is supposed to be used for cgroup files only.
-func ReadFile(dir, file string) (string, error) {
-	fd, err := OpenFile(dir, file, unix.O_RDONLY)
-	if err != nil {
-		return """", err
-	}
-	defer fd.Close()
-	var buf bytes.Buffer
-
-	_, err = buf.ReadFrom(fd)
-	return buf.String(), err
-}
-
-func retryingWriteFile(fd *os.File, data string) error {
-	for {
-		_, err := fd.Write([]byte(data))
-		if errors.Is(err, unix.EINTR) {
-			logrus.Infof(""interrupted while writing %s to %s"", data, fd.Name())
-			continue
-		}
-		return err
-	}
-}
diff --git a/libcontainer/cgroups/fscommon/utils.go b/libcontainer/cgroups/fscommon/utils.go
index 44d57f478e9..6bc990ad5aa 100644
--- a/libcontainer/cgroups/fscommon/utils.go
+++ b/libcontainer/cgroups/fscommon/utils.go
@@ -8,9 +8,17 @@ import (
 	""math""
 	""strconv""
 	""strings""
+
+	""github.com/opencontainers/runc/libcontainer/cgroups""
 )
 
-var ErrNotValidFormat = errors.New(""line is not a valid key value format"")
+var (
+	ErrNotValidFormat = errors.New(""line is not a valid key value format"")
+
+	OpenFile  = cgroups.OpenFile
+	ReadFile  = cgroups.ReadFile
+	WriteFile = cgroups.WriteFile
+)
 
 // ParseUint converts a string to an uint64 integer.
 // Negative values are returned at zero as, due to kernel bugs,
@@ -55,7 +63,7 @@ func ParseKeyValue(t string) (string, uint64, error) {
 // and returns a value of the specified key. ParseUint is used for value
 // conversion.
 func GetValueByKey(path, file, key string) (uint64, error) {
-	content, err := ReadFile(path, file)
+	content, err := cgroups.ReadFile(path, file)
 	if err != nil {
 		return 0, err
 	}
@@ -93,7 +101,7 @@ func GetCgroupParamUint(path, file string) (uint64, error) {
 // GetCgroupParamInt reads a single int64 value from specified cgroup file.
 // If the value read is ""max"", the math.MaxInt64 is returned.
 func GetCgroupParamInt(path, file string) (int64, error) {
-	contents, err := ReadFile(path, file)
+	contents, err := cgroups.ReadFile(path, file)
 	if err != nil {
 		return 0, err
 	}
@@ -111,7 +119,7 @@ func GetCgroupParamInt(path, file string) (int64, error) {
 
 // GetCgroupParamString reads a string from the specified cgroup file.
 func GetCgroupParamString(path, file string) (string, error) {
-	contents, err := ReadFile(path, file)
+	contents, err := cgroups.ReadFile(path, file)
 	if err != nil {
 		return """", err
 	}
diff --git a/libcontainer/cgroups/fscommon/utils_test.go b/libcontainer/cgroups/fscommon/utils_test.go
index ba18435ee4f..103b9bed225 100644
--- a/libcontainer/cgroups/fscommon/utils_test.go
+++ b/libcontainer/cgroups/fscommon/utils_test.go
@@ -9,6 +9,8 @@ import (
 	""path/filepath""
 	""strconv""
 	""testing""
+
+	""github.com/opencontainers/runc/libcontainer/cgroups""
 )
 
 const (
@@ -18,7 +20,7 @@ const (
 )
 
 func init() {
-	TestMode = true
+	cgroups.TestMode = true
 }
 
 func TestGetCgroupParamsInt(t *testing.T) {
diff --git a/libcontainer/cgroups/utils.go b/libcontainer/cgroups/utils.go
index 35de12dd81c..92606525b4d 100644
--- a/libcontainer/cgroups/utils.go
+++ b/libcontainer/cgroups/utils.go
@@ -15,7 +15,6 @@ import (
 	""sync""
 	""time""
 
-	""github.com/opencontainers/runc/libcontainer/cgroups/fscommon""
 	""github.com/opencontainers/runc/libcontainer/userns""
 	""github.com/sirupsen/logrus""
 	""golang.org/x/sys/unix""
@@ -88,7 +87,7 @@ func GetAllSubsystems() ([]string, error) {
 		// - freezer: implemented in kernel 5.2
 		// We assume these are always available, as it is hard to detect availability.
 		pseudo := []string{""devices"", ""freezer""}
-		data, err := fscommon.ReadFile(""/sys/fs/cgroup"", ""cgroup.controllers"")
+		data, err := ReadFile(""/sys/fs/cgroup"", ""cgroup.controllers"")
 		if err != nil {
 			return nil, err
 		}
@@ -375,7 +374,7 @@ func WriteCgroupProc(dir string, pid int) error {
 		return nil
 	}
 
-	file, err := fscommon.OpenFile(dir, CgroupProcesses, os.O_WRONLY)
+	file, err := OpenFile(dir, CgroupProcesses, os.O_WRONLY)
 	if err != nil {
 		return fmt.Errorf(""failed to write %v to %v: %v"", pid, CgroupProcesses, err)
 	}",rejected_candidate,,
issta2024_bugs_in_pods_understanding_bugs:fcaa4823d8c00439,issta2024_bugs_in_pods_understanding_bugs,containerd,https://github.com/containerd/containerd/commit/7bc5aa74c2cf054b8e5a7982cad073c252fb5f4a,Fix pull fails on unexpected EOF,"Currently, containerd doesn't restart pull when it encounters unexpected EOF of
blob strem withtout error codes.
There are cases where this lead to pull failure.
This commit tries to fix this issue.

Signed-off-by: Kohei Tokunaga <ktokunaga.mail@gmail.com>",no_comments_in_source,committed,2021-08-27T14:35:44+00:00,"[""remotes/docker/httpreadseeker.go""]","diff --git a/remotes/docker/httpreadseeker.go b/remotes/docker/httpreadseeker.go
index 704eba42783c3..58c866bcdec17 100644
--- a/remotes/docker/httpreadseeker.go
+++ b/remotes/docker/httpreadseeker.go
@@ -26,12 +26,16 @@ import (
 	""github.com/pkg/errors""
 )
 
+const maxRetry = 3
+
 type httpReadSeeker struct {
 	size   int64
 	offset int64
 	rc     io.ReadCloser
 	open   func(offset int64) (io.ReadCloser, error)
 	closed bool
+
+	errsWithNoProgress int
 }
 
 func newHTTPReadSeeker(size int64, open func(offset int64) (io.ReadCloser, error)) (io.ReadCloser, error) {
@@ -53,6 +57,27 @@ func (hrs *httpReadSeeker) Read(p []byte) (n int, err error) {
 
 	n, err = rd.Read(p)
 	hrs.offset += int64(n)
+	if n > 0 || err == nil {
+		hrs.errsWithNoProgress = 0
+	}
+	if err == io.ErrUnexpectedEOF {
+		// connection closed unexpectedly. try reconnecting.
+		if n == 0 {
+			hrs.errsWithNoProgress++
+			if hrs.errsWithNoProgress > maxRetry {
+				return // too many retries for this offset with no progress
+			}
+		}
+		if hrs.rc != nil {
+			if clsErr := hrs.rc.Close(); clsErr != nil {
+				log.L.WithError(clsErr).Errorf(""httpReadSeeker: failed to close ReadCloser"")
+			}
+			hrs.rc = nil
+		}
+		if _, err2 := hrs.reader(); err2 == nil {
+			return n, nil
+		}
+	}
 	return
 }",accepted_fault,Preset Exit Code,Wrong Code Logic
