record_id,paper_id,source_project,issue_url,title,body,comments,state,created_at,changed_files,code_diff,decision,symptom,root_cause
issta2024_bugs_in_pods_understanding_bugs:0d315dc3b48325c7,issta2024_bugs_in_pods_understanding_bugs,gvisor,https://github.com/google/gvisor/commit/d62190f8b521fa1b4cc7fc26b24b3f821f198bf7,Fix lisafs bug which tramples dentry UID on remote revalidation.,PiperOrigin-RevId: 414483232,no_comments_in_source,committed,2021-12-06T18:33:02+00:00,"[""pkg/sentry/fsimpl/gofer/gofer.go"", ""runsc/fsgofer/lisafs.go""]","diff --git a/pkg/sentry/fsimpl/gofer/gofer.go b/pkg/sentry/fsimpl/gofer/gofer.go
index b98825e267..5ef3cf4454 100644
--- a/pkg/sentry/fsimpl/gofer/gofer.go
+++ b/pkg/sentry/fsimpl/gofer/gofer.go
@@ -1173,7 +1173,7 @@ func (d *dentry) updateFromLisaStatLocked(stat *linux.Statx) {
 		atomic.StoreUint32(&d.uid, dentryUIDFromLisaUID(lisafs.UID(stat.UID)))
 	}
 	if stat.Mask&linux.STATX_GID != 0 {
-		atomic.StoreUint32(&d.uid, dentryGIDFromLisaGID(lisafs.GID(stat.GID)))
+		atomic.StoreUint32(&d.gid, dentryGIDFromLisaGID(lisafs.GID(stat.GID)))
 	}
 	if stat.Blksize != 0 {
 		atomic.StoreUint32(&d.blockSize, stat.Blksize)
diff --git a/runsc/fsgofer/lisafs.go b/runsc/fsgofer/lisafs.go
index 0db44ff6a8..9e2d6aefc9 100644
--- a/runsc/fsgofer/lisafs.go
+++ b/runsc/fsgofer/lisafs.go
@@ -476,14 +476,12 @@ func (fd *controlFDLisa) OpenCreate(c *lisafs.Connection, comm lisafs.Communicat
 
 		// Set the owners as requested by the client.
 		if err := unix.Fchownat(childFD.hostFD, """", int(uid), int(gid), unix.AT_EMPTY_PATH|unix.AT_SYMLINK_NOFOLLOW); err != nil {
-			log.Infof(""ayush: Fchownat %v"", err)
 			return err
 		}
 
 		// Do not use the stat result from tryOpen because the owners might have
 		// changed. initInode() will stat the FD again and use fresh results.
 		if err := childFD.initInode(&resp.Child); err != nil {
-			log.Infof(""ayush: initInode %v"", err)
 			return err
 		}
 
@@ -491,7 +489,6 @@ func (fd *controlFDLisa) OpenCreate(c *lisafs.Connection, comm lisafs.Communicat
 		flags |= openFlags
 		newHostFD, err := unix.Openat(int(procSelfFD.FD()), strconv.Itoa(childFD.hostFD), int(flags)&^unix.O_NOFOLLOW, 0)
 		if err != nil {
-			log.Infof(""ayush: Openat %v"", err)
 			return err
 		}
 		cu.Release()",accepted_fault,Incorrect Return Value,Others
issta2024_bugs_in_pods_understanding_bugs:15d137996684250f,issta2024_bugs_in_pods_understanding_bugs,cri-o,https://github.com/cri-o/cri-o/commit/29ce5a7b2a8b74de8ee511866cac411cd8d9c06d,get script: fix conflist path,Signed-off-by: Peter Hunt~ <pehunt@redhat.com>,no_comments_in_source,committed,2022-12-22T15:26:32+00:00,"[""contrib/bundle/install"", ""scripts/get""]","diff --git a/contrib/bundle/install b/contrib/bundle/install
index 2757a9d77be..63d177eb020 100644
--- a/contrib/bundle/install
+++ b/contrib/bundle/install
@@ -1,7 +1,7 @@
 set -x
 install $SELINUX -d -m 755 ""$DESTDIR$CNIDIR""
 install $SELINUX -D -m 755 -t ""$DESTDIR$OPT_CNI_BIN_DIR"" cni-plugins/*
-install $SELINUX -D -m 644 -t ""$DESTDIR$CNIDIR"" /contrib/cni/10-crio-bridge.conflist
+install $SELINUX -D -m 644 -t ""$DESTDIR$CNIDIR"" contrib/10-crio-bridge.conflist
 install $SELINUX -D -m 755 -t ""$DESTDIR$BINDIR"" bin/conmon
 install $SELINUX -D -m 755 -t ""$DESTDIR$BINDIR"" bin/crictl
 install $SELINUX -d -m 755 ""$DESTDIR$BASHINSTALLDIR""
diff --git a/scripts/get b/scripts/get
index 8edaecb2ecb..c34e8caf4e6 100755
--- a/scripts/get
+++ b/scripts/get
@@ -212,7 +212,7 @@ ARCH=${ARCH:-amd64}
 set -x
 install $SELINUX -d -m 755 ""$DESTDIR$CNIDIR""
 install $SELINUX -D -m 755 -t ""$DESTDIR$OPT_CNI_BIN_DIR"" cni-plugins/*
-install $SELINUX -D -m 644 -t ""$DESTDIR$CNIDIR"" /contrib/cni/10-crio-bridge.conflist
+install $SELINUX -D -m 644 -t ""$DESTDIR$CNIDIR"" contrib/10-crio-bridge.conflist
 install $SELINUX -D -m 755 -t ""$DESTDIR$BINDIR"" bin/conmon
 install $SELINUX -D -m 755 -t ""$DESTDIR$BINDIR"" bin/crictl
 install $SELINUX -d -m 755 ""$DESTDIR$BASHINSTALLDIR""",accepted_fault,Build Failure,Build Configuration Error
issta2024_bugs_in_pods_understanding_bugs:17d40dffef663ded,issta2024_bugs_in_pods_understanding_bugs,containerd,https://github.com/containerd/containerd/commit/241563be06a3de8b6a849414c4e805b68d3bb295,Merge pull request from GHSA-2qjp-425j-52j9,CRI stream server: Fix goroutine leak in Exec,no_comments_in_source,committed,2022-12-07T21:50:26+00:00,"[""pkg/cri/streaming/remotecommand/httpstream.go""]","diff --git a/pkg/cri/streaming/remotecommand/httpstream.go b/pkg/cri/streaming/remotecommand/httpstream.go
index 0417a1a9e6692..9177fa794d2e6 100644
--- a/pkg/cri/streaming/remotecommand/httpstream.go
+++ b/pkg/cri/streaming/remotecommand/httpstream.go
@@ -33,6 +33,7 @@ limitations under the License.
 package remotecommand
 
 import (
+	gocontext ""context""
 	""encoding/json""
 	""errors""
 	""fmt""
@@ -132,7 +133,7 @@ func createStreams(req *http.Request, w http.ResponseWriter, opts *Options, supp
 
 	if ctx.resizeStream != nil {
 		ctx.resizeChan = make(chan remotecommand.TerminalSize)
-		go handleResizeEvents(ctx.resizeStream, ctx.resizeChan)
+		go handleResizeEvents(req.Context(), ctx.resizeStream, ctx.resizeChan)
 	}
 
 	return ctx, true
@@ -425,7 +426,7 @@ WaitForStreams:
 // supportsTerminalResizing returns false because v1ProtocolHandler doesn't support it.
 func (*v1ProtocolHandler) supportsTerminalResizing() bool { return false }
 
-func handleResizeEvents(stream io.Reader, channel chan<- remotecommand.TerminalSize) {
+func handleResizeEvents(ctx gocontext.Context, stream io.Reader, channel chan<- remotecommand.TerminalSize) {
 	defer runtime.HandleCrash()
 	defer close(channel)
 
@@ -435,7 +436,15 @@ func handleResizeEvents(stream io.Reader, channel chan<- remotecommand.TerminalS
 		if err := decoder.Decode(&size); err != nil {
 			break
 		}
-		channel <- size
+
+		select {
+		case channel <- size:
+		case <-ctx.Done():
+			// To avoid leaking this routine, exit if the http request finishes. This path
+			// would generally be hit if starting the process fails and nothing is started to
+			// ingest these resize events.
+			return
+		}
 	}
 }",accepted_fault,Host Memory Leak,Wrong Code Logic
issta2024_bugs_in_pods_understanding_bugs:1d335283f7af956c,issta2024_bugs_in_pods_understanding_bugs,gvisor,https://github.com/google/gvisor/commit/8ebc4d767a432c7a4a97e25e048a1380b2a2e442,Accept no buffer space errors when forwarding,"The outgoing device queue may be full when forwarding packets and those
errors should not result in a panic.

PiperOrigin-RevId: 499946528",no_comments_in_source,committed,2023-01-05T19:13:51+00:00,"[""pkg/tcpip/network/internal/ip/errors.go"", ""pkg/tcpip/network/internal/ip/stats.go"", ""pkg/tcpip/network/ipv4/ipv4.go"", ""pkg/tcpip/network/ipv6/ipv6.go"", ""pkg/tcpip/tcpip.go"", ""pkg/tcpip/tests/integration/forward_test.go""]","diff --git a/pkg/tcpip/network/internal/ip/errors.go b/pkg/tcpip/network/internal/ip/errors.go
index 5ff59fd598..0624996f3c 100644
--- a/pkg/tcpip/network/internal/ip/errors.go
+++ b/pkg/tcpip/network/internal/ip/errors.go
@@ -34,6 +34,14 @@ func (*ErrTTLExceeded) isForwardingError() {}
 
 func (*ErrTTLExceeded) String() string { return ""ttl exceeded"" }
 
+// ErrOutgoingDeviceNoBufferSpace indicates that the outgoing device does not
+// have enough space to hold a buffer.
+type ErrOutgoingDeviceNoBufferSpace struct{}
+
+func (*ErrOutgoingDeviceNoBufferSpace) isForwardingError() {}
+
+func (*ErrOutgoingDeviceNoBufferSpace) String() string { return ""no device buffer space"" }
+
 // ErrParameterProblem indicates the received packet had a problem with an IP
 // parameter.
 type ErrParameterProblem struct{}
diff --git a/pkg/tcpip/network/internal/ip/stats.go b/pkg/tcpip/network/internal/ip/stats.go
index 83b0b63fbc..9861bce0d2 100644
--- a/pkg/tcpip/network/internal/ip/stats.go
+++ b/pkg/tcpip/network/internal/ip/stats.go
@@ -64,6 +64,10 @@ type MultiCounterIPForwardingStats struct {
 	// were dropped due to insufficent buffer space in the pending packet queue.
 	NoMulticastPendingQueueBufferSpace tcpip.MultiCounterStat
 
+	// OutgoingDeviceNoBufferSpace is the number of packets that were dropped due
+	// to insufficient space in the outgoing device.
+	OutgoingDeviceNoBufferSpace tcpip.MultiCounterStat
+
 	// Errors is the number of IP packets received which could not be
 	// successfully forwarded.
 	Errors tcpip.MultiCounterStat
@@ -82,6 +86,7 @@ func (m *MultiCounterIPForwardingStats) Init(a, b *tcpip.IPForwardingStats) {
 	m.UnexpectedMulticastInputInterface.Init(a.UnexpectedMulticastInputInterface, b.UnexpectedMulticastInputInterface)
 	m.UnknownOutputEndpoint.Init(a.UnknownOutputEndpoint, b.UnknownOutputEndpoint)
 	m.NoMulticastPendingQueueBufferSpace.Init(a.NoMulticastPendingQueueBufferSpace, b.NoMulticastPendingQueueBufferSpace)
+	m.OutgoingDeviceNoBufferSpace.Init(a.OutgoingDeviceNoBufferSpace, b.OutgoingDeviceNoBufferSpace)
 }
 
 // LINT.ThenChange(:MultiCounterIPForwardingStats, ../../../tcpip.go:IPForwardingStats)
diff --git a/pkg/tcpip/network/ipv4/ipv4.go b/pkg/tcpip/network/ipv4/ipv4.go
index c669b888d2..b70e3bc9d5 100644
--- a/pkg/tcpip/network/ipv4/ipv4.go
+++ b/pkg/tcpip/network/ipv4/ipv4.go
@@ -691,6 +691,8 @@ func (e *endpoint) forwardPacketWithRoute(route *stack.Route, pkt stack.PacketBu
 		// necessary and the bit is also set.
 		_ = e.protocol.returnError(&icmpReasonFragmentationNeeded{}, pkt, false /* deliveredLocally */)
 		return &ip.ErrMessageTooLong{}
+	case *tcpip.ErrNoBufferSpace:
+		return &ip.ErrOutgoingDeviceNoBufferSpace{}
 	default:
 		return &ip.ErrOther{Err: err}
 	}
@@ -1105,7 +1107,7 @@ func (e *endpoint) handleValidatedPacket(h header.IPv4, pkt stack.PacketBufferPt
 // counters.
 func (e *endpoint) handleForwardingError(err ip.ForwardingError) {
 	stats := e.stats.ip
-	switch err.(type) {
+	switch err := err.(type) {
 	case nil:
 		return
 	case *ip.ErrLinkLocalSourceAddress:
@@ -1126,6 +1128,8 @@ func (e *endpoint) handleForwardingError(err ip.ForwardingError) {
 		stats.Forwarding.UnexpectedMulticastInputInterface.Increment()
 	case *ip.ErrUnknownOutputEndpoint:
 		stats.Forwarding.UnknownOutputEndpoint.Increment()
+	case *ip.ErrOutgoingDeviceNoBufferSpace:
+		stats.Forwarding.OutgoingDeviceNoBufferSpace.Increment()
 	default:
 		panic(fmt.Sprintf(""unrecognized forwarding error: %s"", err))
 	}
diff --git a/pkg/tcpip/network/ipv6/ipv6.go b/pkg/tcpip/network/ipv6/ipv6.go
index 9bdd30b647..31f48b37fd 100644
--- a/pkg/tcpip/network/ipv6/ipv6.go
+++ b/pkg/tcpip/network/ipv6/ipv6.go
@@ -1029,6 +1029,8 @@ func (e *endpoint) forwardPacketWithRoute(route *stack.Route, pkt stack.PacketBu
 		//   outgoing link.
 		_ = e.protocol.returnError(&icmpReasonPacketTooBig{}, pkt, false /* deliveredLocally */)
 		return &ip.ErrMessageTooLong{}
+	case *tcpip.ErrNoBufferSpace:
+		return &ip.ErrOutgoingDeviceNoBufferSpace{}
 	default:
 		return &ip.ErrOther{Err: err}
 	}
@@ -1227,7 +1229,7 @@ func (e *endpoint) forwardMulticastPacketForOutgoingInterface(pkt stack.PacketBu
 // counters.
 func (e *endpoint) handleForwardingError(err ip.ForwardingError) {
 	stats := e.stats.ip
-	switch err.(type) {
+	switch err := err.(type) {
 	case nil:
 		return
 	case *ip.ErrLinkLocalSourceAddress:
@@ -1248,6 +1250,8 @@ func (e *endpoint) handleForwardingError(err ip.ForwardingError) {
 		stats.Forwarding.UnexpectedMulticastInputInterface.Increment()
 	case *ip.ErrUnknownOutputEndpoint:
 		stats.Forwarding.UnknownOutputEndpoint.Increment()
+	case *ip.ErrOutgoingDeviceNoBufferSpace:
+		stats.Forwarding.OutgoingDeviceNoBufferSpace.Increment()
 	default:
 		panic(fmt.Sprintf(""unrecognized forwarding error: %s"", err))
 	}
diff --git a/pkg/tcpip/tcpip.go b/pkg/tcpip/tcpip.go
index a439709013..e4c8d666b0 100644
--- a/pkg/tcpip/tcpip.go
+++ b/pkg/tcpip/tcpip.go
@@ -1739,6 +1739,10 @@ type IPForwardingStats struct {
 	// were dropped due to insufficent buffer space in the pending packet queue.
 	NoMulticastPendingQueueBufferSpace *StatCounter
 
+	// OutgoingDeviceNoBufferSpace is the number of packets that were dropped due
+	// to insufficient space in the outgoing device.
+	OutgoingDeviceNoBufferSpace *StatCounter
+
 	// Errors is the number of IP packets received which could not be
 	// successfully forwarded.
 	Errors *StatCounter
diff --git a/pkg/tcpip/tests/integration/forward_test.go b/pkg/tcpip/tests/integration/forward_test.go
index 82702bf4a4..ad0818e97d 100644
--- a/pkg/tcpip/tests/integration/forward_test.go
+++ b/pkg/tcpip/tests/integration/forward_test.go
@@ -349,6 +349,19 @@ func TestForwarding(t *testing.T) {
 	}
 }
 
+type fillableLinkEndpoint struct {
+	*channel.Endpoint
+	full bool
+}
+
+func (e *fillableLinkEndpoint) WritePackets(pkts stack.PacketBufferList) (int, tcpip.Error) {
+	if e.full {
+		return 0, &tcpip.ErrNoBufferSpace{}
+	}
+
+	return e.Endpoint.WritePackets(pkts)
+}
+
 func TestUnicastForwarding(t *testing.T) {
 	const (
 		nicID1 = 1
@@ -362,6 +375,7 @@ func TestUnicastForwarding(t *testing.T) {
 
 	tests := []struct {
 		name             string
+		netProto         tcpip.NetworkProtocolNumber
 		srcAddr, dstAddr tcpip.Address
 		rx               func(*channel.Endpoint, tcpip.Address, tcpip.Address)
 		expectForward    bool
@@ -369,6 +383,7 @@ func TestUnicastForwarding(t *testing.T) {
 	}{
 		{
 			name:          ""IPv4 link-local source"",
+			netProto:      ipv4.ProtocolNumber,
 			srcAddr:       ipv4LinkLocalUnicastAddr,
 			dstAddr:       utils.RemoteIPv4Addr,
 			rx:            rxICMPv4EchoRequest,
@@ -376,6 +391,7 @@ func TestUnicastForwarding(t *testing.T) {
 		},
 		{
 			name:          ""IPv4 link-local destination"",
+			netProto:      ipv4.ProtocolNumber,
 			srcAddr:       utils.RemoteIPv4Addr,
 			dstAddr:       ipv4LinkLocalUnicastAddr,
 			rx:            rxICMPv4EchoRequest,
@@ -383,6 +399,7 @@ func TestUnicastForwarding(t *testing.T) {
 		},
 		{
 			name:          ""IPv4 non-link-local unicast"",
+			netProto:      ipv4.ProtocolNumber,
 			srcAddr:       utils.RemoteIPv4Addr,
 			dstAddr:       utils.Ipv4Addr2.AddressWithPrefix.Address,
 			rx:            rxICMPv4EchoRequest,
@@ -393,6 +410,7 @@ func TestUnicastForwarding(t *testing.T) {
 		},
 		{
 			name:          ""IPv6 link-local source"",
+			netProto:      ipv6.ProtocolNumber,
 			srcAddr:       ipv6LinkLocalUnicastAddr,
 			dstAddr:       utils.RemoteIPv6Addr,
 			rx:            rxICMPv6EchoRequest,
@@ -400,6 +418,7 @@ func TestUnicastForwarding(t *testing.T) {
 		},
 		{
 			name:          ""IPv6 link-local destination"",
+			netProto:      ipv6.ProtocolNumber,
 			srcAddr:       utils.RemoteIPv6Addr,
 			dstAddr:       ipv6LinkLocalUnicastAddr,
 			rx:            rxICMPv6EchoRequest,
@@ -407,6 +426,7 @@ func TestUnicastForwarding(t *testing.T) {
 		},
 		{
 			name:          ""IPv6 non-link-local unicast"",
+			netProto:      ipv6.ProtocolNumber,
 			srcAddr:       utils.RemoteIPv6Addr,
 			dstAddr:       utils.Ipv6Addr2.AddressWithPrefix.Address,
 			rx:            rxICMPv6EchoRequest,
@@ -419,68 +439,99 @@ func TestUnicastForwarding(t *testing.T) {
 
 	for _, test := range tests {
 		t.Run(test.name, func(t *testing.T) {
-			s := stack.New(stack.Options{
-				NetworkProtocols:   []stack.NetworkProtocolFactory{ipv4.NewProtocol, ipv6.NewProtocol},
-				TransportProtocols: []stack.TransportProtocolFactory{udp.NewProtocol},
-			})
+			for _, full := range []bool{true, false} {
+				t.Run(fmt.Sprintf(""Full=%t"", full), func(t *testing.T) {
+					s := stack.New(stack.Options{
+						NetworkProtocols:   []stack.NetworkProtocolFactory{ipv4.NewProtocol, ipv6.NewProtocol},
+						TransportProtocols: []stack.TransportProtocolFactory{udp.NewProtocol},
+					})
 
-			e1 := channel.New(1, header.IPv6MinimumMTU, """")
-			defer e1.Close()
-			if err := s.CreateNIC(nicID1, e1); err != nil {
-				t.Fatalf(""s.CreateNIC(%d, _): %s"", nicID1, err)
-			}
+					e1 := channel.New(1, header.IPv6MinimumMTU, """")
+					defer e1.Close()
+					if err := s.CreateNIC(nicID1, e1); err != nil {
+						t.Fatalf(""s.CreateNIC(%d, _): %s"", nicID1, err)
+					}
 
-			e2 := channel.New(1, header.IPv6MinimumMTU, """")
-			defer e2.Close()
-			if err := s.CreateNIC(nicID2, e2); err != nil {
-				t.Fatalf(""s.CreateNIC(%d, _): %s"", nicID2, err)
-			}
+					e2 := fillableLinkEndpoint{Endpoint: channel.New(1, header.IPv6MinimumMTU, """"), full: full}
+					defer e2.Close()
+					if err := s.CreateNIC(nicID2, &e2); err != nil {
+						t.Fatalf(""s.CreateNIC(%d, _): %s"", nicID2, err)
+					}
 
-			protocolAddrV4 := tcpip.ProtocolAddress{
-				Protocol:          ipv4.ProtocolNumber,
-				AddressWithPrefix: utils.Ipv4Addr,
-			}
-			if err := s.AddProtocolAddress(nicID2, protocolAddrV4, stack.AddressProperties{}); err != nil {
-				t.Fatalf(""AddProtocolAddress(%d, %+v, {}): %s"", nicID2, protocolAddrV4, err)
-			}
-			protocolAddrV6 := tcpip.ProtocolAddress{
-				Protocol:          ipv6.ProtocolNumber,
-				AddressWithPrefix: utils.Ipv6Addr,
-			}
-			if err := s.AddProtocolAddress(nicID2, protocolAddrV6, stack.AddressProperties{}); err != nil {
-				t.Fatalf(""AddProtocolAddress(%d, %+v, {}): %s"", nicID2, protocolAddrV6, err)
-			}
+					protocolAddrV4 := tcpip.ProtocolAddress{
+						Protocol:          ipv4.ProtocolNumber,
+						AddressWithPrefix: utils.Ipv4Addr,
+					}
+					if err := s.AddProtocolAddress(nicID2, protocolAddrV4, stack.AddressProperties{}); err != nil {
+						t.Fatalf(""AddProtocolAddress(%d, %+v, {}): %s"", nicID2, protocolAddrV4, err)
+					}
+					protocolAddrV6 := tcpip.ProtocolAddress{
+						Protocol:          ipv6.ProtocolNumber,
+						AddressWithPrefix: utils.Ipv6Addr,
+					}
+					if err := s.AddProtocolAddress(nicID2, protocolAddrV6, stack.AddressProperties{}); err != nil {
+						t.Fatalf(""AddProtocolAddress(%d, %+v, {}): %s"", nicID2, protocolAddrV6, err)
+					}
 
-			if err := s.SetForwardingDefaultAndAllNICs(ipv4.ProtocolNumber, true); err != nil {
-				t.Fatalf(""s.SetForwardingDefaultAndAllNICs(%d, true): %s"", ipv4.ProtocolNumber, err)
-			}
-			if err := s.SetForwardingDefaultAndAllNICs(ipv6.ProtocolNumber, true); err != nil {
-				t.Fatalf(""s.SetForwardingDefaultAndAllNICs(%d, true): %s"", ipv6.ProtocolNumber, err)
-			}
+					if err := s.SetForwardingDefaultAndAllNICs(ipv4.ProtocolNumber, true); err != nil {
+						t.Fatalf(""s.SetForwardingDefaultAndAllNICs(%d, true): %s"", ipv4.ProtocolNumber, err)
+					}
+					if err := s.SetForwardingDefaultAndAllNICs(ipv6.ProtocolNumber, true); err != nil {
+						t.Fatalf(""s.SetForwardingDefaultAndAllNICs(%d, true): %s"", ipv6.ProtocolNumber, err)
+					}
 
-			s.SetRouteTable([]tcpip.Route{
-				{
-					Destination: header.IPv4EmptySubnet,
-					NIC:         nicID2,
-				},
-				{
-					Destination: header.IPv6EmptySubnet,
-					NIC:         nicID2,
-				},
-			})
+					s.SetRouteTable([]tcpip.Route{
+						{
+							Destination: header.IPv4EmptySubnet,
+							NIC:         nicID2,
+						},
+						{
+							Destination: header.IPv6EmptySubnet,
+							NIC:         nicID2,
+						},
+					})
 
-			test.rx(e1, test.srcAddr, test.dstAddr)
+					test.rx(e1, test.srcAddr, test.dstAddr)
 
-			p := e2.Read()
-			if (!p.IsNil()) != test.expectForward {
-				t.Fatalf(""got e2.Read() = %#v, want = (_ == nil) = %t"", p, test.expectForward)
-			}
+					expectForward := test.expectForward && !full
+					p := e2.Read()
+					if (!p.IsNil()) != expectForward {
+						t.Fatalf(""got e2.Read() = %#v, want = (_ == nil) = %t"", p, expectForward)
+					}
 
-			if test.expectForward {
-				payload := stack.PayloadSince(p.NetworkHeader())
-				defer payload.Release()
-				test.checker(t, payload)
-				p.DecRef()
+					if expectForward {
+						payload := stack.PayloadSince(p.NetworkHeader())
+						defer payload.Release()
+						test.checker(t, payload)
+						p.DecRef()
+					}
+
+					checkOutgoingDeviceNoBufferSpaceCounter := func(nicID tcpip.NICID, expectErr bool) {
+						t.Helper()
+
+						expectCounter := uint64(0)
+						if expectErr {
+							expectCounter = 1
+						}
+
+						netEP, err := s.GetNetworkEndpoint(nicID, test.netProto)
+						if err != nil {
+							t.Fatalf(""s.GetNetworkEndpoint(%d, %d): %s"", nicID, test.netProto, err)
+						}
+
+						stats := netEP.Stats()
+						ipStats, ok := stats.(stack.IPNetworkEndpointStats)
+						if !ok {
+							t.Fatalf(""%#v is not a %T"", stats, ipStats)
+						}
+
+						if got := ipStats.IPStats().Forwarding.OutgoingDeviceNoBufferSpace.Value(); got != expectCounter {
+							t.Errorf(""got ipStats.IPStats().Forwarding.OutgoingDeviceNoBufferSpace.Value() = %d, want = %d"", got, expectCounter)
+						}
+					}
+					checkOutgoingDeviceNoBufferSpaceCounter(nicID1, test.expectForward && full)
+					checkOutgoingDeviceNoBufferSpaceCounter(nicID2, false)
+				})
 			}
 		})
 	}",accepted_fault,Runtime Daemon Crash,Improper Exception Handling
issta2024_bugs_in_pods_understanding_bugs:241c9fd963c3a73e,issta2024_bugs_in_pods_understanding_bugs,containerd,https://github.com/containerd/containerd/commit/46773c341796748a7057e4f03826e738bc6778ec,Cleanup leaked shim process,"If containerd crashes while creating a container the shim process stays alive and is never
cleaned up. Details are discussed in issue containerd/containerd#6860. This fixes the code
to cleanup such shim processes on containerd restart.

Signed-off-by: Amit Barve <ambarve@microsoft.com>",no_comments_in_source,committed,2022-04-27T18:43:23+00:00,"[""runtime/v2/manager.go"", ""runtime/v2/shim_load.go""]","diff --git a/runtime/v2/manager.go b/runtime/v2/manager.go
index 99ee7d16d7426..17f39fbfc0c51 100644
--- a/runtime/v2/manager.go
+++ b/runtime/v2/manager.go
@@ -38,6 +38,7 @@ import (
 	""github.com/containerd/containerd/protobuf""
 	""github.com/containerd/containerd/runtime""
 	shimbinary ""github.com/containerd/containerd/runtime/v2/shim""
+	""github.com/containerd/containerd/sandbox""
 	ocispec ""github.com/opencontainers/image-spec/specs-go/v1""
 )
 
@@ -78,6 +79,7 @@ func init() {
 				return nil, err
 			}
 			cs := metadata.NewContainerStore(m.(*metadata.DB))
+			ss := metadata.NewSandboxStore(m.(*metadata.DB))
 			events := ep.(*exchange.Exchange)
 
 			shimManager, err := NewShimManager(ic.Context, &ManagerConfig{
@@ -88,6 +90,7 @@ func init() {
 				Events:       events,
 				Store:        cs,
 				SchedCore:    config.SchedCore,
+				SandboxStore: ss,
 			})
 			if err != nil {
 				return nil, err
@@ -124,6 +127,7 @@ type ManagerConfig struct {
 	Address      string
 	TTRPCAddress string
 	SchedCore    bool
+	SandboxStore sandbox.Store
 }
 
 // NewShimManager creates a manager for v2 shims
@@ -143,6 +147,7 @@ func NewShimManager(ctx context.Context, config *ManagerConfig) (*ShimManager, e
 		events:                 config.Events,
 		containers:             config.Store,
 		schedCore:              config.SchedCore,
+		sandboxStore:           config.SandboxStore,
 	}
 
 	if err := m.loadExistingTasks(ctx); err != nil {
@@ -167,6 +172,7 @@ type ShimManager struct {
 	containers             containers.Store
 	// runtimePaths is a cache of `runtime names` -> `resolved fs path`
 	runtimePaths sync.Map
+	sandboxStore sandbox.Store
 }
 
 // ID of the shim manager
diff --git a/runtime/v2/shim_load.go b/runtime/v2/shim_load.go
index afd2dfb4fcf67..760a6a7f2223f 100644
--- a/runtime/v2/shim_load.go
+++ b/runtime/v2/shim_load.go
@@ -18,9 +18,11 @@ package v2
 
 import (
 	""context""
+	""errors""
 	""os""
 	""path/filepath""
 
+	""github.com/containerd/containerd/errdefs""
 	""github.com/containerd/containerd/log""
 	""github.com/containerd/containerd/mount""
 	""github.com/containerd/containerd/namespaces""
@@ -139,7 +141,26 @@ func (m *ShimManager) loadShims(ctx context.Context) error {
 			cleanupAfterDeadShim(ctx, id, ns, m.shims, m.events, binaryCall)
 			continue
 		}
-		m.shims.Add(ctx, shim)
+
+		// There are 3 possibilities for the loaded shim here:
+		// 1. It could be a shim that is running a task.
+		// 2. It could be a sandbox shim.
+		// 3. Or it could be a shim that was created for running a task but
+		// something happened (probably a containerd crash) and the task was never
+		// created. This shim process should be cleaned up here. Look at
+		// containerd/containerd#6860 for further details.
+
+		_, sgetErr := m.sandboxStore.Get(ctx, id)
+		pInfo, pidErr := shim.Pids(ctx)
+		if sgetErr != nil && errors.Is(sgetErr, errdefs.ErrNotFound) && (len(pInfo) == 0 || errors.Is(pidErr, errdefs.ErrNotFound)) {
+			log.G(ctx).WithField(""id"", id).Info(""cleaning leaked shim process"")
+			// We are unable to get Pids from the shim and it's not a sandbox
+			// shim. We should clean it up her.
+			// No need to do anything for removeTask since we never added this shim.
+			shim.delete(ctx, false, func(ctx context.Context, id string) {})
+		} else {
+			m.shims.Add(ctx, shim)
+		}
 	}
 	return nil
 }",accepted_fault,Host Memory Leak,Inappropriate Lifecycle Organization
issta2024_bugs_in_pods_understanding_bugs:2ebacd54126e095e,issta2024_bugs_in_pods_understanding_bugs,cri-o,https://github.com/cri-o/cri-o/commit/62d77513b8bc0412ba0b3e1c56670eb7a7abfd46,Track type of all bind mounts during checkpointing,"This change is especially helpful to restore containers checkpointed in
Kubernetes.

During restore CRIU remounts all bind mounts which have been mounted in
the container during checkpointing. If the source of the bind mount is
missing, because the restore is on another system or if the restore
happens outside of Kubernetes and Kubernetes specific mount points are
missing, CRIU will fail during restore.

Interestingly CRI-O creates all missing bind mount sources during
container start automatically. During container restore this is
disabled, as CRI-O creates all missing bind mounts as directories.

One very prominent case where this produces an error during restore, is
/etc/resolv.conf. CRI-O would create the source of this bind mount as a
directory and CRIU will try to mount the just created directory as on
the container internal file /etc/resolv.conf. This will fail as the
kernel does not bind mount a directory on a file.

If the container is restored as part of Kubernetes, then Kubernetes will
create all the usual bind mount sources and tell CRI-O to create/restore
the container with those new mount points. CRI-O will adapt the
checkpointed container to mount the bind mounts from the new location.

If the container is restored outside of Kubernetes this information is
missing. CRI-O will tell CRIU to restore the container, CRIU will try to
remount the bind mount and fail if it is missing. The user will get an
error message and needs to create the missing external bind mount source
and then try the restore again. To avoid situations like this, CRI-O
will now track all external bind mount sources and the type and recreate
the external bind mount sources to make the restore successful.

Also reduces the time required for the checkpoint/restore tests from 30
seconds per test case to 10 seconds.

Signed-off-by: Adrian Reber <areber@redhat.com>",no_comments_in_source,committed,2022-09-05T13:01:51+00:00,"[""internal/lib/checkpoint.go"", ""internal/lib/checkpoint_test.go"", ""internal/lib/restore.go"", ""internal/lib/restore_test.go"", ""test/checkpoint.bats""]","diff --git a/internal/lib/checkpoint.go b/internal/lib/checkpoint.go
index b0b0621282e..a25dc90b1f5 100644
--- a/internal/lib/checkpoint.go
+++ b/internal/lib/checkpoint.go
@@ -86,9 +86,7 @@ func (c *ContainerServer) ContainerCheckpoint(ctx context.Context, opts *Contain
 // Copied from libpod/diff.go
 var containerMounts = map[string]bool{
 	""/dev"":               true,
-	""/etc/hostname"":      true,
-	""/etc/hosts"":         true,
-	""/etc/resolv.conf"":   true,
+	""/dev/shm"":           true,
 	""/proc"":              true,
 	""/run"":               true,
 	""/run/.containerenv"": true,
@@ -96,9 +94,24 @@ var containerMounts = map[string]bool{
 	""/sys"":               true,
 }
 
+const bindMount = ""bind""
+
+func skipBindMount(mountPath string, specgen *rspec.Spec) bool {
+	for _, m := range specgen.Mounts {
+		if m.Type != bindMount {
+			continue
+		}
+		if m.Destination == mountPath {
+			return true
+		}
+	}
+
+	return false
+}
+
 // getDiff returns the file system differences
 // Copied from libpod/diff.go and simplified for the checkpoint use case
-func (c *ContainerServer) getDiff(id string) (rchanges []archive.Change, err error) {
+func (c *ContainerServer) getDiff(id string, specgen *rspec.Spec) (rchanges []archive.Change, err error) {
 	layerID, err := c.GetContainerTopLayerID(id)
 	if err != nil {
 		return nil, err
@@ -106,6 +119,9 @@ func (c *ContainerServer) getDiff(id string) (rchanges []archive.Change, err err
 	changes, err := c.store.Changes("""", layerID)
 	if err == nil {
 		for _, c := range changes {
+			if skipBindMount(c.Path, specgen) {
+				continue
+			}
 			if containerMounts[c.Path] {
 				continue
 			}
@@ -122,6 +138,13 @@ type ContainerConfig struct {
 	RootfsImageName string `json:""rootfsImageName,omitempty""`
 }
 
+type ExternalBindMount struct {
+	Source      string `json:""source""`
+	Destination string `json:""destination""`
+	FileType    string `json:""file_type""`
+	Permissions uint32 `json:""permissions""`
+}
+
 // prepareCheckpointExport writes the config and spec to
 // JSON files for later export
 // Podman: libpod/container_internal.go
@@ -146,6 +169,50 @@ func (c *ContainerServer) prepareCheckpointExport(ctr *oci.Container) error {
 		return fmt.Errorf(""generating spec for container %q failed: %w"", ctr.ID(), err)
 	}
 
+	// During container creation CRI-O creates all missing bind mount sources as
+	// directories. This is disabled during restore as CRIU requires the bind mount
+	// source to be of the same type. Directories need to be directories and regular
+	// files need to be regular files. CRIU will fail to bind mount a directory on
+	// a file. Especiallay when restoring a Kubernetes container outside of Kubernetes
+	// a couple of bind mounts are files (e.g. /etc/resolv.conf). To solve this
+	// CRI-O is now tracking all bind mount types in the checkpoint archive. This
+	// way it is possible to know if a missing bind mount needs to be a file or a
+	// directory.
+	var externalBindMounts []ExternalBindMount //nolint:prealloc
+	for _, m := range g.Config.Mounts {
+		if containerMounts[m.Destination] {
+			continue
+		}
+		if m.Type != bindMount {
+			continue
+		}
+		fileInfo, err := os.Stat(m.Source)
+		if err != nil {
+			return fmt.Errorf(""unable to stat() %q: %w"", m.Source, err)
+		}
+
+		externalBindMounts = append(
+			externalBindMounts,
+			ExternalBindMount{
+				Source:      m.Source,
+				Destination: m.Destination,
+				FileType: func() string {
+					if fileInfo.Mode().IsDir() {
+						return ""directory""
+					}
+					return ""file""
+				}(),
+				Permissions: uint32(fileInfo.Mode().Perm()),
+			},
+		)
+	}
+
+	if len(externalBindMounts) > 0 {
+		if _, err := metadata.WriteJSONFile(externalBindMounts, ctr.Dir(), ""bind.mounts""); err != nil {
+			return fmt.Errorf(""error writing 'bind.mounts' for %q: %w"", ctr.ID(), err)
+		}
+	}
+
 	return nil
 }
 
@@ -159,10 +226,11 @@ func (c *ContainerServer) exportCheckpoint(ctr *oci.Container, specgen *rspec.Sp
 		metadata.CheckpointDirectory,
 		metadata.ConfigDumpFile,
 		metadata.SpecDumpFile,
+		""bind.mounts"",
 	}
 
 	// To correctly track deleted files, let's go through the output of 'podman diff'
-	rootFsChanges, err := c.getDiff(id)
+	rootFsChanges, err := c.getDiff(id, specgen)
 	if err != nil {
 		return fmt.Errorf(""error exporting root file-system diff for %q: %w"", id, err)
 	}
diff --git a/internal/lib/checkpoint_test.go b/internal/lib/checkpoint_test.go
index cbf1a1f169e..956c63fbe7a 100644
--- a/internal/lib/checkpoint_test.go
+++ b/internal/lib/checkpoint_test.go
@@ -2,6 +2,7 @@ package lib_test
 
 import (
 	""context""
+	""fmt""
 	""os""
 
 	""github.com/containers/podman/v4/pkg/criu""
@@ -102,6 +103,40 @@ var _ = t.Describe(""ContainerCheckpoint"", func() {
 			// Given
 			var opts lib.ContainerCheckpointRestoreOptions
 
+			// Overwrite container config to add external bind mounts
+			tmpFile, err := os.CreateTemp("""", ""restore-test-file"")
+			Expect(err).To(BeNil())
+			tmpDir, err := os.MkdirTemp("""", ""restore-test-directory"")
+			Expect(err).To(BeNil())
+			defer os.RemoveAll(tmpFile.Name())
+			defer os.RemoveAll(tmpDir)
+
+			containerConfig := fmt.Sprintf( //nolint:gocritic
+				`{""linux"":{},""process"":{},""mounts"":[{""source"":""%s"",""destination"":""/dir"",""type"":""bind""},`,
+				tmpDir,
+			)
+			containerConfig = fmt.Sprintf( //nolint:gocritic
+				`%s{""source"":""%s"",""destination"":""/file"",""type"":""bind""},`,
+				containerConfig,
+				tmpFile.Name(),
+			)
+			containerConfig = fmt.Sprintf(
+				`%s{""source"":""/tmp"",""destination"":""/tmp"",""type"":""no-bind""},`,
+				containerConfig,
+			)
+			containerConfig = fmt.Sprintf(
+				`%s{""source"":""/proc"",""destination"":""/proc"",""type"":""bind""}]}`,
+				containerConfig,
+			)
+			containerConfig = fmt.Sprintf(
+				`%s]}`,
+				containerConfig,
+			)
+
+			fmt.Printf(""json:%s\n"", containerConfig)
+
+			Expect(os.WriteFile(""config.json"", []byte(containerConfig), 0o644)).To(BeNil())
+
 			addContainerAndSandbox()
 			opts.Container = containerID
 			opts.TargetFile = ""cp.tar""
diff --git a/internal/lib/restore.go b/internal/lib/restore.go
index f3323f93442..4e81d4123c0 100644
--- a/internal/lib/restore.go
+++ b/internal/lib/restore.go
@@ -89,6 +89,7 @@ func (c *ContainerServer) ContainerRestore(ctx context.Context, opts *ContainerC
 				metadata.DeletedFilesFile,
 				metadata.PodOptionsFile,
 				metadata.PodDumpFile,
+				""bind.mounts"",
 			}
 			for _, name := range checkpoint {
 				src := filepath.Join(imageMountPoint, name)
@@ -105,6 +106,78 @@ func (c *ContainerServer) ContainerRestore(ctx context.Context, opts *ContainerC
 		if err := c.restoreFileSystemChanges(ctr, mountPoint); err != nil {
 			return """", err
 		}
+
+		_, err = os.Stat(filepath.Join(ctr.Dir(), ""bind.mounts""))
+		if err == nil {
+			// If the file does not exist we assume it is an older checkpoint archive
+			// without this type of file and we just ignore it. Possible failures are
+			// caught in the next block.
+			var externalBindMounts []ExternalBindMount
+			_, err := metadata.ReadJSONFile(&externalBindMounts, ctr.Dir(), ""bind.mounts"")
+			if err != nil {
+				return """", err
+			}
+			for _, e := range externalBindMounts {
+				if func() bool {
+					for _, m := range ctrSpec.Config.Mounts {
+						if (m.Destination == e.Destination) && (m.Source != e.Source) {
+							// If the source differs this means that the external mount
+							// source has already been fixed up earlier by the restore
+							// code and no need to deal with it here.
+							// Good example is the /etc/resolv.conf bind mount is now
+							// pointing to the new /etc/resolv.conf of the new pod.
+							return true
+						}
+					}
+					return false
+				}() {
+					continue
+				}
+				_, err = os.Lstat(e.Source)
+				if err != nil {
+					// Even if this looks suspicious it is was CRI-O does during
+					// container create. For each missing bind mount source CRI-O
+					// creates a directory. For restore that is problematic as
+					// CRIU will fail to bind mount a directory on a file.
+					// Therefore during restore CRI-O does not create a directory
+					// for each missing bind mount source. We track external bind
+					// mounts in the checkpoint archive and can now recreate missing
+					// files or directories.
+					// This is especially useful if restoring a Kubernetes container
+					// outside of Kubernetes.
+					if e.FileType == ""directory"" {
+						if err := os.MkdirAll(e.Source, os.FileMode(e.Permissions)); err != nil {
+							return """", fmt.Errorf(
+								""failed to recreate directory %q for container %s: %w"",
+								e.Source,
+								ctr.ID(),
+								err,
+							)
+						}
+					} else {
+						if err := os.MkdirAll(filepath.Dir(e.Source), 0o700); err != nil {
+							return """", err
+						}
+						source, err := os.OpenFile(
+							e.Source,
+							os.O_RDONLY|os.O_CREATE,
+							os.FileMode(e.Permissions),
+						)
+						if err != nil {
+							return """", fmt.Errorf(
+								""failed to recreate file %q for container %s: %w"",
+								e.Source,
+								ctr.ID(),
+								err,
+							)
+						}
+						source.Close()
+					}
+					logrus.Debugf(""Created missing external bind mount %q %q\n"", e.FileType, e.Source)
+				}
+			}
+		}
+
 		for _, m := range ctrSpec.Config.Mounts {
 			// This checks if all bind mount sources exist.
 			// We cannot create missing bind mount sources automatically
@@ -116,7 +189,11 @@ func (c *ContainerServer) ContainerRestore(ctx context.Context, opts *ContainerC
 			// cannot figure out the file type of the destination.
 			// At this point we will fail and tell the user to create
 			// the missing bind mount source file/directory.
-			if m.Type != ""bind"" {
+
+			// With the code to create directories or files as necessary
+			// this should not happen anymore. Still keeping the code
+			// for backwards compatibility.
+			if m.Type != bindMount {
 				continue
 			}
 			_, err := os.Lstat(m.Source)
diff --git a/internal/lib/restore_test.go b/internal/lib/restore_test.go
index 839774c588d..fdd6fea052d 100644
--- a/internal/lib/restore_test.go
+++ b/internal/lib/restore_test.go
@@ -2,6 +2,7 @@ package lib_test
 
 import (
 	""context""
+	""fmt""
 	""io""
 	""os""
 	""path/filepath""
@@ -258,6 +259,30 @@ var _ = t.Describe(""ContainerRestore"", func() {
 			Expect(err).To(BeNil())
 			defer os.RemoveAll(""deleted.files"")
 
+			tmpFile, err := os.CreateTemp("""", ""restore-test-file"")
+			Expect(err).To(BeNil())
+			tmpDir, err := os.MkdirTemp("""", ""restore-test-directory"")
+			Expect(err).To(BeNil())
+			// Remove it now and later as during restore it should be recreated
+			os.RemoveAll(tmpFile.Name())
+			defer os.RemoveAll(tmpFile.Name())
+			os.RemoveAll(tmpDir)
+			defer os.RemoveAll(tmpDir)
+
+			bindMounts := fmt.Sprintf( //nolint:gocritic
+				`[{""source"": ""%s"",""destination"": ""/data"",""file_type"": ""directory"",""permissions"": 493},`,
+				tmpDir,
+			)
+			bindMounts = fmt.Sprintf( //nolint:gocritic
+				`%s{""source"": ""%s"",""destination"": ""/file"",""file_type"": ""file"",""permissions"": 384}]`,
+				bindMounts,
+				tmpFile.Name(),
+			)
+
+			err = os.WriteFile(""bind.mounts"", []byte(bindMounts), 0o644)
+			Expect(err).To(BeNil())
+			defer os.RemoveAll(""bind.mounts"")
+
 			myContainer.SetRestoreArchive(""localhost/checkpoint-image:tag1"")
 			err = os.Mkdir(""bundle"", 0o700)
 			Expect(err).To(BeNil())
diff --git a/test/checkpoint.bats b/test/checkpoint.bats
index 7d8ffd03e11..38df6a5d81d 100644
--- a/test/checkpoint.bats
+++ b/test/checkpoint.bats
@@ -17,17 +17,25 @@ function teardown() {
 @test ""checkpoint and restore one container into a new pod using --export"" {
 	CONTAINER_DROP_INFRA_CTR=false CONTAINER_ENABLE_CRIU_SUPPORT=true start_crio
 	pod_id=$(crictl runp ""$TESTDATA""/sandbox_config.json)
-	ctr_id=$(crictl create ""$pod_id"" ""$TESTDATA""/container_sleep.json ""$TESTDATA""/sandbox_config.json)
+	BIND_MOUNT_FILE=$(mktemp)
+	BIND_MOUNT_DIR=$(mktemp -d)
+	jq "". +{mounts:[{\""container_path\"":\""/etc/issue\"",\""host_path\"":\""$BIND_MOUNT_FILE\""},{\""container_path\"":\""/data\"",\""host_path\"":\""$BIND_MOUNT_DIR\""}]}"" ""$TESTDATA""/container_sleep.json > ""$TESTDATA""/checkpoint.json
+	ctr_id=$(crictl create ""$pod_id"" ""$TESTDATA""/checkpoint.json ""$TESTDATA""/sandbox_config.json)
 	crictl start ""$ctr_id""
 	crictl checkpoint --export=""$TESTDIR""/cp.tar ""$ctr_id""
+	crictl rm -f ""$ctr_id""
 	crictl rmp -f ""$pod_id""
+	rm -f ""$BIND_MOUNT_FILE""
+	rmdir ""$BIND_MOUNT_DIR""
 	pod_id=$(crictl runp ""$TESTDATA""/sandbox_config.json)
 	# Replace original container with checkpoint image
 	jq "".image.image=\""$TESTDIR/cp.tar\"""" ""$TESTDATA""/container_sleep.json > ""$TESTDATA""/restore.json
 	ctr_id=$(crictl create ""$pod_id"" ""$TESTDATA""/restore.json ""$TESTDATA""/sandbox_config.json)
 	rm -f ""$TESTDATA""/restore.json
+	rm -f ""$TESTDATA""/checkpoint.json
 	crictl start ""$ctr_id""
-	crictl rmp -f ""$pod_id""
+	rm -f ""$BIND_MOUNT_FILE""
+	rmdir ""$BIND_MOUNT_DIR""
 }
 
 @test ""checkpoint and restore one container into a new pod using --export to OCI image"" {
@@ -49,7 +57,6 @@ function teardown() {
 	ctr_id=$(crictl create ""$pod_id"" ""$TESTDATA""/restore.json ""$TESTDATA""/sandbox_config.json)
 	rm -f ""$TESTDATA""/restore.json
 	crictl start ""$ctr_id""
-	crictl rmp -f ""$pod_id""
 }
 
 @test ""checkpoint and restore one container into a new pod using --export to OCI image using repoDigest"" {
@@ -73,5 +80,4 @@ function teardown() {
 	ctr_id=$(crictl create ""$pod_id"" ""$TESTDATA""/restore.json ""$TESTDATA""/sandbox_config.json)
 	rm -f ""$TESTDATA""/restore.json
 	crictl start ""$ctr_id""
-	crictl rmp -f ""$pod_id""
 }",accepted_fault,System Communication Error,Incorrect Mount Options
issta2024_bugs_in_pods_understanding_bugs:33330b9d071635e1,issta2024_bugs_in_pods_understanding_bugs,runc,https://github.com/opencontainers/runc/commit/67cfd3d400b5602ae04689882c4b7231db369363,libct/cg/sd/v1: Set: don't overwrite r.Freezer,"m.Freeze method changes m.cgroups.Resources.Freezer field, which should
not be done while we're temporarily freezing the cgroup in Set. If this
field is changed, and r == m.cgroups.Resources (as it often happens),
this results in inability to freeze the container using Set().

To fix, add and use a method which does not change r.Freezer field.

A test case for the bug will be added separately.

Signed-off-by: Kir Kolyshkin <kolyshkin@gmail.com>",no_comments_in_source,committed,2021-07-11T18:57:26+00:00,"[""libcontainer/cgroups/systemd/v1.go""]","diff --git a/libcontainer/cgroups/systemd/v1.go b/libcontainer/cgroups/systemd/v1.go
index 0d795ad4cfd..936ec4bc57e 100644
--- a/libcontainer/cgroups/systemd/v1.go
+++ b/libcontainer/cgroups/systemd/v1.go
@@ -279,18 +279,23 @@ func getSubsystemPath(c *configs.Cgroup, subsystem string) (string, error) {
 }
 
 func (m *legacyManager) Freeze(state configs.FreezerState) error {
+	err := m.doFreeze(state)
+	if err == nil {
+		m.cgroups.Resources.Freezer = state
+	}
+	return err
+}
+
+// doFreeze is the same as Freeze but without
+// changing the m.cgroups.Resources.Frozen field.
+func (m *legacyManager) doFreeze(state configs.FreezerState) error {
 	path, ok := m.paths[""freezer""]
 	if !ok {
 		return errSubsystemDoesNotExist
 	}
-	prevState := m.cgroups.Resources.Freezer
-	m.cgroups.Resources.Freezer = state
 	freezer := &fs.FreezerGroup{}
-	if err := freezer.Set(path, m.cgroups.Resources); err != nil {
-		m.cgroups.Resources.Freezer = prevState
-		return err
-	}
-	return nil
+	resources := &configs.Resources{Freezer: state}
+	return freezer.Set(path, resources)
 }
 
 func (m *legacyManager) GetPids() ([]int, error) {
@@ -356,18 +361,16 @@ func (m *legacyManager) Set(r *configs.Resources) error {
 	// (unlike our fs driver, they will happily write deny-all rules to running
 	// containers). So we freeze the container to avoid them hitting the cgroup
 	// error. But if the freezer cgroup isn't supported, we just warn about it.
-	if err := m.Freeze(configs.Frozen); err != nil {
+	if err := m.doFreeze(configs.Frozen); err != nil {
 		logrus.Infof(""freeze container before SetUnitProperties failed: %v"", err)
 	}
 
-	if err := setUnitProperties(m.dbus, getUnitName(m.cgroups), properties...); err != nil {
-		_ = m.Freeze(targetFreezerState)
-		return err
-	}
+	setErr := setUnitProperties(m.dbus, getUnitName(m.cgroups), properties...)
 
-	// Reset freezer state before we apply the configuration, to avoid clashing
-	// with the freezer setting in the configuration.
-	_ = m.Freeze(targetFreezerState)
+	_ = m.doFreeze(targetFreezerState)
+	if setErr != nil {
+		return setErr
+	}
 
 	for _, sys := range legacySubsystems {
 		// Get the subsystem path, but don't error out for not found cgroups.",accepted_fault,Excessive Execution Time,Inappropriate Lifecycle Organization
issta2024_bugs_in_pods_understanding_bugs:362d0ba45d8adfaf,issta2024_bugs_in_pods_understanding_bugs,runc,https://github.com/opencontainers/runc/commit/d08bc0c1b3bb2bd3370b80ecc2ace934ce7496c0,runc run: warn on non-empty cgroup,"Currently runc allows multiple containers to share the same cgroup (for
example, by having the same cgroupPath in config.json). While such
shared configuration might be OK, there are some issues:

 - When each container has its own resource limits, the order of
   containers start determines whose limits will be effectively applied.

 - When one of containers is paused, all others are paused, too.

 - When a container is paused, any attempt to do runc create/run/exec
   end up with runc init stuck inside a frozen cgroup.

 - When a systemd cgroup manager is used, this becomes even worse -- such
   as, stop (or even failed start) of any container results in
   ""stopTransientUnit"" command being sent to systemd, and so (depending on
   unit properties) other containers can receive SIGTERM, be killed after a
   timeout etc.

Any of the above may lead to various hard-to-debug situations in production
(runc init stuck, cgroup removal error, wrong resource limits, init not
reaping zombies etc.).

One obvious solution is to refuse a non-empty cgroup when starting a new
container. This would be a breaking change though, so let's make it in
steps, with the first step is issue a warning and a deprecated notice
about a non-empty cgroup.

Later (in runc 1.2) we will replace this warning with an error.

Signed-off-by: Kir Kolyshkin <kolyshkin@gmail.com>",no_comments_in_source,committed,2021-08-17T23:56:12+00:00,"[""libcontainer/factory_linux.go"", ""tests/integration/cgroups.bats""]","diff --git a/libcontainer/factory_linux.go b/libcontainer/factory_linux.go
index 6c4a65c7394..2e19ed60163 100644
--- a/libcontainer/factory_linux.go
+++ b/libcontainer/factory_linux.go
@@ -160,14 +160,35 @@ func (l *LinuxFactory) Create(id string, config *configs.Config) (Container, err
 	} else if !os.IsNotExist(err) {
 		return nil, err
 	}
-	if err := os.MkdirAll(containerRoot, 0o711); err != nil {
+
+	cm, err := manager.New(config.Cgroups)
+	if err != nil {
 		return nil, err
 	}
-	if err := os.Chown(containerRoot, unix.Geteuid(), unix.Getegid()); err != nil {
+
+	// Check that cgroup does not exist or empty (no processes).
+	// Note for cgroup v1 this check is not thorough, as there are multiple
+	// separate hierarchies, while both Exists() and GetAllPids() only use
+	// one for ""devices"" controller (assuming others are the same, which is
+	// probably true in almost all scenarios). Checking all the hierarchies
+	// would be too expensive.
+	if cm.Exists() {
+		pids, err := cm.GetAllPids()
+		// Reading PIDs can race with cgroups removal, so ignore ENOENT and ENODEV.
+		if err != nil && !errors.Is(err, os.ErrNotExist) && !errors.Is(err, unix.ENODEV) {
+			return nil, fmt.Errorf(""unable to get cgroup PIDs: %w"", err)
+		}
+		if len(pids) != 0 {
+			// TODO: return an error.
+			logrus.Warnf(""container's cgroup is not empty: %d process(es) found"", len(pids))
+			logrus.Warn(""DEPRECATED: running container in a non-empty cgroup won't be supported in runc 1.2; https://github.com/opencontainers/runc/issues/3132"")
+		}
+	}
+
+	if err := os.MkdirAll(containerRoot, 0o711); err != nil {
 		return nil, err
 	}
-	cm, err := manager.New(config.Cgroups)
-	if err != nil {
+	if err := os.Chown(containerRoot, unix.Geteuid(), unix.Getegid()); err != nil {
 		return nil, err
 	}
 	c := &linuxContainer{
diff --git a/tests/integration/cgroups.bats b/tests/integration/cgroups.bats
index ded7b126030..feddb0b4edd 100644
--- a/tests/integration/cgroups.bats
+++ b/tests/integration/cgroups.bats
@@ -347,3 +347,24 @@ function setup() {
 	[ ""$status"" -eq 0 ]
 	[ ""$output"" = ""ok"" ]
 }
+
+@test ""runc run/create should warn about a non-empty cgroup"" {
+	if [[ ""$ROOTLESS"" -ne 0 ]]; then
+		requires rootless_cgroup
+	fi
+
+	set_cgroups_path
+
+	runc run -d --console-socket ""$CONSOLE_SOCKET"" ct1
+	[ ""$status"" -eq 0 ]
+
+	# Run a second container sharing the cgroup with the first one.
+	runc --debug run -d --console-socket ""$CONSOLE_SOCKET"" ct2
+	[ ""$status"" -eq 0 ]
+	[[ ""$output"" == *""container's cgroup is not empty""* ]]
+
+	# Same but using runc create.
+	runc create --console-socket ""$CONSOLE_SOCKET"" ct3
+	[ ""$status"" -eq 0 ]
+	[[ ""$output"" == *""container's cgroup is not empty""* ]]
+}",accepted_fault,Wrong Container Behavior,Incorrect Image or Config Parsing
issta2024_bugs_in_pods_understanding_bugs:3c9195ca5842ef4d,issta2024_bugs_in_pods_understanding_bugs,containerd,https://github.com/containerd/containerd/commit/b572a82ad8b2daec351b5f2ee909b1a2102b9cf4,CRI: Remove deprecated error types and update error msg,Signed-off-by: Maksym Pavlenko <pavlenko.maksym@gmail.com>,no_comments_in_source,committed,2022-05-28T20:53:28+00:00,"[""pkg/cri/store/errors.go"", ""pkg/cri/store/errors_test.go"", ""pkg/cri/store/image/image.go""]","diff --git a/pkg/cri/store/errors.go b/pkg/cri/store/errors.go
deleted file mode 100644
index d8398e45fabc7..0000000000000
--- a/pkg/cri/store/errors.go
+++ /dev/null
@@ -1,33 +0,0 @@
-/*
-   Copyright The containerd Authors.
-
-   Licensed under the Apache License, Version 2.0 (the ""License"");
-   you may not use this file except in compliance with the License.
-   You may obtain a copy of the License at
-
-       http://www.apache.org/licenses/LICENSE-2.0
-
-   Unless required by applicable law or agreed to in writing, software
-   distributed under the License is distributed on an ""AS IS"" BASIS,
-   WITHOUT WARRANTIES OR CONDITIONS OF ANY KIND, either express or implied.
-   See the License for the specific language governing permissions and
-   limitations under the License.
-*/
-
-package store
-
-import ""github.com/containerd/containerd/errdefs""
-
-var (
-	// ErrAlreadyExist is the error returned when data added in the store
-	// already exists.
-	//
-	// This error has been DEPRECATED and will be removed in 1.5. Please switch
-	// usage directly to `errdefs.ErrAlreadyExists`.
-	ErrAlreadyExist = errdefs.ErrAlreadyExists
-	// ErrNotExist is the error returned when data is not in the store.
-	//
-	// This error has been DEPRECATED and will be removed in 1.5. Please switch
-	// usage directly to `errdefs.ErrNotFound`.
-	ErrNotExist = errdefs.ErrNotFound
-)
diff --git a/pkg/cri/store/errors_test.go b/pkg/cri/store/errors_test.go
deleted file mode 100644
index 11b38bfd70c69..0000000000000
--- a/pkg/cri/store/errors_test.go
+++ /dev/null
@@ -1,48 +0,0 @@
-/*
-   Copyright The containerd Authors.
-
-   Licensed under the Apache License, Version 2.0 (the ""License"");
-   you may not use this file except in compliance with the License.
-   You may obtain a copy of the License at
-
-       http://www.apache.org/licenses/LICENSE-2.0
-
-   Unless required by applicable law or agreed to in writing, software
-   distributed under the License is distributed on an ""AS IS"" BASIS,
-   WITHOUT WARRANTIES OR CONDITIONS OF ANY KIND, either express or implied.
-   See the License for the specific language governing permissions and
-   limitations under the License.
-*/
-
-package store
-
-import (
-	""testing""
-
-	""github.com/containerd/containerd/errdefs""
-
-	""google.golang.org/grpc/codes""
-	""google.golang.org/grpc/status""
-)
-
-func TestStoreErrAlreadyExistGRPCStatus(t *testing.T) {
-	err := errdefs.ToGRPC(errdefs.ErrAlreadyExists)
-	s, ok := status.FromError(err)
-	if !ok {
-		t.Fatalf(""failed to convert err: %v to status: %d"", err, codes.AlreadyExists)
-	}
-	if s.Code() != codes.AlreadyExists {
-		t.Fatalf(""expected code: %d got: %d"", codes.AlreadyExists, s.Code())
-	}
-}
-
-func TestStoreErrNotExistGRPCStatus(t *testing.T) {
-	err := errdefs.ToGRPC(errdefs.ErrNotFound)
-	s, ok := status.FromError(err)
-	if !ok {
-		t.Fatalf(""failed to convert err: %v to status: %d"", err, codes.NotFound)
-	}
-	if s.Code() != codes.NotFound {
-		t.Fatalf(""expected code: %d got: %d"", codes.NotFound, s.Code())
-	}
-}
diff --git a/pkg/cri/store/image/image.go b/pkg/cri/store/image/image.go
index 6b36ea1b10ce1..7d71d37412725 100644
--- a/pkg/cri/store/image/image.go
+++ b/pkg/cri/store/image/image.go
@@ -136,7 +136,7 @@ func getImage(ctx context.Context, i containerd.Image) (*Image, error) {
 
 	spec, err := i.Spec(ctx)
 	if err != nil {
-		return nil, fmt.Errorf(""failed to read get image spec: %w"", err)
+		return nil, fmt.Errorf(""failed to get OCI image spec: %w"", err)
 	}
 
 	return &Image{",accepted_fault,Logging Error,Improper Exception Handling
issta2024_bugs_in_pods_understanding_bugs:40922dea905c1a9a,issta2024_bugs_in_pods_understanding_bugs,gvisor,https://github.com/google/gvisor/commit/57da3c7ddd50f9a909d9b0022fe63eb201a2ca0e,vfs2/epoll: fix missing event trigger in epoll-in-epoll case,"In some cases, epoll fd would be registered in another epoll fd. Process
may call epoll_wait on the upper layer epoll fd, and the lower layer epoll
fd should generate EPOLLIN event if itself get any event.
But in VFS2, events generated for epoll fd could only be cleaned when
(*EpollInstance).ReadEvents is called. And this function is only called
when epoll_wait on the epoll fd. Therefore, when epoll_wait on the upper
layer epoll fd, the events generated in lower layer epoll fd would not
be cleaned even if it's not valid anymore, and lower layer epoll fd would
not report event to upper layer even if new event is triggered.

In this commit, (*EpollInstance).Readiness would also clean invalid events.
So, when epoll_wait on the upper layer epoll fd, Readiness function called
on lower layer epoll fd would clean invalid events. And lower layer could
report event to upper layer if new event is triggered.

A syscall test case is added to verify the commit.

Fixes https://github.com/google/gvisor/issues/6427

Signed-off-by: Jielong Zhou <jielong.zjl@antgroup.com>",no_comments_in_source,committed,2021-08-09T12:01:05+00:00,"[""pkg/sentry/vfs/epoll.go"", ""test/syscalls/linux/BUILD"", ""test/syscalls/linux/epoll.cc""]","diff --git a/pkg/sentry/vfs/epoll.go b/pkg/sentry/vfs/epoll.go
index befe3ca25a..23ccc6b668 100644
--- a/pkg/sentry/vfs/epoll.go
+++ b/pkg/sentry/vfs/epoll.go
@@ -136,12 +136,16 @@ func (ep *EpollInstance) Readiness(mask waiter.EventMask) waiter.EventMask {
 		return 0
 	}
 	ep.mu.Lock()
-	for epi := ep.ready.Front(); epi != nil; epi = epi.Next() {
+	var next *epollInterest
+	for epi := ep.ready.Front(); epi != nil; epi = next {
+		next = epi.Next()
 		wmask := waiter.EventMaskFromLinux(epi.mask)
 		if epi.key.file.Readiness(wmask)&wmask != 0 {
 			ep.mu.Unlock()
 			return waiter.ReadableEvents
 		}
+		ep.ready.Remove(epi)
+		epi.ready = false
 	}
 	ep.mu.Unlock()
 	return 0
diff --git a/test/syscalls/linux/BUILD b/test/syscalls/linux/BUILD
index 71cc9b51d1..9c7bb83942 100644
--- a/test/syscalls/linux/BUILD
+++ b/test/syscalls/linux/BUILD
@@ -583,6 +583,7 @@ cc_binary(
         ""//test/util:posix_error"",
         ""//test/util:test_main"",
         ""//test/util:test_util"",
+        ""//test/util:thread_util"",
     ],
 )
 
diff --git a/test/syscalls/linux/epoll.cc b/test/syscalls/linux/epoll.cc
index 3ef8b03272..89b16d1682 100644
--- a/test/syscalls/linux/epoll.cc
+++ b/test/syscalls/linux/epoll.cc
@@ -496,6 +496,50 @@ TEST(EpollTest, PipeReaderHupAfterWriterClosed) {
   EXPECT_EQ(result[0].data.u64, kMagicConstant);
 }
 
+TEST(EpollTest, DoubleLayerEpoll) {
+  int listen_fd = socket(AF_INET, SOCK_STREAM, IPPROTO_TCP);
+  struct sockaddr_in sa;
+  sa.sin_family = AF_INET;
+  inet_aton(""127.0.0.1"", &sa.sin_addr);
+  sa.sin_port = htons(8888);
+  bind(listen_fd, (struct sockaddr *)&sa, sizeof(sa));
+  listen(listen_fd, 1);
+
+  auto epfd1 = ASSERT_NO_ERRNO_AND_VALUE(NewEpollFD());
+  ASSERT_NO_ERRNO(RegisterEpollFD(epfd1.get(), listen_fd, EPOLLIN|EPOLLHUP, listen_fd));
+
+  auto epfd2 = ASSERT_NO_ERRNO_AND_VALUE(NewEpollFD());
+  ASSERT_NO_ERRNO(RegisterEpollFD(epfd2.get(), epfd1.get(), EPOLLIN|EPOLLHUP, epfd1.get()));
+
+  struct epoll_event ret_events[2];
+
+  // first time
+  ScopedThread thread1([&sa]() {
+    sleep(1);
+    int sock = socket(AF_INET, SOCK_STREAM, IPPROTO_TCP);
+    ASSERT_THAT(connect(sock, (struct sockaddr *)&sa, sizeof(sa)), SyscallSucceeds());
+  });
+  ASSERT_THAT(epoll_wait(epfd2.get(), ret_events, 2, 2000), SyscallSucceedsWithValue(1));
+  ASSERT_EQ(ret_events[0].data.fd, epfd1.get());
+  ASSERT_THAT(epoll_wait(epfd1.get(), ret_events, 2, 2000), SyscallSucceedsWithValue(1));
+  ASSERT_EQ(ret_events[0].data.fd, listen_fd);
+  int server_fd = accept(listen_fd, NULL, NULL);
+  ASSERT_THAT(close(server_fd), SyscallSucceeds());
+
+  // second time to check if event in epfd1 is cleaned correctly
+  ScopedThread thread2([&sa]() {
+    sleep(1);
+    int sock = socket(AF_INET, SOCK_STREAM, IPPROTO_TCP);
+    ASSERT_THAT(connect(sock, (struct sockaddr *)&sa, sizeof(sa)), SyscallSucceeds());
+  });
+  ASSERT_THAT(epoll_wait(epfd2.get(), ret_events, 2, 2000), SyscallSucceedsWithValue(1));
+  ASSERT_EQ(ret_events[0].data.fd, epfd1.get());
+  ASSERT_THAT(epoll_wait(epfd1.get(), ret_events, 2, 2000), SyscallSucceedsWithValue(1));
+  ASSERT_EQ(ret_events[0].data.fd, listen_fd);
+  server_fd = accept(listen_fd, NULL, NULL);
+  ASSERT_THAT(close(server_fd), SyscallSucceeds());
+}
+
 }  // namespace
 
 }  // namespace testing",accepted_fault,Incorrect Return Value,Improper Exception Handling
issta2024_bugs_in_pods_understanding_bugs:40ad9d7e18ce0710,issta2024_bugs_in_pods_understanding_bugs,gvisor,https://github.com/google/gvisor/commit/f9afde9b888dcc67786ea49e244c3a6dc644792a,Exempt SIGPIPE from sentry signal forwarding.,"The sentry may get SIGPIPE from writing to readerless pipes or shutdown
sockets; in these cases, it's incorrect to forward the SIGPIPE to app PID 1.

(It would be correct to send SIGPIPE to the app thread performing the write
instead, but we can't do so with signal forwarding since (1) we can't identify
the correct app thread to signal and (2) Go signal handling with os/signal is
async - the sentry thread that received SIGPIPE continued execution after doing
so, so the app thread may already be running. Having the sentry send SIGPIPE
independently of the host is gvisor.dev/issue/161.)

Updates #7293

PiperOrigin-RevId: 445469810",no_comments_in_source,committed,2022-04-29T18:43:42+00:00,"[""pkg/sighandling/sighandling.go""]","diff --git a/pkg/sighandling/sighandling.go b/pkg/sighandling/sighandling.go
index bdaf8af298..ba26d63fc5 100644
--- a/pkg/sighandling/sighandling.go
+++ b/pkg/sighandling/sighandling.go
@@ -90,6 +90,10 @@ func StartSignalForwarding(handler func(linux.Signal)) func() {
 		if sig == int(linux.SIGURG) {
 			continue
 		}
+		// SIGPIPE is received when sending to disconnected host pipes/sockets.
+		if sig == int(linux.SIGPIPE) {
+			continue
+		}
 		signal.Notify(sigchan, unix.Signal(sig))
 	}
 	// Start up our listener.",accepted_fault,Runtime Daemon Crash,Wrong Code Logic
issta2024_bugs_in_pods_understanding_bugs:4ac0a8c151d9bfde,issta2024_bugs_in_pods_understanding_bugs,runc,https://github.com/opencontainers/runc/commit/b2fc0a589cd03a254e2965796a0ab034ba0e0172,verify-changelog: allow non-ASCII,"Previously (see commit 91fa032da406f16abcb3) we found a few issues
using this check, but apparently the CHANGELOG.md is in UTF-8, and
the recently added quote is breaking this, so remove.

Signed-off-by: Kir Kolyshkin <kolyshkin@gmail.com>
(cherry picked from commit 7b3ac330f74cc00923bdd876b7ae4e44c7d76847)
Signed-off-by: Kir Kolyshkin <kolyshkin@gmail.com>",no_comments_in_source,committed,2023-03-30T23:36:42+00:00,"[""Makefile""]","diff --git a/Makefile b/Makefile
index 8181e7bc0d1..66dae9d54fc 100644
--- a/Makefile
+++ b/Makefile
@@ -178,8 +178,6 @@ vendor:
 	$(GO) mod verify
 
 verify-changelog:
-	# No non-ASCII characters.
-	! LC_ALL=C grep -n -P '[\x80-\xFF]' CHANGELOG.md
 	# No space at EOL.
 	! grep -n '\s$$' CHANGELOG.md
 	# Period before issue/PR references.",accepted_fault,Build Failure,Incorrect 3rd Party Library Usage
issta2024_bugs_in_pods_understanding_bugs:4c354bac056cc85f,issta2024_bugs_in_pods_understanding_bugs,containerd,https://github.com/containerd/containerd/commit/3193650f130b67471afb58252a7d422c848b9bdd,fix: 'failed to resolve symlink' error messaging,"This error message currently does not provide useful information, because the `src` value that is interleaved will have been overridden by the call to `osi.ResolveSymbolicLink`. This stores the original `src` before the `osi.ResolveSymbolicLink` call so the error message can be useful.

Signed-off-by: June Rhodes <504826+hach-que@users.noreply.github.com>",no_comments_in_source,committed,2023-03-16T18:12:43+00:00,"[""pkg/cri/opts/spec_windows_opts.go""]","diff --git a/pkg/cri/opts/spec_windows_opts.go b/pkg/cri/opts/spec_windows_opts.go
index b613c9886dd71..5fafb7e67a224 100644
--- a/pkg/cri/opts/spec_windows_opts.go
+++ b/pkg/cri/opts/spec_windows_opts.go
@@ -67,9 +67,10 @@ func parseMount(osi osinterface.OS, mount *runtime.Mount) (*runtimespec.Mount, e
 			}
 		}
 		var err error
+		originalSrc := src
 		src, err = osi.ResolveSymbolicLink(src)
 		if err != nil {
-			return nil, fmt.Errorf(""failed to resolve symlink %q: %w"", src, err)
+			return nil, fmt.Errorf(""failed to resolve symlink '%q' (resolved to '%q'): %w"", originalSrc, src, err)
 		}
 		// hcsshim requires clean path, especially '/' -> '\'. Additionally,
 		// for the destination, absolute paths should have the C: prefix.",accepted_fault,Incorrect Return Value,Improper Exception Handling
issta2024_bugs_in_pods_understanding_bugs:4f0629c9cbc5122a,issta2024_bugs_in_pods_understanding_bugs,containerd,https://github.com/containerd/containerd/commit/6b4b6956e3a0a7943782a5ea4ccbaa39a54ea749,Sandbox: Fix/enhance error messages for Create,"CreateSandbox states ""failed to start sandbox"". This is quite confusing
when you're perusing logs and trying to pinpoint how far a shim got in
its execution.

Signed-off-by: Danny Canter <danny@dcantah.dev>",no_comments_in_source,committed,2023-03-04T09:11:21+00:00,"[""plugins/sandbox/controller.go""]","diff --git a/plugins/sandbox/controller.go b/plugins/sandbox/controller.go
index f1bb69ca6670f..712c617cb6119 100644
--- a/plugins/sandbox/controller.go
+++ b/plugins/sandbox/controller.go
@@ -102,9 +102,8 @@ func (c *controllerLocal) Create(ctx context.Context, sandboxID string, opts ...
 		Runtime:        info.Runtime.Name,
 		TaskOptions:    nil,
 	})
-
 	if err != nil {
-		return fmt.Errorf(""failed to start new sandbox: %w"", err)
+		return fmt.Errorf(""failed to start new shim for sandbox %s: %w"", sandboxID, err)
 	}
 
 	svc, err := sandbox.NewClient(shim.Client())
@@ -127,7 +126,7 @@ func (c *controllerLocal) Create(ctx context.Context, sandboxID string, opts ...
 		Options:    options,
 	}); err != nil {
 		// TODO: Delete sandbox shim here.
-		return fmt.Errorf(""failed to start sandbox %s: %w"", sandboxID, errdefs.FromGRPC(err))
+		return fmt.Errorf(""failed to create sandbox %s: %w"", sandboxID, errdefs.FromGRPC(err))
 	}
 
 	return nil",accepted_fault,Logging Error,Improper Exception Handling
issta2024_bugs_in_pods_understanding_bugs:4f734a462b0b17e0,issta2024_bugs_in_pods_understanding_bugs,cri-o,https://github.com/cri-o/cri-o/commit/94be3040f324a8958890e1bd86bb0bbd27a10a0f,server: prevent segfault by not using a potentially nil sandbox,Signed-off-by: Peter Hunt <pehunt@redhat.com>,no_comments_in_source,committed,2021-07-07T15:34:12+00:00,"[""server/sandbox_stop.go""]","diff --git a/server/sandbox_stop.go b/server/sandbox_stop.go
index ca7542c241e..a9a16e75b55 100644
--- a/server/sandbox_stop.go
+++ b/server/sandbox_stop.go
@@ -20,7 +20,7 @@ func (s *Server) StopPodSandbox(ctx context.Context, req *types.StopPodSandboxRe
 			return err
 		}
 		if err == errSandboxNotCreated {
-			return fmt.Errorf(""StopPodSandbox failed as the sandbox is not created: %s"", sb.ID())
+			return fmt.Errorf(""StopPodSandbox failed as the sandbox is not created: %s"", req.PodSandboxID)
 		}
 
 		// If the sandbox isn't found we just return an empty response to adhere",accepted_fault,Host Memory Leak,Improper Exception Handling
issta2024_bugs_in_pods_understanding_bugs:5715be9d0eaf8e59,issta2024_bugs_in_pods_understanding_bugs,gvisor,https://github.com/google/gvisor/commit/2936774db630fc1499f86a297c8ab652872b7709,Fix vfs.ConnectMountAt() to handle vfs.mountMu locking correctly.,"Fixes 283b80a456aa (""Fix logic bug in attaching mounts."")

There were 2 issues introduced in the culprit change:
1. vfs.mountMu was not being unlocked when connectMountAtLocked() failed.
2. The precondition of vfs.abortPropagationTree() was being violated, as it was
   being called with vfs.mountMu unlocked in the ENOSPC case.

Fixed both issues. This also got rid of the need for +checklocksforce
annotation.

PiperOrigin-RevId: 532958291",no_comments_in_source,committed,2023-05-18T00:14:30+00:00,"[""pkg/sentry/vfs/mount.go""]","diff --git a/pkg/sentry/vfs/mount.go b/pkg/sentry/vfs/mount.go
index 8a350e0f43..f688a9e55b 100644
--- a/pkg/sentry/vfs/mount.go
+++ b/pkg/sentry/vfs/mount.go
@@ -23,7 +23,6 @@ import (
 
 	""gvisor.dev/gvisor/pkg/abi/linux""
 	""gvisor.dev/gvisor/pkg/atomicbitops""
-	""gvisor.dev/gvisor/pkg/cleanup""
 	""gvisor.dev/gvisor/pkg/context""
 	""gvisor.dev/gvisor/pkg/errors/linuxerr""
 	""gvisor.dev/gvisor/pkg/refs""
@@ -274,12 +273,9 @@ func (vfs *VirtualFilesystem) ConnectMountAt(ctx context.Context, creds *auth.Cr
 	}
 	vfs.mountMu.Lock()
 	tree := vfs.preparePropagationTree(mnt, vd)
-	cleanup := cleanup.Make(func() {
-		vfs.abortPropagationTree(ctx, tree) // +checklocksforce
-	})
-	defer cleanup.Clean()
 	// Check if the new mount + all the propagation mounts puts us over the max.
 	if uint32(len(tree)+1)+vd.mount.ns.mounts > MountMax {
+		vfs.abortPropagationTree(ctx, tree)
 		// We need to unlock mountMu first because DecRef takes a lock on the
 		// filesystem mutex in some implementations, which can lead to circular
 		// locking.
@@ -288,11 +284,12 @@ func (vfs *VirtualFilesystem) ConnectMountAt(ctx context.Context, creds *auth.Cr
 		return linuxerr.ENOSPC
 	}
 	if err := vfs.connectMountAtLocked(ctx, mnt, vd); err != nil {
+		vfs.abortPropagationTree(ctx, tree)
+		vfs.mountMu.Unlock()
 		return err
 	}
 	vfs.commitPropagationTree(ctx, tree)
 	vfs.mountMu.Unlock()
-	cleanup.Release()
 	return nil
 }
 
@@ -404,24 +401,21 @@ func (vfs *VirtualFilesystem) BindAt(ctx context.Context, creds *auth.Credential
 			vfs.mergePeerGroup(sourceVd.mount, clone)
 		}
 	}
-	cleanup := cleanup.Make(func() {
-		// Checklocks doesn't work with anon functions.
-		vfs.setPropagation(clone, Private)  // +checklocksforce
-		vfs.abortPropagationTree(ctx, tree) // +checklocksforce
-	})
-	defer cleanup.Clean()
 	if uint32(1+len(tree))+targetVd.mount.ns.mounts > MountMax {
+		vfs.setPropagation(clone, Private)
+		vfs.abortPropagationTree(ctx, tree)
 		vfs.mountMu.Unlock()
 		targetVd.DecRef(ctx)
 		return nil, linuxerr.ENOSPC
 	}
 	if err := vfs.connectMountAtLocked(ctx, clone, targetVd); err != nil {
+		vfs.setPropagation(clone, Private)
+		vfs.abortPropagationTree(ctx, tree)
 		vfs.mountMu.Unlock()
 		return nil, err
 	}
 	vfs.commitPropagationTree(ctx, tree)
 	vfs.mountMu.Unlock()
-	cleanup.Release()
 	return clone, nil
 }",accepted_fault,System Communication Error,Inappropriate Lifecycle Organization
issta2024_bugs_in_pods_understanding_bugs:6223e8f5c576b8b3,issta2024_bugs_in_pods_understanding_bugs,gvisor,https://github.com/google/gvisor/commit/d00ef10456cd0fcf142864d6bfc5d8f8bc88e684,Fix frame pointer is clobbered before saving vet issue on BP register,"BP should be callee-save. It will be saved automatically if there is nonzero frame size.

$ go vet -framepointer ./pkg/atomicbitops
pkg/atomicbitops/atomicbitops_amd64.s:27:1: frame pointer is clobbered before saving
pkg/atomicbitops/atomicbitops_amd64.s:34:1: frame pointer is clobbered before saving
pkg/atomicbitops/atomicbitops_amd64.s:50:1: frame pointer is clobbered before saving
pkg/atomicbitops/atomicbitops_amd64.s:57:1: frame pointer is clobbered before saving
pkg/atomicbitops/atomicbitops_amd64.s:64:1: frame pointer is clobbered before saving

Signed-off-by: Koichi Shiraishi <zchee.io@gmail.com>",no_comments_in_source,committed,2021-06-14T02:09:14+00:00,"[""pkg/atomicbitops/atomicbitops_amd64.s""]","diff --git a/pkg/atomicbitops/atomicbitops_amd64.s b/pkg/atomicbitops/atomicbitops_amd64.s
index 54c887ee55..4d9358a3be 100644
--- a/pkg/atomicbitops/atomicbitops_amd64.s
+++ b/pkg/atomicbitops/atomicbitops_amd64.s
@@ -16,21 +16,21 @@
 
 #include ""textflag.h""
 
-TEXT ·AndUint32(SB),$0-12
+TEXT ·AndUint32(SB),$8-12
   MOVQ  addr+0(FP), BP
   MOVL  val+8(FP), AX
   LOCK
   ANDL   AX, 0(BP)
   RET
 
-TEXT ·OrUint32(SB),$0-12
+TEXT ·OrUint32(SB),$8-12
   MOVQ  addr+0(FP), BP
   MOVL  val+8(FP), AX
   LOCK
   ORL   AX, 0(BP)
   RET
 
-TEXT ·XorUint32(SB),$0-12
+TEXT ·XorUint32(SB),$8-12
   MOVQ  addr+0(FP), BP
   MOVL  val+8(FP), AX
   LOCK
@@ -46,21 +46,21 @@ TEXT ·CompareAndSwapUint32(SB),$0-20
   MOVL  AX, ret+16(FP)
   RET
 
-TEXT ·AndUint64(SB),$0-16
+TEXT ·AndUint64(SB),$8-16
   MOVQ  addr+0(FP), BP
   MOVQ  val+8(FP), AX
   LOCK
   ANDQ   AX, 0(BP)
   RET
 
-TEXT ·OrUint64(SB),$0-16
+TEXT ·OrUint64(SB),$8-16
   MOVQ  addr+0(FP), BP
   MOVQ  val+8(FP), AX
   LOCK
   ORQ   AX, 0(BP)
   RET
 
-TEXT ·XorUint64(SB),$0-16
+TEXT ·XorUint64(SB),$8-16
   MOVQ  addr+0(FP), BP
   MOVQ  val+8(FP), AX
   LOCK",accepted_fault,Host Memory Leak,Plugin Config Error
issta2024_bugs_in_pods_understanding_bugs:67f6578b9946f635,issta2024_bugs_in_pods_understanding_bugs,cri-o,https://github.com/cri-o/cri-o/commit/efaea10606ce6c70128c90c7d136784bcbcf2c40,high perf hooks: move cpu-quota disable handling to container creation,"Currently, the way we disable cpu quotas is hacky and not really required.
We know at container creation that a container requires its cpu quota disabled,
so we can set it in the initial spec and allow the runtime to handle it.

This also fixes an issue with newer systemd where the cgroup doesn't have the property set,
and thus systemd clobbers the value we set manually in the cgroupfs. The runtimes will set it correctly
as a property.

Signed-off-by: Peter Hunt <pehunt@redhat.com>",no_comments_in_source,committed,2023-04-05T19:10:36+00:00,"[""internal/runtimehandlerhooks/high_performance_hooks.go"", ""internal/runtimehandlerhooks/high_performance_hooks_test.go"", ""server/container_create_linux.go""]","diff --git a/internal/runtimehandlerhooks/high_performance_hooks.go b/internal/runtimehandlerhooks/high_performance_hooks.go
index f9255d0219a..b5248a5e561 100644
--- a/internal/runtimehandlerhooks/high_performance_hooks.go
+++ b/internal/runtimehandlerhooks/high_performance_hooks.go
@@ -7,11 +7,9 @@ import (
 	""os""
 	""os/exec""
 	""path""
-	""path/filepath""
 	""strconv""
 	""strings""
 
-	""github.com/cri-o/cri-o/internal/config/cgmgr""
 	""github.com/cri-o/cri-o/internal/config/node""
 	""github.com/cri-o/cri-o/internal/lib/sandbox""
 	""github.com/cri-o/cri-o/internal/log""
@@ -19,7 +17,7 @@ import (
 	crioannotations ""github.com/cri-o/cri-o/pkg/annotations""
 	""github.com/cri-o/cri-o/utils/cmdrunner""
 	""github.com/opencontainers/runc/libcontainer/cgroups""
-	""github.com/opencontainers/runc/libcontainer/cgroups/systemd""
+	""github.com/opencontainers/runtime-spec/specs-go""
 	""k8s.io/apimachinery/pkg/fields""
 	""k8s.io/kubernetes/pkg/kubelet/cm/cpuset""
 )
@@ -51,19 +49,10 @@ type HighPerformanceHooks struct {
 func (h *HighPerformanceHooks) PreStart(ctx context.Context, c *oci.Container, s *sandbox.Sandbox) error {
 	log.Infof(ctx, ""Run %q runtime handler pre-start hook for the container %q"", HighPerformance, c.ID())
 
-	if isCgroupParentBurstable(s) {
-		log.Infof(ctx, ""Container %q is a burstable pod. Skip PreStart."", c.ID())
-		return nil
-	}
-	if isCgroupParentBestEffort(s) {
-		log.Infof(ctx, ""Container %q is a besteffort pod. Skip PreStart."", c.ID())
-		return nil
-	}
-	if !isContainerRequestWholeCPU(c) {
-		log.Infof(ctx, ""Container %q requests partial cpu(s). Skip PreStart"", c.ID())
+	cSpec := c.Spec()
+	if !shouldRunHooks(ctx, c.ID(), &cSpec, s) {
 		return nil
 	}
-
 	// disable the CPU load balancing for the container CPUs
 	if shouldCPULoadBalancingBeDisabled(s.Annotations()) {
 		if err := disableCPULoadBalancing(c); err != nil {
@@ -79,18 +68,6 @@ func (h *HighPerformanceHooks) PreStart(ctx context.Context, c *oci.Container, s
 		}
 	}
 
-	// disable the CFS quota for the container CPUs
-	if shouldCPUQuotaBeDisabled(s.Annotations()) {
-		log.Infof(ctx, ""Disable cpu cfs quota for container %q"", c.ID())
-		cpuMountPoint, err := cgroups.FindCgroupMountpoint(cgroupMountPoint, ""cpu"")
-		if err != nil {
-			return err
-		}
-		if err := setCPUQuota(cpuMountPoint, s.CgroupParent(), c, false); err != nil {
-			return fmt.Errorf(""set CPU CFS quota: %w"", err)
-		}
-	}
-
 	// Configure c-states for the container CPUs.
 	if configure, value := shouldCStatesBeConfigured(s.Annotations()); configure {
 		log.Infof(ctx, ""Configure c-states for container %q to %q"", c.ID(), value)
@@ -127,16 +104,8 @@ func (h *HighPerformanceHooks) PreStop(ctx context.Context, c *oci.Container, s
 	defer span.End()
 	log.Infof(ctx, ""Run %q runtime handler pre-stop hook for the container %q"", HighPerformance, c.ID())
 
-	if isCgroupParentBurstable(s) {
-		log.Infof(ctx, ""Container %q is a burstable pod. Skip PreStop."", c.ID())
-		return nil
-	}
-	if isCgroupParentBestEffort(s) {
-		log.Infof(ctx, ""Container %q is a besteffort pod. Skip PreStop."", c.ID())
-		return nil
-	}
-	if !isContainerRequestWholeCPU(c) {
-		log.Infof(ctx, ""Container %q requests partial cpu(s). Skip PreStop"", c.ID())
+	cSpec := c.Spec()
+	if !shouldRunHooks(ctx, c.ID(), &cSpec, s) {
 		return nil
 	}
 
@@ -179,15 +148,6 @@ func shouldCPULoadBalancingBeDisabled(annotations fields.Set) bool {
 		annotations[crioannotations.CPULoadBalancingAnnotation] == annotationDisable
 }
 
-func shouldCPUQuotaBeDisabled(annotations fields.Set) bool {
-	if annotations[crioannotations.CPUQuotaAnnotation] == annotationTrue {
-		log.Warnf(context.TODO(), annotationValueDeprecationWarning(crioannotations.CPUQuotaAnnotation))
-	}
-
-	return annotations[crioannotations.CPUQuotaAnnotation] == annotationTrue ||
-		annotations[crioannotations.CPUQuotaAnnotation] == annotationDisable
-}
-
 func shouldIRQLoadBalancingBeDisabled(annotations fields.Set) bool {
 	if annotations[crioannotations.IRQLoadBalancingAnnotation] == annotationTrue {
 		log.Warnf(context.TODO(), annotationValueDeprecationWarning(crioannotations.IRQLoadBalancingAnnotation))
@@ -211,18 +171,6 @@ func annotationValueDeprecationWarning(annotation string) string {
 	return fmt.Sprintf(""The usage of the annotation %q with value %q will be deprecated under 1.21"", annotation, ""true"")
 }
 
-func isCgroupParentBurstable(s *sandbox.Sandbox) bool {
-	return strings.Contains(s.CgroupParent(), ""burstable"")
-}
-
-func isCgroupParentBestEffort(s *sandbox.Sandbox) bool {
-	return strings.Contains(s.CgroupParent(), ""besteffort"")
-}
-
-func isContainerRequestWholeCPU(c *oci.Container) bool {
-	return *(c.Spec().Linux.Resources.CPU.Shares)%1024 == 0
-}
-
 // disableCPULoadBalancing relies on the cpuset cgroup to disable load balancing for containers.
 // The requisite condition to allow this is `cpuset.sched_load_balance` field must be set to 0 for all cgroups
 // that intersect with `cpuset.cpus` of the container that desires load balancing.
@@ -308,66 +256,6 @@ func setIRQLoadBalancing(ctx context.Context, c *oci.Container, enable bool, irq
 	return nil
 }
 
-func setCPUQuota(cpuMountPoint, parentDir string, c *oci.Container, enable bool) error {
-	var rpath string
-	var err error
-	var cfsQuotaPath string
-	var parentCfsQuotaPath string
-	var cgroupManager cgmgr.CgroupManager
-
-	if strings.HasSuffix(parentDir, "".slice"") {
-		// systemd fs
-		if cgroupManager, err = cgmgr.SetCgroupManager(""systemd""); err != nil {
-			return nil
-		}
-		parentPath, err := systemd.ExpandSlice(parentDir)
-		if err != nil {
-			return err
-		}
-		parentCfsQuotaPath = filepath.Join(cpuMountPoint, parentPath, ""cpu.cfs_quota_us"")
-		if rpath, err = cgroupManager.ContainerCgroupAbsolutePath(parentDir, c.ID()); err != nil {
-			return err
-		}
-		cfsQuotaPath = filepath.Join(cpuMountPoint, rpath, ""cpu.cfs_quota_us"")
-	} else {
-		// cgroupfs
-		if cgroupManager, err = cgmgr.SetCgroupManager(""cgroupfs""); err != nil {
-			return nil
-		}
-		parentCfsQuotaPath = filepath.Join(cpuMountPoint, parentDir, ""cpu.cfs_quota_us"")
-		if rpath, err = cgroupManager.ContainerCgroupAbsolutePath(parentDir, c.ID()); err != nil {
-			return err
-		}
-		cfsQuotaPath = filepath.Join(cpuMountPoint, rpath, ""cpu.cfs_quota_us"")
-	}
-
-	if _, err := os.Stat(cfsQuotaPath); err != nil {
-		return err
-	}
-	if _, err := os.Stat(parentCfsQuotaPath); err != nil {
-		return err
-	}
-
-	if enable {
-		// there should have no use case to get here, as the pod cgroup will be deleted when the pod end
-		if err := os.WriteFile(cfsQuotaPath, []byte(""0""), 0o644); err != nil {
-			return err
-		}
-		if err := os.WriteFile(parentCfsQuotaPath, []byte(""0""), 0o644); err != nil {
-			return err
-		}
-	} else {
-		if err := os.WriteFile(cfsQuotaPath, []byte(""-1""), 0o644); err != nil {
-			return err
-		}
-		if err := os.WriteFile(parentCfsQuotaPath, []byte(""-1""), 0o644); err != nil {
-			return err
-		}
-	}
-
-	return nil
-}
-
 // setCPUPMQOSResumeLatency sets the pm_qos_resume_latency_us for a cpu and stores the original
 // value so it can be restored later. If the latency is an empty string, the original latency
 // value is restored.
@@ -613,3 +501,43 @@ func RestoreIrqBalanceConfig(ctx context.Context, irqBalanceConfigFile, irqBanne
 	}
 	return nil
 }
+
+func ShouldCPUQuotaBeDisabled(ctx context.Context, cid string, cSpec *specs.Spec, s *sandbox.Sandbox, annotations fields.Set) bool {
+	if !shouldRunHooks(ctx, cid, cSpec, s) {
+		return false
+	}
+	if annotations[crioannotations.CPUQuotaAnnotation] == annotationTrue {
+		log.Warnf(context.TODO(), annotationValueDeprecationWarning(crioannotations.CPUQuotaAnnotation))
+	}
+
+	return annotations[crioannotations.CPUQuotaAnnotation] == annotationTrue ||
+		annotations[crioannotations.CPUQuotaAnnotation] == annotationDisable
+}
+
+func shouldRunHooks(ctx context.Context, id string, cSpec *specs.Spec, s *sandbox.Sandbox) bool {
+	if isCgroupParentBurstable(s) {
+		log.Infof(ctx, ""Container %q is a burstable pod. Skip PreStart."", id)
+		return false
+	}
+	if isCgroupParentBestEffort(s) {
+		log.Infof(ctx, ""Container %q is a besteffort pod. Skip PreStart."", id)
+		return false
+	}
+	if !isContainerRequestWholeCPU(cSpec) {
+		log.Infof(ctx, ""Container %q requests partial cpu(s). Skip PreStart"", id)
+		return false
+	}
+	return true
+}
+
+func isCgroupParentBurstable(s *sandbox.Sandbox) bool {
+	return strings.Contains(s.CgroupParent(), ""burstable"")
+}
+
+func isCgroupParentBestEffort(s *sandbox.Sandbox) bool {
+	return strings.Contains(s.CgroupParent(), ""besteffort"")
+}
+
+func isContainerRequestWholeCPU(cSpec *specs.Spec) bool {
+	return *(cSpec.Linux.Resources.CPU.Shares)%1024 == 0
+}
diff --git a/internal/runtimehandlerhooks/high_performance_hooks_test.go b/internal/runtimehandlerhooks/high_performance_hooks_test.go
index 5247f0020b0..d0719f966d0 100644
--- a/internal/runtimehandlerhooks/high_performance_hooks_test.go
+++ b/internal/runtimehandlerhooks/high_performance_hooks_test.go
@@ -494,64 +494,4 @@ var _ = Describe(""high_performance_hooks"", func() {
 			})
 		})
 	})
-
-	Describe(""setCPUQuota"", func() {
-		containerID := container.ID()
-		parent := ""parent.slice""
-		child := ""crio"" + ""-"" + containerID + "".scope""
-		childCgroup := parent + "":"" + ""crio"" + "":"" + containerID
-		cpuMountPoint := filepath.Join(fixturesDir, ""cgroup"", ""cpu"")
-		parentFolder := filepath.Join(cpuMountPoint, parent)
-		childFolder := filepath.Join(cpuMountPoint, parent, child)
-
-		verifySetCPUQuota := func(enabled bool, expected string) {
-			err := setCPUQuota(cpuMountPoint, parent, container, enabled)
-			Expect(err).To(BeNil())
-
-			content, err := os.ReadFile(filepath.Join(childFolder, ""cpu.cfs_quota_us""))
-			Expect(err).To(BeNil())
-			Expect(strings.Trim(string(content), ""\n"")).To(Equal(expected))
-
-			content, err = os.ReadFile(filepath.Join(parentFolder, ""cpu.cfs_quota_us""))
-			Expect(err).To(BeNil())
-			Expect(strings.Trim(string(content), ""\n"")).To(Equal(expected))
-		}
-
-		BeforeEach(func() {
-			if err := os.MkdirAll(childFolder, os.ModePerm); err != nil {
-				log.Errorf(context.TODO(), ""failed to create temporary cgroup folder: %v"", err)
-			}
-			if err := os.WriteFile(filepath.Join(parentFolder, ""cpu.cfs_quota_us""), []byte(""900\n""), 0o644); err != nil {
-				log.Errorf(context.TODO(), ""failed to create cpu.cfs_quota_us cgroup file: %v"", err)
-			}
-			if err := os.WriteFile(filepath.Join(childFolder, ""cpu.cfs_quota_us""), []byte(""900\n""), 0o644); err != nil {
-				log.Errorf(context.TODO(), ""failed to create cpu.cfs_quota_us cgroup file: %v"", err)
-			}
-			container.SetSpec(
-				&specs.Spec{
-					Linux: &specs.Linux{
-						CgroupsPath: childCgroup,
-					},
-				},
-			)
-		})
-
-		AfterEach(func() {
-			if err := os.RemoveAll(parentFolder); err != nil {
-				log.Errorf(context.TODO(), ""failed to remove temporary cgroup folder: %v"", err)
-			}
-		})
-
-		Context(""with enabled equals to true"", func() {
-			It(""should set cpu.cfs_quota_us to 0"", func() {
-				verifySetCPUQuota(true, ""0"")
-			})
-		})
-
-		Context(""with enabled equals to false"", func() {
-			It(""should set cpu.cfs_quota_us to -1"", func() {
-				verifySetCPUQuota(false, ""-1"")
-			})
-		})
-	})
 })
diff --git a/server/container_create_linux.go b/server/container_create_linux.go
index 116e6b20e74..627cf01d3ce 100644
--- a/server/container_create_linux.go
+++ b/server/container_create_linux.go
@@ -25,6 +25,7 @@ import (
 	""github.com/cri-o/cri-o/internal/lib/sandbox""
 	""github.com/cri-o/cri-o/internal/log""
 	oci ""github.com/cri-o/cri-o/internal/oci""
+	""github.com/cri-o/cri-o/internal/runtimehandlerhooks""
 	""github.com/cri-o/cri-o/internal/storage""
 	crioann ""github.com/cri-o/cri-o/pkg/annotations""
 	securejoin ""github.com/cyphar/filepath-securejoin""
@@ -406,9 +407,12 @@ func (s *Server) createSandboxContainer(ctx context.Context, ctr ctrfactory.Cont
 	if linux != nil {
 		resources := linux.Resources
 		if resources != nil {
+			specgen.SetLinuxResourcesCPUShares(uint64(resources.CpuShares))
 			specgen.SetLinuxResourcesCPUPeriod(uint64(resources.CpuPeriod))
 			specgen.SetLinuxResourcesCPUQuota(resources.CpuQuota)
-			specgen.SetLinuxResourcesCPUShares(uint64(resources.CpuShares))
+			if runtimehandlerhooks.ShouldCPUQuotaBeDisabled(ctx, containerID, specgen.Config, sb, sb.Annotations()) {
+				specgen.SetLinuxResourcesCPUQuota(-1)
+			}
 
 			memoryLimit := resources.MemoryLimitInBytes
 			if memoryLimit != 0 {",accepted_fault,Incorrect Configuration Effect,Runtime Shim Config Error
issta2024_bugs_in_pods_understanding_bugs:6b2dc76ac304b179,issta2024_bugs_in_pods_understanding_bugs,containerd,https://github.com/containerd/containerd/commit/14003683f0fbd37cb759ef76210f83e6bc968862,go.mod: Bump hcsshim to v0.9.4,"This tag contains some fixes for hostprocess containers, mainly around
fixing task stats which regressed from a change in v0.9.3.

https://github.com/microsoft/hcsshim/releases/tag/v0.9.4

Signed-off-by: Daniel Canter <dcanter@microsoft.com>",no_comments_in_source,committed,2022-07-25T20:09:25+00:00,"[""go.mod"", ""go.sum"", ""integration/client/go.mod"", ""integration/client/go.sum"", ""vendor/github.com/Microsoft/hcsshim/internal/jobobject/iocp.go"", ""vendor/github.com/Microsoft/hcsshim/internal/jobobject/jobobject.go"", ""vendor/github.com/Microsoft/hcsshim/internal/jobobject/limits.go"", ""vendor/github.com/Microsoft/hcsshim/internal/queue/mq.go"", ""vendor/github.com/Microsoft/hcsshim/internal/winapi/jobobject.go"", ""vendor/github.com/Microsoft/hcsshim/internal/winapi/process.go"", ""vendor/github.com/Microsoft/hcsshim/internal/winapi/system.go"", ""vendor/github.com/Microsoft/hcsshim/internal/winapi/zsyscall_windows.go"", ""vendor/modules.txt""]","diff --git a/go.mod b/go.mod
index 7fc5b15d84954..b11b667df64c4 100644
--- a/go.mod
+++ b/go.mod
@@ -5,7 +5,7 @@ go 1.18
 require (
 	github.com/AdaLogics/go-fuzz-headers v0.0.0-20220706123152-fef3fe1bab07
 	github.com/Microsoft/go-winio v0.5.2
-	github.com/Microsoft/hcsshim v0.9.3
+	github.com/Microsoft/hcsshim v0.9.4
 	github.com/container-orchestrated-devices/container-device-interface v0.3.1
 	github.com/containerd/aufs v1.0.0
 	github.com/containerd/btrfs v1.0.0
diff --git a/go.sum b/go.sum
index 12247e68b4000..807114d428452 100644
--- a/go.sum
+++ b/go.sum
@@ -84,8 +84,8 @@ github.com/Microsoft/hcsshim v0.8.20/go.mod h1:+w2gRZ5ReXQhFOrvSQeNfhrYB/dg3oDwT
 github.com/Microsoft/hcsshim v0.8.21/go.mod h1:+w2gRZ5ReXQhFOrvSQeNfhrYB/dg3oDwTOcER2fw4I4=
 github.com/Microsoft/hcsshim v0.8.23/go.mod h1:4zegtUJth7lAvFyc6cH2gGQ5B3OFQim01nnU2M8jKDg=
 github.com/Microsoft/hcsshim v0.9.2/go.mod h1:7pLA8lDk46WKDWlVsENo92gC0XFa8rbKfyFRBqxEbCc=
-github.com/Microsoft/hcsshim v0.9.3 h1:k371PzBuRrz2b+ebGuI2nVgVhgsVX60jMfSw80NECxo=
-github.com/Microsoft/hcsshim v0.9.3/go.mod h1:7pLA8lDk46WKDWlVsENo92gC0XFa8rbKfyFRBqxEbCc=
+github.com/Microsoft/hcsshim v0.9.4 h1:mnUj0ivWy6UzbB1uLFqKR6F+ZyiDc7j4iGgHTpO+5+I=
+github.com/Microsoft/hcsshim v0.9.4/go.mod h1:7pLA8lDk46WKDWlVsENo92gC0XFa8rbKfyFRBqxEbCc=
 github.com/Microsoft/hcsshim/test v0.0.0-20201218223536-d3e5debf77da/go.mod h1:5hlzMzRKMLyo42nCZ9oml8AdTlq/0cvIaBv6tK1RehU=
 github.com/Microsoft/hcsshim/test v0.0.0-20210227013316-43a75bb4edd3/go.mod h1:mw7qgWloBUl75W/gVH3cQszUg1+gUITj7D6NY7ywVnY=
 github.com/NYTimes/gziphandler v0.0.0-20170623195520-56545f4a5d46/go.mod h1:3wb06e3pkSAbeQ52E9H9iFoQsEEwGN64994WTCIhntQ=
diff --git a/integration/client/go.mod b/integration/client/go.mod
index 2fced654d5734..dc949b45101c4 100644
--- a/integration/client/go.mod
+++ b/integration/client/go.mod
@@ -3,7 +3,7 @@ module github.com/containerd/containerd/integration/client
 go 1.18
 
 require (
-	github.com/Microsoft/hcsshim v0.9.3
+	github.com/Microsoft/hcsshim v0.9.4
 	github.com/Microsoft/hcsshim/test v0.0.0-20210408205431-da33ecd607e1
 	github.com/containerd/cgroups v1.0.4
 	github.com/containerd/containerd v1.6.2 // see replace; the actual version of containerd is replaced with the code at the root of this repository
diff --git a/integration/client/go.sum b/integration/client/go.sum
index 442842a487102..4efe2127cd8c9 100644
--- a/integration/client/go.sum
+++ b/integration/client/go.sum
@@ -60,8 +60,8 @@ github.com/Microsoft/go-winio v0.5.2/go.mod h1:WpS1mjBmmwHBEWmogvA2mj8546UReBk4v
 github.com/Microsoft/hcsshim v0.8.15/go.mod h1:x38A4YbHbdxJtc0sF6oIz+RG0npwSCAvn69iY6URG00=
 github.com/Microsoft/hcsshim v0.8.20/go.mod h1:+w2gRZ5ReXQhFOrvSQeNfhrYB/dg3oDwTOcER2fw4I4=
 github.com/Microsoft/hcsshim v0.9.2/go.mod h1:7pLA8lDk46WKDWlVsENo92gC0XFa8rbKfyFRBqxEbCc=
-github.com/Microsoft/hcsshim v0.9.3 h1:k371PzBuRrz2b+ebGuI2nVgVhgsVX60jMfSw80NECxo=
-github.com/Microsoft/hcsshim v0.9.3/go.mod h1:7pLA8lDk46WKDWlVsENo92gC0XFa8rbKfyFRBqxEbCc=
+github.com/Microsoft/hcsshim v0.9.4 h1:mnUj0ivWy6UzbB1uLFqKR6F+ZyiDc7j4iGgHTpO+5+I=
+github.com/Microsoft/hcsshim v0.9.4/go.mod h1:7pLA8lDk46WKDWlVsENo92gC0XFa8rbKfyFRBqxEbCc=
 github.com/Microsoft/hcsshim/test v0.0.0-20210408205431-da33ecd607e1 h1:pVKfKyPkXna29XlGjxSr9J0A7vNucOUHZ/2ClcTWalw=
 github.com/Microsoft/hcsshim/test v0.0.0-20210408205431-da33ecd607e1/go.mod h1:Cmvnhlie15Ha2UYrJs9EhgSx76Bq9RV2FgfEiT78GhI=
 github.com/NYTimes/gziphandler v0.0.0-20170623195520-56545f4a5d46/go.mod h1:3wb06e3pkSAbeQ52E9H9iFoQsEEwGN64994WTCIhntQ=
diff --git a/vendor/github.com/Microsoft/hcsshim/internal/jobobject/iocp.go b/vendor/github.com/Microsoft/hcsshim/internal/jobobject/iocp.go
index 3d640ac7bdd6b..5d6acd69e618e 100644
--- a/vendor/github.com/Microsoft/hcsshim/internal/jobobject/iocp.go
+++ b/vendor/github.com/Microsoft/hcsshim/internal/jobobject/iocp.go
@@ -57,7 +57,7 @@ func pollIOCP(ctx context.Context, iocpHandle windows.Handle) {
 				}).Warn(""failed to parse job object message"")
 				continue
 			}
-			if err := msq.Write(notification); err == queue.ErrQueueClosed {
+			if err := msq.Enqueue(notification); err == queue.ErrQueueClosed {
 				// Write will only return an error when the queue is closed.
 				// The only time a queue would ever be closed is when we call `Close` on
 				// the job it belongs to which also removes it from the jobMap, so something
diff --git a/vendor/github.com/Microsoft/hcsshim/internal/jobobject/jobobject.go b/vendor/github.com/Microsoft/hcsshim/internal/jobobject/jobobject.go
index 9c2726416418b..c9fdd921a7f8b 100644
--- a/vendor/github.com/Microsoft/hcsshim/internal/jobobject/jobobject.go
+++ b/vendor/github.com/Microsoft/hcsshim/internal/jobobject/jobobject.go
@@ -68,6 +68,9 @@ type Options struct {
 	// `UseNTVariant` specifies if we should use the `Nt` variant of Open/CreateJobObject.
 	// Defaults to false.
 	UseNTVariant bool
+	// `IOTracking` enables tracking I/O statistics on the job object. More specifically this
+	// calls SetInformationJobObject with the JobObjectIoAttribution class.
+	EnableIOTracking bool
 }
 
 // Create creates a job object.
@@ -134,6 +137,12 @@ func Create(ctx context.Context, options *Options) (_ *JobObject, err error) {
 		job.mq = mq
 	}
 
+	if options.EnableIOTracking {
+		if err := enableIOTracking(jobHandle); err != nil {
+			return nil, err
+		}
+	}
+
 	return job, nil
 }
 
@@ -235,7 +244,7 @@ func (job *JobObject) PollNotification() (interface{}, error) {
 	if job.mq == nil {
 		return nil, ErrNotRegistered
 	}
-	return job.mq.ReadOrWait()
+	return job.mq.Dequeue()
 }
 
 // UpdateProcThreadAttribute updates the passed in ProcThreadAttributeList to contain what is necessary to
@@ -330,7 +339,7 @@ func (job *JobObject) Pids() ([]uint32, error) {
 	err := winapi.QueryInformationJobObject(
 		job.handle,
 		winapi.JobObjectBasicProcessIdList,
-		uintptr(unsafe.Pointer(&info)),
+		unsafe.Pointer(&info),
 		uint32(unsafe.Sizeof(info)),
 		nil,
 	)
@@ -356,7 +365,7 @@ func (job *JobObject) Pids() ([]uint32, error) {
 	if err = winapi.QueryInformationJobObject(
 		job.handle,
 		winapi.JobObjectBasicProcessIdList,
-		uintptr(unsafe.Pointer(&buf[0])),
+		unsafe.Pointer(&buf[0]),
 		uint32(len(buf)),
 		nil,
 	); err != nil {
@@ -384,7 +393,7 @@ func (job *JobObject) QueryMemoryStats() (*winapi.JOBOBJECT_MEMORY_USAGE_INFORMA
 	if err := winapi.QueryInformationJobObject(
 		job.handle,
 		winapi.JobObjectMemoryUsageInformation,
-		uintptr(unsafe.Pointer(&info)),
+		unsafe.Pointer(&info),
 		uint32(unsafe.Sizeof(info)),
 		nil,
 	); err != nil {
@@ -406,7 +415,7 @@ func (job *JobObject) QueryProcessorStats() (*winapi.JOBOBJECT_BASIC_ACCOUNTING_
 	if err := winapi.QueryInformationJobObject(
 		job.handle,
 		winapi.JobObjectBasicAccountingInformation,
-		uintptr(unsafe.Pointer(&info)),
+		unsafe.Pointer(&info),
 		uint32(unsafe.Sizeof(info)),
 		nil,
 	); err != nil {
@@ -415,7 +424,9 @@ func (job *JobObject) QueryProcessorStats() (*winapi.JOBOBJECT_BASIC_ACCOUNTING_
 	return &info, nil
 }
 
-// QueryStorageStats gets the storage (I/O) stats for the job object.
+// QueryStorageStats gets the storage (I/O) stats for the job object. This call will error
+// if either `EnableIOTracking` wasn't set to true on creation of the job, or SetIOTracking()
+// hasn't been called since creation of the job.
 func (job *JobObject) QueryStorageStats() (*winapi.JOBOBJECT_IO_ATTRIBUTION_INFORMATION, error) {
 	job.handleLock.RLock()
 	defer job.handleLock.RUnlock()
@@ -430,7 +441,7 @@ func (job *JobObject) QueryStorageStats() (*winapi.JOBOBJECT_IO_ATTRIBUTION_INFO
 	if err := winapi.QueryInformationJobObject(
 		job.handle,
 		winapi.JobObjectIoAttribution,
-		uintptr(unsafe.Pointer(&info)),
+		unsafe.Pointer(&info),
 		uint32(unsafe.Sizeof(info)),
 		nil,
 	); err != nil {
@@ -476,7 +487,7 @@ func (job *JobObject) QueryPrivateWorkingSet() (uint64, error) {
 		status := winapi.NtQueryInformationProcess(
 			h,
 			winapi.ProcessVmCounters,
-			uintptr(unsafe.Pointer(&vmCounters)),
+			unsafe.Pointer(&vmCounters),
 			uint32(unsafe.Sizeof(vmCounters)),
 			nil,
 		)
@@ -497,3 +508,31 @@ func (job *JobObject) QueryPrivateWorkingSet() (uint64, error) {
 
 	return jobWorkingSetSize, nil
 }
+
+// SetIOTracking enables IO tracking for processes in the job object.
+// This enables use of the QueryStorageStats method.
+func (job *JobObject) SetIOTracking() error {
+	job.handleLock.RLock()
+	defer job.handleLock.RUnlock()
+
+	if job.handle == 0 {
+		return ErrAlreadyClosed
+	}
+
+	return enableIOTracking(job.handle)
+}
+
+func enableIOTracking(job windows.Handle) error {
+	info := winapi.JOBOBJECT_IO_ATTRIBUTION_INFORMATION{
+		ControlFlags: winapi.JOBOBJECT_IO_ATTRIBUTION_CONTROL_ENABLE,
+	}
+	if _, err := windows.SetInformationJobObject(
+		job,
+		winapi.JobObjectIoAttribution,
+		uintptr(unsafe.Pointer(&info)),
+		uint32(unsafe.Sizeof(info)),
+	); err != nil {
+		return fmt.Errorf(""failed to enable IO tracking on job object: %w"", err)
+	}
+	return nil
+}
diff --git a/vendor/github.com/Microsoft/hcsshim/internal/jobobject/limits.go b/vendor/github.com/Microsoft/hcsshim/internal/jobobject/limits.go
index 4be297788e028..4efde292c49d5 100644
--- a/vendor/github.com/Microsoft/hcsshim/internal/jobobject/limits.go
+++ b/vendor/github.com/Microsoft/hcsshim/internal/jobobject/limits.go
@@ -202,7 +202,7 @@ func (job *JobObject) getExtendedInformation() (*windows.JOBOBJECT_EXTENDED_LIMI
 	if err := winapi.QueryInformationJobObject(
 		job.handle,
 		windows.JobObjectExtendedLimitInformation,
-		uintptr(unsafe.Pointer(&info)),
+		unsafe.Pointer(&info),
 		uint32(unsafe.Sizeof(info)),
 		nil,
 	); err != nil {
@@ -224,7 +224,7 @@ func (job *JobObject) getCPURateControlInformation() (*winapi.JOBOBJECT_CPU_RATE
 	if err := winapi.QueryInformationJobObject(
 		job.handle,
 		windows.JobObjectCpuRateControlInformation,
-		uintptr(unsafe.Pointer(&info)),
+		unsafe.Pointer(&info),
 		uint32(unsafe.Sizeof(info)),
 		nil,
 	); err != nil {
diff --git a/vendor/github.com/Microsoft/hcsshim/internal/queue/mq.go b/vendor/github.com/Microsoft/hcsshim/internal/queue/mq.go
index e177c9a62997a..4eb9bb9f1f390 100644
--- a/vendor/github.com/Microsoft/hcsshim/internal/queue/mq.go
+++ b/vendor/github.com/Microsoft/hcsshim/internal/queue/mq.go
@@ -5,10 +5,7 @@ import (
 	""sync""
 )
 
-var (
-	ErrQueueClosed = errors.New(""the queue is closed for reading and writing"")
-	ErrQueueEmpty  = errors.New(""the queue is empty"")
-)
+var ErrQueueClosed = errors.New(""the queue is closed for reading and writing"")
 
 // MessageQueue represents a threadsafe message queue to be used to retrieve or
 // write messages to.
@@ -29,8 +26,8 @@ func NewMessageQueue() *MessageQueue {
 	}
 }
 
-// Write writes `msg` to the queue.
-func (mq *MessageQueue) Write(msg interface{}) error {
+// Enqueue writes `msg` to the queue.
+func (mq *MessageQueue) Enqueue(msg interface{}) error {
 	mq.m.Lock()
 	defer mq.m.Unlock()
 
@@ -43,55 +40,37 @@ func (mq *MessageQueue) Write(msg interface{}) error {
 	return nil
 }
 
-// Read will read a value from the queue if available, otherwise return an error.
-func (mq *MessageQueue) Read() (interface{}, error) {
+// Dequeue will read a value from the queue and remove it. If the queue
+// is empty, this will block until the queue is closed or a value gets enqueued.
+func (mq *MessageQueue) Dequeue() (interface{}, error) {
 	mq.m.Lock()
 	defer mq.m.Unlock()
-	if mq.closed {
-		return nil, ErrQueueClosed
-	}
-	if mq.isEmpty() {
-		return nil, ErrQueueEmpty
+
+	for !mq.closed && mq.size() == 0 {
+		mq.c.Wait()
 	}
-	val := mq.messages[0]
-	mq.messages[0] = nil
-	mq.messages = mq.messages[1:]
-	return val, nil
-}
 
-// ReadOrWait will read a value from the queue if available, else it will wait for a
-// value to become available. This will block forever if nothing gets written or until
-// the queue gets closed.
-func (mq *MessageQueue) ReadOrWait() (interface{}, error) {
-	mq.m.Lock()
+	// We got woken up, check if it's because the queue got closed.
 	if mq.closed {
-		mq.m.Unlock()
 		return nil, ErrQueueClosed
 	}
-	if mq.isEmpty() {
-		for !mq.closed && mq.isEmpty() {
-			mq.c.Wait()
-		}
-		mq.m.Unlock()
-		return mq.Read()
-	}
+
 	val := mq.messages[0]
 	mq.messages[0] = nil
 	mq.messages = mq.messages[1:]
-	mq.m.Unlock()
 	return val, nil
 }
 
-// IsEmpty returns if the queue is empty
-func (mq *MessageQueue) IsEmpty() bool {
+// Size returns the size of the queue.
+func (mq *MessageQueue) Size() int {
 	mq.m.RLock()
 	defer mq.m.RUnlock()
-	return len(mq.messages) == 0
+	return mq.size()
 }
 
-// Nonexported empty check that doesn't lock so we can call this in Read and Write.
-func (mq *MessageQueue) isEmpty() bool {
-	return len(mq.messages) == 0
+// Nonexported size check to check if the queue is empty inside already locked functions.
+func (mq *MessageQueue) size() int {
+	return len(mq.messages)
 }
 
 // Close closes the queue for future writes or reads. Any attempts to read or write from the
@@ -99,13 +78,15 @@ func (mq *MessageQueue) isEmpty() bool {
 func (mq *MessageQueue) Close() {
 	mq.m.Lock()
 	defer mq.m.Unlock()
-	// Already closed
+
+	// Already closed, noop
 	if mq.closed {
 		return
 	}
+
 	mq.messages = nil
 	mq.closed = true
-	// If there's anybody currently waiting on a value from ReadOrWait, we need to
+	// If there's anybody currently waiting on a value from Dequeue, we need to
 	// broadcast so the read(s) can return ErrQueueClosed.
 	mq.c.Broadcast()
 }
diff --git a/vendor/github.com/Microsoft/hcsshim/internal/winapi/jobobject.go b/vendor/github.com/Microsoft/hcsshim/internal/winapi/jobobject.go
index 479649db36347..7eb13f8f0a83f 100644
--- a/vendor/github.com/Microsoft/hcsshim/internal/winapi/jobobject.go
+++ b/vendor/github.com/Microsoft/hcsshim/internal/winapi/jobobject.go
@@ -175,7 +175,7 @@ type JOBOBJECT_ASSOCIATE_COMPLETION_PORT struct {
 //		LPDWORD            lpReturnLength
 // );
 //
-//sys QueryInformationJobObject(jobHandle windows.Handle, infoClass uint32, jobObjectInfo uintptr, jobObjectInformationLength uint32, lpReturnLength *uint32) (err error) = kernel32.QueryInformationJobObject
+//sys QueryInformationJobObject(jobHandle windows.Handle, infoClass uint32, jobObjectInfo unsafe.Pointer, jobObjectInformationLength uint32, lpReturnLength *uint32) (err error) = kernel32.QueryInformationJobObject
 
 // HANDLE OpenJobObjectW(
 //		DWORD   dwDesiredAccess,
diff --git a/vendor/github.com/Microsoft/hcsshim/internal/winapi/process.go b/vendor/github.com/Microsoft/hcsshim/internal/winapi/process.go
index 5f9e03fd28e8a..222529f433a52 100644
--- a/vendor/github.com/Microsoft/hcsshim/internal/winapi/process.go
+++ b/vendor/github.com/Microsoft/hcsshim/internal/winapi/process.go
@@ -18,7 +18,7 @@ const ProcessVmCounters = 3
 // 	[out, optional] PULONG           ReturnLength
 // );
 //
-//sys NtQueryInformationProcess(processHandle windows.Handle, processInfoClass uint32, processInfo uintptr, processInfoLength uint32, returnLength *uint32) (status uint32) = ntdll.NtQueryInformationProcess
+//sys NtQueryInformationProcess(processHandle windows.Handle, processInfoClass uint32, processInfo unsafe.Pointer, processInfoLength uint32, returnLength *uint32) (status uint32) = ntdll.NtQueryInformationProcess
 
 // typedef struct _VM_COUNTERS_EX
 // {
diff --git a/vendor/github.com/Microsoft/hcsshim/internal/winapi/system.go b/vendor/github.com/Microsoft/hcsshim/internal/winapi/system.go
index 327f57d7c296c..78fe01a4b412a 100644
--- a/vendor/github.com/Microsoft/hcsshim/internal/winapi/system.go
+++ b/vendor/github.com/Microsoft/hcsshim/internal/winapi/system.go
@@ -12,7 +12,8 @@ const STATUS_INFO_LENGTH_MISMATCH = 0xC0000004
 // 	ULONG                    SystemInformationLength,
 // 	PULONG                   ReturnLength
 // );
-//sys NtQuerySystemInformation(systemInfoClass int, systemInformation uintptr, systemInfoLength uint32, returnLength *uint32) (status uint32) = ntdll.NtQuerySystemInformation
+//
+//sys NtQuerySystemInformation(systemInfoClass int, systemInformation unsafe.Pointer, systemInfoLength uint32, returnLength *uint32) (status uint32) = ntdll.NtQuerySystemInformation
 
 type SYSTEM_PROCESS_INFORMATION struct {
 	NextEntryOffset              uint32         // ULONG
diff --git a/vendor/github.com/Microsoft/hcsshim/internal/winapi/zsyscall_windows.go b/vendor/github.com/Microsoft/hcsshim/internal/winapi/zsyscall_windows.go
index 39fb3e1adc08b..1f16cf0b8e159 100644
--- a/vendor/github.com/Microsoft/hcsshim/internal/winapi/zsyscall_windows.go
+++ b/vendor/github.com/Microsoft/hcsshim/internal/winapi/zsyscall_windows.go
@@ -100,7 +100,7 @@ func resizePseudoConsole(hPc windows.Handle, size uint32) (hr error) {
 	return
 }
 
-func NtQuerySystemInformation(systemInfoClass int, systemInformation uintptr, systemInfoLength uint32, returnLength *uint32) (status uint32) {
+func NtQuerySystemInformation(systemInfoClass int, systemInformation unsafe.Pointer, systemInfoLength uint32, returnLength *uint32) (status uint32) {
 	r0, _, _ := syscall.Syscall6(procNtQuerySystemInformation.Addr(), 4, uintptr(systemInfoClass), uintptr(systemInformation), uintptr(systemInfoLength), uintptr(unsafe.Pointer(returnLength)), 0, 0)
 	status = uint32(r0)
 	return
@@ -152,7 +152,7 @@ func IsProcessInJob(procHandle windows.Handle, jobHandle windows.Handle, result
 	return
 }
 
-func QueryInformationJobObject(jobHandle windows.Handle, infoClass uint32, jobObjectInfo uintptr, jobObjectInformationLength uint32, lpReturnLength *uint32) (err error) {
+func QueryInformationJobObject(jobHandle windows.Handle, infoClass uint32, jobObjectInfo unsafe.Pointer, jobObjectInformationLength uint32, lpReturnLength *uint32) (err error) {
 	r1, _, e1 := syscall.Syscall6(procQueryInformationJobObject.Addr(), 5, uintptr(jobHandle), uintptr(infoClass), uintptr(jobObjectInfo), uintptr(jobObjectInformationLength), uintptr(unsafe.Pointer(lpReturnLength)), 0)
 	if r1 == 0 {
 		if e1 != 0 {
@@ -244,7 +244,7 @@ func LocalFree(ptr uintptr) {
 	return
 }
 
-func NtQueryInformationProcess(processHandle windows.Handle, processInfoClass uint32, processInfo uintptr, processInfoLength uint32, returnLength *uint32) (status uint32) {
+func NtQueryInformationProcess(processHandle windows.Handle, processInfoClass uint32, processInfo unsafe.Pointer, processInfoLength uint32, returnLength *uint32) (status uint32) {
 	r0, _, _ := syscall.Syscall6(procNtQueryInformationProcess.Addr(), 5, uintptr(processHandle), uintptr(processInfoClass), uintptr(processInfo), uintptr(processInfoLength), uintptr(unsafe.Pointer(returnLength)), 0)
 	status = uint32(r0)
 	return
diff --git a/vendor/modules.txt b/vendor/modules.txt
index 1d5050a36b464..590b3d5f39c22 100644
--- a/vendor/modules.txt
+++ b/vendor/modules.txt
@@ -11,7 +11,7 @@ github.com/Microsoft/go-winio/pkg/fs
 github.com/Microsoft/go-winio/pkg/guid
 github.com/Microsoft/go-winio/pkg/security
 github.com/Microsoft/go-winio/vhd
-# github.com/Microsoft/hcsshim v0.9.3
+# github.com/Microsoft/hcsshim v0.9.4
 ## explicit; go 1.13
 github.com/Microsoft/hcsshim
 github.com/Microsoft/hcsshim/cmd/containerd-shim-runhcs-v1/options",accepted_fault,Runtime Daemon Crash,Runtime Shim Config Error
issta2024_bugs_in_pods_understanding_bugs:6c52a60306193520,issta2024_bugs_in_pods_understanding_bugs,runc,https://github.com/opencontainers/runc/commit/58b1374f0ad98cc9390adc43dc22ddbb4f84d72e,Fix failed exec after systemctl daemon-reload,"A regression reported for runc v1.1.3 says that ""runc exec -t"" fails
after doing ""systemctl daemon-reload"":

> exec failed: unable to start container process: open /dev/pts/0: operation not permitted: unknown

Apparently, with commit 7219387eb7db69b we are no longer adding
""DeviceAllow=char-pts rwm"" rule (because os.Stat(""char-pts"") returns
ENOENT).

The bug can only be seen after ""systemctl daemon-reload"" because runc
also applies the same rules manually (by writing to devices.allow for
cgroup v1), and apparently reloading systemd leads to re-applying the
rules that systemd has (thus removing the char-pts access).

The fix is to do os.Stat only for ""/dev"" paths.

Also, emit a warning that the path was skipped. Since the original idea
was to emit less warnings, demote the level to debug.

Note this also fixes the issue of not adding ""m"" permission for block-*
and char-* devices.

A test case is added, which reliably fails before the fix
on both cgroup v1 and v2.

Fixes: https://github.com/opencontainers/runc/issues/3551
Fixes: 7219387eb7db69b4dae740c9d37d973d9a735801
Signed-off-by: Kir Kolyshkin <kolyshkin@gmail.com>",no_comments_in_source,committed,2022-08-11T00:09:23+00:00,"[""libcontainer/cgroups/devices/systemd.go"", ""tests/integration/dev.bats""]","diff --git a/libcontainer/cgroups/devices/systemd.go b/libcontainer/cgroups/devices/systemd.go
index 19f643ec9b3..6594d9c05a9 100644
--- a/libcontainer/cgroups/devices/systemd.go
+++ b/libcontainer/cgroups/devices/systemd.go
@@ -128,14 +128,16 @@ func systemdProperties(r *configs.Resources) ([]systemdDbus.Property, error) {
 			case devices.CharDevice:
 				entry.Path = fmt.Sprintf(""/dev/char/%d:%d"", rule.Major, rule.Minor)
 			}
+			// systemd will issue a warning if the path we give here doesn't exist.
+			// Since all of this logic is best-effort anyway (we manually set these
+			// rules separately to systemd) we can safely skip entries that don't
+			// have a corresponding path.
+			if _, err := os.Stat(entry.Path); err != nil {
+				logrus.Debugf(""skipping device %s for systemd: %s"", entry.Path, err)
+				continue
+			}
 		}
-		// systemd will issue a warning if the path we give here doesn't exist.
-		// Since all of this logic is best-effort anyway (we manually set these
-		// rules separately to systemd) we can safely skip entries that don't
-		// have a corresponding path.
-		if _, err := os.Stat(entry.Path); err == nil {
-			deviceAllowList = append(deviceAllowList, entry)
-		}
+		deviceAllowList = append(deviceAllowList, entry)
 	}
 
 	properties = append(properties, newProp(""DeviceAllow"", deviceAllowList))
diff --git a/tests/integration/dev.bats b/tests/integration/dev.bats
index 95675fd301f..6d972335095 100644
--- a/tests/integration/dev.bats
+++ b/tests/integration/dev.bats
@@ -128,3 +128,19 @@ function teardown() {
 	runc exec test_allow_block sh -c 'fdisk -l '""$device""''
 	[ ""$status"" -eq 0 ]
 }
+
+# https://github.com/opencontainers/runc/issues/3551
+@test ""runc exec vs systemctl daemon-reload"" {
+	requires systemd root
+
+	runc run -d --console-socket ""$CONSOLE_SOCKET"" test_exec
+	[ ""$status"" -eq 0 ]
+
+	runc exec -t test_exec sh -c ""ls -l /proc/self/fd/0; echo 123""
+	[ ""$status"" -eq 0 ]
+
+	systemctl daemon-reload
+
+	runc exec -t test_exec sh -c ""ls -l /proc/self/fd/0; echo 123""
+	[ ""$status"" -eq 0 ]
+}",accepted_fault,Runtime Daemon Crash,Wrong Code Logic
issta2024_bugs_in_pods_understanding_bugs:6d9f282160c81b63,issta2024_bugs_in_pods_understanding_bugs,containerd,https://github.com/containerd/containerd/commit/19e8479837e16630685780de75ea3486f0dc777a,seccomp: seccomp: add syscalls related to PKU in default policy,"Add pkey_alloc(2), pkey_free(2) and pkey_mprotect(2) in seccomp default profile.
pkey_alloc(2), pkey_free(2) and pkey_mprotect(2) can only configure
the calling process's own memory, so they are existing ""safe for everyone"" syscalls.

Signed-off-by: Sebastiaan van Stijn <github@gone.nl>",no_comments_in_source,committed,2022-07-13T21:03:35+00:00,"[""contrib/seccomp/seccomp_default.go""]","diff --git a/contrib/seccomp/seccomp_default.go b/contrib/seccomp/seccomp_default.go
index 714a8ae0b3f3f..40ae488066ce6 100644
--- a/contrib/seccomp/seccomp_default.go
+++ b/contrib/seccomp/seccomp_default.go
@@ -249,6 +249,9 @@ func DefaultProfile(sp *specs.Spec) *specs.LinuxSeccomp {
 				""pidfd_send_signal"",
 				""pipe"",
 				""pipe2"",
+				""pkey_alloc"",
+				""pkey_free"",
+				""pkey_mprotect"",
 				""poll"",
 				""ppoll"",
 				""ppoll_time64"",",accepted_fault,Escalized Privilege,Inaccurate Permission Assignment
issta2024_bugs_in_pods_understanding_bugs:6e8e774787ff06f1,issta2024_bugs_in_pods_understanding_bugs,gvisor,https://github.com/google/gvisor/commit/1c220bf2a4a0a6c8cdaf3c092b1a3d22391b6e42,Fix refsvfs2 bug that counted uninitialized leak checking as enabled.,PiperOrigin-RevId: 465118656,no_comments_in_source,committed,2022-08-03T19:22:02+00:00,"[""pkg/refsvfs2/refs_map.go""]","diff --git a/pkg/refsvfs2/refs_map.go b/pkg/refsvfs2/refs_map.go
index 186f4fc7dc..49605349ef 100644
--- a/pkg/refsvfs2/refs_map.go
+++ b/pkg/refsvfs2/refs_map.go
@@ -50,7 +50,8 @@ func init() {
 // LeakCheckEnabled returns whether leak checking is enabled. The following
 // functions should only be called if it returns true.
 func LeakCheckEnabled() bool {
-	return refs_vfs1.GetLeakMode() != refs_vfs1.NoLeakChecking
+	mode := refs_vfs1.GetLeakMode()
+	return mode != refs_vfs1.NoLeakChecking && mode != refs_vfs1.UninitializedLeakChecking
 }
 
 // leakCheckPanicEnabled returns whether DoLeakCheck() should panic when leaks",accepted_fault,Others,Plugin Config Error
issta2024_bugs_in_pods_understanding_bugs:6ea9887069e2a246,issta2024_bugs_in_pods_understanding_bugs,containerd,https://github.com/containerd/containerd/commit/ad8b87ba234e0a4993fe84983ff4e45a3e47a58f,Add `Wait` to `binaryProcessor`,"Add exported `Wait(ctx context.Context) error` interface that waits on
the underlying command (or context cancellation) and returns the error.

This fixes a race condition between `.wait()` and `.Err error`:
https://github.com/containerd/containerd/issues/6914

Signed-off-by: Hamza El-Saawy <hamzaelsaawy@microsoft.com>",no_comments_in_source,committed,2022-05-09T21:15:00+00:00,"[""diff/stream_unix.go"", ""diff/stream_windows.go""]","diff --git a/diff/stream_unix.go b/diff/stream_unix.go
index 4e458f4489682..6e0a44e0170e9 100644
--- a/diff/stream_unix.go
+++ b/diff/stream_unix.go
@@ -89,6 +89,7 @@ func NewBinaryProcessor(ctx context.Context, imt, rmt string, stream StreamProce
 		r:      r,
 		mt:     rmt,
 		stderr: stderr,
+		done:   make(chan struct{}),
 	}
 	go p.wait()
 
@@ -111,6 +112,11 @@ type binaryProcessor struct {
 
 	mu  sync.Mutex
 	err error
+
+	// There is a race condition between waiting on c.cmd.Wait() and setting c.err within
+	// c.wait(), and reading that value from c.Err().
+	// Use done to wait for the returned error to be captured and set.
+	done chan struct{}
 }
 
 func (c *binaryProcessor) Err() error {
@@ -127,6 +133,16 @@ func (c *binaryProcessor) wait() {
 			c.mu.Unlock()
 		}
 	}
+	close(c.done)
+}
+
+func (c *binaryProcessor) Wait(ctx context.Context) error {
+	select {
+	case <-c.done:
+		return c.Err()
+	case <-ctx.Done():
+		return ctx.Err()
+	}
 }
 
 func (c *binaryProcessor) File() *os.File {
diff --git a/diff/stream_windows.go b/diff/stream_windows.go
index d03923f1fd409..a5ae19728aeec 100644
--- a/diff/stream_windows.go
+++ b/diff/stream_windows.go
@@ -98,6 +98,7 @@ func NewBinaryProcessor(ctx context.Context, imt, rmt string, stream StreamProce
 		r:      r,
 		mt:     rmt,
 		stderr: stderr,
+		done:   make(chan struct{}),
 	}
 	go p.wait()
 
@@ -117,6 +118,11 @@ type binaryProcessor struct {
 
 	mu  sync.Mutex
 	err error
+
+	// There is a race condition between waiting on c.cmd.Wait() and setting c.err within
+	// c.wait(), and reading that value from c.Err().
+	// Use done to wait for the returned error to be captured and set.
+	done chan struct{}
 }
 
 func (c *binaryProcessor) Err() error {
@@ -133,6 +139,16 @@ func (c *binaryProcessor) wait() {
 			c.mu.Unlock()
 		}
 	}
+	close(c.done)
+}
+
+func (c *binaryProcessor) Wait(ctx context.Context) error {
+	select {
+	case <-c.done:
+		return c.Err()
+	case <-ctx.Done():
+		return ctx.Err()
+	}
 }
 
 func (c *binaryProcessor) File() *os.File {",accepted_fault,Wrong Container Behavior,Wrong Code Logic
issta2024_bugs_in_pods_understanding_bugs:75840a14adc66ff6,issta2024_bugs_in_pods_understanding_bugs,containerd,https://github.com/containerd/containerd/commit/9f9ebbd99103bb60b0b0b45be8d9520b8c047b44,Fix tx closed error when upperdirlabel specified,"When upperdirLabel specified, overlay Update will throw tx closed error since Commit is invoked before GetInfo

Signed-off-by: cardy.tang <zuniorone@gmail.com>",no_comments_in_source,committed,2022-05-23T16:05:36+00:00,"[""snapshots/overlay/overlay.go""]","diff --git a/snapshots/overlay/overlay.go b/snapshots/overlay/overlay.go
index 26ee5c5684472..f9ae8a4b1cfc8 100644
--- a/snapshots/overlay/overlay.go
+++ b/snapshots/overlay/overlay.go
@@ -160,10 +160,6 @@ func (o *snapshotter) Update(ctx context.Context, info snapshots.Info, fieldpath
 		return snapshots.Info{}, err
 	}
 
-	if err := t.Commit(); err != nil {
-		return snapshots.Info{}, err
-	}
-
 	if o.upperdirLabel {
 		id, _, _, err := storage.GetInfo(ctx, info.Name)
 		if err != nil {
@@ -175,6 +171,10 @@ func (o *snapshotter) Update(ctx context.Context, info snapshots.Info, fieldpath
 		info.Labels[upperdirKey] = o.upperPath(id)
 	}
 
+	if err := t.Commit(); err != nil {
+		return snapshots.Info{}, err
+	}
+
 	return info, nil
 }",accepted_fault,Plugin Management Error,Wrong Code Logic
issta2024_bugs_in_pods_understanding_bugs:77ace2ea19d85ab6,issta2024_bugs_in_pods_understanding_bugs,cri-o,https://github.com/cri-o/cri-o/commit/30ddd6d89ba636aae8eb36d89cf91f0d0791e930,Fix events generated by Evented PLEG,"Fixes https://github.com/cri-o/cri-o/issues/6625

Signed-off-by: Sai Ramesh Vanka <svanka@redhat.com>",no_comments_in_source,committed,2023-04-27T07:21:56+00:00,"[""server/container_stop.go"", ""server/sandbox_stop_linux.go""]","diff --git a/server/container_stop.go b/server/container_stop.go
index ed01d278ac6..b4926597ab6 100644
--- a/server/container_stop.go
+++ b/server/container_stop.go
@@ -42,7 +42,6 @@ func (s *Server) StopContainer(ctx context.Context, req *types.StopContainerRequ
 		log.Warnf(ctx, ""NRI stop failed for container %q: %v"", c.ID(), err)
 	}
 
-	s.generateCRIEvent(ctx, c, types.ContainerEventType_CONTAINER_DELETED_EVENT)
 	log.Infof(ctx, ""Stopped container %s: %s"", c.ID(), c.Description())
 	return &types.StopContainerResponse{}, nil
 }
diff --git a/server/sandbox_stop_linux.go b/server/sandbox_stop_linux.go
index e50fe3804c2..33f94f74a6e 100644
--- a/server/sandbox_stop_linux.go
+++ b/server/sandbox_stop_linux.go
@@ -94,7 +94,12 @@ func (s *Server) stopPodSandbox(ctx context.Context, sb *sandbox.Sandbox) error
 
 	log.Infof(ctx, ""Stopped pod sandbox: %s"", sb.ID())
 	sb.SetStopped(ctx, true)
-	s.generateCRIEvent(ctx, sb.InfraContainer(), types.ContainerEventType_CONTAINER_STOPPED_EVENT)
+
+	if podInfraContainer.Spoofed() {
+		// event generation would be needed in case of a spoofed infra container where there is no
+		// exit process that hits the handleExit() code.
+		s.generateCRIEvent(ctx, sb.InfraContainer(), types.ContainerEventType_CONTAINER_STOPPED_EVENT)
+	}
 
 	return nil
 }",accepted_fault,Logging Error,Inappropriate Lifecycle Organization
issta2024_bugs_in_pods_understanding_bugs:81c36ef6da5334a2,issta2024_bugs_in_pods_understanding_bugs,cri-o,https://github.com/cri-o/cri-o/commit/cd2b0028a6abeed6d9a71545d0969324bc9c36a7,oci: chown stdin pipe to user in the container,"Differently than runc, crun doesn't automatically chown the std
streams to the UID:GID specified in the config file to prevent
touching files outside of its control (e.g. while running on a tty
owned by root that would be chowned to the user in the container).

Closes: https://github.com/containers/crun/issues/745

Signed-off-by: Giuseppe Scrivano <gscrivan@redhat.com>",no_comments_in_source,committed,2021-10-08T16:25:27+00:00,"[""internal/oci/runtime_oci.go""]","diff --git a/internal/oci/runtime_oci.go b/internal/oci/runtime_oci.go
index a2fe6077969..09ef997a4ec 100644
--- a/internal/oci/runtime_oci.go
+++ b/internal/oci/runtime_oci.go
@@ -358,6 +358,13 @@ func (r *runtimeOCI) ExecContainer(ctx context.Context, c *Container, cmd []stri
 			if err != nil {
 				return err
 			}
+
+			u := c.Spec().Process.User
+			// Change the owner for the pipe to the user in the container
+			if err := unix.Fchown(int(r.Fd()), int(u.UID), int(u.GID)); err != nil {
+				return err
+			}
+
 			execCmd.Stdin = r
 			go func() {
 				_, copyError = pools.Copy(w, stdin)",accepted_fault,Access Permission Denied,Inaccurate Permission Assignment
issta2024_bugs_in_pods_understanding_bugs:840a304a47930417,issta2024_bugs_in_pods_understanding_bugs,runc,https://github.com/opencontainers/runc/commit/e63186351b6eb9830c10a91b74e5ae54d9048859,tty: rm inheritStdio return value,"Since commit eebdb644f924 this function never returns any error.

Signed-off-by: Kir Kolyshkin <kolyshkin@gmail.com>",no_comments_in_source,committed,2021-11-30T03:35:19+00:00,"[""tty.go"", ""utils_linux.go""]","diff --git a/tty.go b/tty.go
index 10106a95476..86fde2c06b1 100644
--- a/tty.go
+++ b/tty.go
@@ -63,11 +63,10 @@ func setupProcessPipes(p *libcontainer.Process, rootuid, rootgid int) (*tty, err
 	return t, nil
 }
 
-func inheritStdio(process *libcontainer.Process) error {
+func inheritStdio(process *libcontainer.Process) {
 	process.Stdin = os.Stdin
 	process.Stdout = os.Stdout
 	process.Stderr = os.Stderr
-	return nil
 }
 
 func (t *tty) initHostConsole() error {
diff --git a/utils_linux.go b/utils_linux.go
index 60e8d8b20b6..939e01f8dfd 100644
--- a/utils_linux.go
+++ b/utils_linux.go
@@ -164,9 +164,7 @@ func setupIO(process *libcontainer.Process, rootuid, rootgid int, createTTY, det
 	// when runc will detach the caller provides the stdio to runc via runc's 0,1,2
 	// and the container's process inherits runc's stdio.
 	if detach {
-		if err := inheritStdio(process); err != nil {
-			return nil, err
-		}
+		inheritStdio(process)
 		return &tty{}, nil
 	}
 	return setupProcessPipes(process, rootuid, rootgid)",accepted_fault,Incorrect Return Value,Others
issta2024_bugs_in_pods_understanding_bugs:84a6f78d7e4c3037,issta2024_bugs_in_pods_understanding_bugs,containerd,https://github.com/containerd/containerd/commit/c15d8e15607a269b00aef2ee56d30f8e50309ae6,go.mod: Bump hcsshim to 0.9.3,"This tag brings in a new field to fix an HNS issue in ws2019 as well as
an optimization for collecting Windows stats (memory, cpu, iops).

Signed-off-by: Daniel Canter <dcanter@microsoft.com>",no_comments_in_source,committed,2022-07-25T20:02:30+00:00,"[""go.mod"", ""go.sum"", ""integration/client/go.mod"", ""integration/client/go.sum"", ""vendor/github.com/Microsoft/hcsshim/internal/hcs/system.go"", ""vendor/github.com/Microsoft/hcsshim/internal/hns/hnspolicy.go""]","diff --git a/go.mod b/go.mod
index cb96d2f4a6723..7fc5b15d84954 100644
--- a/go.mod
+++ b/go.mod
@@ -5,7 +5,7 @@ go 1.18
 require (
 	github.com/AdaLogics/go-fuzz-headers v0.0.0-20220706123152-fef3fe1bab07
 	github.com/Microsoft/go-winio v0.5.2
-	github.com/Microsoft/hcsshim v0.9.2
+	github.com/Microsoft/hcsshim v0.9.3
 	github.com/container-orchestrated-devices/container-device-interface v0.3.1
 	github.com/containerd/aufs v1.0.0
 	github.com/containerd/btrfs v1.0.0
diff --git a/go.sum b/go.sum
index 782070780914d..12247e68b4000 100644
--- a/go.sum
+++ b/go.sum
@@ -83,8 +83,9 @@ github.com/Microsoft/hcsshim v0.8.16/go.mod h1:o5/SZqmR7x9JNKsW3pu+nqHm0MF8vbA+V
 github.com/Microsoft/hcsshim v0.8.20/go.mod h1:+w2gRZ5ReXQhFOrvSQeNfhrYB/dg3oDwTOcER2fw4I4=
 github.com/Microsoft/hcsshim v0.8.21/go.mod h1:+w2gRZ5ReXQhFOrvSQeNfhrYB/dg3oDwTOcER2fw4I4=
 github.com/Microsoft/hcsshim v0.8.23/go.mod h1:4zegtUJth7lAvFyc6cH2gGQ5B3OFQim01nnU2M8jKDg=
-github.com/Microsoft/hcsshim v0.9.2 h1:wB06W5aYFfUB3IvootYAY2WnOmIdgPGfqSI6tufQNnY=
 github.com/Microsoft/hcsshim v0.9.2/go.mod h1:7pLA8lDk46WKDWlVsENo92gC0XFa8rbKfyFRBqxEbCc=
+github.com/Microsoft/hcsshim v0.9.3 h1:k371PzBuRrz2b+ebGuI2nVgVhgsVX60jMfSw80NECxo=
+github.com/Microsoft/hcsshim v0.9.3/go.mod h1:7pLA8lDk46WKDWlVsENo92gC0XFa8rbKfyFRBqxEbCc=
 github.com/Microsoft/hcsshim/test v0.0.0-20201218223536-d3e5debf77da/go.mod h1:5hlzMzRKMLyo42nCZ9oml8AdTlq/0cvIaBv6tK1RehU=
 github.com/Microsoft/hcsshim/test v0.0.0-20210227013316-43a75bb4edd3/go.mod h1:mw7qgWloBUl75W/gVH3cQszUg1+gUITj7D6NY7ywVnY=
 github.com/NYTimes/gziphandler v0.0.0-20170623195520-56545f4a5d46/go.mod h1:3wb06e3pkSAbeQ52E9H9iFoQsEEwGN64994WTCIhntQ=
diff --git a/integration/client/go.mod b/integration/client/go.mod
index 06db32abf70fa..2fced654d5734 100644
--- a/integration/client/go.mod
+++ b/integration/client/go.mod
@@ -3,7 +3,7 @@ module github.com/containerd/containerd/integration/client
 go 1.18
 
 require (
-	github.com/Microsoft/hcsshim v0.9.2
+	github.com/Microsoft/hcsshim v0.9.3
 	github.com/Microsoft/hcsshim/test v0.0.0-20210408205431-da33ecd607e1
 	github.com/containerd/cgroups v1.0.4
 	github.com/containerd/containerd v1.6.2 // see replace; the actual version of containerd is replaced with the code at the root of this repository
diff --git a/integration/client/go.sum b/integration/client/go.sum
index 38b144d576ca4..442842a487102 100644
--- a/integration/client/go.sum
+++ b/integration/client/go.sum
@@ -59,8 +59,9 @@ github.com/Microsoft/go-winio v0.5.2 h1:a9IhgEQBCUEk6QCdml9CiJGhAws+YwffDHEMp1VM
 github.com/Microsoft/go-winio v0.5.2/go.mod h1:WpS1mjBmmwHBEWmogvA2mj8546UReBk4v8QkMxJ6pZY=
 github.com/Microsoft/hcsshim v0.8.15/go.mod h1:x38A4YbHbdxJtc0sF6oIz+RG0npwSCAvn69iY6URG00=
 github.com/Microsoft/hcsshim v0.8.20/go.mod h1:+w2gRZ5ReXQhFOrvSQeNfhrYB/dg3oDwTOcER2fw4I4=
-github.com/Microsoft/hcsshim v0.9.2 h1:wB06W5aYFfUB3IvootYAY2WnOmIdgPGfqSI6tufQNnY=
 github.com/Microsoft/hcsshim v0.9.2/go.mod h1:7pLA8lDk46WKDWlVsENo92gC0XFa8rbKfyFRBqxEbCc=
+github.com/Microsoft/hcsshim v0.9.3 h1:k371PzBuRrz2b+ebGuI2nVgVhgsVX60jMfSw80NECxo=
+github.com/Microsoft/hcsshim v0.9.3/go.mod h1:7pLA8lDk46WKDWlVsENo92gC0XFa8rbKfyFRBqxEbCc=
 github.com/Microsoft/hcsshim/test v0.0.0-20210408205431-da33ecd607e1 h1:pVKfKyPkXna29XlGjxSr9J0A7vNucOUHZ/2ClcTWalw=
 github.com/Microsoft/hcsshim/test v0.0.0-20210408205431-da33ecd607e1/go.mod h1:Cmvnhlie15Ha2UYrJs9EhgSx76Bq9RV2FgfEiT78GhI=
 github.com/NYTimes/gziphandler v0.0.0-20170623195520-56545f4a5d46/go.mod h1:3wb06e3pkSAbeQ52E9H9iFoQsEEwGN64994WTCIhntQ=
diff --git a/vendor/github.com/Microsoft/hcsshim/internal/hcs/system.go b/vendor/github.com/Microsoft/hcsshim/internal/hcs/system.go
index 75499c967f0f3..1d45a703b2ed1 100644
--- a/vendor/github.com/Microsoft/hcsshim/internal/hcs/system.go
+++ b/vendor/github.com/Microsoft/hcsshim/internal/hcs/system.go
@@ -4,17 +4,22 @@ import (
 	""context""
 	""encoding/json""
 	""errors""
+	""fmt""
 	""strings""
 	""sync""
 	""syscall""
+	""time""
 
 	""github.com/Microsoft/hcsshim/internal/cow""
 	""github.com/Microsoft/hcsshim/internal/hcs/schema1""
 	hcsschema ""github.com/Microsoft/hcsshim/internal/hcs/schema2""
+	""github.com/Microsoft/hcsshim/internal/jobobject""
 	""github.com/Microsoft/hcsshim/internal/log""
+	""github.com/Microsoft/hcsshim/internal/logfields""
 	""github.com/Microsoft/hcsshim/internal/oc""
 	""github.com/Microsoft/hcsshim/internal/timeout""
 	""github.com/Microsoft/hcsshim/internal/vmcompute""
+	""github.com/sirupsen/logrus""
 	""go.opencensus.io/trace""
 )
 
@@ -28,7 +33,8 @@ type System struct {
 	waitBlock      chan struct{}
 	waitError      error
 	exitError      error
-	os, typ        string
+	os, typ, owner string
+	startTime      time.Time
 }
 
 func newSystem(id string) *System {
@@ -38,6 +44,11 @@ func newSystem(id string) *System {
 	}
 }
 
+// Implementation detail for silo naming, this should NOT be relied upon very heavily.
+func siloNameFmt(containerID string) string {
+	return fmt.Sprintf(`\Container_%s`, containerID)
+}
+
 // CreateComputeSystem creates a new compute system with the given configuration but does not start it.
 func CreateComputeSystem(ctx context.Context, id string, hcsDocumentInterface interface{}) (_ *System, err error) {
 	operation := ""hcs::CreateComputeSystem""
@@ -127,6 +138,7 @@ func (computeSystem *System) getCachedProperties(ctx context.Context) error {
 	}
 	computeSystem.typ = strings.ToLower(props.SystemType)
 	computeSystem.os = strings.ToLower(props.RuntimeOSType)
+	computeSystem.owner = strings.ToLower(props.Owner)
 	if computeSystem.os == """" && computeSystem.typ == ""container"" {
 		// Pre-RS5 HCS did not return the OS, but it only supported containers
 		// that ran Windows.
@@ -195,7 +207,7 @@ func (computeSystem *System) Start(ctx context.Context) (err error) {
 	if err != nil {
 		return makeSystemError(computeSystem, operation, err, events)
 	}
-
+	computeSystem.startTime = time.Now()
 	return nil
 }
 
@@ -324,11 +336,115 @@ func (computeSystem *System) Properties(ctx context.Context, types ...schema1.Pr
 	return properties, nil
 }
 
-// PropertiesV2 returns the requested container properties targeting a V2 schema container.
-func (computeSystem *System) PropertiesV2(ctx context.Context, types ...hcsschema.PropertyType) (*hcsschema.Properties, error) {
-	computeSystem.handleLock.RLock()
-	defer computeSystem.handleLock.RUnlock()
+// queryInProc handles querying for container properties without reaching out to HCS. `props`
+// will be updated to contain any data returned from the queries present in `types`. If any properties
+// failed to be queried they will be tallied up and returned in as the first return value. Failures on
+// query are NOT considered errors; the only failure case for this method is if the containers job object
+// cannot be opened.
+func (computeSystem *System) queryInProc(ctx context.Context, props *hcsschema.Properties, types []hcsschema.PropertyType) ([]hcsschema.PropertyType, error) {
+	// In the future we can make use of some new functionality in the HCS that allows you
+	// to pass a job object for HCS to use for the container. Currently, the only way we'll
+	// be able to open the job/silo is if we're running as SYSTEM.
+	jobOptions := &jobobject.Options{
+		UseNTVariant: true,
+		Name:         siloNameFmt(computeSystem.id),
+	}
+	job, err := jobobject.Open(ctx, jobOptions)
+	if err != nil {
+		return nil, err
+	}
+	defer job.Close()
+
+	var fallbackQueryTypes []hcsschema.PropertyType
+	for _, propType := range types {
+		switch propType {
+		case hcsschema.PTStatistics:
+			// Handle a bad caller asking for the same type twice. No use in re-querying if this is
+			// filled in already.
+			if props.Statistics == nil {
+				props.Statistics, err = computeSystem.statisticsInProc(job)
+				if err != nil {
+					log.G(ctx).WithError(err).Warn(""failed to get statistics in-proc"")
+
+					fallbackQueryTypes = append(fallbackQueryTypes, propType)
+				}
+			}
+		default:
+			fallbackQueryTypes = append(fallbackQueryTypes, propType)
+		}
+	}
+
+	return fallbackQueryTypes, nil
+}
+
+// statisticsInProc emulates what HCS does to grab statistics for a given container with a small
+// change to make grabbing the private working set total much more efficient.
+func (computeSystem *System) statisticsInProc(job *jobobject.JobObject) (*hcsschema.Statistics, error) {
+	// Start timestamp for these stats before we grab them to match HCS
+	timestamp := time.Now()
+
+	memInfo, err := job.QueryMemoryStats()
+	if err != nil {
+		return nil, err
+	}
+
+	processorInfo, err := job.QueryProcessorStats()
+	if err != nil {
+		return nil, err
+	}
+
+	storageInfo, err := job.QueryStorageStats()
+	if err != nil {
+		return nil, err
+	}
+
+	// This calculates the private working set more efficiently than HCS does. HCS calls NtQuerySystemInformation
+	// with the class SystemProcessInformation which returns an array containing system information for *every*
+	// process running on the machine. They then grab the pids that are running in the container and filter down
+	// the entries in the array to only what's running in that silo and start tallying up the total. This doesn't
+	// work well as performance should get worse if more processess are running on the machine in general and not
+	// just in the container. All of the additional information besides the WorkingSetPrivateSize field is ignored
+	// as well which isn't great and is wasted work to fetch.
+	//
+	// HCS only let's you grab statistics in an all or nothing fashion, so we can't just grab the private
+	// working set ourselves and ask for everything else seperately. The optimization we can make here is
+	// to open the silo ourselves and do the same queries for the rest of the info, as well as calculating
+	// the private working set in a more efficient manner by:
+	//
+	// 1. Find the pids running in the silo
+	// 2. Get a process handle for every process (only need PROCESS_QUERY_LIMITED_INFORMATION access)
+	// 3. Call NtQueryInformationProcess on each process with the class ProcessVmCounters
+	// 4. Tally up the total using the field PrivateWorkingSetSize in VM_COUNTERS_EX2.
+	privateWorkingSet, err := job.QueryPrivateWorkingSet()
+	if err != nil {
+		return nil, err
+	}
 
+	return &hcsschema.Statistics{
+		Timestamp:          timestamp,
+		ContainerStartTime: computeSystem.startTime,
+		Uptime100ns:        uint64(time.Since(computeSystem.startTime).Nanoseconds()) / 100,
+		Memory: &hcsschema.MemoryStats{
+			MemoryUsageCommitBytes:            memInfo.JobMemory,
+			MemoryUsageCommitPeakBytes:        memInfo.PeakJobMemoryUsed,
+			MemoryUsagePrivateWorkingSetBytes: privateWorkingSet,
+		},
+		Processor: &hcsschema.ProcessorStats{
+			RuntimeKernel100ns: uint64(processorInfo.TotalKernelTime),
+			RuntimeUser100ns:   uint64(processorInfo.TotalUserTime),
+			TotalRuntime100ns:  uint64(processorInfo.TotalKernelTime + processorInfo.TotalUserTime),
+		},
+		Storage: &hcsschema.StorageStats{
+			ReadCountNormalized:  uint64(storageInfo.ReadStats.IoCount),
+			ReadSizeBytes:        storageInfo.ReadStats.TotalSize,
+			WriteCountNormalized: uint64(storageInfo.WriteStats.IoCount),
+			WriteSizeBytes:       storageInfo.WriteStats.TotalSize,
+		},
+	}, nil
+}
+
+// hcsPropertiesV2Query is a helper to make a HcsGetComputeSystemProperties call using the V2 schema property types.
+func (computeSystem *System) hcsPropertiesV2Query(ctx context.Context, types []hcsschema.PropertyType) (*hcsschema.Properties, error) {
 	operation := ""hcs::System::PropertiesV2""
 
 	queryBytes, err := json.Marshal(hcsschema.PropertyQuery{PropertyTypes: types})
@@ -345,12 +461,66 @@ func (computeSystem *System) PropertiesV2(ctx context.Context, types ...hcsschem
 	if propertiesJSON == """" {
 		return nil, ErrUnexpectedValue
 	}
-	properties := &hcsschema.Properties{}
-	if err := json.Unmarshal([]byte(propertiesJSON), properties); err != nil {
+	props := &hcsschema.Properties{}
+	if err := json.Unmarshal([]byte(propertiesJSON), props); err != nil {
 		return nil, makeSystemError(computeSystem, operation, err, nil)
 	}
 
-	return properties, nil
+	return props, nil
+}
+
+// PropertiesV2 returns the requested compute systems properties targeting a V2 schema compute system.
+func (computeSystem *System) PropertiesV2(ctx context.Context, types ...hcsschema.PropertyType) (_ *hcsschema.Properties, err error) {
+	computeSystem.handleLock.RLock()
+	defer computeSystem.handleLock.RUnlock()
+
+	// Let HCS tally up the total for VM based queries instead of querying ourselves.
+	if computeSystem.typ != ""container"" {
+		return computeSystem.hcsPropertiesV2Query(ctx, types)
+	}
+
+	// Define a starter Properties struct with the default fields returned from every
+	// query. Owner is only returned from Statistics but it's harmless to include.
+	properties := &hcsschema.Properties{
+		Id:            computeSystem.id,
+		SystemType:    computeSystem.typ,
+		RuntimeOsType: computeSystem.os,
+		Owner:         computeSystem.owner,
+	}
+
+	logEntry := log.G(ctx)
+	// First lets try and query ourselves without reaching to HCS. If any of the queries fail
+	// we'll take note and fallback to querying HCS for any of the failed types.
+	fallbackTypes, err := computeSystem.queryInProc(ctx, properties, types)
+	if err == nil && len(fallbackTypes) == 0 {
+		return properties, nil
+	} else if err != nil {
+		logEntry.WithError(fmt.Errorf(""failed to query compute system properties in-proc: %w"", err))
+		fallbackTypes = types
+	}
+
+	logEntry.WithFields(logrus.Fields{
+		logfields.ContainerID: computeSystem.id,
+		""propertyTypes"":       fallbackTypes,
+	}).Info(""falling back to HCS for property type queries"")
+
+	hcsProperties, err := computeSystem.hcsPropertiesV2Query(ctx, fallbackTypes)
+	if err != nil {
+		return nil, err
+	}
+
+	// Now add in anything that we might have successfully queried in process.
+	if properties.Statistics != nil {
+		hcsProperties.Statistics = properties.Statistics
+		hcsProperties.Owner = properties.Owner
+	}
+
+	// For future support for querying processlist in-proc as well.
+	if properties.ProcessList != nil {
+		hcsProperties.ProcessList = properties.ProcessList
+	}
+
+	return hcsProperties, nil
 }
 
 // Pause pauses the execution of the computeSystem. This feature is not enabled in TP5.
diff --git a/vendor/github.com/Microsoft/hcsshim/internal/hns/hnspolicy.go b/vendor/github.com/Microsoft/hcsshim/internal/hns/hnspolicy.go
index 591a2631e45f9..84b3682184745 100644
--- a/vendor/github.com/Microsoft/hcsshim/internal/hns/hnspolicy.go
+++ b/vendor/github.com/Microsoft/hcsshim/internal/hns/hnspolicy.go
@@ -21,10 +21,11 @@ const (
 )
 
 type NatPolicy struct {
-	Type         PolicyType `json:""Type""`
-	Protocol     string     `json:"",omitempty""`
-	InternalPort uint16     `json:"",omitempty""`
-	ExternalPort uint16     `json:"",omitempty""`
+	Type                 PolicyType `json:""Type""`
+	Protocol             string     `json:"",omitempty""`
+	InternalPort         uint16     `json:"",omitempty""`
+	ExternalPort         uint16     `json:"",omitempty""`
+	ExternalPortReserved bool       `json:"",omitempty""`
 }
 
 type QosPolicy struct {
diff --git a/vendor/github.com/Microsoft/hcsshim/internal/jobobject/iocp.go b/vendor/github.com/Microsoft/hcsshim/internal/jobobject/iocp.go
new file mode 100644
index 0000000000000..3d640ac7bdd6b
--- /dev/null
+++ b/vendor/github.com/Microsoft/hcsshim/internal/jobobject/iocp.go
@@ -0,0 +1,111 @@
+package jobobject
+
+import (
+	""context""
+	""fmt""
+	""sync""
+	""unsafe""
+
+	""github.com/Microsoft/hcsshim/internal/log""
+	""github.com/Microsoft/hcsshim/internal/queue""
+	""github.com/Microsoft/hcsshim/internal/winapi""
+	""github.com/sirupsen/logrus""
+	""golang.org/x/sys/windows""
+)
+
+var (
+	ioInitOnce sync.Once
+	initIOErr  error
+	// Global iocp handle that will be re-used for every job object
+	ioCompletionPort windows.Handle
+	// Mapping of job handle to queue to place notifications in.
+	jobMap sync.Map
+)
+
+// MsgAllProcessesExited is a type representing a message that every process in a job has exited.
+type MsgAllProcessesExited struct{}
+
+// MsgUnimplemented represents a message that we are aware of, but that isn't implemented currently.
+// This should not be treated as an error.
+type MsgUnimplemented struct{}
+
+// pollIOCP polls the io completion port forever.
+func pollIOCP(ctx context.Context, iocpHandle windows.Handle) {
+	var (
+		overlapped uintptr
+		code       uint32
+		key        uintptr
+	)
+
+	for {
+		err := windows.GetQueuedCompletionStatus(iocpHandle, &code, &key, (**windows.Overlapped)(unsafe.Pointer(&overlapped)), windows.INFINITE)
+		if err != nil {
+			log.G(ctx).WithError(err).Error(""failed to poll for job object message"")
+			continue
+		}
+		if val, ok := jobMap.Load(key); ok {
+			msq, ok := val.(*queue.MessageQueue)
+			if !ok {
+				log.G(ctx).WithField(""value"", msq).Warn(""encountered non queue type in job map"")
+				continue
+			}
+			notification, err := parseMessage(code, overlapped)
+			if err != nil {
+				log.G(ctx).WithFields(logrus.Fields{
+					""code"":       code,
+					""overlapped"": overlapped,
+				}).Warn(""failed to parse job object message"")
+				continue
+			}
+			if err := msq.Write(notification); err == queue.ErrQueueClosed {
+				// Write will only return an error when the queue is closed.
+				// The only time a queue would ever be closed is when we call `Close` on
+				// the job it belongs to which also removes it from the jobMap, so something
+				// went wrong here. We can't return as this is reading messages for all jobs
+				// so just log it and move on.
+				log.G(ctx).WithFields(logrus.Fields{
+					""code"":       code,
+					""overlapped"": overlapped,
+				}).Warn(""tried to write to a closed queue"")
+				continue
+			}
+		} else {
+			log.G(ctx).Warn(""received a message for a job not present in the mapping"")
+		}
+	}
+}
+
+func parseMessage(code uint32, overlapped uintptr) (interface{}, error) {
+	// Check code and parse out relevant information related to that notification
+	// that we care about. For now all we handle is the message that all processes
+	// in the job have exited.
+	switch code {
+	case winapi.JOB_OBJECT_MSG_ACTIVE_PROCESS_ZERO:
+		return MsgAllProcessesExited{}, nil
+	// Other messages for completeness and a check to make sure that if we fall
+	// into the default case that this is a code we don't know how to handle.
+	case winapi.JOB_OBJECT_MSG_END_OF_JOB_TIME:
+	case winapi.JOB_OBJECT_MSG_END_OF_PROCESS_TIME:
+	case winapi.JOB_OBJECT_MSG_ACTIVE_PROCESS_LIMIT:
+	case winapi.JOB_OBJECT_MSG_NEW_PROCESS:
+	case winapi.JOB_OBJECT_MSG_EXIT_PROCESS:
+	case winapi.JOB_OBJECT_MSG_ABNORMAL_EXIT_PROCESS:
+	case winapi.JOB_OBJECT_MSG_PROCESS_MEMORY_LIMIT:
+	case winapi.JOB_OBJECT_MSG_JOB_MEMORY_LIMIT:
+	case winapi.JOB_OBJECT_MSG_NOTIFICATION_LIMIT:
+	default:
+		return nil, fmt.Errorf(""unknown job notification type: %d"", code)
+	}
+	return MsgUnimplemented{}, nil
+}
+
+// Assigns an IO completion port to get notified of events for the registered job
+// object.
+func attachIOCP(job windows.Handle, iocp windows.Handle) error {
+	info := winapi.JOBOBJECT_ASSOCIATE_COMPLETION_PORT{
+		CompletionKey:  job,
+		CompletionPort: iocp,
+	}
+	_, err := windows.SetInformationJobObject(job, windows.JobObjectAssociateCompletionPortInformation, uintptr(unsafe.Pointer(&info)), uint32(unsafe.Sizeof(info)))
+	return err
+}
diff --git a/vendor/github.com/Microsoft/hcsshim/internal/jobobject/jobobject.go b/vendor/github.com/Microsoft/hcsshim/internal/jobobject/jobobject.go
new file mode 100644
index 0000000000000..9c2726416418b
--- /dev/null
+++ b/vendor/github.com/Microsoft/hcsshim/internal/jobobject/jobobject.go
@@ -0,0 +1,499 @@
+package jobobject
+
+import (
+	""context""
+	""errors""
+	""fmt""
+	""sync""
+	""unsafe""
+
+	""github.com/Microsoft/hcsshim/internal/queue""
+	""github.com/Microsoft/hcsshim/internal/winapi""
+	""golang.org/x/sys/windows""
+)
+
+// This file provides higher level constructs for the win32 job object API.
+// Most of the core creation and management functions are already present in ""golang.org/x/sys/windows""
+// (CreateJobObject, AssignProcessToJobObject, etc.) as well as most of the limit information
+// structs and associated limit flags. Whatever is not present from the job object API
+// in golang.org/x/sys/windows is located in /internal/winapi.
+//
+// https://docs.microsoft.com/en-us/windows/win32/procthread/job-objects
+
+// JobObject is a high level wrapper around a Windows job object. Holds a handle to
+// the job, a queue to receive iocp notifications about the lifecycle
+// of the job and a mutex for synchronized handle access.
+type JobObject struct {
+	handle     windows.Handle
+	mq         *queue.MessageQueue
+	handleLock sync.RWMutex
+}
+
+// JobLimits represents the resource constraints that can be applied to a job object.
+type JobLimits struct {
+	CPULimit           uint32
+	CPUWeight          uint32
+	MemoryLimitInBytes uint64
+	MaxIOPS            int64
+	MaxBandwidth       int64
+}
+
+type CPURateControlType uint32
+
+const (
+	WeightBased CPURateControlType = iota
+	RateBased
+)
+
+// Processor resource controls
+const (
+	cpuLimitMin  = 1
+	cpuLimitMax  = 10000
+	cpuWeightMin = 1
+	cpuWeightMax = 9
+)
+
+var (
+	ErrAlreadyClosed = errors.New(""the handle has already been closed"")
+	ErrNotRegistered = errors.New(""job is not registered to receive notifications"")
+)
+
+// Options represents the set of configurable options when making or opening a job object.
+type Options struct {
+	// `Name` specifies the name of the job object if a named job object is desired.
+	Name string
+	// `Notifications` specifies if the job will be registered to receive notifications.
+	// Defaults to false.
+	Notifications bool
+	// `UseNTVariant` specifies if we should use the `Nt` variant of Open/CreateJobObject.
+	// Defaults to false.
+	UseNTVariant bool
+}
+
+// Create creates a job object.
+//
+// If options.Name is an empty string, the job will not be assigned a name.
+//
+// If options.Notifications are not enabled `PollNotifications` will return immediately with error `errNotRegistered`.
+//
+// If `options` is nil, use default option values.
+//
+// Returns a JobObject structure and an error if there is one.
+func Create(ctx context.Context, options *Options) (_ *JobObject, err error) {
+	if options == nil {
+		options = &Options{}
+	}
+
+	var jobName *winapi.UnicodeString
+	if options.Name != """" {
+		jobName, err = winapi.NewUnicodeString(options.Name)
+		if err != nil {
+			return nil, err
+		}
+	}
+
+	var jobHandle windows.Handle
+	if options.UseNTVariant {
+		oa := winapi.ObjectAttributes{
+			Length:     unsafe.Sizeof(winapi.ObjectAttributes{}),
+			ObjectName: jobName,
+			Attributes: 0,
+		}
+		status := winapi.NtCreateJobObject(&jobHandle, winapi.JOB_OBJECT_ALL_ACCESS, &oa)
+		if status != 0 {
+			return nil, winapi.RtlNtStatusToDosError(status)
+		}
+	} else {
+		var jobNameBuf *uint16
+		if jobName != nil && jobName.Buffer != nil {
+			jobNameBuf = jobName.Buffer
+		}
+		jobHandle, err = windows.CreateJobObject(nil, jobNameBuf)
+		if err != nil {
+			return nil, err
+		}
+	}
+
+	defer func() {
+		if err != nil {
+			windows.Close(jobHandle)
+		}
+	}()
+
+	job := &JobObject{
+		handle: jobHandle,
+	}
+
+	// If the IOCP we'll be using to receive messages for all jobs hasn't been
+	// created, create it and start polling.
+	if options.Notifications {
+		mq, err := setupNotifications(ctx, job)
+		if err != nil {
+			return nil, err
+		}
+		job.mq = mq
+	}
+
+	return job, nil
+}
+
+// Open opens an existing job object with name provided in `options`. If no name is provided
+// return an error since we need to know what job object to open.
+//
+// If options.Notifications is false `PollNotifications` will return immediately with error `errNotRegistered`.
+//
+// Returns a JobObject structure and an error if there is one.
+func Open(ctx context.Context, options *Options) (_ *JobObject, err error) {
+	if options == nil || (options != nil && options.Name == """") {
+		return nil, errors.New(""no job object name specified to open"")
+	}
+
+	unicodeJobName, err := winapi.NewUnicodeString(options.Name)
+	if err != nil {
+		return nil, err
+	}
+
+	var jobHandle windows.Handle
+	if options != nil && options.UseNTVariant {
+		oa := winapi.ObjectAttributes{
+			Length:     unsafe.Sizeof(winapi.ObjectAttributes{}),
+			ObjectName: unicodeJobName,
+			Attributes: 0,
+		}
+		status := winapi.NtOpenJobObject(&jobHandle, winapi.JOB_OBJECT_ALL_ACCESS, &oa)
+		if status != 0 {
+			return nil, winapi.RtlNtStatusToDosError(status)
+		}
+	} else {
+		jobHandle, err = winapi.OpenJobObject(winapi.JOB_OBJECT_ALL_ACCESS, false, unicodeJobName.Buffer)
+		if err != nil {
+			return nil, err
+		}
+	}
+
+	defer func() {
+		if err != nil {
+			windows.Close(jobHandle)
+		}
+	}()
+
+	job := &JobObject{
+		handle: jobHandle,
+	}
+
+	// If the IOCP we'll be using to receive messages for all jobs hasn't been
+	// created, create it and start polling.
+	if options != nil && options.Notifications {
+		mq, err := setupNotifications(ctx, job)
+		if err != nil {
+			return nil, err
+		}
+		job.mq = mq
+	}
+
+	return job, nil
+}
+
+// helper function to setup notifications for creating/opening a job object
+func setupNotifications(ctx context.Context, job *JobObject) (*queue.MessageQueue, error) {
+	job.handleLock.RLock()
+	defer job.handleLock.RUnlock()
+
+	if job.handle == 0 {
+		return nil, ErrAlreadyClosed
+	}
+
+	ioInitOnce.Do(func() {
+		h, err := windows.CreateIoCompletionPort(windows.InvalidHandle, 0, 0, 0xffffffff)
+		if err != nil {
+			initIOErr = err
+			return
+		}
+		ioCompletionPort = h
+		go pollIOCP(ctx, h)
+	})
+
+	if initIOErr != nil {
+		return nil, initIOErr
+	}
+
+	mq := queue.NewMessageQueue()
+	jobMap.Store(uintptr(job.handle), mq)
+	if err := attachIOCP(job.handle, ioCompletionPort); err != nil {
+		jobMap.Delete(uintptr(job.handle))
+		return nil, fmt.Errorf(""failed to attach job to IO completion port: %w"", err)
+	}
+	return mq, nil
+}
+
+// PollNotification will poll for a job object notification. This call should only be called once
+// per job (ideally in a goroutine loop) and will block if there is not a notification ready.
+// This call will return immediately with error `ErrNotRegistered` if the job was not registered
+// to receive notifications during `Create`. Internally, messages will be queued and there
+// is no worry of messages being dropped.
+func (job *JobObject) PollNotification() (interface{}, error) {
+	if job.mq == nil {
+		return nil, ErrNotRegistered
+	}
+	return job.mq.ReadOrWait()
+}
+
+// UpdateProcThreadAttribute updates the passed in ProcThreadAttributeList to contain what is necessary to
+// launch a process in a job at creation time. This can be used to avoid having to call Assign() after a process
+// has already started running.
+func (job *JobObject) UpdateProcThreadAttribute(attrList *windows.ProcThreadAttributeListContainer) error {
+	job.handleLock.RLock()
+	defer job.handleLock.RUnlock()
+
+	if job.handle == 0 {
+		return ErrAlreadyClosed
+	}
+
+	if err := attrList.Update(
+		winapi.PROC_THREAD_ATTRIBUTE_JOB_LIST,
+		unsafe.Pointer(&job.handle),
+		unsafe.Sizeof(job.handle),
+	); err != nil {
+		return fmt.Errorf(""failed to update proc thread attributes for job object: %w"", err)
+	}
+
+	return nil
+}
+
+// Close closes the job object handle.
+func (job *JobObject) Close() error {
+	job.handleLock.Lock()
+	defer job.handleLock.Unlock()
+
+	if job.handle == 0 {
+		return ErrAlreadyClosed
+	}
+
+	if err := windows.Close(job.handle); err != nil {
+		return err
+	}
+
+	if job.mq != nil {
+		job.mq.Close()
+	}
+	// Handles now invalid so if the map entry to receive notifications for this job still
+	// exists remove it so we can stop receiving notifications.
+	if _, ok := jobMap.Load(uintptr(job.handle)); ok {
+		jobMap.Delete(uintptr(job.handle))
+	}
+
+	job.handle = 0
+	return nil
+}
+
+// Assign assigns a process to the job object.
+func (job *JobObject) Assign(pid uint32) error {
+	job.handleLock.RLock()
+	defer job.handleLock.RUnlock()
+
+	if job.handle == 0 {
+		return ErrAlreadyClosed
+	}
+
+	if pid == 0 {
+		return errors.New(""invalid pid: 0"")
+	}
+	hProc, err := windows.OpenProcess(winapi.PROCESS_ALL_ACCESS, true, pid)
+	if err != nil {
+		return err
+	}
+	defer windows.Close(hProc)
+	return windows.AssignProcessToJobObject(job.handle, hProc)
+}
+
+// Terminate terminates the job, essentially calls TerminateProcess on every process in the
+// job.
+func (job *JobObject) Terminate(exitCode uint32) error {
+	job.handleLock.RLock()
+	defer job.handleLock.RUnlock()
+	if job.handle == 0 {
+		return ErrAlreadyClosed
+	}
+	return windows.TerminateJobObject(job.handle, exitCode)
+}
+
+// Pids returns all of the process IDs in the job object.
+func (job *JobObject) Pids() ([]uint32, error) {
+	job.handleLock.RLock()
+	defer job.handleLock.RUnlock()
+
+	if job.handle == 0 {
+		return nil, ErrAlreadyClosed
+	}
+
+	info := winapi.JOBOBJECT_BASIC_PROCESS_ID_LIST{}
+	err := winapi.QueryInformationJobObject(
+		job.handle,
+		winapi.JobObjectBasicProcessIdList,
+		uintptr(unsafe.Pointer(&info)),
+		uint32(unsafe.Sizeof(info)),
+		nil,
+	)
+
+	// This is either the case where there is only one process or no processes in
+	// the job. Any other case will result in ERROR_MORE_DATA. Check if info.NumberOfProcessIdsInList
+	// is 1 and just return this, otherwise return an empty slice.
+	if err == nil {
+		if info.NumberOfProcessIdsInList == 1 {
+			return []uint32{uint32(info.ProcessIdList[0])}, nil
+		}
+		// Return empty slice instead of nil to play well with the caller of this.
+		// Do not return an error if no processes are running inside the job
+		return []uint32{}, nil
+	}
+
+	if err != winapi.ERROR_MORE_DATA {
+		return nil, fmt.Errorf(""failed initial query for PIDs in job object: %w"", err)
+	}
+
+	jobBasicProcessIDListSize := unsafe.Sizeof(info) + (unsafe.Sizeof(info.ProcessIdList[0]) * uintptr(info.NumberOfAssignedProcesses-1))
+	buf := make([]byte, jobBasicProcessIDListSize)
+	if err = winapi.QueryInformationJobObject(
+		job.handle,
+		winapi.JobObjectBasicProcessIdList,
+		uintptr(unsafe.Pointer(&buf[0])),
+		uint32(len(buf)),
+		nil,
+	); err != nil {
+		return nil, fmt.Errorf(""failed to query for PIDs in job object: %w"", err)
+	}
+
+	bufInfo := (*winapi.JOBOBJECT_BASIC_PROCESS_ID_LIST)(unsafe.Pointer(&buf[0]))
+	pids := make([]uint32, bufInfo.NumberOfProcessIdsInList)
+	for i, bufPid := range bufInfo.AllPids() {
+		pids[i] = uint32(bufPid)
+	}
+	return pids, nil
+}
+
+// QueryMemoryStats gets the memory stats for the job object.
+func (job *JobObject) QueryMemoryStats() (*winapi.JOBOBJECT_MEMORY_USAGE_INFORMATION, error) {
+	job.handleLock.RLock()
+	defer job.handleLock.RUnlock()
+
+	if job.handle == 0 {
+		return nil, ErrAlreadyClosed
+	}
+
+	info := winapi.JOBOBJECT_MEMORY_USAGE_INFORMATION{}
+	if err := winapi.QueryInformationJobObject(
+		job.handle,
+		winapi.JobObjectMemoryUsageInformation,
+		uintptr(unsafe.Pointer(&info)),
+		uint32(unsafe.Sizeof(info)),
+		nil,
+	); err != nil {
+		return nil, fmt.Errorf(""failed to query for job object memory stats: %w"", err)
+	}
+	return &info, nil
+}
+
+// QueryProcessorStats gets the processor stats for the job object.
+func (job *JobObject) QueryProcessorStats() (*winapi.JOBOBJECT_BASIC_ACCOUNTING_INFORMATION, error) {
+	job.handleLock.RLock()
+	defer job.handleLock.RUnlock()
+
+	if job.handle == 0 {
+		return nil, ErrAlreadyClosed
+	}
+
+	info := winapi.JOBOBJECT_BASIC_ACCOUNTING_INFORMATION{}
+	if err := winapi.QueryInformationJobObject(
+		job.handle,
+		winapi.JobObjectBasicAccountingInformation,
+		uintptr(unsafe.Pointer(&info)),
+		uint32(unsafe.Sizeof(info)),
+		nil,
+	); err != nil {
+		return nil, fmt.Errorf(""failed to query for job object process stats: %w"", err)
+	}
+	return &info, nil
+}
+
+// QueryStorageStats gets the storage (I/O) stats for the job object.
+func (job *JobObject) QueryStorageStats() (*winapi.JOBOBJECT_IO_ATTRIBUTION_INFORMATION, error) {
+	job.handleLock.RLock()
+	defer job.handleLock.RUnlock()
+
+	if job.handle == 0 {
+		return nil, ErrAlreadyClosed
+	}
+
+	info := winapi.JOBOBJECT_IO_ATTRIBUTION_INFORMATION{
+		ControlFlags: winapi.JOBOBJECT_IO_ATTRIBUTION_CONTROL_ENABLE,
+	}
+	if err := winapi.QueryInformationJobObject(
+		job.handle,
+		winapi.JobObjectIoAttribution,
+		uintptr(unsafe.Pointer(&info)),
+		uint32(unsafe.Sizeof(info)),
+		nil,
+	); err != nil {
+		return nil, fmt.Errorf(""failed to query for job object storage stats: %w"", err)
+	}
+	return &info, nil
+}
+
+// QueryPrivateWorkingSet returns the private working set size for the job. This is calculated by adding up the
+// private working set for every process running in the job.
+func (job *JobObject) QueryPrivateWorkingSet() (uint64, error) {
+	pids, err := job.Pids()
+	if err != nil {
+		return 0, err
+	}
+
+	openAndQueryWorkingSet := func(pid uint32) (uint64, error) {
+		h, err := windows.OpenProcess(windows.PROCESS_QUERY_LIMITED_INFORMATION, false, pid)
+		if err != nil {
+			// Continue to the next if OpenProcess doesn't return a valid handle (fails). Handles a
+			// case where one of the pids in the job exited before we open.
+			return 0, nil
+		}
+		defer func() {
+			_ = windows.Close(h)
+		}()
+		// Check if the process is actually running in the job still. There's a small chance
+		// that the process could have exited and had its pid re-used between grabbing the pids
+		// in the job and opening the handle to it above.
+		var inJob int32
+		if err := winapi.IsProcessInJob(h, job.handle, &inJob); err != nil {
+			// This shouldn't fail unless we have incorrect access rights which we control
+			// here so probably best to error out if this failed.
+			return 0, err
+		}
+		// Don't report stats for this process as it's not running in the job. This shouldn't be
+		// an error condition though.
+		if inJob == 0 {
+			return 0, nil
+		}
+
+		var vmCounters winapi.VM_COUNTERS_EX2
+		status := winapi.NtQueryInformationProcess(
+			h,
+			winapi.ProcessVmCounters,
+			uintptr(unsafe.Pointer(&vmCounters)),
+			uint32(unsafe.Sizeof(vmCounters)),
+			nil,
+		)
+		if !winapi.NTSuccess(status) {
+			return 0, fmt.Errorf(""failed to query information for process: %w"", winapi.RtlNtStatusToDosError(status))
+		}
+		return uint64(vmCounters.PrivateWorkingSetSize), nil
+	}
+
+	var jobWorkingSetSize uint64
+	for _, pid := range pids {
+		workingSet, err := openAndQueryWorkingSet(pid)
+		if err != nil {
+			return 0, err
+		}
+		jobWorkingSetSize += workingSet
+	}
+
+	return jobWorkingSetSize, nil
+}
diff --git a/vendor/github.com/Microsoft/hcsshim/internal/jobobject/limits.go b/vendor/github.com/Microsoft/hcsshim/internal/jobobject/limits.go
new file mode 100644
index 0000000000000..4be297788e028
--- /dev/null
+++ b/vendor/github.com/Microsoft/hcsshim/internal/jobobject/limits.go
@@ -0,0 +1,315 @@
+package jobobject
+
+import (
+	""errors""
+	""fmt""
+	""unsafe""
+
+	""github.com/Microsoft/hcsshim/internal/winapi""
+	""golang.org/x/sys/windows""
+)
+
+const (
+	memoryLimitMax uint64 = 0xffffffffffffffff
+)
+
+func isFlagSet(flag, controlFlags uint32) bool {
+	return (flag & controlFlags) == flag
+}
+
+// SetResourceLimits sets resource limits on the job object (cpu, memory, storage).
+func (job *JobObject) SetResourceLimits(limits *JobLimits) error {
+	// Go through and check what limits were specified and apply them to the job.
+	if limits.MemoryLimitInBytes != 0 {
+		if err := job.SetMemoryLimit(limits.MemoryLimitInBytes); err != nil {
+			return fmt.Errorf(""failed to set job object memory limit: %w"", err)
+		}
+	}
+
+	if limits.CPULimit != 0 {
+		if err := job.SetCPULimit(RateBased, limits.CPULimit); err != nil {
+			return fmt.Errorf(""failed to set job object cpu limit: %w"", err)
+		}
+	} else if limits.CPUWeight != 0 {
+		if err := job.SetCPULimit(WeightBased, limits.CPUWeight); err != nil {
+			return fmt.Errorf(""failed to set job object cpu limit: %w"", err)
+		}
+	}
+
+	if limits.MaxBandwidth != 0 || limits.MaxIOPS != 0 {
+		if err := job.SetIOLimit(limits.MaxBandwidth, limits.MaxIOPS); err != nil {
+			return fmt.Errorf(""failed to set io limit on job object: %w"", err)
+		}
+	}
+	return nil
+}
+
+// SetTerminateOnLastHandleClose sets the job object flag that specifies that the job should terminate
+// all processes in the job on the last open handle being closed.
+func (job *JobObject) SetTerminateOnLastHandleClose() error {
+	info, err := job.getExtendedInformation()
+	if err != nil {
+		return err
+	}
+	info.BasicLimitInformation.LimitFlags |= windows.JOB_OBJECT_LIMIT_KILL_ON_JOB_CLOSE
+	return job.setExtendedInformation(info)
+}
+
+// SetMemoryLimit sets the memory limit of the job object based on the given `memoryLimitInBytes`.
+func (job *JobObject) SetMemoryLimit(memoryLimitInBytes uint64) error {
+	if memoryLimitInBytes >= memoryLimitMax {
+		return errors.New(""memory limit specified exceeds the max size"")
+	}
+
+	info, err := job.getExtendedInformation()
+	if err != nil {
+		return err
+	}
+
+	info.JobMemoryLimit = uintptr(memoryLimitInBytes)
+	info.BasicLimitInformation.LimitFlags |= windows.JOB_OBJECT_LIMIT_JOB_MEMORY
+	return job.setExtendedInformation(info)
+}
+
+// GetMemoryLimit gets the memory limit in bytes of the job object.
+func (job *JobObject) GetMemoryLimit() (uint64, error) {
+	info, err := job.getExtendedInformation()
+	if err != nil {
+		return 0, err
+	}
+	return uint64(info.JobMemoryLimit), nil
+}
+
+// SetCPULimit sets the CPU limit depending on the specified `CPURateControlType` to
+// `rateControlValue` for the job object.
+func (job *JobObject) SetCPULimit(rateControlType CPURateControlType, rateControlValue uint32) error {
+	cpuInfo, err := job.getCPURateControlInformation()
+	if err != nil {
+		return err
+	}
+	switch rateControlType {
+	case WeightBased:
+		if rateControlValue < cpuWeightMin || rateControlValue > cpuWeightMax {
+			return fmt.Errorf(""processor weight value of `%d` is invalid"", rateControlValue)
+		}
+		cpuInfo.ControlFlags |= winapi.JOB_OBJECT_CPU_RATE_CONTROL_ENABLE | winapi.JOB_OBJECT_CPU_RATE_CONTROL_WEIGHT_BASED
+		cpuInfo.Value = rateControlValue
+	case RateBased:
+		if rateControlValue < cpuLimitMin || rateControlValue > cpuLimitMax {
+			return fmt.Errorf(""processor rate of `%d` is invalid"", rateControlValue)
+		}
+		cpuInfo.ControlFlags |= winapi.JOB_OBJECT_CPU_RATE_CONTROL_ENABLE | winapi.JOB_OBJECT_CPU_RATE_CONTROL_HARD_CAP
+		cpuInfo.Value = rateControlValue
+	default:
+		return errors.New(""invalid job object cpu rate control type"")
+	}
+	return job.setCPURateControlInfo(cpuInfo)
+}
+
+// GetCPULimit gets the cpu limits for the job object.
+// `rateControlType` is used to indicate what type of cpu limit to query for.
+func (job *JobObject) GetCPULimit(rateControlType CPURateControlType) (uint32, error) {
+	info, err := job.getCPURateControlInformation()
+	if err != nil {
+		return 0, err
+	}
+
+	if !isFlagSet(winapi.JOB_OBJECT_CPU_RATE_CONTROL_ENABLE, info.ControlFlags) {
+		return 0, errors.New(""the job does not have cpu rate control enabled"")
+	}
+
+	switch rateControlType {
+	case WeightBased:
+		if !isFlagSet(winapi.JOB_OBJECT_CPU_RATE_CONTROL_WEIGHT_BASED, info.ControlFlags) {
+			return 0, errors.New(""cannot get cpu weight for job object without cpu weight option set"")
+		}
+	case RateBased:
+		if !isFlagSet(winapi.JOB_OBJECT_CPU_RATE_CONTROL_HARD_CAP, info.ControlFlags) {
+			return 0, errors.New(""cannot get cpu rate hard cap for job object without cpu rate hard cap option set"")
+		}
+	default:
+		return 0, errors.New(""invalid job object cpu rate control type"")
+	}
+	return info.Value, nil
+}
+
+// SetCPUAffinity sets the processor affinity for the job object.
+// The affinity is passed in as a bitmask.
+func (job *JobObject) SetCPUAffinity(affinityBitMask uint64) error {
+	info, err := job.getExtendedInformation()
+	if err != nil {
+		return err
+	}
+	info.BasicLimitInformation.LimitFlags |= uint32(windows.JOB_OBJECT_LIMIT_AFFINITY)
+	info.BasicLimitInformation.Affinity = uintptr(affinityBitMask)
+	return job.setExtendedInformation(info)
+}
+
+// GetCPUAffinity gets the processor affinity for the job object.
+// The returned affinity is a bitmask.
+func (job *JobObject) GetCPUAffinity() (uint64, error) {
+	info, err := job.getExtendedInformation()
+	if err != nil {
+		return 0, err
+	}
+	return uint64(info.BasicLimitInformation.Affinity), nil
+}
+
+// SetIOLimit sets the IO limits specified on the job object.
+func (job *JobObject) SetIOLimit(maxBandwidth, maxIOPS int64) error {
+	ioInfo, err := job.getIOLimit()
+	if err != nil {
+		return err
+	}
+	ioInfo.ControlFlags |= winapi.JOB_OBJECT_IO_RATE_CONTROL_ENABLE
+	if maxBandwidth != 0 {
+		ioInfo.MaxBandwidth = maxBandwidth
+	}
+	if maxIOPS != 0 {
+		ioInfo.MaxIops = maxIOPS
+	}
+	return job.setIORateControlInfo(ioInfo)
+}
+
+// GetIOMaxBandwidthLimit gets the max bandwidth for the job object.
+func (job *JobObject) GetIOMaxBandwidthLimit() (int64, error) {
+	info, err := job.getIOLimit()
+	if err != nil {
+		return 0, err
+	}
+	return info.MaxBandwidth, nil
+}
+
+// GetIOMaxIopsLimit gets the max iops for the job object.
+func (job *JobObject) GetIOMaxIopsLimit() (int64, error) {
+	info, err := job.getIOLimit()
+	if err != nil {
+		return 0, err
+	}
+	return info.MaxIops, nil
+}
+
+// Helper function for getting a job object's extended information.
+func (job *JobObject) getExtendedInformation() (*windows.JOBOBJECT_EXTENDED_LIMIT_INFORMATION, error) {
+	job.handleLock.RLock()
+	defer job.handleLock.RUnlock()
+
+	if job.handle == 0 {
+		return nil, ErrAlreadyClosed
+	}
+
+	info := windows.JOBOBJECT_EXTENDED_LIMIT_INFORMATION{}
+	if err := winapi.QueryInformationJobObject(
+		job.handle,
+		windows.JobObjectExtendedLimitInformation,
+		uintptr(unsafe.Pointer(&info)),
+		uint32(unsafe.Sizeof(info)),
+		nil,
+	); err != nil {
+		return nil, fmt.Errorf(""query %v returned error: %w"", info, err)
+	}
+	return &info, nil
+}
+
+// Helper function for getting a job object's CPU rate control information.
+func (job *JobObject) getCPURateControlInformation() (*winapi.JOBOBJECT_CPU_RATE_CONTROL_INFORMATION, error) {
+	job.handleLock.RLock()
+	defer job.handleLock.RUnlock()
+
+	if job.handle == 0 {
+		return nil, ErrAlreadyClosed
+	}
+
+	info := winapi.JOBOBJECT_CPU_RATE_CONTROL_INFORMATION{}
+	if err := winapi.QueryInformationJobObject(
+		job.handle,
+		windows.JobObjectCpuRateControlInformation,
+		uintptr(unsafe.Pointer(&info)),
+		uint32(unsafe.Sizeof(info)),
+		nil,
+	); err != nil {
+		return nil, fmt.Errorf(""query %v returned error: %w"", info, err)
+	}
+	return &info, nil
+}
+
+// Helper function for setting a job object's extended information.
+func (job *JobObject) setExtendedInformation(info *windows.JOBOBJECT_EXTENDED_LIMIT_INFORMATION) error {
+	job.handleLock.RLock()
+	defer job.handleLock.RUnlock()
+
+	if job.handle == 0 {
+		return ErrAlreadyClosed
+	}
+
+	if _, err := windows.SetInformationJobObject(
+		job.handle,
+		windows.JobObjectExtendedLimitInformation,
+		uintptr(unsafe.Pointer(info)),
+		uint32(unsafe.Sizeof(*info)),
+	); err != nil {
+		return fmt.Errorf(""failed to set Extended info %v on job object: %w"", info, err)
+	}
+	return nil
+}
+
+// Helper function for querying job handle for IO limit information.
+func (job *JobObject) getIOLimit() (*winapi.JOBOBJECT_IO_RATE_CONTROL_INFORMATION, error) {
+	job.handleLock.RLock()
+	defer job.handleLock.RUnlock()
+
+	if job.handle == 0 {
+		return nil, ErrAlreadyClosed
+	}
+
+	ioInfo := &winapi.JOBOBJECT_IO_RATE_CONTROL_INFORMATION{}
+	var blockCount uint32 = 1
+
+	if _, err := winapi.QueryIoRateControlInformationJobObject(
+		job.handle,
+		nil,
+		&ioInfo,
+		&blockCount,
+	); err != nil {
+		return nil, fmt.Errorf(""query %v returned error: %w"", ioInfo, err)
+	}
+
+	if !isFlagSet(winapi.JOB_OBJECT_IO_RATE_CONTROL_ENABLE, ioInfo.ControlFlags) {
+		return nil, fmt.Errorf(""query %v cannot get IO limits for job object without IO rate control option set"", ioInfo)
+	}
+	return ioInfo, nil
+}
+
+// Helper function for setting a job object's IO rate control information.
+func (job *JobObject) setIORateControlInfo(ioInfo *winapi.JOBOBJECT_IO_RATE_CONTROL_INFORMATION) error {
+	job.handleLock.RLock()
+	defer job.handleLock.RUnlock()
+
+	if job.handle == 0 {
+		return ErrAlreadyClosed
+	}
+
+	if _, err := winapi.SetIoRateControlInformationJobObject(job.handle, ioInfo); err != nil {
+		return fmt.Errorf(""failed to set IO limit info %v on job object: %w"", ioInfo, err)
+	}
+	return nil
+}
+
+// Helper function for setting a job object's CPU rate control information.
+func (job *JobObject) setCPURateControlInfo(cpuInfo *winapi.JOBOBJECT_CPU_RATE_CONTROL_INFORMATION) error {
+	job.handleLock.RLock()
+	defer job.handleLock.RUnlock()
+
+	if job.handle == 0 {
+		return ErrAlreadyClosed
+	}
+	if _, err := windows.SetInformationJobObject(
+		job.handle,
+		windows.JobObjectCpuRateControlInformation,
+		uintptr(unsafe.Pointer(cpuInfo)),
+		uint32(unsafe.Sizeof(cpuInfo)),
+	); err != nil {
+		return fmt.Errorf(""failed to set cpu limit info %v on job object: %w"", cpuInfo, err)
+	}
+	return nil
+}
diff --git a/vendor/github.com/Microsoft/hcsshim/internal/queue/mq.go b/vendor/github.com/Microsoft/hcsshim/internal/queue/mq.go
new file mode 100644
index 0000000000000..e177c9a62997a
--- /dev/null
+++ b/vendor/github.com/Microsoft/hcsshim/internal/queue/mq.go
@@ -0,0 +1,111 @@
+package queue
+
+import (
+	""errors""
+	""sync""
+)
+
+var (
+	ErrQueueClosed = errors.New(""the queue is closed for reading and writing"")
+	ErrQueueEmpty  = errors.New(""the queue is empty"")
+)
+
+// MessageQueue represents a threadsafe message queue to be used to retrieve or
+// write messages to.
+type MessageQueue struct {
+	m        *sync.RWMutex
+	c        *sync.Cond
+	messages []interface{}
+	closed   bool
+}
+
+// NewMessageQueue returns a new MessageQueue.
+func NewMessageQueue() *MessageQueue {
+	m := &sync.RWMutex{}
+	return &MessageQueue{
+		m:        m,
+		c:        sync.NewCond(m),
+		messages: []interface{}{},
+	}
+}
+
+// Write writes `msg` to the queue.
+func (mq *MessageQueue) Write(msg interface{}) error {
+	mq.m.Lock()
+	defer mq.m.Unlock()
+
+	if mq.closed {
+		return ErrQueueClosed
+	}
+	mq.messages = append(mq.messages, msg)
+	// Signal a waiter that there is now a value available in the queue.
+	mq.c.Signal()
+	return nil
+}
+
+// Read will read a value from the queue if available, otherwise return an error.
+func (mq *MessageQueue) Read() (interface{}, error) {
+	mq.m.Lock()
+	defer mq.m.Unlock()
+	if mq.closed {
+		return nil, ErrQueueClosed
+	}
+	if mq.isEmpty() {
+		return nil, ErrQueueEmpty
+	}
+	val := mq.messages[0]
+	mq.messages[0] = nil
+	mq.messages = mq.messages[1:]
+	return val, nil
+}
+
+// ReadOrWait will read a value from the queue if available, else it will wait for a
+// value to become available. This will block forever if nothing gets written or until
+// the queue gets closed.
+func (mq *MessageQueue) ReadOrWait() (interface{}, error) {
+	mq.m.Lock()
+	if mq.closed {
+		mq.m.Unlock()
+		return nil, ErrQueueClosed
+	}
+	if mq.isEmpty() {
+		for !mq.closed && mq.isEmpty() {
+			mq.c.Wait()
+		}
+		mq.m.Unlock()
+		return mq.Read()
+	}
+	val := mq.messages[0]
+	mq.messages[0] = nil
+	mq.messages = mq.messages[1:]
+	mq.m.Unlock()
+	return val, nil
+}
+
+// IsEmpty returns if the queue is empty
+func (mq *MessageQueue) IsEmpty() bool {
+	mq.m.RLock()
+	defer mq.m.RUnlock()
+	return len(mq.messages) == 0
+}
+
+// Nonexported empty check that doesn't lock so we can call this in Read and Write.
+func (mq *MessageQueue) isEmpty() bool {
+	return len(mq.messages) == 0
+}
+
+// Close closes the queue for future writes or reads. Any attempts to read or write from the
+// queue after close will return ErrQueueClosed. This is safe to call multiple times.
+func (mq *MessageQueue) Close() {
+	mq.m.Lock()
+	defer mq.m.Unlock()
+	// Already closed
+	if mq.closed {
+		return
+	}
+	mq.messages = nil
+	mq.closed = true
+	// If there's anybody currently waiting on a value from ReadOrWait, we need to
+	// broadcast so the read(s) can return ErrQueueClosed.
+	mq.c.Broadcast()
+}
diff --git a/vendor/github.com/Microsoft/hcsshim/internal/winapi/iocp.go b/vendor/github.com/Microsoft/hcsshim/internal/winapi/iocp.go
deleted file mode 100644
index 4e609cbf1cdb5..0000000000000
--- a/vendor/github.com/Microsoft/hcsshim/internal/winapi/iocp.go
+++ /dev/null
@@ -1,3 +0,0 @@
-package winapi
-
-//sys GetQueuedCompletionStatus(cphandle windows.Handle, qty *uint32, key *uintptr, overlapped **windows.Overlapped, timeout uint32) (err error)
diff --git a/vendor/github.com/Microsoft/hcsshim/internal/winapi/jobobject.go b/vendor/github.com/Microsoft/hcsshim/internal/winapi/jobobject.go
index ba12b1ad92e34..479649db36347 100644
--- a/vendor/github.com/Microsoft/hcsshim/internal/winapi/jobobject.go
+++ b/vendor/github.com/Microsoft/hcsshim/internal/winapi/jobobject.go
@@ -24,7 +24,10 @@ const (
 // Access rights for creating or opening job objects.
 //
 // https://docs.microsoft.com/en-us/windows/win32/procthread/job-object-security-and-access-rights
-const JOB_OBJECT_ALL_ACCESS = 0x1F001F
+const (
+	JOB_OBJECT_QUERY      = 0x0004
+	JOB_OBJECT_ALL_ACCESS = 0x1F001F
+)
 
 // IO limit flags
 //
@@ -93,7 +96,7 @@ type JOBOBJECT_BASIC_PROCESS_ID_LIST struct {
 
 // AllPids returns all the process Ids in the job object.
 func (p *JOBOBJECT_BASIC_PROCESS_ID_LIST) AllPids() []uintptr {
-	return (*[(1 << 27) - 1]uintptr)(unsafe.Pointer(&p.ProcessIdList[0]))[:p.NumberOfProcessIdsInList]
+	return (*[(1 << 27) - 1]uintptr)(unsafe.Pointer(&p.ProcessIdList[0]))[:p.NumberOfProcessIdsInList:p.NumberOfProcessIdsInList]
 }
 
 // https://docs.microsoft.com/en-us/windows/win32/api/winnt/ns-winnt-jobobject_basic_accounting_information
@@ -162,7 +165,7 @@ type JOBOBJECT_ASSOCIATE_COMPLETION_PORT struct {
 // 		PBOOL  Result
 // );
 //
-//sys IsProcessInJob(procHandle windows.Handle, jobHandle windows.Handle, result *bool) (err error) = kernel32.IsProcessInJob
+//sys IsProcessInJob(procHandle windows.Handle, jobHandle windows.Handle, result *int32) (err error) = kernel32.IsProcessInJob
 
 // BOOL QueryInformationJobObject(
 //		HANDLE             hJob,
diff --git a/vendor/github.com/Microsoft/hcsshim/internal/winapi/process.go b/vendor/github.com/Microsoft/hcsshim/internal/winapi/process.go
index 37839435b9399..5f9e03fd28e8a 100644
--- a/vendor/github.com/Microsoft/hcsshim/internal/winapi/process.go
+++ b/vendor/github.com/Microsoft/hcsshim/internal/winapi/process.go
@@ -6,3 +6,60 @@ const (
 	PROC_THREAD_ATTRIBUTE_PSEUDOCONSOLE = 0x20016
 	PROC_THREAD_ATTRIBUTE_JOB_LIST      = 0x2000D
 )
+
+// ProcessVmCounters corresponds to the _VM_COUNTERS_EX and _VM_COUNTERS_EX2 structures.
+const ProcessVmCounters = 3
+
+// __kernel_entry NTSTATUS NtQueryInformationProcess(
+// 	[in]            HANDLE           ProcessHandle,
+// 	[in]            PROCESSINFOCLASS ProcessInformationClass,
+// 	[out]           PVOID            ProcessInformation,
+// 	[in]            ULONG            ProcessInformationLength,
+// 	[out, optional] PULONG           ReturnLength
+// );
+//
+//sys NtQueryInformationProcess(processHandle windows.Handle, processInfoClass uint32, processInfo uintptr, processInfoLength uint32, returnLength *uint32) (status uint32) = ntdll.NtQueryInformationProcess
+
+// typedef struct _VM_COUNTERS_EX
+// {
+//    SIZE_T PeakVirtualSize;
+//    SIZE_T VirtualSize;
+//    ULONG PageFaultCount;
+//    SIZE_T PeakWorkingSetSize;
+//    SIZE_T WorkingSetSize;
+//    SIZE_T QuotaPeakPagedPoolUsage;
+//    SIZE_T QuotaPagedPoolUsage;
+//    SIZE_T QuotaPeakNonPagedPoolUsage;
+//    SIZE_T QuotaNonPagedPoolUsage;
+//    SIZE_T PagefileUsage;
+//    SIZE_T PeakPagefileUsage;
+//    SIZE_T PrivateUsage;
+// } VM_COUNTERS_EX, *PVM_COUNTERS_EX;
+//
+type VM_COUNTERS_EX struct {
+	PeakVirtualSize            uintptr
+	VirtualSize                uintptr
+	PageFaultCount             uint32
+	PeakWorkingSetSize         uintptr
+	WorkingSetSize             uintptr
+	QuotaPeakPagedPoolUsage    uintptr
+	QuotaPagedPoolUsage        uintptr
+	QuotaPeakNonPagedPoolUsage uintptr
+	QuotaNonPagedPoolUsage     uintptr
+	PagefileUsage              uintptr
+	PeakPagefileUsage          uintptr
+	PrivateUsage               uintptr
+}
+
+// typedef struct _VM_COUNTERS_EX2
+// {
+//    VM_COUNTERS_EX CountersEx;
+//    SIZE_T PrivateWorkingSetSize;
+//    SIZE_T SharedCommitUsage;
+// } VM_COUNTERS_EX2, *PVM_COUNTERS_EX2;
+//
+type VM_COUNTERS_EX2 struct {
+	CountersEx            VM_COUNTERS_EX
+	PrivateWorkingSetSize uintptr
+	SharedCommitUsage     uintptr
+}
diff --git a/vendor/github.com/Microsoft/hcsshim/internal/winapi/winapi.go b/vendor/github.com/Microsoft/hcsshim/internal/winapi/winapi.go
index 1d4ba3c4f8edc..d2cc9d9fba6d9 100644
--- a/vendor/github.com/Microsoft/hcsshim/internal/winapi/winapi.go
+++ b/vendor/github.com/Microsoft/hcsshim/internal/winapi/winapi.go
@@ -2,4 +2,4 @@
 // be thought of as an extension to golang.org/x/sys/windows.
 package winapi
 
-//go:generate go run ..\..\mksyscall_windows.go -output zsyscall_windows.go console.go system.go net.go path.go thread.go iocp.go jobobject.go logon.go memory.go process.go processor.go devices.go filesystem.go errors.go
+//go:generate go run ..\..\mksyscall_windows.go -output zsyscall_windows.go user.go console.go system.go net.go path.go thread.go jobobject.go logon.go memory.go process.go processor.go devices.go filesystem.go errors.go
diff --git a/vendor/github.com/Microsoft/hcsshim/internal/winapi/zsyscall_windows.go b/vendor/github.com/Microsoft/hcsshim/internal/winapi/zsyscall_windows.go
index 4eb64b4c0c463..39fb3e1adc08b 100644
--- a/vendor/github.com/Microsoft/hcsshim/internal/winapi/zsyscall_windows.go
+++ b/vendor/github.com/Microsoft/hcsshim/internal/winapi/zsyscall_windows.go
@@ -50,7 +50,6 @@ var (
 	procSetJobCompartmentId                    = modiphlpapi.NewProc(""SetJobCompartmentId"")
 	procSearchPathW                            = modkernel32.NewProc(""SearchPathW"")
 	procCreateRemoteThread                     = modkernel32.NewProc(""CreateRemoteThread"")
-	procGetQueuedCompletionStatus              = modkernel32.NewProc(""GetQueuedCompletionStatus"")
 	procIsProcessInJob                         = modkernel32.NewProc(""IsProcessInJob"")
 	procQueryInformationJobObject              = modkernel32.NewProc(""QueryInformationJobObject"")
 	procOpenJobObjectW                         = modkernel32.NewProc(""OpenJobObjectW"")
@@ -61,6 +60,7 @@ var (
 	procLogonUserW                             = modadvapi32.NewProc(""LogonUserW"")
 	procLocalAlloc                             = modkernel32.NewProc(""LocalAlloc"")
 	procLocalFree                              = modkernel32.NewProc(""LocalFree"")
+	procNtQueryInformationProcess              = modntdll.NewProc(""NtQueryInformationProcess"")
 	procGetActiveProcessorCount                = modkernel32.NewProc(""GetActiveProcessorCount"")
 	procCM_Get_Device_ID_List_SizeA            = modcfgmgr32.NewProc(""CM_Get_Device_ID_List_SizeA"")
 	procCM_Get_Device_ID_ListA                 = modcfgmgr32.NewProc(""CM_Get_Device_ID_ListA"")
@@ -140,19 +140,7 @@ func CreateRemoteThread(process windows.Handle, sa *windows.SecurityAttributes,
 	return
 }
 
-func GetQueuedCompletionStatus(cphandle windows.Handle, qty *uint32, key *uintptr, overlapped **windows.Overlapped, timeout uint32) (err error) {
-	r1, _, e1 := syscall.Syscall6(procGetQueuedCompletionStatus.Addr(), 5, uintptr(cphandle), uintptr(unsafe.Pointer(qty)), uintptr(unsafe.Pointer(key)), uintptr(unsafe.Pointer(overlapped)), uintptr(timeout), 0)
-	if r1 == 0 {
-		if e1 != 0 {
-			err = errnoErr(e1)
-		} else {
-			err = syscall.EINVAL
-		}
-	}
-	return
-}
-
-func IsProcessInJob(procHandle windows.Handle, jobHandle windows.Handle, result *bool) (err error) {
+func IsProcessInJob(procHandle windows.Handle, jobHandle windows.Handle, result *int32) (err error) {
 	r1, _, e1 := syscall.Syscall(procIsProcessInJob.Addr(), 3, uintptr(procHandle), uintptr(jobHandle), uintptr(unsafe.Pointer(result)))
 	if r1 == 0 {
 		if e1 != 0 {
@@ -256,6 +244,12 @@ func LocalFree(ptr uintptr) {
 	return
 }
 
+func NtQueryInformationProcess(processHandle windows.Handle, processInfoClass uint32, processInfo uintptr, processInfoLength uint32, returnLength *uint32) (status uint32) {
+	r0, _, _ := syscall.Syscall6(procNtQueryInformationProcess.Addr(), 5, uintptr(processHandle), uintptr(processInfoClass), uintptr(processInfo), uintptr(processInfoLength), uintptr(unsafe.Pointer(returnLength)), 0)
+	status = uint32(r0)
+	return
+}
+
 func GetActiveProcessorCount(groupNumber uint16) (amount uint32) {
 	r0, _, _ := syscall.Syscall(procGetActiveProcessorCount.Addr(), 1, uintptr(groupNumber), 0, 0)
 	amount = uint32(r0)
diff --git a/vendor/modules.txt b/vendor/modules.txt
index 31808d0ba5fdd..1d5050a36b464 100644
--- a/vendor/modules.txt
+++ b/vendor/modules.txt
@@ -11,7 +11,7 @@ github.com/Microsoft/go-winio/pkg/fs
 github.com/Microsoft/go-winio/pkg/guid
 github.com/Microsoft/go-winio/pkg/security
 github.com/Microsoft/go-winio/vhd
-# github.com/Microsoft/hcsshim v0.9.2
+# github.com/Microsoft/hcsshim v0.9.3
 ## explicit; go 1.13
 github.com/Microsoft/hcsshim
 github.com/Microsoft/hcsshim/cmd/containerd-shim-runhcs-v1/options
@@ -30,11 +30,13 @@ github.com/Microsoft/hcsshim/internal/hcs/schema2
 github.com/Microsoft/hcsshim/internal/hcserror
 github.com/Microsoft/hcsshim/internal/hns
 github.com/Microsoft/hcsshim/internal/interop
+github.com/Microsoft/hcsshim/internal/jobobject
 github.com/Microsoft/hcsshim/internal/log
 github.com/Microsoft/hcsshim/internal/logfields
 github.com/Microsoft/hcsshim/internal/longpath
 github.com/Microsoft/hcsshim/internal/mergemaps
 github.com/Microsoft/hcsshim/internal/oc
+github.com/Microsoft/hcsshim/internal/queue
 github.com/Microsoft/hcsshim/internal/regstate
 github.com/Microsoft/hcsshim/internal/runhcs
 github.com/Microsoft/hcsshim/internal/safefile",accepted_fault,Runtime Daemon Crash,Runtime Shim Config Error
issta2024_bugs_in_pods_understanding_bugs:84da1a7e50fcb59f,issta2024_bugs_in_pods_understanding_bugs,containerd,https://github.com/containerd/containerd/commit/b10536d64f8dc5d424d8bc048bae73f02d81a942,Reused errdefs define error,Signed-off-by: yanggang <gang.yang@daocloud.io>,no_comments_in_source,committed,2022-12-27T03:09:23+00:00,"[""oci/spec_opts_test.go"", ""snapshots/devmapper/metadata.go""]","diff --git a/oci/spec_opts_test.go b/oci/spec_opts_test.go
index 679e472056bd0..a70225d5e61fc 100644
--- a/oci/spec_opts_test.go
+++ b/oci/spec_opts_test.go
@@ -34,6 +34,7 @@ import (
 	""github.com/stretchr/testify/require""
 
 	""github.com/containerd/containerd/content""
+	""github.com/containerd/containerd/errdefs""
 	""github.com/opencontainers/go-digest""
 	ocispec ""github.com/opencontainers/image-spec/specs-go/v1""
 
@@ -93,41 +94,41 @@ func (i fakeImage) ContentStore() content.Store {
 func (i fakeImage) ReaderAt(ctx context.Context, dec ocispec.Descriptor) (content.ReaderAt, error) {
 	blob, found := i.blobs[dec.Digest.String()]
 	if !found {
-		return nil, errors.New(""not found"")
+		return nil, errdefs.ErrNotFound
 	}
 	return blob, nil
 }
 
 func (i fakeImage) Info(ctx context.Context, dgst digest.Digest) (content.Info, error) {
-	return content.Info{}, errors.New(""not implemented"")
+	return content.Info{}, errdefs.ErrNotImplemented
 }
 
 func (i fakeImage) Update(ctx context.Context, info content.Info, fieldpaths ...string) (content.Info, error) {
-	return content.Info{}, errors.New(""not implemented"")
+	return content.Info{}, errdefs.ErrNotImplemented
 }
 
 func (i fakeImage) Walk(ctx context.Context, fn content.WalkFunc, filters ...string) error {
-	return errors.New(""not implemented"")
+	return errdefs.ErrNotImplemented
 }
 
 func (i fakeImage) Delete(ctx context.Context, dgst digest.Digest) error {
-	return errors.New(""not implemented"")
+	return errdefs.ErrNotImplemented
 }
 
 func (i fakeImage) Status(ctx context.Context, ref string) (content.Status, error) {
-	return content.Status{}, errors.New(""not implemented"")
+	return content.Status{}, errdefs.ErrNotImplemented
 }
 
 func (i fakeImage) ListStatuses(ctx context.Context, filters ...string) ([]content.Status, error) {
-	return nil, errors.New(""not implemented"")
+	return nil, errdefs.ErrNotImplemented
 }
 
 func (i fakeImage) Abort(ctx context.Context, ref string) error {
-	return errors.New(""not implemented"")
+	return errdefs.ErrNotImplemented
 }
 
 func (i fakeImage) Writer(ctx context.Context, opts ...content.WriterOpt) (content.Writer, error) {
-	return nil, errors.New(""not implemented"")
+	return nil, errdefs.ErrNotImplemented
 }
 
 func TestReplaceOrAppendEnvValues(t *testing.T) {
diff --git a/snapshots/devmapper/metadata.go b/snapshots/devmapper/metadata.go
index e944e71c2caf4..00a989cf9468e 100644
--- a/snapshots/devmapper/metadata.go
+++ b/snapshots/devmapper/metadata.go
@@ -26,6 +26,7 @@ import (
 	""fmt""
 	""strconv""
 
+	""github.com/containerd/containerd/errdefs""
 	bolt ""go.etcd.io/bbolt""
 )
 
@@ -50,9 +51,9 @@ var (
 
 var (
 	// ErrNotFound represents an error returned when object not found in meta store
-	ErrNotFound = errors.New(""not found"")
+	ErrNotFound = errdefs.ErrNotFound
 	// ErrAlreadyExists represents an error returned when object can't be duplicated in meta store
-	ErrAlreadyExists = errors.New(""object already exists"")
+	ErrAlreadyExists = errdefs.ErrAlreadyExists
 )
 
 // PoolMetadata keeps device info for the given thin-pool device, generates next available device ids,",accepted_fault,Others,Improper Exception Handling
issta2024_bugs_in_pods_understanding_bugs:84eed044d6da0b10,issta2024_bugs_in_pods_understanding_bugs,containerd,https://github.com/containerd/containerd/commit/42eedc0bc733f579b37874a86ce9f72d41b355a4,Update ctr to make local the default for distribution,"Disable using transfer service by default for now

Signed-off-by: Derek McGowan <derek@mcg.dev>",no_comments_in_source,committed,2022-09-29T05:23:52+00:00,"[""cmd/ctr/commands/images/import.go"", ""cmd/ctr/commands/images/pull.go"", ""cmd/ctr/commands/images/push.go""]","diff --git a/cmd/ctr/commands/images/import.go b/cmd/ctr/commands/images/import.go
index 2c1d4144ead81..cde0bd1ce8d30 100644
--- a/cmd/ctr/commands/images/import.go
+++ b/cmd/ctr/commands/images/import.go
@@ -84,7 +84,7 @@ If foobar.tar contains an OCI ref named ""latest"" and anonymous ref ""sha256:deadb
 			Name:  ""no-unpack"",
 			Usage: ""skip unpacking the images, cannot be used with --discard-unpacked-layers, false by default"",
 		},
-		cli.BoolFlag{
+		cli.BoolTFlag{
 			Name:  ""local"",
 			Usage: ""run import locally rather than through transfer API"",
 		},
@@ -111,7 +111,7 @@ If foobar.tar contains an OCI ref named ""latest"" and anonymous ref ""sha256:deadb
 		}
 		defer cancel()
 
-		if !context.Bool(""local"") {
+		if !context.BoolT(""local"") {
 			var opts []image.StoreOpt
 			prefix := context.String(""base-name"")
 			if prefix == """" {
diff --git a/cmd/ctr/commands/images/pull.go b/cmd/ctr/commands/images/pull.go
index 2728d2ba751a4..a6612148cfe0a 100644
--- a/cmd/ctr/commands/images/pull.go
+++ b/cmd/ctr/commands/images/pull.go
@@ -73,7 +73,7 @@ command. As part of this process, we do the following:
 			Name:  ""max-concurrent-downloads"",
 			Usage: ""Set the max concurrent downloads for each pull"",
 		},
-		cli.BoolFlag{
+		cli.BoolTFlag{
 			Name:  ""local"",
 			Usage: ""Fetch content from local client rather than using transfer service"",
 		},
@@ -92,7 +92,7 @@ command. As part of this process, we do the following:
 		}
 		defer cancel()
 
-		if !context.Bool(""local"") {
+		if !context.BoolT(""local"") {
 			ch, err := commands.NewStaticCredentials(ctx, context, ref)
 			if err != nil {
 				return err
diff --git a/cmd/ctr/commands/images/push.go b/cmd/ctr/commands/images/push.go
index 8937d2930126e..defc25032f95c 100644
--- a/cmd/ctr/commands/images/push.go
+++ b/cmd/ctr/commands/images/push.go
@@ -70,9 +70,9 @@ var pushCommand = cli.Command{
 	}, cli.IntFlag{
 		Name:  ""max-concurrent-uploaded-layers"",
 		Usage: ""set the max concurrent uploaded layers for each push"",
-	}, cli.BoolFlag{
+	}, cli.BoolTFlag{
 		Name:  ""local"",
-		Usage: ""Push content from local client rather than using transfer service"",
+		Usage: ""push content from local client rather than using transfer service"",
 	}, cli.BoolFlag{
 		Name:  ""allow-non-distributable-blobs"",
 		Usage: ""allow pushing blobs that are marked as non-distributable"",
@@ -94,7 +94,7 @@ var pushCommand = cli.Command{
 		}
 		defer cancel()
 
-		if !context.Bool(""local"") {
+		if !context.BoolT(""local"") {
 			ch, err := commands.NewStaticCredentials(ctx, context, ref)
 			if err != nil {
 				return err",accepted_fault,Escalized Privilege,Unsafe API Usage
issta2024_bugs_in_pods_understanding_bugs:893bf62e7fbe8460,issta2024_bugs_in_pods_understanding_bugs,runc,https://github.com/opencontainers/runc/commit/2adeb6f9525d2444277c10a14e613b9ee536d291,nsexec: Remove bogus kill to stage_2_pid,"stage_2_pid is not yet assigned, so this kills the PID -1, but as
the sane_kill() wrapper is just a nop in that case. Just remove these
calls to kill stage_2_pid before it is cloned/assigned.

I've checked by executing the error paths that no binary is left by mistake.

Signed-off-by: Rodrigo Campos <rodrigoca@microsoft.com>",no_comments_in_source,committed,2023-02-06T15:43:40+00:00,"[""libcontainer/nsenter/nsexec.c""]","diff --git a/libcontainer/nsenter/nsexec.c b/libcontainer/nsenter/nsexec.c
index b12f2355c7a..829dcc86343 100644
--- a/libcontainer/nsenter/nsexec.c
+++ b/libcontainer/nsenter/nsexec.c
@@ -1034,7 +1034,6 @@ void nsexec(void)
 					/* Get the stage-2 pid. */
 					if (read(syncfd, &stage2_pid, sizeof(stage2_pid)) != sizeof(stage2_pid)) {
 						sane_kill(stage1_pid, SIGKILL);
-						sane_kill(stage2_pid, SIGKILL);
 						bail(""failed to sync with stage-1: read(stage2_pid)"");
 					}
 
@@ -1231,23 +1230,17 @@ void nsexec(void)
 			/* Ask our parent to send the mount sources fds. */
 			if (config.mountsources) {
 				s = SYNC_MOUNTSOURCES_PLS;
-				if (write(syncfd, &s, sizeof(s)) != sizeof(s)) {
-					sane_kill(stage2_pid, SIGKILL);
+				if (write(syncfd, &s, sizeof(s)) != sizeof(s))
 					bail(""failed to sync with parent: write(SYNC_MOUNTSOURCES_PLS)"");
-				}
 
 				/* Receive and install all mount sources fds. */
 				receive_mountsources(syncfd);
 
 				/* Parent finished to send the mount sources fds. */
-				if (read(syncfd, &s, sizeof(s)) != sizeof(s)) {
-					sane_kill(stage2_pid, SIGKILL);
+				if (read(syncfd, &s, sizeof(s)) != sizeof(s))
 					bail(""failed to sync with parent: read(SYNC_MOUNTSOURCES_ACK)"");
-				}
-				if (s != SYNC_MOUNTSOURCES_ACK) {
-					sane_kill(stage2_pid, SIGKILL);
+				if (s != SYNC_MOUNTSOURCES_ACK)
 					bail(""failed to sync with parent: SYNC_MOUNTSOURCES_ACK: got %u"", s);
-				}
 			}
 
 			/*",accepted_fault,Others,Wrong Code Logic
issta2024_bugs_in_pods_understanding_bugs:89867a1d3112fdb0,issta2024_bugs_in_pods_understanding_bugs,containerd,https://github.com/containerd/containerd/commit/22cd13b3702753b4b28a731a7d8a5c4794307a16,fix nil pointer panic for monitor,Signed-off-by: Ye Sijun <junnplus@gmail.com>,no_comments_in_source,committed,2022-04-20T05:47:09+00:00,"[""runtime/restart/monitor/monitor.go""]","diff --git a/runtime/restart/monitor/monitor.go b/runtime/restart/monitor/monitor.go
index d1f05521704bd..5a8e5622d0497 100644
--- a/runtime/restart/monitor/monitor.go
+++ b/runtime/restart/monitor/monitor.go
@@ -214,21 +214,30 @@ func (m *monitor) monitor(ctx context.Context) ([]change, error) {
 	}
 	var changes []change
 	for _, c := range containers {
+		var (
+			task   containerd.Task
+			status containerd.Status
+			err    error
+		)
 		labels, err := c.Labels(ctx)
 		if err != nil {
 			return nil, err
 		}
 		desiredStatus := containerd.ProcessStatus(labels[restart.StatusLabel])
-		task, err := c.Task(ctx, nil)
-		if err != nil && desiredStatus == containerd.Stopped {
-			continue
-		}
-		status, err := task.Status(ctx)
-		if err != nil && desiredStatus == containerd.Stopped {
-			continue
+		if task, err = c.Task(ctx, nil); err == nil {
+			if status, err = task.Status(ctx); err == nil {
+				if desiredStatus == status.Status {
+					continue
+				}
+			}
 		}
-		if desiredStatus == status.Status {
-			continue
+
+		// Task or Status return error, only desired to stop
+		if err != nil {
+			logrus.WithError(err).Error(""monitor"")
+			if desiredStatus != containerd.Stopped {
+				continue
+			}
 		}
 
 		switch desiredStatus {",accepted_fault,Logging Error,Unsafe API Usage
issta2024_bugs_in_pods_understanding_bugs:903f04b86788fc87,issta2024_bugs_in_pods_understanding_bugs,cri-o,https://github.com/cri-o/cri-o/commit/1af1f8af2c7e23525102dffbf0899b69e34ed3d2,pinns: Pass sysctls as repeated '-s' arguments,"Use repeated '-s' arguments to pass sysctls keys and values to pinns
to replace the serialization in cri-o and parsing in pinns.

To simplify the logic, this allocates an 'argc/2' sized array to store
the pointers to the sysctls `k=v` pairs. This array will in most cases
be much bigger than what is really needed but this should be safe as
argc is limited in size on Linux.

See: https://github.com/cri-o/cri-o/security/advisories/GHSA-6x2m-w449-qwx7

Signed-off-by: Timothée Ravier <tim@siosm.fr>",no_comments_in_source,committed,2022-03-16T13:20:25+00:00,"[""internal/config/nsmgr/nsmgr.go"", ""pinns/src/pinns.c"", ""pinns/src/sysctl.c"", ""pinns/src/sysctl.h""]","diff --git a/internal/config/nsmgr/nsmgr.go b/internal/config/nsmgr/nsmgr.go
index 6c7d8ced61b..344419b5129 100644
--- a/internal/config/nsmgr/nsmgr.go
+++ b/internal/config/nsmgr/nsmgr.go
@@ -5,7 +5,6 @@ import (
 	""fmt""
 	""os""
 	""path/filepath""
-	""strings""
 	""syscall""
 
 	nspkg ""github.com/containernetworking/plugins/pkg/ns""
@@ -87,12 +86,8 @@ func (mgr *NamespaceManager) NewPodNamespaces(cfg *PodNamespacesConfig) ([]Names
 		""-f"", pinnedNamespace,
 	}
 
-	if len(cfg.Sysctls) != 0 {
-		pinnsSysctls, err := getSysctlForPinns(cfg.Sysctls)
-		if err != nil {
-			return nil, errors.Wrapf(err, ""invalid sysctl"")
-		}
-		pinnsArgs = append(pinnsArgs, ""-s"", pinnsSysctls)
+	for key, value := range cfg.Sysctls {
+		pinnsArgs = append(pinnsArgs, ""-s"", fmt.Sprintf(""%s=%s"", key, value))
 	}
 
 	var rootPair idtools.IDPair
@@ -175,20 +170,6 @@ func getMappingsForPinns(mappings []idtools.IDMap) string {
 	return g.String()
 }
 
-func getSysctlForPinns(sysctls map[string]string) (string, error) {
-	// This assumes there's no valid sysctl value with a `+` in it
-	// and as such errors if one is found.
-	const pinnsSysctlDelim = ""+""
-	g := new(bytes.Buffer)
-	for key, value := range sysctls {
-		if strings.Contains(key, pinnsSysctlDelim) || strings.Contains(value, pinnsSysctlDelim) {
-			return """", errors.Errorf(""'%s=%s' is invalid: %s found yet should not be present"", key, value, pinnsSysctlDelim)
-		}
-		fmt.Fprintf(g, ""'%s=%s'%s"", key, value, pinnsSysctlDelim)
-	}
-	return strings.TrimSuffix(g.String(), pinnsSysctlDelim), nil
-}
-
 // NamespaceFromProcEntry creates a new namespace object from a bind mount from a processes proc entry.
 // The caller is responsible for cleaning up the namespace by calling Namespace.Remove().
 // This function is heavily based on containernetworking ns package found at:
diff --git a/pinns/src/pinns.c b/pinns/src/pinns.c
index dc25d09cb63..f44df477112 100644
--- a/pinns/src/pinns.c
+++ b/pinns/src/pinns.c
@@ -49,7 +49,8 @@ int main(int argc, char **argv) {
   bool bind_user = false;
   bool bind_cgroup = false;
   bool bind_mount = false;
-  char *sysctls = NULL;
+  char **sysctls = NULL;
+  int sysctls_count = 0;
   char res;
 
   static const struct option long_options[] = {
@@ -67,6 +68,8 @@ int main(int argc, char **argv) {
       {""sysctl"", optional_argument, NULL, 's'},
   };
 
+  sysctls = calloc(argc/2, sizeof(char *));
+
   while ((c = getopt_long(argc, argv, ""mpchuUind:f:s:"", long_options, NULL)) != -1) {
     switch (c) {
     case 'u':
@@ -113,7 +116,8 @@ int main(int argc, char **argv) {
       pin_path = optarg;
       break;
     case 's':
-	  sysctls = optarg;
+      sysctls[sysctls_count] = optarg;
+      sysctls_count++;
       break;
     case 'f':
       filename = optarg;
@@ -239,7 +243,7 @@ int main(int argc, char **argv) {
     close(p[0]);
   }
 
-  if (sysctls && configure_sysctls(sysctls) < 0) {
+  if (sysctls_count != 0 && configure_sysctls(sysctls, sysctls_count) < 0) {
     pexit(""Failed to configure sysctls after unshare"");
   }
 
diff --git a/pinns/src/sysctl.c b/pinns/src/sysctl.c
index 058afb9a7e7..52ecd178050 100644
--- a/pinns/src/sysctl.c
+++ b/pinns/src/sysctl.c
@@ -8,37 +8,27 @@
 
 static int separate_sysctl_key_value (char* sysctl_key_value, char** sysctl_key, char** sysctl_value);
 static int write_sysctl_to_file (char * sysctl_key, char* sysctl_value);
-const char *sysctl_delim = ""+"";
 
-int configure_sysctls (char * const sysctls)
+int configure_sysctls (char ** const sysctls, int size)
 {
-  char* sysctl = strtok(sysctls, sysctl_delim);
   char* key = NULL;
   char* value = NULL;
-  while (sysctl)
+
+  for (int i = 0; i < size; ++i)
   {
-    if (separate_sysctl_key_value (sysctl, &key, &value) < 0)
+    if (separate_sysctl_key_value (sysctls[i], &key, &value) < 0)
       return -1;
 
     if (write_sysctl_to_file (key, value) < 0)
       return -1;
-    sysctl = strtok (NULL, sysctl_delim);
   }
 
   return 0;
 }
 
-// key_value should be in the form `'k=v'`
+// key_value should be in the form `k=v`
 static int separate_sysctl_key_value (char* key_value, char** key, char** value)
 {
-  // begin by stripping the `'`, we now have `k=v'`
-  bool quote_stripped = false;
-  if (*key_value == '\'')
-  {
-    key_value++;
-    quote_stripped = true;
-  }
-
   // now find the `=` and convert it to a delimiter
   char * equals_token = strchr (key_value, '=');
   if (!equals_token)
@@ -55,31 +45,21 @@ static int separate_sysctl_key_value (char* key_value, char** key, char** value)
     return -1;
   }
 
-  // we now have `k\0v'`
+  // we now have `k\0v`
   *equals_token = '\0';
-
   // key is now `k`
   *key = key_value;
-
-  // equals_token is now `v'`
+  // equals_token is now `v`
   ++equals_token;
-
-  // if we stripped the beginning single quote
-  // we should find and strip the ending, as well as anything after
-  if (quote_stripped)
-  {
-    char* ending_char = strchr (equals_token, '\'');
-    if (ending_char)
-      *ending_char = '\0';
-  }
-
   // value is now `v`
   *value = equals_token;
+
   if (!strlen (*value))
   {
     nwarnf (""sysctl must be in the form of 'key=value'; value is empty"");
     return -1;
   }
+
   return 0;
 }
 
diff --git a/pinns/src/sysctl.h b/pinns/src/sysctl.h
index 9f90d4e3aef..2a753eb1120 100644
--- a/pinns/src/sysctl.h
+++ b/pinns/src/sysctl.h
@@ -2,6 +2,6 @@
 #if !defined(SYSCTL_H)
 #define SYSCTL_H
 
-int configure_sysctls (char * const sysctls);
+int configure_sysctls (char ** const sysctls, int size);
 
 #endif // SYSCTL_H",accepted_fault,Escalized Privilege,Incorrect System Config
issta2024_bugs_in_pods_understanding_bugs:a8ea9515ca40ce36,issta2024_bugs_in_pods_understanding_bugs,containerd,https://github.com/containerd/containerd/commit/98cb6d7eb8c95de40e8d908a3285e94fb16a44e3,cri/sbserver: ignore the NOT_FOUND error in exec cleanup,Signed-off-by: Wei Fu <fuweid89@gmail.com>,no_comments_in_source,committed,2023-03-03T04:19:40+00:00,"[""pkg/cri/sbserver/container_execsync.go""]","diff --git a/pkg/cri/sbserver/container_execsync.go b/pkg/cri/sbserver/container_execsync.go
index 6edd96da7793a..cd67037ac3f8e 100644
--- a/pkg/cri/sbserver/container_execsync.go
+++ b/pkg/cri/sbserver/container_execsync.go
@@ -170,7 +170,7 @@ func (c *criService) execInternal(ctx context.Context, container containerd.Cont
 	defer func() {
 		deferCtx, deferCancel := util.DeferContext()
 		defer deferCancel()
-		if _, err := process.Delete(deferCtx, containerd.WithProcessKill); err != nil {
+		if _, err := process.Delete(deferCtx, containerd.WithProcessKill); err != nil && !errdefs.IsNotFound(err) {
 			log.G(ctx).WithError(err).Errorf(""Failed to delete exec process %q for container %q"", execID, id)
 		}
 	}()",accepted_fault,Plugin Management Error,Improper Exception Handling
issta2024_bugs_in_pods_understanding_bugs:ab7ac1046b52807f,issta2024_bugs_in_pods_understanding_bugs,gvisor,https://github.com/google/gvisor/commit/77dc0f5bc94dff28fa23812f3ad60a8b01e91138,Ignore RST received for a TCP listener,"The current implementation has a bug where TCP listener does not ignore
RSTs from the peer. While handling RST+ACK from the peer, this bug can
complete handshakes that use syncookies. This results in half-open
connection delivered to the accept queue.

Fixes #6076

PiperOrigin-RevId: 376868749",no_comments_in_source,committed,2021-06-01T17:44:30+00:00,"[""pkg/tcpip/transport/tcp/accept.go"", ""pkg/tcpip/transport/tcp/tcp_test.go"", ""test/packetimpact/tests/tcp_syncookie_test.go""]","diff --git a/pkg/tcpip/transport/tcp/accept.go b/pkg/tcpip/transport/tcp/accept.go
index 2c65b737d2..2b5abd3ee3 100644
--- a/pkg/tcpip/transport/tcp/accept.go
+++ b/pkg/tcpip/transport/tcp/accept.go
@@ -560,6 +560,10 @@ func (e *endpoint) handleListenSegment(ctx *listenContext, s *segment) tcpip.Err
 	}
 
 	switch {
+	case s.flags.Contains(header.TCPFlagRst):
+		e.stack.Stats().DroppedPackets.Increment()
+		return nil
+
 	case s.flags == header.TCPFlagSyn:
 		if e.acceptQueueIsFull() {
 			e.stack.Stats().TCP.ListenOverflowSynDrop.Increment()
@@ -611,7 +615,7 @@ func (e *endpoint) handleListenSegment(ctx *listenContext, s *segment) tcpip.Err
 		e.stack.Stats().TCP.ListenOverflowSynCookieSent.Increment()
 		return nil
 
-	case (s.flags & header.TCPFlagAck) != 0:
+	case s.flags.Contains(header.TCPFlagAck):
 		if e.acceptQueueIsFull() {
 			// Silently drop the ack as the application can't accept
 			// the connection at this point. The ack will be
@@ -753,6 +757,7 @@ func (e *endpoint) handleListenSegment(ctx *listenContext, s *segment) tcpip.Err
 		return nil
 
 	default:
+		e.stack.Stats().DroppedPackets.Increment()
 		return nil
 	}
 }
diff --git a/pkg/tcpip/transport/tcp/tcp_test.go b/pkg/tcpip/transport/tcp/tcp_test.go
index e7ede76623..9bbe9bc3e2 100644
--- a/pkg/tcpip/transport/tcp/tcp_test.go
+++ b/pkg/tcpip/transport/tcp/tcp_test.go
@@ -6238,6 +6238,54 @@ func TestPassiveFailedConnectionAttemptIncrement(t *testing.T) {
 	}
 }
 
+func TestListenDropIncrement(t *testing.T) {
+	c := context.New(t, defaultMTU)
+	defer c.Cleanup()
+
+	stats := c.Stack().Stats()
+	c.Create(-1 /*epRcvBuf*/)
+
+	if err := c.EP.Bind(tcpip.FullAddress{Addr: context.StackAddr, Port: context.StackPort}); err != nil {
+		t.Fatalf(""Bind failed: %s"", err)
+	}
+	if err := c.EP.Listen(1 /*backlog*/); err != nil {
+		t.Fatalf(""Listen failed: %s"", err)
+	}
+
+	initialDropped := stats.DroppedPackets.Value()
+
+	// Send RST, FIN segments, that are expected to be dropped by the listener.
+	c.SendPacket(nil, &context.Headers{
+		SrcPort: context.TestPort,
+		DstPort: context.StackPort,
+		Flags:   header.TCPFlagRst,
+	})
+	c.SendPacket(nil, &context.Headers{
+		SrcPort: context.TestPort,
+		DstPort: context.StackPort,
+		Flags:   header.TCPFlagFin,
+	})
+
+	// To ensure that the RST, FIN sent earlier are indeed received and ignored
+	// by the listener, send a SYN and wait for the SYN to be ACKd.
+	irs := seqnum.Value(context.TestInitialSequenceNumber)
+	c.SendPacket(nil, &context.Headers{
+		SrcPort: context.TestPort,
+		DstPort: context.StackPort,
+		Flags:   header.TCPFlagSyn,
+		SeqNum:  irs,
+	})
+	checker.IPv4(t, c.GetPacket(), checker.TCP(checker.SrcPort(context.StackPort),
+		checker.DstPort(context.TestPort),
+		checker.TCPFlags(header.TCPFlagAck|header.TCPFlagSyn),
+		checker.TCPAckNum(uint32(irs)+1),
+	))
+
+	if got, want := stats.DroppedPackets.Value(), initialDropped+2; got != want {
+		t.Fatalf(""got stats.DroppedPackets.Value() = %d, want = %d"", got, want)
+	}
+}
+
 func TestEndpointBindListenAcceptState(t *testing.T) {
 	c := context.New(t, defaultMTU)
 	defer c.Cleanup()
diff --git a/test/packetimpact/tests/tcp_syncookie_test.go b/test/packetimpact/tests/tcp_syncookie_test.go
index 1c21c62ffa..1a016bd1a1 100644
--- a/test/packetimpact/tests/tcp_syncookie_test.go
+++ b/test/packetimpact/tests/tcp_syncookie_test.go
@@ -16,6 +16,8 @@ package tcp_syncookie_test
 
 import (
 	""flag""
+	""fmt""
+	""math""
 	""testing""
 	""time""
 
@@ -28,43 +30,106 @@ func init() {
 	testbench.Initialize(flag.CommandLine)
 }
 
-// TestSynCookie test if the DUT listener is replying back using syn cookies.
-// The test does not complete the handshake by not sending the ACK to SYNACK.
-// When syncookies are not used, this forces the listener to retransmit SYNACK.
-// And when syncookies are being used, there is no such retransmit.
+// TestTCPSynCookie tests for ACK handling for connections in SYNRCVD state
+// connections with and without syncookies. It verifies if the passive open
+// connection is indeed using syncookies before proceeding.
 func TestTCPSynCookie(t *testing.T) {
 	dut := testbench.NewDUT(t)
+	for _, tt := range []struct {
+		accept bool
+		flags  header.TCPFlags
+	}{
+		{accept: true, flags: header.TCPFlagAck},
+		{accept: true, flags: header.TCPFlagAck | header.TCPFlagPsh},
+		{accept: false, flags: header.TCPFlagAck | header.TCPFlagSyn},
+		{accept: true, flags: header.TCPFlagAck | header.TCPFlagFin},
+		{accept: false, flags: header.TCPFlagAck | header.TCPFlagRst},
+		{accept: false, flags: header.TCPFlagRst},
+	} {
+		t.Run(fmt.Sprintf(""flags=%s"", tt.flags), func(t *testing.T) {
+			// Make a copy before parallelizing the test and refer to that
+			// within the test. Otherwise, the test reference could be pointing
+			// to an incorrect variant based on how it is scheduled.
+			test := tt
 
-	// Listening endpoint accepts one more connection than the listen backlog.
-	_, remotePort := dut.CreateListener(t, unix.SOCK_STREAM, unix.IPPROTO_TCP, 1 /*backlog*/)
+			t.Parallel()
 
-	var withoutSynCookieConn testbench.TCPIPv4
-	var withSynCookieConn testbench.TCPIPv4
+			// Listening endpoint accepts one more connection than the listen
+			// backlog. Listener starts using syncookies when it sees a new SYN
+			// and has backlog size of connections in SYNRCVD state. Keep the
+			// listen backlog 1, so that the test can define 2 connections
+			// without and with using syncookies.
+			listenFD, remotePort := dut.CreateListener(t, unix.SOCK_STREAM, unix.IPPROTO_TCP, 1 /*backlog*/)
+			defer dut.Close(t, listenFD)
 
-	// Test if the DUT listener replies to more SYNs than listen backlog+1
-	for _, conn := range []*testbench.TCPIPv4{&withoutSynCookieConn, &withSynCookieConn} {
-		*conn = dut.Net.NewTCPIPv4(t, testbench.TCP{DstPort: &remotePort}, testbench.TCP{SrcPort: &remotePort})
-	}
-	defer withoutSynCookieConn.Close(t)
-	defer withSynCookieConn.Close(t)
+			var withoutSynCookieConn testbench.TCPIPv4
+			var withSynCookieConn testbench.TCPIPv4
 
-	checkSynAck := func(t *testing.T, conn *testbench.TCPIPv4, expectRetransmit bool) {
-		// Expect dut connection to have transitioned to SYN-RCVD state.
-		conn.Send(t, testbench.TCP{Flags: testbench.TCPFlags(header.TCPFlagSyn)})
-		if _, err := conn.ExpectData(t, &testbench.TCP{Flags: testbench.TCPFlags(header.TCPFlagSyn | header.TCPFlagAck)}, nil, time.Second); err != nil {
-			t.Fatalf(""expected SYN-ACK, but got %s"", err)
-		}
+			for _, conn := range []*testbench.TCPIPv4{&withoutSynCookieConn, &withSynCookieConn} {
+				*conn = dut.Net.NewTCPIPv4(t, testbench.TCP{DstPort: &remotePort}, testbench.TCP{SrcPort: &remotePort})
+			}
+			defer withoutSynCookieConn.Close(t)
+			defer withSynCookieConn.Close(t)
 
-		// If the DUT listener is using syn cookies, it will not retransmit SYNACK
-		got, err := conn.ExpectData(t, &testbench.TCP{SeqNum: testbench.Uint32(uint32(*conn.RemoteSeqNum(t) - 1)), Flags: testbench.TCPFlags(header.TCPFlagSyn | header.TCPFlagAck)}, nil, 2*time.Second)
-		if expectRetransmit && err != nil {
-			t.Fatalf(""expected retransmitted SYN-ACK, but got %s"", err)
-		}
-		if !expectRetransmit && err == nil {
-			t.Fatalf(""expected no retransmitted SYN-ACK, but got %s"", got)
-		}
-	}
+			// Setup the 2 connections in SYNRCVD state and verify if one of the
+			// connection is indeed using syncookies by checking for absence of
+			// SYNACK retransmits.
+			for _, c := range []struct {
+				desc             string
+				conn             *testbench.TCPIPv4
+				expectRetransmit bool
+			}{
+				{desc: ""without syncookies"", conn: &withoutSynCookieConn, expectRetransmit: true},
+				{desc: ""with syncookies"", conn: &withSynCookieConn, expectRetransmit: false},
+			} {
+				t.Run(c.desc, func(t *testing.T) {
+					// Expect dut connection to have transitioned to SYNRCVD state.
+					c.conn.Send(t, testbench.TCP{Flags: testbench.TCPFlags(header.TCPFlagSyn)})
+					if _, err := c.conn.ExpectData(t, &testbench.TCP{Flags: testbench.TCPFlags(header.TCPFlagSyn | header.TCPFlagAck)}, nil, time.Second); err != nil {
+						t.Fatalf(""expected SYNACK, but got %s"", err)
+					}
+
+					// If the DUT listener is using syn cookies, it will not retransmit SYNACK.
+					got, err := c.conn.ExpectData(t, &testbench.TCP{SeqNum: testbench.Uint32(uint32(*c.conn.RemoteSeqNum(t) - 1)), Flags: testbench.TCPFlags(header.TCPFlagSyn | header.TCPFlagAck)}, nil, 2*time.Second)
+					if c.expectRetransmit && err != nil {
+						t.Fatalf(""expected retransmitted SYNACK, but got %s"", err)
+					}
+					if !c.expectRetransmit && err == nil {
+						t.Fatalf(""expected no retransmitted SYNACK, but got %s"", got)
+					}
+				})
+			}
 
-	t.Run(""without syncookies"", func(t *testing.T) { checkSynAck(t, &withoutSynCookieConn, true /*expectRetransmit*/) })
-	t.Run(""with syncookies"", func(t *testing.T) { checkSynAck(t, &withSynCookieConn, false /*expectRetransmit*/) })
+			// Check whether ACKs with the given flags completes the handshake.
+			for _, c := range []struct {
+				desc string
+				conn *testbench.TCPIPv4
+			}{
+				{desc: ""with syncookies"", conn: &withSynCookieConn},
+				{desc: ""without syncookies"", conn: &withoutSynCookieConn},
+			} {
+				t.Run(c.desc, func(t *testing.T) {
+					pfds := dut.Poll(t, []unix.PollFd{{Fd: listenFD, Events: math.MaxInt16}}, 0 /*timeout*/)
+					if got, want := len(pfds), 0; got != want {
+						t.Fatalf(""dut.Poll(...) = %d, want = %d"", got, want)
+					}
+
+					c.conn.Send(t, testbench.TCP{Flags: testbench.TCPFlags(test.flags)})
+					pfds = dut.Poll(t, []unix.PollFd{{Fd: listenFD, Events: unix.POLLIN}}, time.Second)
+					want := 0
+					if test.accept {
+						want = 1
+					}
+					if got := len(pfds); got != want {
+						t.Fatalf(""got dut.Poll(...) = %d, want = %d"", got, want)
+					}
+					// Accept the connection to enable poll on any subsequent connection.
+					if test.accept {
+						fd, _ := dut.Accept(t, listenFD)
+						dut.Close(t, fd)
+					}
+				})
+			}
+		})
+	}
 }",accepted_fault,Wrong Container Behavior,Wrong Code Logic
issta2024_bugs_in_pods_understanding_bugs:aefd8b03f92c4449,issta2024_bugs_in_pods_understanding_bugs,gvisor,https://github.com/google/gvisor/commit/a15231dabe4702f166529f5e360358562caeeebc,kvm: fix CPU offsets for arm64,"We have to calculate offsets in the CPU structure,
but we calculate offsets in the CPUArchState structure.

Fixes: 0e492a2b5e6d (""Refactor nogo and provide facts render."")
PiperOrigin-RevId: 427336023",no_comments_in_source,committed,2022-02-09T01:24:47+00:00,"[""pkg/ring0/entry_arm64.s""]","diff --git a/pkg/ring0/entry_arm64.s b/pkg/ring0/entry_arm64.s
index fe2583569c..18385d8c0b 100644
--- a/pkg/ring0/entry_arm64.s
+++ b/pkg/ring0/entry_arm64.s
@@ -15,23 +15,19 @@
 #include ""funcdata.h""
 #include ""textflag.h""
 
-{{ with .CPU }}
-#define CPU_SELF             {{ .self.Offset }}
-#define CPU_REGISTERS        {{ .registers.Offset }}
-{{ end }}
-{{ with .CPUArchState }}
-#define CPU_STACK_TOP        ({{ .stack.Offset }} + {{ .stack.Size }})
-#define CPU_ERROR_CODE       {{ .errorCode.Offset }}
-#define CPU_ERROR_TYPE       {{ .errorType.Offset }}
-#define CPU_FAULT_ADDR       {{ .faultAddr.Offset }}
-#define CPU_FPSTATE_EL0      {{ .el0Fp.Offset }}
-#define CPU_TTBR0_KVM	     {{ .ttbr0Kvm.Offset }}
-#define CPU_TTBR0_APP        {{ .ttbr0App.Offset }}
-#define CPU_VECTOR_CODE      {{ .vecCode.Offset }}
-#define CPU_APP_ADDR         {{ .appAddr.Offset }}
-#define CPU_LAZY_VFP         {{ .lazyVFP.Offset }}
-#define CPU_APP_ASID         {{ .appASID.Offset }}
-{{ end }}
+#define CPU_SELF             {{ .CPU.self.Offset }}
+#define CPU_REGISTERS        {{ .CPU.registers.Offset }}
+#define CPU_STACK_TOP        ({{ .CPU.CPUArchState.Offset }}+{{ .CPUArchState.stack.Offset }} + {{ .CPUArchState.stack.Size }})
+#define CPU_ERROR_CODE       ({{ .CPU.CPUArchState.Offset }}+{{ .CPUArchState.errorCode.Offset }})
+#define CPU_ERROR_TYPE       ({{ .CPU.CPUArchState.Offset }}+{{ .CPUArchState.errorType.Offset }})
+#define CPU_FAULT_ADDR       ({{ .CPU.CPUArchState.Offset }}+{{ .CPUArchState.faultAddr.Offset }})
+#define CPU_FPSTATE_EL0      ({{ .CPU.CPUArchState.Offset }}+{{ .CPUArchState.el0Fp.Offset }})
+#define CPU_TTBR0_KVM       ({{ .CPU.CPUArchState.Offset }}+{{ .CPUArchState.ttbr0Kvm.Offset }})
+#define CPU_TTBR0_APP        ({{ .CPU.CPUArchState.Offset }}+{{ .CPUArchState.ttbr0App.Offset }})
+#define CPU_VECTOR_CODE      ({{ .CPU.CPUArchState.Offset }}+{{ .CPUArchState.vecCode.Offset }})
+#define CPU_APP_ADDR         ({{ .CPU.CPUArchState.Offset }}+{{ .CPUArchState.appAddr.Offset }})
+#define CPU_LAZY_VFP         ({{ .CPU.CPUArchState.Offset }}+{{ .CPUArchState.lazyVFP.Offset }})
+#define CPU_APP_ASID         ({{ .CPU.CPUArchState.Offset }}+{{ .CPUArchState.appASID.Offset }})
 
 // Bits.
 #define _KERNEL_FLAGS {{ .KernelFlagsSet.Value }}",accepted_fault,Incorrect Return Value,Wrong Code Logic
issta2024_bugs_in_pods_understanding_bugs:b1a1ba2ee53e7200,issta2024_bugs_in_pods_understanding_bugs,gvisor,https://github.com/google/gvisor/commit/283b80a456aaf4d8881301bd3bceb65fe7300185,Fix logic bug in attaching mounts.,"Before this fix, the vd provided to connectMountAt wouldn't be consumed if
we ran into a dead mount, the caller was responsible. This dead mount
could be rooted at a different vd than the one provided, which meant that we
were DecRef'ing the wrong vd if the method returned an error. The method now
always consumes the vd to simplify its use.

Reported-by: syzbot+e8a05606f54650464cc0@syzkaller.appspotmail.com
PiperOrigin-RevId: 532636615",no_comments_in_source,committed,2023-05-17T01:50:42+00:00,"[""pkg/sentry/vfs/mount.go"", ""test/syscalls/linux/mount.cc""]","diff --git a/pkg/sentry/vfs/mount.go b/pkg/sentry/vfs/mount.go
index 469431a214..8a350e0f43 100644
--- a/pkg/sentry/vfs/mount.go
+++ b/pkg/sentry/vfs/mount.go
@@ -276,18 +276,18 @@ func (vfs *VirtualFilesystem) ConnectMountAt(ctx context.Context, creds *auth.Cr
 	tree := vfs.preparePropagationTree(mnt, vd)
 	cleanup := cleanup.Make(func() {
 		vfs.abortPropagationTree(ctx, tree) // +checklocksforce
+	})
+	defer cleanup.Clean()
+	// Check if the new mount + all the propagation mounts puts us over the max.
+	if uint32(len(tree)+1)+vd.mount.ns.mounts > MountMax {
 		// We need to unlock mountMu first because DecRef takes a lock on the
 		// filesystem mutex in some implementations, which can lead to circular
 		// locking.
 		vfs.mountMu.Unlock()
 		vd.DecRef(ctx)
-	})
-	defer cleanup.Clean()
-	// Check if the new mount + all the propagation mounts puts us over the max.
-	if uint32(len(tree)+1)+vd.mount.ns.mounts > MountMax {
 		return linuxerr.ENOSPC
 	}
-	if err := vfs.connectMountAt(ctx, mnt, vd); err != nil {
+	if err := vfs.connectMountAtLocked(ctx, mnt, vd); err != nil {
 		return err
 	}
 	vfs.commitPropagationTree(ctx, tree)
@@ -296,20 +296,20 @@ func (vfs *VirtualFilesystem) ConnectMountAt(ctx context.Context, creds *auth.Cr
 	return nil
 }
 
-// connectMountAtLocked attaches mnt at vd. If the method returns an error that
-// is not nil, then it did not consume a reference on vd and the caller is
-// responsible for calling DecRef.
+// connectMountAtLocked attaches mnt at vd. This method consumes a reference on
+// vd.
 //
 // Preconditions:
 //   - mnt must be disconnected.
 //   - vfs.mountMu must be locked.
 //
 // +checklocks:vfs.mountMu
-func (vfs *VirtualFilesystem) connectMountAt(ctx context.Context, mnt *Mount, vd VirtualDentry) error {
+func (vfs *VirtualFilesystem) connectMountAtLocked(ctx context.Context, mnt *Mount, vd VirtualDentry) error {
 	vd.dentry.mu.Lock()
 	for {
 		if vd.mount.umounted || vd.dentry.dead {
 			vd.dentry.mu.Unlock()
+			vd.DecRef(ctx)
 			return linuxerr.ENOENT
 		}
 		// vd might have been mounted over between vfs.GetDentryAt() and
@@ -408,14 +408,15 @@ func (vfs *VirtualFilesystem) BindAt(ctx context.Context, creds *auth.Credential
 		// Checklocks doesn't work with anon functions.
 		vfs.setPropagation(clone, Private)  // +checklocksforce
 		vfs.abortPropagationTree(ctx, tree) // +checklocksforce
-		vfs.mountMu.Unlock()
-		targetVd.DecRef(ctx)
 	})
 	defer cleanup.Clean()
 	if uint32(1+len(tree))+targetVd.mount.ns.mounts > MountMax {
+		vfs.mountMu.Unlock()
+		targetVd.DecRef(ctx)
 		return nil, linuxerr.ENOSPC
 	}
-	if err := vfs.connectMountAt(ctx, clone, targetVd); err != nil {
+	if err := vfs.connectMountAtLocked(ctx, clone, targetVd); err != nil {
+		vfs.mountMu.Unlock()
 		return nil, err
 	}
 	vfs.commitPropagationTree(ctx, tree)
diff --git a/test/syscalls/linux/mount.cc b/test/syscalls/linux/mount.cc
index 21e5b7585d..e9e8dbd669 100644
--- a/test/syscalls/linux/mount.cc
+++ b/test/syscalls/linux/mount.cc
@@ -24,6 +24,7 @@
 #include <unistd.h>
 
 #include <cstdint>
+#include <cstdlib>
 #include <functional>
 #include <iostream>
 #include <memory>
@@ -1418,6 +1419,26 @@ TEST(MountTest, MountInfoHasRoot) {
   }
 }
 
+TEST(MountTest, DeadMountsAreDecRefd) {
+  SKIP_IF(!ASSERT_NO_ERRNO_AND_VALUE(HaveCapability(CAP_SYS_ADMIN)));
+  DisableSave ds;
+  std::string home = NewTempAbsPath();
+  ASSERT_NO_ERRNO(Mkdir(home));
+  ASSERT_THAT(chdir(home.c_str()), SyscallSucceeds());
+  constexpr char dirpath[] = ""./file"";
+
+  for (int i = 0; i < 10; ++i) {
+    const auto rest = [&] {
+      mkdir(dirpath, 0);
+      mount(dirpath, ""."", 0, MS_BIND, 0);
+      rmdir(dirpath);
+      mkdir(dirpath, 0);
+      mount(dirpath, ""."", 0, MS_BIND, 0);
+    };
+    EXPECT_THAT(InForkedProcess(rest), IsPosixErrorOkAndHolds(0));
+  }
+}
+
 }  // namespace
 
 }  // namespace testing",accepted_fault,Escalized Privilege,Wrong Code Logic
issta2024_bugs_in_pods_understanding_bugs:c82958dfeb9b997b,issta2024_bugs_in_pods_understanding_bugs,cri-o,https://github.com/cri-o/cri-o/commit/cbfab09d5801bf94f6e2ec3d85cf30f33f59c3b0,server: fix segfault when using cgroupv2,Signed-off-by: Peter Hunt <pehunt@redhat.com>,no_comments_in_source,committed,2021-11-08T20:59:54+00:00,"[""server/container_create_linux.go""]","diff --git a/server/container_create_linux.go b/server/container_create_linux.go
index 95126ef2518..1ba25b75011 100644
--- a/server/container_create_linux.go
+++ b/server/container_create_linux.go
@@ -395,7 +395,10 @@ func (s *Server) createSandboxContainer(ctx context.Context, ctr ctrIface.Contai
 				}
 			}
 
-			if node.CgroupIsV2() {
+			if node.CgroupIsV2() && len(resources.Unified) != 0 {
+				if specgen.Config.Linux.Resources.Unified == nil {
+					specgen.Config.Linux.Resources.Unified = make(map[string]string, len(resources.Unified))
+				}
 				for key, value := range resources.Unified {
 					specgen.Config.Linux.Resources.Unified[key] = value
 				}",accepted_fault,Out of Memory,Incorrect Image or Config Parsing
issta2024_bugs_in_pods_understanding_bugs:cf241626f0faf81d,issta2024_bugs_in_pods_understanding_bugs,gvisor,https://github.com/google/gvisor/commit/d2b48375709b96fb2e353aeb393b48bea271ea80,fix nogo error,"Avoids messages like:
error checking types: pkg/sync/runtime_unsafe.go:105:21: predeclared any requires go1.18 or later

PiperOrigin-RevId: 525559255",no_comments_in_source,committed,2023-04-19T21:58:31+00:00,"[""pkg/sentry/platform/kvm/bluepill_unsafe.go"", ""pkg/sentry/platform/kvm/machine_unsafe.go"", ""pkg/sentry/platform/ptrace/subprocess_unsafe.go"", ""pkg/sentry/platform/systrap/subprocess_unsafe.go"", ""pkg/sync/runtime_unsafe.go"", ""pkg/tcpip/link/rawfile/blockingpoll_yield_unsafe.go""]","diff --git a/pkg/sentry/platform/kvm/bluepill_unsafe.go b/pkg/sentry/platform/kvm/bluepill_unsafe.go
index 853b5789d7..81bd9f814c 100644
--- a/pkg/sentry/platform/kvm/bluepill_unsafe.go
+++ b/pkg/sentry/platform/kvm/bluepill_unsafe.go
@@ -12,8 +12,8 @@
 // See the License for the specific language governing permissions and
 // limitations under the License.
 
-//go:build go1.12
-// +build go1.12
+//go:build go1.18
+// +build go1.18
 
 // //go:linkname directives type-checked by checklinkname. Any other
 // non-linkname assumptions outside the Go 1 compatibility guarantee should
diff --git a/pkg/sentry/platform/kvm/machine_unsafe.go b/pkg/sentry/platform/kvm/machine_unsafe.go
index 28d1566ab8..b20a988a09 100644
--- a/pkg/sentry/platform/kvm/machine_unsafe.go
+++ b/pkg/sentry/platform/kvm/machine_unsafe.go
@@ -12,8 +12,8 @@
 // See the License for the specific language governing permissions and
 // limitations under the License.
 
-//go:build go1.12
-// +build go1.12
+//go:build go1.18
+// +build go1.18
 
 // //go:linkname directives type-checked by checklinkname. Any other
 // non-linkname assumptions outside the Go 1 compatibility guarantee should
diff --git a/pkg/sentry/platform/ptrace/subprocess_unsafe.go b/pkg/sentry/platform/ptrace/subprocess_unsafe.go
index 3047222006..3a0f3d4d8d 100644
--- a/pkg/sentry/platform/ptrace/subprocess_unsafe.go
+++ b/pkg/sentry/platform/ptrace/subprocess_unsafe.go
@@ -12,8 +12,8 @@
 // See the License for the specific language governing permissions and
 // limitations under the License.
 
-//go:build go1.12
-// +build go1.12
+//go:build go1.18
+// +build go1.18
 
 // //go:linkname directives type-checked by checklinkname. Any other
 // non-linkname assumptions outside the Go 1 compatibility guarantee should
diff --git a/pkg/sentry/platform/systrap/subprocess_unsafe.go b/pkg/sentry/platform/systrap/subprocess_unsafe.go
index 3f7a3d44eb..c724ad9d8c 100644
--- a/pkg/sentry/platform/systrap/subprocess_unsafe.go
+++ b/pkg/sentry/platform/systrap/subprocess_unsafe.go
@@ -12,8 +12,8 @@
 // See the License for the specific language governing permissions and
 // limitations under the License.
 
-//go:build go1.12
-// +build go1.12
+//go:build go1.18
+// +build go1.18
 
 // //go:linkname directives type-checked by checklinkname. Any other
 // non-linkname assumptions outside the Go 1 compatibility guarantee should
diff --git a/pkg/sync/runtime_unsafe.go b/pkg/sync/runtime_unsafe.go
index cfccde758e..91cda67bb0 100644
--- a/pkg/sync/runtime_unsafe.go
+++ b/pkg/sync/runtime_unsafe.go
@@ -3,8 +3,8 @@
 // Use of this source code is governed by a BSD-style
 // license that can be found in the LICENSE file.
 
-//go:build go1.13 && !go1.22
-// +build go1.13,!go1.22
+//go:build go1.18 && !go1.22
+// +build go1.18,!go1.22
 
 // //go:linkname directives type-checked by checklinkname. Any other
 // non-linkname assumptions outside the Go 1 compatibility guarantee should
diff --git a/pkg/tcpip/link/rawfile/blockingpoll_yield_unsafe.go b/pkg/tcpip/link/rawfile/blockingpoll_yield_unsafe.go
index 0b7b9e3de3..9662411c5a 100644
--- a/pkg/tcpip/link/rawfile/blockingpoll_yield_unsafe.go
+++ b/pkg/tcpip/link/rawfile/blockingpoll_yield_unsafe.go
@@ -12,9 +12,9 @@
 // See the License for the specific language governing permissions and
 // limitations under the License.
 
-//go:build ((linux && amd64) || (linux && arm64)) && go1.12
+//go:build ((linux && amd64) || (linux && arm64)) && go1.18
 // +build linux,amd64 linux,arm64
-// +build go1.12
+// +build go1.18
 
 // //go:linkname directives type-checked by checklinkname. Any other
 // non-linkname assumptions outside the Go 1 compatibility guarantee should
@@ -37,7 +37,7 @@ import (
 //go:noescape
 func BlockingPoll(fds *PollEvent, nfds int, timeout *unix.Timespec) (int, unix.Errno)
 
-// Use go:linkname to call into the runtime. As of Go 1.12 this has to
+// Use go:linkname to call into the runtime. As of Go 1.13 this has to
 // be done from Go code so that we make an ABIInternal call to an
 // ABIInternal function; see https://golang.org/issue/27539.",accepted_fault,Plugin Management Error,Incorrect 3rd Party Library Usage
issta2024_bugs_in_pods_understanding_bugs:d22853d4e2685cee,issta2024_bugs_in_pods_understanding_bugs,containerd,https://github.com/containerd/containerd/commit/89eebc4c0fcbdef9b75440de25ce51b1cece6dc6,Fix wrong error returned for image index lookup,"Seems like this was the wrong error given that we are looking up image
label.

Signed-off-by: Brian Goff <cpuguy83@gmail.com>",no_comments_in_source,committed,2021-11-12T00:18:32+00:00,"[""container_restore_opts.go""]","diff --git a/container_restore_opts.go b/container_restore_opts.go
index fb60e8de9d695..8150d8e696ad2 100644
--- a/container_restore_opts.go
+++ b/container_restore_opts.go
@@ -46,7 +46,7 @@ func WithRestoreImage(ctx context.Context, id string, client *Client, checkpoint
 	return func(ctx context.Context, client *Client, c *containers.Container) error {
 		name, ok := index.Annotations[checkpointImageNameLabel]
 		if !ok || name == """" {
-			return ErrRuntimeNameNotFoundInIndex
+			return ErrImageNameNotFoundInIndex
 		}
 		snapshotter, ok := index.Annotations[checkpointSnapshotterNameLabel]
 		if !ok || name == """" {",accepted_fault,Incorrect Return Value,Improper Exception Handling
issta2024_bugs_in_pods_understanding_bugs:d76f90ba29ad0377,issta2024_bugs_in_pods_understanding_bugs,containerd,https://github.com/containerd/containerd/commit/63a7d8a7ff291066b0684e8a62ff598684b8056e,fix pusher concurrent close channel,Signed-off-by: rongfu.leng <rongfu.leng@daocloud.io>,no_comments_in_source,committed,2022-10-04T14:11:15+00:00,"[""remotes/docker/pusher.go"", ""remotes/docker/pusher_test.go""]","diff --git a/remotes/docker/pusher.go b/remotes/docker/pusher.go
index f674be718c367..a509cfe3c0dd0 100644
--- a/remotes/docker/pusher.go
+++ b/remotes/docker/pusher.go
@@ -24,6 +24,7 @@ import (
 	""net/http""
 	""net/url""
 	""strings""
+	""sync""
 	""time""
 
 	""github.com/containerd/containerd/content""
@@ -320,9 +321,10 @@ type pushWriter struct {
 
 	pipe *io.PipeWriter
 
-	pipeC chan *io.PipeWriter
-	respC chan *http.Response
-	errC  chan error
+	pipeC     chan *io.PipeWriter
+	respC     chan *http.Response
+	closeOnce sync.Once
+	errC      chan error
 
 	isManifest bool
 
@@ -398,14 +400,9 @@ func (pw *pushWriter) Write(p []byte) (n int, err error) {
 func (pw *pushWriter) Close() error {
 	// Ensure pipeC is closed but handle `Close()` being
 	// called multiple times without panicking
-	select {
-	case _, ok := <-pw.pipeC:
-		if ok {
-			close(pw.pipeC)
-		}
-	default:
+	pw.closeOnce.Do(func() {
 		close(pw.pipeC)
-	}
+	})
 	if pw.pipe != nil {
 		status, err := pw.tracker.GetStatus(pw.ref)
 		if err == nil && !status.Committed {
diff --git a/remotes/docker/pusher_test.go b/remotes/docker/pusher_test.go
index bed661da0df3f..e74f5c4d77dfa 100644
--- a/remotes/docker/pusher_test.go
+++ b/remotes/docker/pusher_test.go
@@ -293,7 +293,7 @@ func Test_dockerPusher_push(t *testing.T) {
 		dp               dockerPusher
 		dockerBaseObject string
 		args             args
-		checkerFunc      func(writer pushWriter) bool
+		checkerFunc      func(writer *pushWriter) bool
 		wantErr          error
 	}{
 		{
@@ -306,7 +306,7 @@ func Test_dockerPusher_push(t *testing.T) {
 				ref:               fmt.Sprintf(""manifest-%s"", manifestContentDigest.String()),
 				unavailableOnFail: false,
 			},
-			checkerFunc: func(writer pushWriter) bool {
+			checkerFunc: func(writer *pushWriter) bool {
 				select {
 				case resp := <-writer.respC:
 					// 201 should be the response code when uploading a new manifest
@@ -340,7 +340,7 @@ func Test_dockerPusher_push(t *testing.T) {
 				ref:               fmt.Sprintf(""layer-%s"", layerContentDigest.String()),
 				unavailableOnFail: false,
 			},
-			checkerFunc: func(writer pushWriter) bool {
+			checkerFunc: func(writer *pushWriter) bool {
 				select {
 				case resp := <-writer.respC:
 					// 201 should be the response code when uploading a new blob
@@ -379,7 +379,7 @@ func Test_dockerPusher_push(t *testing.T) {
 			}
 
 			// test whether a proper response has been received after the push operation
-			assert.True(t, test.checkerFunc(*pw))
+			assert.True(t, test.checkerFunc(pw))
 
 		})
 	}",accepted_fault,Wrong Container Behavior,Wrong Code Logic
issta2024_bugs_in_pods_understanding_bugs:dc2e82573f1c5562,issta2024_bugs_in_pods_understanding_bugs,runc,https://github.com/opencontainers/runc/commit/b76b6b9338917bcdb258d512a582d613a477e58d,Allow mounting of /proc/sys/kernel/ns_last_pid,"The CAP_CHECKPOINT_RESTORE linux capability provides the ability to
update /proc/sys/kernel/ns_last_pid. However, because this file is under
/proc, and by default both K8s and CRI-O specify that /proc/sys should
be mounted as Read-Only, by default even with the capability specified,
a process will not be able to write to ns_last_pid.

To get around this, a pod author can specify a volume mount and a
hostpath to bind-mount /proc/sys/kernel/ns_last_pid. However, runc does
not allow specifying mounts under /proc.

This commit adds /proc/sys/kernel/ns_last_pid to the validProcMounts
string array to enable a pod author to mount ns_last_pid as read-write.
The default remains unchanged; unless explicitly requested as a volume
mount, ns_last_pid will remain read-only regardless of whether or not
CAP_CHECKPOINT_RESTORE is specified.

Signed-off-by: Irwin D'Souza <dsouzai.gh@gmail.com>",no_comments_in_source,committed,2022-04-07T18:08:59+00:00,"[""libcontainer/rootfs_linux.go"", ""libcontainer/rootfs_linux_test.go""]","diff --git a/libcontainer/rootfs_linux.go b/libcontainer/rootfs_linux.go
index 5290a45ec73..e8d8211b198 100644
--- a/libcontainer/rootfs_linux.go
+++ b/libcontainer/rootfs_linux.go
@@ -554,6 +554,7 @@ func checkProcMount(rootfs, dest, source string) error {
 		""/proc/loadavg"",
 		""/proc/slabinfo"",
 		""/proc/net/dev"",
+		""/proc/sys/kernel/ns_last_pid"",
 	}
 	for _, valid := range validProcMounts {
 		path, err := filepath.Rel(filepath.Join(rootfs, valid), dest)
diff --git a/libcontainer/rootfs_linux_test.go b/libcontainer/rootfs_linux_test.go
index e3bfdc50315..8709a5e47f7 100644
--- a/libcontainer/rootfs_linux_test.go
+++ b/libcontainer/rootfs_linux_test.go
@@ -38,6 +38,14 @@ func TestCheckMountDestFalsePositive(t *testing.T) {
 	}
 }
 
+func TestCheckMountDestNsLastPid(t *testing.T) {
+	dest := ""/rootfs/proc/sys/kernel/ns_last_pid""
+	err := checkProcMount(""/rootfs"", dest, ""/proc"")
+	if err != nil {
+		t.Fatal(""/proc/sys/kernel/ns_last_pid should not return an error"")
+	}
+}
+
 func TestNeedsSetupDev(t *testing.T) {
 	config := &configs.Config{
 		Mounts: []*configs.Mount{",accepted_fault,Access Permission Denied,Incorrect Mount Options
issta2024_bugs_in_pods_understanding_bugs:de80090698adc953,issta2024_bugs_in_pods_understanding_bugs,containerd,https://github.com/containerd/containerd/commit/c040f83825c532cf6bbe2b5f7518d266489c6c7f,Fix default config for Darwin,Signed-off-by: Maksym Pavlenko <pavlenko.maksym@gmail.com>,no_comments_in_source,committed,2022-12-07T23:21:08+00:00,"[""cmd/containerd/command/config.go"", ""cmd/containerd/command/config_linux.go"", ""cmd/containerd/command/config_unsupported.go"", ""cmd/containerd/command/config_windows.go""]","diff --git a/cmd/containerd/command/config.go b/cmd/containerd/command/config.go
index e2d0097f58c6c..522f99b8bcacc 100644
--- a/cmd/containerd/command/config.go
+++ b/cmd/containerd/command/config.go
@@ -92,6 +92,10 @@ func outputConfig(cfg *srvconfig.Config) error {
 	return err
 }
 
+func defaultConfig() *srvconfig.Config {
+	return platformAgnosticDefaultConfig()
+}
+
 var configCommand = cli.Command{
 	Name:  ""config"",
 	Usage: ""information on the containerd config"",
diff --git a/cmd/containerd/command/config_linux.go b/cmd/containerd/command/config_linux.go
deleted file mode 100644
index df8e856cfa384..0000000000000
--- a/cmd/containerd/command/config_linux.go
+++ /dev/null
@@ -1,25 +0,0 @@
-/*
-   Copyright The containerd Authors.
-
-   Licensed under the Apache License, Version 2.0 (the ""License"");
-   you may not use this file except in compliance with the License.
-   You may obtain a copy of the License at
-
-       http://www.apache.org/licenses/LICENSE-2.0
-
-   Unless required by applicable law or agreed to in writing, software
-   distributed under the License is distributed on an ""AS IS"" BASIS,
-   WITHOUT WARRANTIES OR CONDITIONS OF ANY KIND, either express or implied.
-   See the License for the specific language governing permissions and
-   limitations under the License.
-*/
-
-package command
-
-import (
-	srvconfig ""github.com/containerd/containerd/services/server/config""
-)
-
-func defaultConfig() *srvconfig.Config {
-	return platformAgnosticDefaultConfig()
-}
diff --git a/cmd/containerd/command/config_unsupported.go b/cmd/containerd/command/config_unsupported.go
deleted file mode 100644
index 3d935dedef6e1..0000000000000
--- a/cmd/containerd/command/config_unsupported.go
+++ /dev/null
@@ -1,34 +0,0 @@
-//go:build !linux && !windows && !solaris
-// +build !linux,!windows,!solaris
-
-/*
-   Copyright The containerd Authors.
-
-   Licensed under the Apache License, Version 2.0 (the ""License"");
-   you may not use this file except in compliance with the License.
-   You may obtain a copy of the License at
-
-       http://www.apache.org/licenses/LICENSE-2.0
-
-   Unless required by applicable law or agreed to in writing, software
-   distributed under the License is distributed on an ""AS IS"" BASIS,
-   WITHOUT WARRANTIES OR CONDITIONS OF ANY KIND, either express or implied.
-   See the License for the specific language governing permissions and
-   limitations under the License.
-*/
-
-package command
-
-import (
-	""github.com/containerd/containerd/defaults""
-	srvconfig ""github.com/containerd/containerd/services/server/config""
-)
-
-func defaultConfig() *srvconfig.Config {
-	cfg := platformAgnosticDefaultConfig()
-	cfg.Debug = srvconfig.Debug{
-		Level:   ""info"",
-		Address: defaults.DefaultDebugAddress,
-	}
-	return cfg
-}
diff --git a/cmd/containerd/command/config_windows.go b/cmd/containerd/command/config_windows.go
deleted file mode 100644
index df8e856cfa384..0000000000000
--- a/cmd/containerd/command/config_windows.go
+++ /dev/null
@@ -1,25 +0,0 @@
-/*
-   Copyright The containerd Authors.
-
-   Licensed under the Apache License, Version 2.0 (the ""License"");
-   you may not use this file except in compliance with the License.
-   You may obtain a copy of the License at
-
-       http://www.apache.org/licenses/LICENSE-2.0
-
-   Unless required by applicable law or agreed to in writing, software
-   distributed under the License is distributed on an ""AS IS"" BASIS,
-   WITHOUT WARRANTIES OR CONDITIONS OF ANY KIND, either express or implied.
-   See the License for the specific language governing permissions and
-   limitations under the License.
-*/
-
-package command
-
-import (
-	srvconfig ""github.com/containerd/containerd/services/server/config""
-)
-
-func defaultConfig() *srvconfig.Config {
-	return platformAgnosticDefaultConfig()
-}",accepted_fault,Build Failure,Build Configuration Error
issta2024_bugs_in_pods_understanding_bugs:e3d9644dd6f4a410,issta2024_bugs_in_pods_understanding_bugs,containerd,https://github.com/containerd/containerd/commit/978ff393d2544f729284cd2dfb70e497c4038a7c,Add validations for Windows HostProcess CRI configs,"HostProcess containers require every container in the pod to be a
host process container and have the corresponding field set. The Kubelet
usually enforces this so we'd error before even getting here but we recently
found a bug in this logic so better to be safe than sorry.

Signed-off-by: Daniel Canter <dcanter@microsoft.com>",no_comments_in_source,committed,2022-05-27T06:34:41+00:00,"[""integration/main_test.go"", ""integration/windows_hostprocess_test.go"", ""pkg/cri/server/container_create_windows.go"", ""pkg/cri/server/container_create_windows_test.go""]","diff --git a/integration/main_test.go b/integration/main_test.go
index b82c56cb3ab2b..ed1e8f5ef100a 100644
--- a/integration/main_test.go
+++ b/integration/main_test.go
@@ -194,8 +194,8 @@ func PodSandboxConfigWithCleanup(t *testing.T, name, ns string, opts ...PodSandb
 	return sb, sbConfig
 }
 
-// Set Windows HostProcess.
-func WithWindowsHostProcess(p *runtime.PodSandboxConfig) { //nolint:unused
+// Set Windows HostProcess on the pod.
+func WithWindowsHostProcessPod(p *runtime.PodSandboxConfig) { //nolint:unused
 	if p.Windows == nil {
 		p.Windows = &runtime.WindowsPodSandboxConfig{}
 	}
@@ -252,6 +252,18 @@ func WithWindowsUsername(username string) ContainerOpts { //nolint:unused
 	}
 }
 
+func WithWindowsHostProcessContainer() ContainerOpts { //nolint:unused
+	return func(c *runtime.ContainerConfig) {
+		if c.Windows == nil {
+			c.Windows = &runtime.WindowsContainerConfig{}
+		}
+		if c.Windows.SecurityContext == nil {
+			c.Windows.SecurityContext = &runtime.WindowsContainerSecurityContext{}
+		}
+		c.Windows.SecurityContext.HostProcess = true
+	}
+}
+
 // Add container command.
 func WithCommand(cmd string, args ...string) ContainerOpts {
 	return func(c *runtime.ContainerConfig) {
diff --git a/integration/windows_hostprocess_test.go b/integration/windows_hostprocess_test.go
index 9e84421609f07..11495961d9e97 100644
--- a/integration/windows_hostprocess_test.go
+++ b/integration/windows_hostprocess_test.go
@@ -32,6 +32,7 @@ var (
 	defaultCommand       = WithCommand(""Powershell"", ""/c"", ""$env:CONTAINER_SANDBOX_MOUNT_POINT/pause.exe"")
 	localServiceUsername = WithWindowsUsername(""NT AUTHORITY\\Local service"")
 	localSystemUsername  = WithWindowsUsername(""NT AUTHORITY\\System"")
+	hpcContainerOpt      = WithWindowsHostProcessContainer()
 )
 
 // Tests to verify the Windows HostProcess
@@ -39,34 +40,34 @@ func TestWindowsHostProcess(t *testing.T) {
 	EnsureImageExists(t, pauseImage)
 
 	t.Run(""run as Local Service"", func(t *testing.T) {
-		runHostProcess(t, false, pauseImage, localServiceUsername, defaultCommand)
+		runHostProcess(t, false, pauseImage, hpcContainerOpt, localServiceUsername, defaultCommand)
 	})
 	t.Run(""run as Local System"", func(t *testing.T) {
-		runHostProcess(t, false, pauseImage, localSystemUsername, defaultCommand)
+		runHostProcess(t, false, pauseImage, hpcContainerOpt, localSystemUsername, defaultCommand)
 	})
 	t.Run(""run as unacceptable user"", func(t *testing.T) {
-		runHostProcess(t, true, pauseImage, WithWindowsUsername(""Guest""), defaultCommand)
+		runHostProcess(t, true, pauseImage, hpcContainerOpt, WithWindowsUsername(""Guest""), defaultCommand)
 	})
 	t.Run(""run command on host"", func(t *testing.T) {
 		cmd := WithCommand(""Powershell"", ""/c"", ""Get-Command containerd.exe"")
-		runHostProcess(t, false, pauseImage, localServiceUsername, cmd)
+		runHostProcess(t, false, pauseImage, hpcContainerOpt, localServiceUsername, cmd)
 	})
 	t.Run(""run withHostNetwork"", func(t *testing.T) {
 		hostname, err := os.Hostname()
 		require.NoError(t, err)
 		cmd := WithCommand(""Powershell"", ""/c"", fmt.Sprintf(""if ($env:COMPUTERNAME -ne %s) { exit -1 }"", hostname))
-		runHostProcess(t, false, pauseImage, localServiceUsername, cmd)
+		runHostProcess(t, false, pauseImage, hpcContainerOpt, localServiceUsername, cmd)
 	})
 	t.Run(""run with a different os.version image"", func(t *testing.T) {
 		image := ""docker.io/e2eteam/busybox:1.29-windows-amd64-1909""
 		EnsureImageExists(t, image)
-		runHostProcess(t, false, image, localServiceUsername, defaultCommand)
+		runHostProcess(t, false, image, hpcContainerOpt, localServiceUsername, defaultCommand)
 	})
 }
 
 func runHostProcess(t *testing.T, expectErr bool, image string, opts ...ContainerOpts) {
 	t.Logf(""Create a pod config and run sandbox container"")
-	sb, sbConfig := PodSandboxConfigWithCleanup(t, ""sandbox1"", ""hostprocess"", WithWindowsHostProcess)
+	sb, sbConfig := PodSandboxConfigWithCleanup(t, ""sandbox1"", ""hostprocess"", WithWindowsHostProcessPod)
 
 	t.Logf(""Create a container config and run container in a pod"")
 	containerConfig := ContainerConfig(
diff --git a/pkg/cri/server/container_create_windows.go b/pkg/cri/server/container_create_windows.go
index 2343682f50671..6b14818b36130 100644
--- a/pkg/cri/server/container_create_windows.go
+++ b/pkg/cri/server/container_create_windows.go
@@ -17,6 +17,7 @@
 package server
 
 import (
+	""errors""
 	""strconv""
 
 	""github.com/containerd/containerd/oci""
@@ -50,6 +51,16 @@ func (c *criService) containerSpec(
 	specOpts := []oci.SpecOpts{
 		customopts.WithProcessArgs(config, imageConfig),
 	}
+
+	// All containers in a pod need to have HostProcess set if it was set on the pod,
+	// and vice versa no containers in the pod can be HostProcess if the pods spec
+	// didn't have the field set. The only case that is valid is if these are the same value.
+	cntrHpc := config.GetWindows().GetSecurityContext().GetHostProcess()
+	sandboxHpc := sandboxConfig.GetWindows().GetSecurityContext().GetHostProcess()
+	if cntrHpc != sandboxHpc {
+		return nil, errors.New(""pod spec and all containers inside must have the HostProcess field set to be valid"")
+	}
+
 	if config.GetWorkingDir() != """" {
 		specOpts = append(specOpts, oci.WithProcessCwd(config.GetWorkingDir()))
 	} else if imageConfig.WorkingDir != """" {
@@ -120,7 +131,7 @@ func (c *criService) containerSpec(
 		customopts.WithAnnotation(annotations.SandboxName, sandboxConfig.GetMetadata().GetName()),
 		customopts.WithAnnotation(annotations.ContainerName, containerName),
 		customopts.WithAnnotation(annotations.ImageName, imageName),
-		customopts.WithAnnotation(annotations.WindowsHostProcess, strconv.FormatBool(sandboxConfig.GetWindows().GetSecurityContext().GetHostProcess())),
+		customopts.WithAnnotation(annotations.WindowsHostProcess, strconv.FormatBool(sandboxHpc)),
 	)
 	return c.runtimeSpec(id, ociRuntime.BaseRuntimeSpec, specOpts...)
 }
diff --git a/pkg/cri/server/container_create_windows_test.go b/pkg/cri/server/container_create_windows_test.go
index 7d7d2e9a13fb1..476d14b7f7fef 100644
--- a/pkg/cri/server/container_create_windows_test.go
+++ b/pkg/cri/server/container_create_windows_test.go
@@ -83,6 +83,7 @@ func getCreateContainerTestData() (*runtime.ContainerConfig, *runtime.PodSandbox
 			Namespace: ""test-sandbox-ns"",
 			Attempt:   2,
 		},
+		Windows:     &runtime.WindowsPodSandboxConfig{},
 		Hostname:    ""test-hostname"",
 		Annotations: map[string]string{""c"": ""d""},
 	}
@@ -195,3 +196,52 @@ func TestMountNamedPipe(t *testing.T) {
 	specCheck(t, testID, testSandboxID, testPid, spec)
 	checkMount(t, spec.Mounts, `\\.\pipe\foo`, `\\.\pipe\foo`, """", []string{""rw""}, nil)
 }
+
+func TestHostProcessRequirements(t *testing.T) {
+	testID := ""test-id""
+	testSandboxID := ""sandbox-id""
+	testContainerName := ""container-name""
+	testPid := uint32(1234)
+	containerConfig, sandboxConfig, imageConfig, _ := getCreateContainerTestData()
+	ociRuntime := config.Runtime{}
+	c := newTestCRIService()
+	for desc, test := range map[string]struct {
+		containerHostProcess bool
+		sandboxHostProcess   bool
+		expectError          bool
+	}{
+		""hostprocess container in non-hostprocess sandbox should fail"": {
+			containerHostProcess: true,
+			sandboxHostProcess:   false,
+			expectError:          true,
+		},
+		""hostprocess container in hostprocess sandbox should be fine"": {
+			containerHostProcess: true,
+			sandboxHostProcess:   true,
+			expectError:          false,
+		},
+		""non-hostprocess container in hostprocess sandbox should fail"": {
+			containerHostProcess: false,
+			sandboxHostProcess:   true,
+			expectError:          true,
+		},
+		""non-hostprocess container in non-hostprocess sandbox should be fine"": {
+			containerHostProcess: false,
+			sandboxHostProcess:   false,
+			expectError:          false,
+		},
+	} {
+		t.Run(desc, func(t *testing.T) {
+			containerConfig.Windows.SecurityContext.HostProcess = test.containerHostProcess
+			sandboxConfig.Windows.SecurityContext = &runtime.WindowsSandboxSecurityContext{
+				HostProcess: test.sandboxHostProcess,
+			}
+			_, err := c.containerSpec(testID, testSandboxID, testPid, """", testContainerName, testImageName, containerConfig, sandboxConfig, imageConfig, nil, ociRuntime)
+			if test.expectError {
+				assert.Error(t, err)
+			} else {
+				assert.NoError(t, err)
+			}
+		})
+	}
+}",accepted_fault,Plugin Management Error,Plugin Config Error
issta2024_bugs_in_pods_understanding_bugs:e5bff2c8beec2389,issta2024_bugs_in_pods_understanding_bugs,containerd,https://github.com/containerd/containerd/commit/8ba285f6b257867bdb05a3c4e2ddeaa6817872bb,fix unable to checkpoint the container more than once,Signed-off-by: Iceber Gu <wei.cai-nat@daocloud.io>,no_comments_in_source,committed,2023-04-17T06:02:18+00:00,"[""services/tasks/local.go""]","diff --git a/services/tasks/local.go b/services/tasks/local.go
index b33b4b73adf75..a7892a824a63d 100644
--- a/services/tasks/local.go
+++ b/services/tasks/local.go
@@ -664,7 +664,7 @@ func (l *local) writeContent(ctx context.Context, mediaType, ref string, r io.Re
 	if err != nil {
 		return nil, err
 	}
-	if err := writer.Commit(ctx, 0, """"); err != nil {
+	if err := writer.Commit(ctx, 0, """"); err != nil && !errdefs.IsAlreadyExists(err) {
 		return nil, err
 	}
 	return &types.Descriptor{",accepted_fault,Wrong Container Behavior,Incorrect 3rd Party Library Usage
issta2024_bugs_in_pods_understanding_bugs:e9c8beb704a6112b,issta2024_bugs_in_pods_understanding_bugs,gvisor,https://github.com/google/gvisor/commit/4503ba3f5efdf74079a9dba2242a38d51d0cf58d,Fix data race when using UNSHARE in close_range.,"Also add test that fails under gotsan without the fix.

PiperOrigin-RevId: 433857741",no_comments_in_source,committed,2022-03-10T22:51:25+00:00,"[""pkg/sentry/kernel/fd_table.go"", ""test/syscalls/linux/BUILD"", ""test/syscalls/linux/close_range.cc""]","diff --git a/pkg/sentry/kernel/fd_table.go b/pkg/sentry/kernel/fd_table.go
index fc11c6a264..6fc4785af9 100644
--- a/pkg/sentry/kernel/fd_table.go
+++ b/pkg/sentry/kernel/fd_table.go
@@ -760,6 +760,9 @@ func (f *FDTable) RemoveNextInRange(ctx context.Context, startFd int32, endFd in
 
 // GetLastFd returns the last set FD in the FDTable bitmap.
 func (f *FDTable) GetLastFd() int32 {
+	f.mu.Lock()
+	defer f.mu.Unlock()
+
 	last := f.fdBitmap.Maximum()
 	if last > bitmap.MaxBitEntryLimit {
 		return MaxFdLimit
diff --git a/test/syscalls/linux/BUILD b/test/syscalls/linux/BUILD
index 37c6946c8c..724c9577d1 100644
--- a/test/syscalls/linux/BUILD
+++ b/test/syscalls/linux/BUILD
@@ -4542,5 +4542,6 @@ cc_binary(
         ""//test/util:temp_path"",
         ""//test/util:test_main"",
         ""//test/util:test_util"",
+        ""//test/util:thread_util"",
     ],
 )
diff --git a/test/syscalls/linux/close_range.cc b/test/syscalls/linux/close_range.cc
index e4cba1e209..89df52e581 100644
--- a/test/syscalls/linux/close_range.cc
+++ b/test/syscalls/linux/close_range.cc
@@ -23,6 +23,7 @@
 #include ""test/util/posix_error.h""
 #include ""test/util/temp_path.h""
 #include ""test/util/test_util.h""
+#include ""test/util/thread_util.h""
 
 namespace gvisor {
 namespace testing {
@@ -367,6 +368,37 @@ TEST_F(CloseRangeTest, InvalidFlags) {
               SyscallFailsWithErrno(EINVAL));
 }
 
+// Test that calling close_range concurrently while creating new files yields
+// expected results.
+TEST_F(CloseRangeTest, ConcurrentCalls) {
+  SKIP_IF(!IsRunningOnGvisor() && close_range(1, 0, 0) < 0 && errno == ENOSYS);
+  const int num_files_in_range = 10;
+  const unsigned int flags = CLOSE_RANGE_UNSHARE;
+  const int num_threads = 100;
+  std::unique_ptr<ScopedThread> threads[num_threads];
+
+  CreateFiles(num_files_in_range);
+  OpenFilesRdwr();
+
+  auto cr_call = []() {
+    EXPECT_THAT(close_range(num_files_in_range / 2,
+                            num_files_in_range + num_threads, flags),
+                SyscallSucceeds());
+  };
+  auto open_file_call = []() {
+    auto file = NewTempAbsPath();
+    EXPECT_THAT(open(file.c_str(), O_CREAT, 0644), SyscallSucceeds());
+  };
+
+  for (int i = 0; i < num_threads; i++) {
+    if (i % 2 == 0) {
+      threads[i] = std::make_unique<ScopedThread>(cr_call);
+    } else {
+      threads[i] = std::make_unique<ScopedThread>(open_file_call);
+    }
+  }
+}
+
 }  // namespace
 
 }  // namespace testing",accepted_fault,Wrong Container Behavior,Incorrect 3rd Party Library Usage
issta2024_bugs_in_pods_understanding_bugs:ecd1a532c1d96a01,issta2024_bugs_in_pods_understanding_bugs,containerd,https://github.com/containerd/containerd/commit/1753e5af7ad2e958bb692efa654b2ae429a4222f,Reused errdefs for error,Signed-off-by: xin.li <xin.li@daocloud.io>,no_comments_in_source,committed,2023-01-02T13:39:14+00:00,"[""pkg/cri/server/bandwidth/fake_shaper.go"", ""pkg/cri/server/bandwidth/unsupported.go""]","diff --git a/pkg/cri/server/bandwidth/fake_shaper.go b/pkg/cri/server/bandwidth/fake_shaper.go
index 4d46517c0cd77..99bfd338a75d9 100644
--- a/pkg/cri/server/bandwidth/fake_shaper.go
+++ b/pkg/cri/server/bandwidth/fake_shaper.go
@@ -33,7 +33,7 @@ limitations under the License.
 package bandwidth
 
 import (
-	""errors""
+	""github.com/containerd/containerd/errdefs""
 
 	""k8s.io/apimachinery/pkg/api/resource""
 )
@@ -47,7 +47,7 @@ type FakeShaper struct {
 
 // Limit is not implemented
 func (f *FakeShaper) Limit(cidr string, egress, ingress *resource.Quantity) error {
-	return errors.New(""unimplemented"")
+	return errdefs.ErrNotImplemented
 }
 
 // Reset appends a particular CIDR to the set of ResetCIDRs being managed by this shaper
@@ -58,12 +58,12 @@ func (f *FakeShaper) Reset(cidr string) error {
 
 // ReconcileInterface is not implemented
 func (f *FakeShaper) ReconcileInterface() error {
-	return errors.New(""unimplemented"")
+	return errdefs.ErrNotImplemented
 }
 
 // ReconcileCIDR is not implemented
 func (f *FakeShaper) ReconcileCIDR(cidr string, egress, ingress *resource.Quantity) error {
-	return errors.New(""unimplemented"")
+	return errdefs.ErrNotImplemented
 }
 
 // GetCIDRs returns the set of CIDRs that are being managed by this shaper
diff --git a/pkg/cri/server/bandwidth/unsupported.go b/pkg/cri/server/bandwidth/unsupported.go
index 08b629fda6a3e..26bda16ef449c 100644
--- a/pkg/cri/server/bandwidth/unsupported.go
+++ b/pkg/cri/server/bandwidth/unsupported.go
@@ -35,7 +35,7 @@ limitations under the License.
 package bandwidth
 
 import (
-	""errors""
+	""github.com/containerd/containerd/errdefs""
 
 	""k8s.io/apimachinery/pkg/api/resource""
 )
@@ -49,7 +49,7 @@ func NewTCShaper(iface string) Shaper {
 }
 
 func (f *unsupportedShaper) Limit(cidr string, egress, ingress *resource.Quantity) error {
-	return errors.New(""unimplemented"")
+	return errdefs.ErrNotImplemented
 }
 
 func (f *unsupportedShaper) Reset(cidr string) error {
@@ -57,11 +57,11 @@ func (f *unsupportedShaper) Reset(cidr string) error {
 }
 
 func (f *unsupportedShaper) ReconcileInterface() error {
-	return errors.New(""unimplemented"")
+	return errdefs.ErrNotImplemented
 }
 
 func (f *unsupportedShaper) ReconcileCIDR(cidr string, egress, ingress *resource.Quantity) error {
-	return errors.New(""unimplemented"")
+	return errdefs.ErrNotImplemented
 }
 
 func (f *unsupportedShaper) GetCIDRs() ([]string, error) {",accepted_fault,Others,Improper Exception Handling
issta2024_bugs_in_pods_understanding_bugs:ed8cd44244318489,issta2024_bugs_in_pods_understanding_bugs,gvisor,https://github.com/google/gvisor/commit/82793c5e9056547c20ddbfa1190a65585a420d1e,netstack: fix Mac build error,"- Stub out sighandling functions with panics on Darwin
- Put Linux-specific errors into their own syserr file

Not sure how best to get automated tests running, so I'll leave that for a later
change.

Fixes #6839.
Related to #1270.

PiperOrigin-RevId: 409516969",no_comments_in_source,committed,2021-11-12T23:21:47+00:00,"[""pkg/sighandling/BUILD"", ""pkg/sighandling/sighandling_darwin.go"", ""pkg/sighandling/sighandling_unsafe.go → pkg/sighandling/sighandling_linux_unsafe.go"", ""pkg/syserr/BUILD"", ""pkg/syserr/host_darwin.go"", ""pkg/syserr/host_linux.go"", ""pkg/syserr/syserr.go""]","diff --git a/pkg/sighandling/BUILD b/pkg/sighandling/BUILD
index 72f10f9822..b0a6c8a9e1 100644
--- a/pkg/sighandling/BUILD
+++ b/pkg/sighandling/BUILD
@@ -6,7 +6,8 @@ go_library(
     name = ""sighandling"",
     srcs = [
         ""sighandling.go"",
-        ""sighandling_unsafe.go"",
+        ""sighandling_darwin.go"",
+        ""sighandling_linux_unsafe.go"",
     ],
     visibility = [""//:sandbox""],
     deps = [
diff --git a/pkg/sighandling/sighandling_darwin.go b/pkg/sighandling/sighandling_darwin.go
new file mode 100644
index 0000000000..e7f5ce54c2
--- /dev/null
+++ b/pkg/sighandling/sighandling_darwin.go
@@ -0,0 +1,40 @@
+// Copyright 2021 The gVisor Authors.
+//
+// Licensed under the Apache License, Version 2.0 (the ""License"");
+// you may not use this file except in compliance with the License.
+// You may obtain a copy of the License at
+//
+//     http://www.apache.org/licenses/LICENSE-2.0
+//
+// Unless required by applicable law or agreed to in writing, software
+// distributed under the License is distributed on an ""AS IS"" BASIS,
+// WITHOUT WARRANTIES OR CONDITIONS OF ANY KIND, either express or implied.
+// See the License for the specific language governing permissions and
+// limitations under the License.
+
+//go:build darwin
+// +build darwin
+
+package sighandling
+
+import (
+	""errors""
+
+	""golang.org/x/sys/unix""
+)
+
+// IgnoreChildStop sets the SA_NOCLDSTOP flag, causing child processes to not
+// generate SIGCHLD when they stop.
+func IgnoreChildStop() error {
+	return errors.New(""IgnoreChildStop not supported on Darwin"")
+}
+
+// ReplaceSignalHandler replaces the existing signal handler for the provided
+// signal with the function pointer at `handler`. This bypasses the Go runtime
+// signal handlers, and should only be used for low-level signal handlers where
+// use of signal.Notify is not appropriate.
+//
+// It stores the value of the previously set handler in previous.
+func ReplaceSignalHandler(sig unix.Signal, handler uintptr, previous *uintptr) error {
+	return errors.New(""ReplaceSignalHandler not supported on Darwin"")
+}
diff --git a/pkg/sighandling/sighandling_unsafe.go b/pkg/sighandling/sighandling_linux_unsafe.go
similarity index 98%
rename from pkg/sighandling/sighandling_unsafe.go
rename to pkg/sighandling/sighandling_linux_unsafe.go
index 7deeda0428..68bdfac167 100644
--- a/pkg/sighandling/sighandling_unsafe.go
+++ b/pkg/sighandling/sighandling_linux_unsafe.go
@@ -12,6 +12,9 @@
 // See the License for the specific language governing permissions and
 // limitations under the License.
 
+//go:build linux
+// +build linux
+
 package sighandling
 
 import (
diff --git a/pkg/syserr/BUILD b/pkg/syserr/BUILD
index 551fbb70fe..e12193785d 100644
--- a/pkg/syserr/BUILD
+++ b/pkg/syserr/BUILD
@@ -5,6 +5,7 @@ package(licenses = [""notice""])
 go_library(
     name = ""syserr"",
     srcs = [
+        ""host_darwin.go"",
         ""host_linux.go"",
         ""syserr.go"",
     ],
diff --git a/pkg/syserr/host_darwin.go b/pkg/syserr/host_darwin.go
new file mode 100644
index 0000000000..f68728cde4
--- /dev/null
+++ b/pkg/syserr/host_darwin.go
@@ -0,0 +1,50 @@
+// Copyright 2021 The gVisor Authors.
+//
+// Licensed under the Apache License, Version 2.0 (the ""License"");
+// you may not use this file except in compliance with the License.
+// You may obtain a copy of the License at
+//
+//     http://www.apache.org/licenses/LICENSE-2.0
+//
+// Unless required by applicable law or agreed to in writing, software
+// distributed under the License is distributed on an ""AS IS"" BASIS,
+// WITHOUT WARRANTIES OR CONDITIONS OF ANY KIND, either express or implied.
+// See the License for the specific language governing permissions and
+// limitations under the License.
+
+//go:build darwin
+// +build darwin
+
+package syserr
+
+import (
+	""fmt""
+
+	""golang.org/x/sys/unix""
+)
+
+const maxErrno = 107
+
+type darwinHostTranslation struct {
+	err *Error
+	ok  bool
+}
+
+var darwinHostTranslations [maxErrno]darwinHostTranslation
+
+// FromHost translates a unix.Errno to a corresponding Error value.
+func FromHost(err unix.Errno) *Error {
+	if int(err) >= len(darwinHostTranslations) || !darwinHostTranslations[err].ok {
+		panic(fmt.Sprintf(""unknown host errno %q (%d)"", err.Error(), err))
+	}
+	return darwinHostTranslations[err].err
+}
+
+// TODO(gvisor.dev/issue/1270): We currently only add translations for errors
+// that exist both on Darwin and Linux.
+func addHostTranslation(host unix.Errno, trans *Error) {
+	if darwinHostTranslations[host].ok {
+		panic(fmt.Sprintf(""duplicate translation for host errno %q (%d)"", host.Error(), host))
+	}
+	darwinHostTranslations[host] = darwinHostTranslation{err: trans, ok: true}
+}
diff --git a/pkg/syserr/host_linux.go b/pkg/syserr/host_linux.go
index fb92738af6..2792e31013 100644
--- a/pkg/syserr/host_linux.go
+++ b/pkg/syserr/host_linux.go
@@ -21,6 +21,7 @@ import (
 	""fmt""
 
 	""golang.org/x/sys/unix""
+	""gvisor.dev/gvisor/pkg/abi/linux/errno""
 )
 
 const maxErrno = 134
@@ -40,9 +41,57 @@ func FromHost(err unix.Errno) *Error {
 	return linuxHostTranslations[err].err
 }
 
-func addLinuxHostTranslation(host unix.Errno, trans *Error) {
+func addHostTranslation(host unix.Errno, trans *Error) {
 	if linuxHostTranslations[host].ok {
 		panic(fmt.Sprintf(""duplicate translation for host errno %q (%d)"", host.Error(), host))
 	}
 	linuxHostTranslations[host] = linuxHostTranslation{err: trans, ok: true}
 }
+
+// TODO(b/34162363): Remove or replace most of these errors.
+//
+// Some of the errors should be replaced with package specific errors and
+// others should be removed entirely.
+var (
+	ErrDeadlock                  = newWithHost(""resource deadlock would occur"", errno.EDEADLOCK, unix.EDEADLOCK)
+	ErrChannelOutOfRange         = newWithHost(""channel number out of range"", errno.ECHRNG, unix.ECHRNG)
+	ErrLevelTwoNotSynced         = newWithHost(""level 2 not synchronized"", errno.EL2NSYNC, unix.EL2NSYNC)
+	ErrLevelThreeHalted          = newWithHost(""level 3 halted"", errno.EL3HLT, unix.EL3HLT)
+	ErrLevelThreeReset           = newWithHost(""level 3 reset"", errno.EL3RST, unix.EL3RST)
+	ErrLinkNumberOutOfRange      = newWithHost(""link number out of range"", errno.ELNRNG, unix.ELNRNG)
+	ErrProtocolDriverNotAttached = newWithHost(""protocol driver not attached"", errno.EUNATCH, unix.EUNATCH)
+	ErrNoCSIAvailable            = newWithHost(""no CSI structure available"", errno.ENOCSI, unix.ENOCSI)
+	ErrLevelTwoHalted            = newWithHost(""level 2 halted"", errno.EL2HLT, unix.EL2HLT)
+	ErrInvalidExchange           = newWithHost(""invalid exchange"", errno.EBADE, unix.EBADE)
+	ErrInvalidRequestDescriptor  = newWithHost(""invalid request descriptor"", errno.EBADR, unix.EBADR)
+	ErrExchangeFull              = newWithHost(""exchange full"", errno.EXFULL, unix.EXFULL)
+	ErrNoAnode                   = newWithHost(""no anode"", errno.ENOANO, unix.ENOANO)
+	ErrInvalidRequestCode        = newWithHost(""invalid request code"", errno.EBADRQC, unix.EBADRQC)
+	ErrInvalidSlot               = newWithHost(""invalid slot"", errno.EBADSLT, unix.EBADSLT)
+	ErrBadFontFile               = newWithHost(""bad font file format"", errno.EBFONT, unix.EBFONT)
+	ErrMachineNotOnNetwork       = newWithHost(""machine is not on the network"", errno.ENONET, unix.ENONET)
+	ErrPackageNotInstalled       = newWithHost(""package not installed"", errno.ENOPKG, unix.ENOPKG)
+	ErrAdvertise                 = newWithHost(""advertise error"", errno.EADV, unix.EADV)
+	ErrSRMount                   = newWithHost(""srmount error"", errno.ESRMNT, unix.ESRMNT)
+	ErrSendCommunication         = newWithHost(""communication error on send"", errno.ECOMM, unix.ECOMM)
+	ErrRFS                       = newWithHost(""RFS specific error"", errno.EDOTDOT, unix.EDOTDOT)
+	ErrNetworkNameNotUnique      = newWithHost(""name not unique on network"", errno.ENOTUNIQ, unix.ENOTUNIQ)
+	ErrFDInBadState              = newWithHost(""file descriptor in bad state"", errno.EBADFD, unix.EBADFD)
+	ErrRemoteAddressChanged      = newWithHost(""remote address changed"", errno.EREMCHG, unix.EREMCHG)
+	ErrSharedLibraryInaccessible = newWithHost(""can not access a needed shared library"", errno.ELIBACC, unix.ELIBACC)
+	ErrCorruptedSharedLibrary    = newWithHost(""accessing a corrupted shared library"", errno.ELIBBAD, unix.ELIBBAD)
+	ErrLibSectionCorrupted       = newWithHost("".lib section in a.out corrupted"", errno.ELIBSCN, unix.ELIBSCN)
+	ErrTooManySharedLibraries    = newWithHost(""attempting to link in too many shared libraries"", errno.ELIBMAX, unix.ELIBMAX)
+	ErrSharedLibraryExeced       = newWithHost(""cannot exec a shared library directly"", errno.ELIBEXEC, unix.ELIBEXEC)
+	ErrShouldRestart             = newWithHost(""interrupted system call should be restarted"", errno.ERESTART, unix.ERESTART)
+	ErrStreamPipe                = newWithHost(""streams pipe error"", errno.ESTRPIPE, unix.ESTRPIPE)
+	ErrStructureNeedsCleaning    = newWithHost(""structure needs cleaning"", errno.EUCLEAN, unix.EUCLEAN)
+	ErrIsNamedFile               = newWithHost(""is a named type file"", errno.ENOTNAM, unix.ENOTNAM)
+	ErrRemoteIO                  = newWithHost(""remote I/O error"", errno.EREMOTEIO, unix.EREMOTEIO)
+	ErrNoMedium                  = newWithHost(""no medium found"", errno.ENOMEDIUM, unix.ENOMEDIUM)
+	ErrWrongMediumType           = newWithHost(""wrong medium type"", errno.EMEDIUMTYPE, unix.EMEDIUMTYPE)
+	ErrNoKey                     = newWithHost(""required key not available"", errno.ENOKEY, unix.ENOKEY)
+	ErrKeyExpired                = newWithHost(""key has expired"", errno.EKEYEXPIRED, unix.EKEYEXPIRED)
+	ErrKeyRevoked                = newWithHost(""key has been revoked"", errno.EKEYREVOKED, unix.EKEYREVOKED)
+	ErrKeyRejected               = newWithHost(""key was rejected by service"", errno.EKEYREJECTED, unix.EKEYREJECTED)
+)
diff --git a/pkg/syserr/syserr.go b/pkg/syserr/syserr.go
index 17d0b3e1a1..ca50f12392 100644
--- a/pkg/syserr/syserr.go
+++ b/pkg/syserr/syserr.go
@@ -76,7 +76,7 @@ func NewDynamic(message string, linuxTranslation errno.Errno) *Error {
 
 func newWithHost(message string, linuxTranslation errno.Errno, hostErrno unix.Errno) *Error {
 	e := New(message, linuxTranslation)
-	addLinuxHostTranslation(hostErrno, e)
+	addHostTranslation(hostErrno, e)
 	return e
 }
 
@@ -129,6 +129,8 @@ func (e *Error) ToLinux() errno.Errno {
 //
 // Some of the errors should be replaced with package specific errors and
 // others should be removed entirely.
+//
+// Note that some errors are declared in platform-specific files.
 var (
 	ErrNotPermitted               = newWithHost(""operation not permitted"", errno.EPERM, unix.EPERM)
 	ErrNoFileOrDir                = newWithHost(""no such file or directory"", errno.ENOENT, unix.ENOENT)
@@ -164,7 +166,6 @@ var (
 	ErrBrokenPipe                 = newWithHost(""broken pipe"", errno.EPIPE, unix.EPIPE)
 	ErrDomain                     = newWithHost(""math argument out of domain of func"", errno.EDOM, unix.EDOM)
 	ErrRange                      = newWithHost(""math result not representable"", errno.ERANGE, unix.ERANGE)
-	ErrDeadlock                   = newWithHost(""resource deadlock would occur"", errno.EDEADLOCK, unix.EDEADLOCK)
 	ErrNameTooLong                = newWithHost(""file name too long"", errno.ENAMETOOLONG, unix.ENAMETOOLONG)
 	ErrNoLocksAvailable           = newWithHost(""no record locks available"", errno.ENOLCK, unix.ENOLCK)
 	ErrInvalidSyscall             = newWithHost(""invalid system call number"", errno.ENOSYS, unix.ENOSYS)
@@ -172,48 +173,17 @@ var (
 	ErrLinkLoop                   = newWithHost(""too many symbolic links encountered"", errno.ELOOP, unix.ELOOP)
 	ErrNoMessage                  = newWithHost(""no message of desired type"", errno.ENOMSG, unix.ENOMSG)
 	ErrIdentifierRemoved          = newWithHost(""identifier removed"", errno.EIDRM, unix.EIDRM)
-	ErrChannelOutOfRange          = newWithHost(""channel number out of range"", errno.ECHRNG, unix.ECHRNG)
-	ErrLevelTwoNotSynced          = newWithHost(""level 2 not synchronized"", errno.EL2NSYNC, unix.EL2NSYNC)
-	ErrLevelThreeHalted           = newWithHost(""level 3 halted"", errno.EL3HLT, unix.EL3HLT)
-	ErrLevelThreeReset            = newWithHost(""level 3 reset"", errno.EL3RST, unix.EL3RST)
-	ErrLinkNumberOutOfRange       = newWithHost(""link number out of range"", errno.ELNRNG, unix.ELNRNG)
-	ErrProtocolDriverNotAttached  = newWithHost(""protocol driver not attached"", errno.EUNATCH, unix.EUNATCH)
-	ErrNoCSIAvailable             = newWithHost(""no CSI structure available"", errno.ENOCSI, unix.ENOCSI)
-	ErrLevelTwoHalted             = newWithHost(""level 2 halted"", errno.EL2HLT, unix.EL2HLT)
-	ErrInvalidExchange            = newWithHost(""invalid exchange"", errno.EBADE, unix.EBADE)
-	ErrInvalidRequestDescriptor   = newWithHost(""invalid request descriptor"", errno.EBADR, unix.EBADR)
-	ErrExchangeFull               = newWithHost(""exchange full"", errno.EXFULL, unix.EXFULL)
-	ErrNoAnode                    = newWithHost(""no anode"", errno.ENOANO, unix.ENOANO)
-	ErrInvalidRequestCode         = newWithHost(""invalid request code"", errno.EBADRQC, unix.EBADRQC)
-	ErrInvalidSlot                = newWithHost(""invalid slot"", errno.EBADSLT, unix.EBADSLT)
-	ErrBadFontFile                = newWithHost(""bad font file format"", errno.EBFONT, unix.EBFONT)
 	ErrNotStream                  = newWithHost(""device not a stream"", errno.ENOSTR, unix.ENOSTR)
 	ErrNoDataAvailable            = newWithHost(""no data available"", errno.ENODATA, unix.ENODATA)
 	ErrTimerExpired               = newWithHost(""timer expired"", errno.ETIME, unix.ETIME)
 	ErrStreamsResourceDepleted    = newWithHost(""out of streams resources"", errno.ENOSR, unix.ENOSR)
-	ErrMachineNotOnNetwork        = newWithHost(""machine is not on the network"", errno.ENONET, unix.ENONET)
-	ErrPackageNotInstalled        = newWithHost(""package not installed"", errno.ENOPKG, unix.ENOPKG)
 	ErrIsRemote                   = newWithHost(""object is remote"", errno.EREMOTE, unix.EREMOTE)
 	ErrNoLink                     = newWithHost(""link has been severed"", errno.ENOLINK, unix.ENOLINK)
-	ErrAdvertise                  = newWithHost(""advertise error"", errno.EADV, unix.EADV)
-	ErrSRMount                    = newWithHost(""srmount error"", errno.ESRMNT, unix.ESRMNT)
-	ErrSendCommunication          = newWithHost(""communication error on send"", errno.ECOMM, unix.ECOMM)
 	ErrProtocol                   = newWithHost(""protocol error"", errno.EPROTO, unix.EPROTO)
 	ErrMultihopAttempted          = newWithHost(""multihop attempted"", errno.EMULTIHOP, unix.EMULTIHOP)
-	ErrRFS                        = newWithHost(""RFS specific error"", errno.EDOTDOT, unix.EDOTDOT)
 	ErrInvalidDataMessage         = newWithHost(""not a data message"", errno.EBADMSG, unix.EBADMSG)
 	ErrOverflow                   = newWithHost(""value too large for defined data type"", errno.EOVERFLOW, unix.EOVERFLOW)
-	ErrNetworkNameNotUnique       = newWithHost(""name not unique on network"", errno.ENOTUNIQ, unix.ENOTUNIQ)
-	ErrFDInBadState               = newWithHost(""file descriptor in bad state"", errno.EBADFD, unix.EBADFD)
-	ErrRemoteAddressChanged       = newWithHost(""remote address changed"", errno.EREMCHG, unix.EREMCHG)
-	ErrSharedLibraryInaccessible  = newWithHost(""can not access a needed shared library"", errno.ELIBACC, unix.ELIBACC)
-	ErrCorruptedSharedLibrary     = newWithHost(""accessing a corrupted shared library"", errno.ELIBBAD, unix.ELIBBAD)
-	ErrLibSectionCorrupted        = newWithHost("".lib section in a.out corrupted"", errno.ELIBSCN, unix.ELIBSCN)
-	ErrTooManySharedLibraries     = newWithHost(""attempting to link in too many shared libraries"", errno.ELIBMAX, unix.ELIBMAX)
-	ErrSharedLibraryExeced        = newWithHost(""cannot exec a shared library directly"", errno.ELIBEXEC, unix.ELIBEXEC)
 	ErrIllegalByteSequence        = newWithHost(""illegal byte sequence"", errno.EILSEQ, unix.EILSEQ)
-	ErrShouldRestart              = newWithHost(""interrupted system call should be restarted"", errno.ERESTART, unix.ERESTART)
-	ErrStreamPipe                 = newWithHost(""streams pipe error"", errno.ESTRPIPE, unix.ESTRPIPE)
 	ErrTooManyUsers               = newWithHost(""too many users"", errno.EUSERS, unix.EUSERS)
 	ErrNotASocket                 = newWithHost(""socket operation on non-socket"", errno.ENOTSOCK, unix.ENOTSOCK)
 	ErrDestinationAddressRequired = newWithHost(""destination address required"", errno.EDESTADDRREQ, unix.EDESTADDRREQ)
@@ -244,17 +214,8 @@ var (
 	ErrAlreadyInProgress          = newWithHost(""operation already in progress"", errno.EALREADY, unix.EALREADY)
 	ErrInProgress                 = newWithHost(""operation now in progress"", errno.EINPROGRESS, unix.EINPROGRESS)
 	ErrStaleFileHandle            = newWithHost(""stale file handle"", errno.ESTALE, unix.ESTALE)
-	ErrStructureNeedsCleaning     = newWithHost(""structure needs cleaning"", errno.EUCLEAN, unix.EUCLEAN)
-	ErrIsNamedFile                = newWithHost(""is a named type file"", errno.ENOTNAM, unix.ENOTNAM)
-	ErrRemoteIO                   = newWithHost(""remote I/O error"", errno.EREMOTEIO, unix.EREMOTEIO)
 	ErrQuotaExceeded              = newWithHost(""quota exceeded"", errno.EDQUOT, unix.EDQUOT)
-	ErrNoMedium                   = newWithHost(""no medium found"", errno.ENOMEDIUM, unix.ENOMEDIUM)
-	ErrWrongMediumType            = newWithHost(""wrong medium type"", errno.EMEDIUMTYPE, unix.EMEDIUMTYPE)
 	ErrCanceled                   = newWithHost(""operation canceled"", errno.ECANCELED, unix.ECANCELED)
-	ErrNoKey                      = newWithHost(""required key not available"", errno.ENOKEY, unix.ENOKEY)
-	ErrKeyExpired                 = newWithHost(""key has expired"", errno.EKEYEXPIRED, unix.EKEYEXPIRED)
-	ErrKeyRevoked                 = newWithHost(""key has been revoked"", errno.EKEYREVOKED, unix.EKEYREVOKED)
-	ErrKeyRejected                = newWithHost(""key was rejected by service"", errno.EKEYREJECTED, unix.EKEYREJECTED)
 	ErrOwnerDied                  = newWithHost(""owner died"", errno.EOWNERDEAD, unix.EOWNERDEAD)
 	ErrNotRecoverable             = newWithHost(""state not recoverable"", errno.ENOTRECOVERABLE, unix.ENOTRECOVERABLE)",accepted_fault,Build Failure,Build Configuration Error
issta2024_bugs_in_pods_understanding_bugs:eda9af527569a608,issta2024_bugs_in_pods_understanding_bugs,cri-o,https://github.com/cri-o/cri-o/commit/a86fbb63eb684be2cc58f8eba62d032dddc3c1c7,Fixed issues found by shellcheck,Signed-off-by: Nicholas Dille <nicholas.dille@mailbox.org>,no_comments_in_source,committed,2023-04-03T20:46:19+00:00,"[""scripts/get""]","diff --git a/scripts/get b/scripts/get
index c2fe76988cd..c7661b56592 100755
--- a/scripts/get
+++ b/scripts/get
@@ -164,10 +164,10 @@ if command -v cosign >/dev/null; then
     for BLOB in ""${BLOBS[@]}""; do
         echo ""Verifying blob $BLOB""
         COSIGN_EXPERIMENTAL=1 cosign verify-blob ""$BLOB"" \
-            --certificate-identity https://github.com/cri-o/cri-o/.github/workflows/test.yml@refs/tags/$VERSION \
+            --certificate-identity ""https://github.com/cri-o/cri-o/.github/workflows/test.yml@refs/tags/$VERSION"" \
             --certificate-oidc-issuer https://token.actions.githubusercontent.com \
             --certificate-github-workflow-repository cri-o/cri-o \
-            --certificate-github-workflow-ref refs/tags/$VERSION \
+            --certificate-github-workflow-ref ""refs/tags/$VERSION"" \
             --signature ""$BLOB.sig"" \
             --certificate ""$BLOB.cert""
     done",accepted_fault,Build Failure,Build Configuration Error
issta2024_bugs_in_pods_understanding_bugs:fcaa4823d8c00439,issta2024_bugs_in_pods_understanding_bugs,containerd,https://github.com/containerd/containerd/commit/7bc5aa74c2cf054b8e5a7982cad073c252fb5f4a,Fix pull fails on unexpected EOF,"Currently, containerd doesn't restart pull when it encounters unexpected EOF of
blob strem withtout error codes.
There are cases where this lead to pull failure.
This commit tries to fix this issue.

Signed-off-by: Kohei Tokunaga <ktokunaga.mail@gmail.com>",no_comments_in_source,committed,2021-08-27T14:35:44+00:00,"[""remotes/docker/httpreadseeker.go""]","diff --git a/remotes/docker/httpreadseeker.go b/remotes/docker/httpreadseeker.go
index 704eba42783c3..58c866bcdec17 100644
--- a/remotes/docker/httpreadseeker.go
+++ b/remotes/docker/httpreadseeker.go
@@ -26,12 +26,16 @@ import (
 	""github.com/pkg/errors""
 )
 
+const maxRetry = 3
+
 type httpReadSeeker struct {
 	size   int64
 	offset int64
 	rc     io.ReadCloser
 	open   func(offset int64) (io.ReadCloser, error)
 	closed bool
+
+	errsWithNoProgress int
 }
 
 func newHTTPReadSeeker(size int64, open func(offset int64) (io.ReadCloser, error)) (io.ReadCloser, error) {
@@ -53,6 +57,27 @@ func (hrs *httpReadSeeker) Read(p []byte) (n int, err error) {
 
 	n, err = rd.Read(p)
 	hrs.offset += int64(n)
+	if n > 0 || err == nil {
+		hrs.errsWithNoProgress = 0
+	}
+	if err == io.ErrUnexpectedEOF {
+		// connection closed unexpectedly. try reconnecting.
+		if n == 0 {
+			hrs.errsWithNoProgress++
+			if hrs.errsWithNoProgress > maxRetry {
+				return // too many retries for this offset with no progress
+			}
+		}
+		if hrs.rc != nil {
+			if clsErr := hrs.rc.Close(); clsErr != nil {
+				log.L.WithError(clsErr).Errorf(""httpReadSeeker: failed to close ReadCloser"")
+			}
+			hrs.rc = nil
+		}
+		if _, err2 := hrs.reader(); err2 == nil {
+			return n, nil
+		}
+	}
 	return
 }",accepted_fault,Preset Exit Code,Wrong Code Logic
